[
    {
        "type": "Feature",
        "id": "relation/3238905",
        "properties": {
            "@id": "relation/3238905",
            "name": "Buckhorn Lake",
            "natural": "water",
            "type": "multipolygon",
            "water": "reservoir",
            "wikidata": "Q4983157",
            "wikipedia": "en:Buckhorn Lake (Kentucky)",
            "@timestamp": "2017-03-04T05:35:16Z",
            "@version": 3,
            "@changeset": 46564682,
            "@user": "nyuriks",
            "@uid": 339581,
            "@osm3s:version": 0.6,
            "@osm3s:generator": "Overpass API 0.7.62.4 2390de5a",
            "@osm3s:timestamp_osm_base": "2025-02-13T19:42:35Z",
            "@osm3s:copyright": "The data included in this document is from www.openstreetmap.org. The data is made available under ODbL."
        },
        "geometry": {
            "type": "Polygon",
            "coordinates": [
                [
                    [
                        -83.3725314,
                        37.2711099
                    ],
                    [
                        -83.3723271,
                        37.2709616
                    ],
                    [
                        -83.3721062,
                        37.2708053
                    ],
                    [
                        -83.3714414,
                        37.2713746
                    ],
                    [
                        -83.3706179,
                        37.2720799
                    ],
                    [
                        -83.370462,
                        37.2725424
                    ],
                    [
                        -83.3700084,
                        37.2729597
                    ],
                    [
                        -83.3691225,
                        37.2733376
                    ],
                    [
                        -83.3686831,
                        37.2738451
                    ],
                    [
                        -83.3685342,
                        37.2745614
                    ],
                    [
                        -83.3685174,
                        37.2751662
                    ],
                    [
                        -83.3684092,
                        37.2760269
                    ],
                    [
                        -83.3685469,
                        37.2768327
                    ],
                    [
                        -83.3685174,
                        37.2779515
                    ],
                    [
                        -83.3683207,
                        37.2787182
                    ],
                    [
                        -83.3679373,
                        37.2796022
                    ],
                    [
                        -83.3674161,
                        37.2803689
                    ],
                    [
                        -83.3663051,
                        37.2812764
                    ],
                    [
                        -83.365725,
                        37.2820509
                    ],
                    [
                        -83.3653317,
                        37.2830523
                    ],
                    [
                        -83.3650859,
                        37.284304
                    ],
                    [
                        -83.3650662,
                        37.2850628
                    ],
                    [
                        -83.3652531,
                        37.286025
                    ],
                    [
                        -83.3654792,
                        37.2863144
                    ],
                    [
                        -83.3661871,
                        37.2868464
                    ],
                    [
                        -83.367308,
                        37.2874096
                    ],
                    [
                        -83.368301,
                        37.2877147
                    ],
                    [
                        -83.3696579,
                        37.288051
                    ],
                    [
                        -83.3709459,
                        37.2880823
                    ],
                    [
                        -83.3722438,
                        37.2878086
                    ],
                    [
                        -83.373345,
                        37.2873001
                    ],
                    [
                        -83.3748395,
                        37.2863144
                    ],
                    [
                        -83.3759899,
                        37.2853679
                    ],
                    [
                        -83.3783594,
                        37.2821683
                    ],
                    [
                        -83.3788019,
                        37.2819023
                    ],
                    [
                        -83.3792837,
                        37.2817771
                    ],
                    [
                        -83.3799326,
                        37.2818162
                    ],
                    [
                        -83.3807093,
                        37.2820666
                    ],
                    [
                        -83.3817417,
                        37.2827941
                    ],
                    [
                        -83.3822432,
                        37.2844213
                    ],
                    [
                        -83.3821252,
                        37.2859076
                    ],
                    [
                        -83.3817811,
                        37.2864865
                    ],
                    [
                        -83.3810633,
                        37.2869715
                    ],
                    [
                        -83.3783398,
                        37.286995
                    ],
                    [
                        -83.3771501,
                        37.287347
                    ],
                    [
                        -83.3760784,
                        37.2879728
                    ],
                    [
                        -83.3756654,
                        37.289068
                    ],
                    [
                        -83.3759407,
                        37.2899754
                    ],
                    [
                        -83.3764618,
                        37.2904134
                    ],
                    [
                        -83.3782414,
                        37.2916963
                    ],
                    [
                        -83.3790477,
                        37.2926818
                    ],
                    [
                        -83.3794803,
                        37.2935501
                    ],
                    [
                        -83.3806307,
                        37.2951379
                    ],
                    [
                        -83.3822727,
                        37.2959201
                    ],
                    [
                        -83.3831576,
                        37.2960609
                    ],
                    [
                        -83.3837082,
                        37.2959123
                    ],
                    [
                        -83.3842686,
                        37.295443
                    ],
                    [
                        -83.3850552,
                        37.29452
                    ],
                    [
                        -83.3859106,
                        37.2932294
                    ],
                    [
                        -83.3860483,
                        37.2921891
                    ],
                    [
                        -83.3864612,
                        37.2909375
                    ],
                    [
                        -83.3865989,
                        37.2894122
                    ],
                    [
                        -83.3868742,
                        37.2884578
                    ],
                    [
                        -83.3873011,
                        37.2873017
                    ],
                    [
                        -83.3875904,
                        37.2868067
                    ],
                    [
                        -83.3882656,
                        37.2863233
                    ],
                    [
                        -83.3889745,
                        37.2860585
                    ],
                    [
                        -83.3901561,
                        37.2857592
                    ],
                    [
                        -83.3917524,
                        37.2856863
                    ],
                    [
                        -83.3921768,
                        37.2857017
                    ],
                    [
                        -83.3922974,
                        37.2858168
                    ],
                    [
                        -83.3922347,
                        37.2859933
                    ],
                    [
                        -83.3922781,
                        37.2860125
                    ],
                    [
                        -83.3926735,
                        37.2856979
                    ],
                    [
                        -83.395379,
                        37.2856403
                    ],
                    [
                        -83.3971441,
                        37.2854408
                    ],
                    [
                        -83.3983787,
                        37.2851492
                    ],
                    [
                        -83.3994253,
                        37.284823
                    ],
                    [
                        -83.4007225,
                        37.2843319
                    ],
                    [
                        -83.4026275,
                        37.2837601
                    ],
                    [
                        -83.4036113,
                        37.2835414
                    ],
                    [
                        -83.4046385,
                        37.2834723
                    ],
                    [
                        -83.4061577,
                        37.2840479
                    ],
                    [
                        -83.4067026,
                        37.284516
                    ],
                    [
                        -83.406857,
                        37.2848652
                    ],
                    [
                        -83.406775,
                        37.2851683
                    ],
                    [
                        -83.4065531,
                        37.285341
                    ],
                    [
                        -83.405333,
                        37.2851799
                    ],
                    [
                        -83.4045421,
                        37.28513
                    ],
                    [
                        -83.4040309,
                        37.2851607
                    ],
                    [
                        -83.4033461,
                        37.2854062
                    ],
                    [
                        -83.4025889,
                        37.2858168
                    ],
                    [
                        -83.4021259,
                        37.2863617
                    ],
                    [
                        -83.4017642,
                        37.2869525
                    ],
                    [
                        -83.4015906,
                        37.2874936
                    ],
                    [
                        -83.401335,
                        37.2893429
                    ],
                    [
                        -83.401364,
                        37.290494
                    ],
                    [
                        -83.4012675,
                        37.2907127
                    ],
                    [
                        -83.4013881,
                        37.2909275
                    ],
                    [
                        -83.4015858,
                        37.2916834
                    ],
                    [
                        -83.4019427,
                        37.2925543
                    ],
                    [
                        -83.4022127,
                        37.2928843
                    ],
                    [
                        -83.4027384,
                        37.2931835
                    ],
                    [
                        -83.403293,
                        37.2933792
                    ],
                    [
                        -83.4038717,
                        37.2933754
                    ],
                    [
                        -83.4041997,
                        37.2933332
                    ],
                    [
                        -83.4058442,
                        37.2926886
                    ],
                    [
                        -83.4078553,
                        37.2920172
                    ],
                    [
                        -83.408569,
                        37.2919136
                    ],
                    [
                        -83.4089548,
                        37.2920671
                    ],
                    [
                        -83.4097072,
                        37.2931528
                    ],
                    [
                        -83.4100496,
                        37.2933025
                    ],
                    [
                        -83.4098808,
                        37.2930608
                    ],
                    [
                        -83.4096493,
                        37.2922244
                    ],
                    [
                        -83.4093117,
                        37.291764
                    ],
                    [
                        -83.4105752,
                        37.291035
                    ],
                    [
                        -83.4110286,
                        37.2904825
                    ],
                    [
                        -83.411588,
                        37.2899492
                    ],
                    [
                        -83.4123693,
                        37.2889247
                    ],
                    [
                        -83.4127262,
                        37.2882494
                    ],
                    [
                        -83.4128949,
                        37.2877775
                    ],
                    [
                        -83.412813,
                        37.2871175
                    ],
                    [
                        -83.4126008,
                        37.2866571
                    ],
                    [
                        -83.4117472,
                        37.2853103
                    ],
                    [
                        -83.4113613,
                        37.2844969
                    ],
                    [
                        -83.4114819,
                        37.2840594
                    ],
                    [
                        -83.4120847,
                        37.2837525
                    ],
                    [
                        -83.4135315,
                        37.2833227
                    ],
                    [
                        -83.4148095,
                        37.2830541
                    ],
                    [
                        -83.4159284,
                        37.282962
                    ],
                    [
                        -83.417708,
                        37.2832344
                    ],
                    [
                        -83.4180697,
                        37.2834148
                    ],
                    [
                        -83.4181131,
                        37.2836872
                    ],
                    [
                        -83.4185905,
                        37.2842551
                    ],
                    [
                        -83.4192223,
                        37.2851338
                    ],
                    [
                        -83.4192367,
                        37.2853141
                    ],
                    [
                        -83.4188509,
                        37.2857669
                    ],
                    [
                        -83.4188895,
                        37.2860202
                    ],
                    [
                        -83.4196997,
                        37.2857094
                    ],
                    [
                        -83.419965,
                        37.2857477
                    ],
                    [
                        -83.4203652,
                        37.2864269
                    ],
                    [
                        -83.4201868,
                        37.2864998
                    ],
                    [
                        -83.4201916,
                        37.2866226
                    ],
                    [
                        -83.4203652,
                        37.286918
                    ],
                    [
                        -83.4206064,
                        37.2871751
                    ],
                    [
                        -83.4205871,
                        37.2875319
                    ],
                    [
                        -83.4211417,
                        37.2884758
                    ],
                    [
                        -83.4217156,
                        37.2898072
                    ],
                    [
                        -83.4223425,
                        37.2906666
                    ],
                    [
                        -83.4231962,
                        37.2913227
                    ],
                    [
                        -83.4232444,
                        37.2917333
                    ],
                    [
                        -83.4233649,
                        37.2919097
                    ],
                    [
                        -83.4237797,
                        37.2922896
                    ],
                    [
                        -83.4241366,
                        37.2927116
                    ],
                    [
                        -83.4244886,
                        37.292961
                    ],
                    [
                        -83.4247201,
                        37.293594
                    ],
                    [
                        -83.4246719,
                        37.294181
                    ],
                    [
                        -83.4245561,
                        37.2947412
                    ],
                    [
                        -83.4246574,
                        37.2951133
                    ],
                    [
                        -83.4248069,
                        37.2950711
                    ],
                    [
                        -83.4248986,
                        37.2949062
                    ],
                    [
                        -83.425159,
                        37.2935557
                    ],
                    [
                        -83.425757,
                        37.2933715
                    ],
                    [
                        -83.4263164,
                        37.2933063
                    ],
                    [
                        -83.4265913,
                        37.293195
                    ],
                    [
                        -83.4267746,
                        37.2930454
                    ],
                    [
                        -83.427117,
                        37.2925159
                    ],
                    [
                        -83.4273678,
                        37.2924008
                    ],
                    [
                        -83.4276764,
                        37.2919519
                    ],
                    [
                        -83.4277777,
                        37.2914071
                    ],
                    [
                        -83.4282599,
                        37.2910158
                    ],
                    [
                        -83.4283468,
                        37.2908815
                    ],
                    [
                        -83.4283853,
                        37.2907434
                    ],
                    [
                        -83.4283516,
                        37.2906513
                    ],
                    [
                        -83.4285493,
                        37.290306
                    ],
                    [
                        -83.4287567,
                        37.2901525
                    ],
                    [
                        -83.4287953,
                        37.2899415
                    ],
                    [
                        -83.4297791,
                        37.2884144
                    ],
                    [
                        -83.4301311,
                        37.2876432
                    ],
                    [
                        -83.4306809,
                        37.2866916
                    ],
                    [
                        -83.4312162,
                        37.2858398
                    ],
                    [
                        -83.4317419,
                        37.2852336
                    ],
                    [
                        -83.4335456,
                        37.284117
                    ],
                    [
                        -83.4336565,
                        37.2839213
                    ],
                    [
                        -83.434105,
                        37.2838445
                    ],
                    [
                        -83.4343413,
                        37.2840402
                    ],
                    [
                        -83.4343317,
                        37.2844508
                    ],
                    [
                        -83.4349634,
                        37.284658
                    ],
                    [
                        -83.4353107,
                        37.2850647
                    ],
                    [
                        -83.4355036,
                        37.2851185
                    ],
                    [
                        -83.4355422,
                        37.2847654
                    ],
                    [
                        -83.4357254,
                        37.2844853
                    ],
                    [
                        -83.4362125,
                        37.2841592
                    ],
                    [
                        -83.436444,
                        37.2836872
                    ],
                    [
                        -83.4368346,
                        37.2834455
                    ],
                    [
                        -83.4369263,
                        37.283104
                    ],
                    [
                        -83.4369456,
                        37.2824248
                    ],
                    [
                        -83.4375387,
                        37.2815614
                    ],
                    [
                        -83.4376786,
                        37.2812084
                    ],
                    [
                        -83.4376593,
                        37.2807901
                    ],
                    [
                        -83.4377606,
                        37.2806443
                    ],
                    [
                        -83.4376256,
                        37.2802951
                    ],
                    [
                        -83.4376738,
                        37.2800649
                    ],
                    [
                        -83.4375725,
                        37.2798884
                    ],
                    [
                        -83.437587,
                        37.2796965
                    ],
                    [
                        -83.4375195,
                        37.2795852
                    ],
                    [
                        -83.4374616,
                        37.2792437
                    ],
                    [
                        -83.4370613,
                        37.2784762
                    ],
                    [
                        -83.4367575,
                        37.2777471
                    ],
                    [
                        -83.4364922,
                        37.2767916
                    ],
                    [
                        -83.4364585,
                        37.2761239
                    ],
                    [
                        -83.4367092,
                        37.2754983
                    ],
                    [
                        -83.4373073,
                        37.2747845
                    ],
                    [
                        -83.4384551,
                        37.2739595
                    ],
                    [
                        -83.4386383,
                        37.2739211
                    ],
                    [
                        -83.4387251,
                        37.2737369
                    ],
                    [
                        -83.4394437,
                        37.2732956
                    ],
                    [
                        -83.4405818,
                        37.2732303
                    ],
                    [
                        -83.4411943,
                        37.2733032
                    ],
                    [
                        -83.4416139,
                        37.2734491
                    ],
                    [
                        -83.4419274,
                        37.2737599
                    ],
                    [
                        -83.4422842,
                        37.2743893
                    ],
                    [
                        -83.4427713,
                        37.2750992
                    ],
                    [
                        -83.4427569,
                        37.275318
                    ],
                    [
                        -83.4429787,
                        37.2753679
                    ],
                    [
                        -83.4430269,
                        37.2760509
                    ],
                    [
                        -83.4427231,
                        37.2762697
                    ],
                    [
                        -83.4430607,
                        37.2763388
                    ],
                    [
                        -83.4432632,
                        37.2762582
                    ],
                    [
                        -83.4434658,
                        37.2763004
                    ],
                    [
                        -83.4435478,
                        37.2764309
                    ],
                    [
                        -83.4434369,
                        37.2772713
                    ],
                    [
                        -83.4427858,
                        37.2770717
                    ],
                    [
                        -83.4426315,
                        37.2771178
                    ],
                    [
                        -83.4427713,
                        37.2773365
                    ],
                    [
                        -83.4427762,
                        37.277632
                    ],
                    [
                        -83.4426604,
                        37.2783534
                    ],
                    [
                        -83.4425736,
                        37.2785875
                    ],
                    [
                        -83.4426797,
                        37.2790825
                    ],
                    [
                        -83.4425784,
                        37.2794778
                    ],
                    [
                        -83.4424289,
                        37.2795699
                    ],
                    [
                        -83.4424241,
                        37.2796927
                    ],
                    [
                        -83.4426459,
                        37.2799996
                    ],
                    [
                        -83.4429884,
                        37.2813849
                    ],
                    [
                        -83.4433838,
                        37.2816228
                    ],
                    [
                        -83.4433597,
                        37.2818914
                    ],
                    [
                        -83.44444,
                        37.2831462
                    ],
                    [
                        -83.4459109,
                        37.284117
                    ],
                    [
                        -83.4462871,
                        37.2844815
                    ],
                    [
                        -83.448409,
                        37.2855943
                    ],
                    [
                        -83.4485103,
                        37.2857861
                    ],
                    [
                        -83.4487611,
                        37.2857823
                    ],
                    [
                        -83.4505744,
                        37.2863501
                    ],
                    [
                        -83.4508975,
                        37.2862082
                    ],
                    [
                        -83.4511049,
                        37.2863079
                    ],
                    [
                        -83.4515293,
                        37.2862542
                    ],
                    [
                        -83.4517174,
                        37.2861545
                    ],
                    [
                        -83.4523491,
                        37.2860202
                    ],
                    [
                        -83.4532413,
                        37.2855943
                    ],
                    [
                        -83.4533812,
                        37.285199
                    ],
                    [
                        -83.4536802,
                        37.2850187
                    ],
                    [
                        -83.4538297,
                        37.2847654
                    ],
                    [
                        -83.4558842,
                        37.2833304
                    ],
                    [
                        -83.4568149,
                        37.2829505
                    ],
                    [
                        -83.4577795,
                        37.2827203
                    ],
                    [
                        -83.4587151,
                        37.2826627
                    ],
                    [
                        -83.459096,
                        37.2828699
                    ],
                    [
                        -83.4596989,
                        37.283764
                    ],
                    [
                        -83.4598773,
                        37.2842781
                    ],
                    [
                        -83.4599641,
                        37.2849918
                    ],
                    [
                        -83.4599063,
                        37.2852105
                    ],
                    [
                        -83.4601667,
                        37.2854216
                    ],
                    [
                        -83.4601474,
                        37.2859818
                    ],
                    [
                        -83.4604319,
                        37.2862619
                    ],
                    [
                        -83.4606393,
                        37.2865842
                    ],
                    [
                        -83.4607599,
                        37.2870178
                    ],
                    [
                        -83.4607984,
                        37.2876048
                    ],
                    [
                        -83.4609865,
                        37.2880998
                    ],
                    [
                        -83.4611312,
                        37.2896537
                    ],
                    [
                        -83.4610106,
                        37.2906244
                    ],
                    [
                        -83.4605525,
                        37.2912
                    ],
                    [
                        -83.4598677,
                        37.2915491
                    ],
                    [
                        -83.4589562,
                        37.292186
                    ],
                    [
                        -83.4581942,
                        37.2925888
                    ],
                    [
                        -83.4564291,
                        37.2932794
                    ],
                    [
                        -83.455971,
                        37.2933677
                    ],
                    [
                        -83.4548087,
                        37.2945455
                    ],
                    [
                        -83.4544856,
                        37.2947719
                    ],
                    [
                        -83.4524215,
                        37.2958499
                    ],
                    [
                        -83.4517656,
                        37.296295
                    ],
                    [
                        -83.4508638,
                        37.2971774
                    ],
                    [
                        -83.4502031,
                        37.2980175
                    ],
                    [
                        -83.449851,
                        37.2985508
                    ],
                    [
                        -83.4493784,
                        37.2994907
                    ],
                    [
                        -83.4486695,
                        37.3013513
                    ],
                    [
                        -83.4482643,
                        37.3021799
                    ],
                    [
                        -83.4478978,
                        37.3024676
                    ],
                    [
                        -83.4475844,
                        37.302552
                    ],
                    [
                        -83.4471648,
                        37.3025827
                    ],
                    [
                        -83.446533,
                        37.3023526
                    ],
                    [
                        -83.4464414,
                        37.3021492
                    ],
                    [
                        -83.4465137,
                        37.3014817
                    ],
                    [
                        -83.4463835,
                        37.3014088
                    ],
                    [
                        -83.4461906,
                        37.3011979
                    ],
                    [
                        -83.4454768,
                        37.3000355
                    ],
                    [
                        -83.4452791,
                        37.2998398
                    ],
                    [
                        -83.4451393,
                        37.2995214
                    ],
                    [
                        -83.4453659,
                        37.2991147
                    ],
                    [
                        -83.4458434,
                        37.2987848
                    ],
                    [
                        -83.4456842,
                        37.2987119
                    ],
                    [
                        -83.4456167,
                        37.2988232
                    ],
                    [
                        -83.4447776,
                        37.2993181
                    ],
                    [
                        -83.444411,
                        37.2993449
                    ],
                    [
                        -83.4435719,
                        37.2991186
                    ],
                    [
                        -83.4433308,
                        37.2991147
                    ],
                    [
                        -83.4439288,
                        37.2992989
                    ],
                    [
                        -83.444059,
                        37.2994217
                    ],
                    [
                        -83.4445847,
                        37.2995713
                    ],
                    [
                        -83.4451441,
                        37.3001659
                    ],
                    [
                        -83.4457276,
                        37.3014012
                    ],
                    [
                        -83.4458385,
                        37.3017694
                    ],
                    [
                        -83.4457469,
                        37.3021569
                    ],
                    [
                        -83.4455588,
                        37.3023449
                    ],
                    [
                        -83.4456939,
                        37.3024139
                    ],
                    [
                        -83.445882,
                        37.3026364
                    ],
                    [
                        -83.4460025,
                        37.3029318
                    ],
                    [
                        -83.445554,
                        37.3032694
                    ],
                    [
                        -83.4447872,
                        37.3035111
                    ],
                    [
                        -83.4449898,
                        37.3037297
                    ],
                    [
                        -83.4442422,
                        37.3042054
                    ],
                    [
                        -83.4432874,
                        37.3045775
                    ],
                    [
                        -83.4429546,
                        37.3049534
                    ],
                    [
                        -83.4430269,
                        37.3050033
                    ],
                    [
                        -83.4433163,
                        37.3048921
                    ],
                    [
                        -83.4444352,
                        37.3046619
                    ],
                    [
                        -83.4449415,
                        37.3046082
                    ],
                    [
                        -83.4456939,
                        37.3039906
                    ],
                    [
                        -83.4461086,
                        37.3037336
                    ],
                    [
                        -83.4464786,
                        37.303594
                    ],
                    [
                        -83.4465285,
                        37.3035752
                    ],
                    [
                        -83.4466333,
                        37.3035356
                    ],
                    [
                        -83.446861,
                        37.3034497
                    ],
                    [
                        -83.4471262,
                        37.3035801
                    ],
                    [
                        -83.4471744,
                        37.3038908
                    ],
                    [
                        -83.4470079,
                        37.3042088
                    ],
                    [
                        -83.446945,
                        37.304329
                    ],
                    [
                        -83.4467894,
                        37.3045531
                    ],
                    [
                        -83.4466669,
                        37.3046497
                    ],
                    [
                        -83.4464595,
                        37.3048134
                    ],
                    [
                        -83.446371,
                        37.3051526
                    ],
                    [
                        -83.4464273,
                        37.3054065
                    ],
                    [
                        -83.4467331,
                        37.3054065
                    ],
                    [
                        -83.4468899,
                        37.3054598
                    ],
                    [
                        -83.4470388,
                        37.3056894
                    ],
                    [
                        -83.4473625,
                        37.3061886
                    ],
                    [
                        -83.4475072,
                        37.3066605
                    ],
                    [
                        -83.4476519,
                        37.3069021
                    ],
                    [
                        -83.4485585,
                        37.3077345
                    ],
                    [
                        -83.4491469,
                        37.3084403
                    ],
                    [
                        -83.4493832,
                        37.3085285
                    ],
                    [
                        -83.4500102,
                        37.3091269
                    ],
                    [
                        -83.4499957,
                        37.3093724
                    ],
                    [
                        -83.4502561,
                        37.3094683
                    ],
                    [
                        -83.4504394,
                        37.3094683
                    ],
                    [
                        -83.4516065,
                        37.3089927
                    ],
                    [
                        -83.4526096,
                        37.3086436
                    ],
                    [
                        -83.4540901,
                        37.3084557
                    ],
                    [
                        -83.4544952,
                        37.3082217
                    ],
                    [
                        -83.4561928,
                        37.3077997
                    ],
                    [
                        -83.4564773,
                        37.3078189
                    ],
                    [
                        -83.4566895,
                        37.3077
                    ],
                    [
                        -83.4573261,
                        37.3075466
                    ],
                    [
                        -83.4590334,
                        37.30742
                    ],
                    [
                        -83.4597712,
                        37.3074507
                    ],
                    [
                        -83.4600558,
                        37.3076463
                    ],
                    [
                        -83.4606923,
                        37.3084595
                    ],
                    [
                        -83.4608997,
                        37.3088853
                    ],
                    [
                        -83.4617485,
                        37.3100207
                    ],
                    [
                        -83.462033,
                        37.3105539
                    ],
                    [
                        -83.4623224,
                        37.3115665
                    ],
                    [
                        -83.4622501,
                        37.3122761
                    ],
                    [
                        -83.4620813,
                        37.3127862
                    ],
                    [
                        -83.4621343,
                        37.3130049
                    ],
                    [
                        -83.4620041,
                        37.3133309
                    ],
                    [
                        -83.4619173,
                        37.3138219
                    ],
                    [
                        -83.4617823,
                        37.3142284
                    ],
                    [
                        -83.4602728,
                        37.3148114
                    ],
                    [
                        -83.4604175,
                        37.3148613
                    ],
                    [
                        -83.4614688,
                        37.314915
                    ],
                    [
                        -83.461464,
                        37.3154213
                    ],
                    [
                        -83.4613145,
                        37.3161769
                    ],
                    [
                        -83.4607984,
                        37.3172009
                    ],
                    [
                        -83.4599641,
                        37.3186622
                    ],
                    [
                        -83.4592021,
                        37.3196671
                    ],
                    [
                        -83.4585704,
                        37.3202117
                    ],
                    [
                        -83.4587585,
                        37.320484
                    ],
                    [
                        -83.4567571,
                        37.3238474
                    ],
                    [
                        -83.4562893,
                        37.3244879
                    ],
                    [
                        -83.4560867,
                        37.3245991
                    ],
                    [
                        -83.4556864,
                        37.3246183
                    ],
                    [
                        -83.4552476,
                        37.3243767
                    ],
                    [
                        -83.4547508,
                        37.3238167
                    ],
                    [
                        -83.4544132,
                        37.3235866
                    ],
                    [
                        -83.4540226,
                        37.3234141
                    ],
                    [
                        -83.4537043,
                        37.323368
                    ],
                    [
                        -83.453468,
                        37.32323
                    ],
                    [
                        -83.4532317,
                        37.3231609
                    ],
                    [
                        -83.4531111,
                        37.3229845
                    ],
                    [
                        -83.4528362,
                        37.3227736
                    ],
                    [
                        -83.453333,
                        37.3234371
                    ],
                    [
                        -83.4536802,
                        37.3236633
                    ],
                    [
                        -83.4538393,
                        37.3239586
                    ],
                    [
                        -83.4543988,
                        37.3243767
                    ],
                    [
                        -83.4544229,
                        37.3245492
                    ],
                    [
                        -83.4547605,
                        37.3249059
                    ],
                    [
                        -83.4549582,
                        37.32509
                    ],
                    [
                        -83.4553585,
                        37.3253047
                    ],
                    [
                        -83.4553633,
                        37.3254735
                    ],
                    [
                        -83.4550836,
                        37.3258416
                    ],
                    [
                        -83.4542348,
                        37.3266623
                    ],
                    [
                        -83.4540853,
                        37.3269921
                    ],
                    [
                        -83.4538876,
                        37.327019
                    ],
                    [
                        -83.4537236,
                        37.327391
                    ],
                    [
                        -83.4535403,
                        37.3276326
                    ],
                    [
                        -83.4527591,
                        37.3281158
                    ],
                    [
                        -83.4523443,
                        37.3281464
                    ],
                    [
                        -83.452272,
                        37.3282615
                    ],
                    [
                        -83.4514473,
                        37.3285453
                    ],
                    [
                        -83.4507143,
                        37.328737
                    ],
                    [
                        -83.4501789,
                        37.3289518
                    ],
                    [
                        -83.4499716,
                        37.3291627
                    ],
                    [
                        -83.4492723,
                        37.3293237
                    ],
                    [
                        -83.4489636,
                        37.329224
                    ],
                    [
                        -83.448737,
                        37.329201
                    ],
                    [
                        -83.4484621,
                        37.3293697
                    ],
                    [
                        -83.4482499,
                        37.3294004
                    ],
                    [
                        -83.447512,
                        37.3293161
                    ],
                    [
                        -83.4468272,
                        37.3291818
                    ],
                    [
                        -83.4463932,
                        37.3291818
                    ],
                    [
                        -83.4458144,
                        37.3290975
                    ],
                    [
                        -83.4455395,
                        37.3288137
                    ],
                    [
                        -83.4452068,
                        37.328622
                    ],
                    [
                        -83.4447293,
                        37.3284456
                    ],
                    [
                        -83.4442664,
                        37.3285261
                    ],
                    [
                        -83.4436298,
                        37.3285644
                    ],
                    [
                        -83.4433501,
                        37.3284609
                    ],
                    [
                        -83.4426749,
                        37.3283765
                    ],
                    [
                        -83.442564,
                        37.3282883
                    ],
                    [
                        -83.4424,
                        37.3280314
                    ],
                    [
                        -83.4420962,
                        37.327901
                    ],
                    [
                        -83.4416862,
                        37.3278205
                    ],
                    [
                        -83.4412763,
                        37.3278627
                    ],
                    [
                        -83.4409291,
                        37.3279624
                    ],
                    [
                        -83.4395919,
                        37.3281927
                    ],
                    [
                        -83.4385757,
                        37.3282361
                    ],
                    [
                        -83.4383847,
                        37.3284097
                    ],
                    [
                        -83.4379482,
                        37.3285832
                    ],
                    [
                        -83.4370343,
                        37.3282687
                    ],
                    [
                        -83.4361886,
                        37.3281276
                    ],
                    [
                        -83.4352133,
                        37.3278294
                    ],
                    [
                        -83.435186,
                        37.3280083
                    ],
                    [
                        -83.437314,
                        37.3287025
                    ],
                    [
                        -83.4379551,
                        37.3288489
                    ],
                    [
                        -83.4383097,
                        37.3287839
                    ],
                    [
                        -83.4386371,
                        37.3285832
                    ],
                    [
                        -83.4394146,
                        37.3284639
                    ],
                    [
                        -83.4401171,
                        37.3284639
                    ],
                    [
                        -83.4413652,
                        37.3283771
                    ],
                    [
                        -83.4424769,
                        37.3289411
                    ],
                    [
                        -83.4431794,
                        37.3290876
                    ],
                    [
                        -83.4445707,
                        37.3291472
                    ],
                    [
                        -83.4450481,
                        37.3293858
                    ],
                    [
                        -83.4460916,
                        37.3300204
                    ],
                    [
                        -83.4469646,
                        37.3304434
                    ],
                    [
                        -83.4469919,
                        37.3306549
                    ],
                    [
                        -83.4466782,
                        37.3312134
                    ],
                    [
                        -83.4468214,
                        37.331246
                    ],
                    [
                        -83.447292,
                        37.3309043
                    ],
                    [
                        -83.4476262,
                        37.3307796
                    ],
                    [
                        -83.4480491,
                        37.3307362
                    ],
                    [
                        -83.4488539,
                        37.3308393
                    ],
                    [
                        -83.4496041,
                        37.3306006
                    ],
                    [
                        -83.4500133,
                        37.3305789
                    ],
                    [
                        -83.4502452,
                        37.3307525
                    ],
                    [
                        -83.4506476,
                        37.3304434
                    ],
                    [
                        -83.4510227,
                        37.3304596
                    ],
                    [
                        -83.4516059,
                        37.3306931
                    ],
                    [
                        -83.4520274,
                        37.3309591
                    ],
                    [
                        -83.4527099,
                        37.331789
                    ],
                    [
                        -83.4532719,
                        37.3322784
                    ],
                    [
                        -83.454048,
                        37.3326295
                    ],
                    [
                        -83.4552657,
                        37.3330711
                    ],
                    [
                        -83.4560886,
                        37.333103
                    ],
                    [
                        -83.4567041,
                        37.3329434
                    ],
                    [
                        -83.4574,
                        37.3325072
                    ],
                    [
                        -83.4591462,
                        37.3310123
                    ],
                    [
                        -83.4600561,
                        37.3307303
                    ],
                    [
                        -83.4607988,
                        37.3305867
                    ],
                    [
                        -83.462264,
                        37.3306718
                    ],
                    [
                        -83.4641173,
                        37.3314804
                    ],
                    [
                        -83.4647931,
                        37.3319592
                    ],
                    [
                        -83.4655558,
                        37.332704
                    ],
                    [
                        -83.4656696,
                        37.3332147
                    ],
                    [
                        -83.4655491,
                        37.3337307
                    ],
                    [
                        -83.465422,
                        37.3347149
                    ],
                    [
                        -83.465034,
                        37.3350075
                    ],
                    [
                        -83.465034,
                        37.3352841
                    ],
                    [
                        -83.4652949,
                        37.3358427
                    ],
                    [
                        -83.4657766,
                        37.3365502
                    ],
                    [
                        -83.4661178,
                        37.3368268
                    ],
                    [
                        -83.4673355,
                        37.3374705
                    ],
                    [
                        -83.4682923,
                        37.3379386
                    ],
                    [
                        -83.4690818,
                        37.3382099
                    ],
                    [
                        -83.4700051,
                        37.3386195
                    ],
                    [
                        -83.470179,
                        37.3388695
                    ],
                    [
                        -83.4699248,
                        37.3397259
                    ],
                    [
                        -83.4703062,
                        37.3398642
                    ],
                    [
                        -83.471758,
                        37.3399759
                    ],
                    [
                        -83.4719077,
                        37.3399174
                    ],
                    [
                        -83.4720504,
                        37.3396608
                    ],
                    [
                        -83.4720016,
                        37.3393086
                    ],
                    [
                        -83.4717801,
                        37.3390609
                    ],
                    [
                        -83.4717013,
                        37.3387177
                    ],
                    [
                        -83.4714761,
                        37.3382492
                    ],
                    [
                        -83.4718762,
                        37.3380336
                    ],
                    [
                        -83.4715008,
                        37.3374606
                    ],
                    [
                        -83.4702396,
                        37.3362788
                    ],
                    [
                        -83.4699168,
                        37.3358908
                    ],
                    [
                        -83.4694814,
                        37.3357535
                    ],
                    [
                        -83.4686106,
                        37.3357416
                    ],
                    [
                        -83.4678598,
                        37.3355864
                    ],
                    [
                        -83.4666437,
                        37.3352044
                    ],
                    [
                        -83.4664485,
                        37.3346134
                    ],
                    [
                        -83.4665386,
                        37.3337837
                    ],
                    [
                        -83.4668989,
                        37.332566
                    ],
                    [
                        -83.4668614,
                        37.3319094
                    ],
                    [
                        -83.4669064,
                        37.3315632
                    ],
                    [
                        -83.4668764,
                        37.3310618
                    ],
                    [
                        -83.4666737,
                        37.330435
                    ],
                    [
                        -83.467034,
                        37.330053
                    ],
                    [
                        -83.4666211,
                        37.329856
                    ],
                    [
                        -83.466456,
                        37.3295754
                    ],
                    [
                        -83.4669214,
                        37.3288889
                    ],
                    [
                        -83.4671692,
                        37.3283576
                    ],
                    [
                        -83.4670415,
                        37.3277786
                    ],
                    [
                        -83.4671767,
                        37.3275338
                    ],
                    [
                        -83.4678223,
                        37.3267399
                    ],
                    [
                        -83.4683103,
                        37.3266563
                    ],
                    [
                        -83.4686331,
                        37.3265011
                    ],
                    [
                        -83.4689334,
                        37.3261966
                    ],
                    [
                        -83.4691961,
                        37.326125
                    ],
                    [
                        -83.4697441,
                        37.3257549
                    ],
                    [
                        -83.4697742,
                        37.3254385
                    ],
                    [
                        -83.4707276,
                        37.3243937
                    ],
                    [
                        -83.4712156,
                        37.323952
                    ],
                    [
                        -83.4719438,
                        37.3235997
                    ],
                    [
                        -83.4737004,
                        37.3233729
                    ],
                    [
                        -83.4743235,
                        37.3234386
                    ],
                    [
                        -83.4750067,
                        37.3232833
                    ],
                    [
                        -83.4756598,
                        37.3233848
                    ],
                    [
                        -83.4764256,
                        37.3237669
                    ],
                    [
                        -83.4764256,
                        37.3236177
                    ],
                    [
                        -83.4761478,
                        37.3231819
                    ],
                    [
                        -83.475795,
                        37.3228237
                    ],
                    [
                        -83.4751644,
                        37.3228117
                    ],
                    [
                        -83.4745337,
                        37.3230326
                    ],
                    [
                        -83.4726795,
                        37.3221968
                    ],
                    [
                        -83.4725368,
                        37.3225968
                    ],
                    [
                        -83.4721369,
                        37.3228154
                    ],
                    [
                        -83.4706111,
                        37.3231177
                    ],
                    [
                        -83.4701112,
                        37.3233869
                    ],
                    [
                        -83.4697883,
                        37.323714
                    ],
                    [
                        -83.4695383,
                        37.3236602
                    ],
                    [
                        -83.4696008,
                        37.3240122
                    ],
                    [
                        -83.4695279,
                        37.3243145
                    ],
                    [
                        -83.4688874,
                        37.325151
                    ],
                    [
                        -83.4680126,
                        37.3260082
                    ],
                    [
                        -83.4659223,
                        37.3265623
                    ],
                    [
                        -83.465683,
                        37.3271245
                    ],
                    [
                        -83.465613,
                        37.3276106
                    ],
                    [
                        -83.4654289,
                        37.3280644
                    ],
                    [
                        -83.4653332,
                        37.3287144
                    ],
                    [
                        -83.4649171,
                        37.3291771
                    ],
                    [
                        -83.4642322,
                        37.3294318
                    ],
                    [
                        -83.463551,
                        37.3294377
                    ],
                    [
                        -83.4612569,
                        37.3291302
                    ],
                    [
                        -83.4604137,
                        37.3290717
                    ],
                    [
                        -83.4596588,
                        37.3291244
                    ],
                    [
                        -83.4573243,
                        37.3297187
                    ],
                    [
                        -83.4568235,
                        37.3299823
                    ],
                    [
                        -83.4563006,
                        37.3303717
                    ],
                    [
                        -83.4557225,
                        37.3305679
                    ],
                    [
                        -83.4554058,
                        37.3305737
                    ],
                    [
                        -83.4550671,
                        37.3304888
                    ],
                    [
                        -83.4548645,
                        37.3304859
                    ],
                    [
                        -83.4547172,
                        37.3305649
                    ],
                    [
                        -83.4546952,
                        37.330723
                    ],
                    [
                        -83.4545736,
                        37.3308021
                    ],
                    [
                        -83.4543269,
                        37.3307465
                    ],
                    [
                        -83.4540839,
                        37.3305444
                    ],
                    [
                        -83.4539145,
                        37.3305444
                    ],
                    [
                        -83.4538519,
                        37.3304859
                    ],
                    [
                        -83.4538004,
                        37.3302165
                    ],
                    [
                        -83.4539329,
                        37.3298886
                    ],
                    [
                        -83.4542496,
                        37.3293996
                    ],
                    [
                        -83.4559398,
                        37.3273471
                    ],
                    [
                        -83.4565289,
                        37.3265184
                    ],
                    [
                        -83.4567904,
                        37.3259826
                    ],
                    [
                        -83.4574347,
                        37.3252125
                    ],
                    [
                        -83.4576262,
                        37.3248669
                    ],
                    [
                        -83.4578545,
                        37.3246825
                    ],
                    [
                        -83.457895,
                        37.3245214
                    ],
                    [
                        -83.4580755,
                        37.3243135
                    ],
                    [
                        -83.458116,
                        37.3241232
                    ],
                    [
                        -83.4583774,
                        37.3239856
                    ],
                    [
                        -83.4590292,
                        37.3224892
                    ],
                    [
                        -83.4592611,
                        37.3223165
                    ],
                    [
                        -83.4605021,
                        37.3203516
                    ],
                    [
                        -83.460874,
                        37.3199211
                    ],
                    [
                        -83.4610691,
                        37.3197893
                    ],
                    [
                        -83.4610875,
                        37.3196166
                    ],
                    [
                        -83.4615662,
                        37.3186151
                    ],
                    [
                        -83.4618939,
                        37.3181582
                    ],
                    [
                        -83.4623284,
                        37.317309
                    ],
                    [
                        -83.4625641,
                        37.3170835
                    ],
                    [
                        -83.4628697,
                        37.3164802
                    ],
                    [
                        -83.4632674,
                        37.316079
                    ],
                    [
                        -83.4634479,
                        37.3157305
                    ],
                    [
                        -83.4636062,
                        37.3150599
                    ],
                    [
                        -83.4637019,
                        37.3149808
                    ],
                    [
                        -83.4644126,
                        37.3150921
                    ],
                    [
                        -83.4650239,
                        37.315013
                    ],
                    [
                        -83.464674,
                        37.3148168
                    ],
                    [
                        -83.4642064,
                        37.3146968
                    ],
                    [
                        -83.4638492,
                        37.3145298
                    ],
                    [
                        -83.4636025,
                        37.3142985
                    ],
                    [
                        -83.4634221,
                        37.3139178
                    ],
                    [
                        -83.4634736,
                        37.3131973
                    ],
                    [
                        -83.4637167,
                        37.3121782
                    ],
                    [
                        -83.4638345,
                        37.3112322
                    ],
                    [
                        -83.4639376,
                        37.3108895
                    ],
                    [
                        -83.4638455,
                        37.3107167
                    ],
                    [
                        -83.4638419,
                        37.3102335
                    ],
                    [
                        -83.4637203,
                        37.3097708
                    ],
                    [
                        -83.4636246,
                        37.3087838
                    ],
                    [
                        -83.4627777,
                        37.3076708
                    ],
                    [
                        -83.4624352,
                        37.3072959
                    ],
                    [
                        -83.4618682,
                        37.3067892
                    ],
                    [
                        -83.4610802,
                        37.30618
                    ],
                    [
                        -83.459854,
                        37.3056909
                    ],
                    [
                        -83.4599055,
                        37.3055093
                    ],
                    [
                        -83.4612901,
                        37.3042206
                    ],
                    [
                        -83.4609292,
                        37.3042879
                    ],
                    [
                        -83.46041,
                        37.3044725
                    ],
                    [
                        -83.4600307,
                        37.3046951
                    ],
                    [
                        -83.4593458,
                        37.3054097
                    ],
                    [
                        -83.4590292,
                        37.305565
                    ],
                    [
                        -83.4585652,
                        37.3056235
                    ],
                    [
                        -83.4581638,
                        37.3056089
                    ],
                    [
                        -83.4581196,
                        37.3057319
                    ],
                    [
                        -83.4557998,
                        37.306016
                    ],
                    [
                        -83.4550008,
                        37.30618
                    ],
                    [
                        -83.4547946,
                        37.3057993
                    ],
                    [
                        -83.4545368,
                        37.3058081
                    ],
                    [
                        -83.4546252,
                        37.3063938
                    ],
                    [
                        -83.4537267,
                        37.3068039
                    ],
                    [
                        -83.4535242,
                        37.3067658
                    ],
                    [
                        -83.4534579,
                        37.3066545
                    ],
                    [
                        -83.4534542,
                        37.3062415
                    ],
                    [
                        -83.4533143,
                        37.3061566
                    ],
                    [
                        -83.4532664,
                        37.3062005
                    ],
                    [
                        -83.4532775,
                        37.3063587
                    ],
                    [
                        -83.4531265,
                        37.3064671
                    ],
                    [
                        -83.4529719,
                        37.3064056
                    ],
                    [
                        -83.4527546,
                        37.306183
                    ],
                    [
                        -83.4526478,
                        37.3061888
                    ],
                    [
                        -83.4527546,
                        37.3066926
                    ],
                    [
                        -83.4527104,
                        37.3069562
                    ],
                    [
                        -83.4523717,
                        37.3070558
                    ],
                    [
                        -83.451742,
                        37.3070441
                    ],
                    [
                        -83.4511749,
                        37.3071553
                    ],
                    [
                        -83.4511344,
                        37.3072139
                    ],
                    [
                        -83.4512523,
                        37.3074072
                    ],
                    [
                        -83.4510424,
                        37.3074717
                    ],
                    [
                        -83.4506778,
                        37.3072959
                    ],
                    [
                        -83.4503427,
                        37.3072666
                    ],
                    [
                        -83.4502139,
                        37.3071641
                    ],
                    [
                        -83.4503869,
                        37.3067805
                    ],
                    [
                        -83.4503391,
                        37.3066692
                    ],
                    [
                        -83.4501697,
                        37.3065666
                    ],
                    [
                        -83.4498493,
                        37.3065549
                    ],
                    [
                        -83.4495069,
                        37.3063675
                    ],
                    [
                        -83.4493485,
                        37.3061625
                    ],
                    [
                        -83.4492565,
                        37.3055855
                    ],
                    [
                        -83.4494259,
                        37.3052311
                    ],
                    [
                        -83.449378,
                        37.3048855
                    ],
                    [
                        -83.4496836,
                        37.3040946
                    ],
                    [
                        -83.4505453,
                        37.3021556
                    ],
                    [
                        -83.4505895,
                        37.3018598
                    ],
                    [
                        -83.4508325,
                        37.3016138
                    ],
                    [
                        -83.4509835,
                        37.3012652
                    ],
                    [
                        -83.4523459,
                        37.2996015
                    ],
                    [
                        -83.4527067,
                        37.2990508
                    ],
                    [
                        -83.4529314,
                        37.2988721
                    ],
                    [
                        -83.4530713,
                        37.2985147
                    ],
                    [
                        -83.4535463,
                        37.2979377
                    ],
                    [
                        -83.4537009,
                        37.2976301
                    ],
                    [
                        -83.4539108,
                        37.2975071
                    ],
                    [
                        -83.4539882,
                        37.2971263
                    ],
                    [
                        -83.4542386,
                        37.296725
                    ],
                    [
                        -83.4546878,
                        37.296268
                    ],
                    [
                        -83.4550634,
                        37.2961157
                    ],
                    [
                        -83.4553138,
                        37.2960864
                    ],
                    [
                        -83.4555642,
                        37.2965492
                    ],
                    [
                        -83.4557446,
                        37.2966342
                    ],
                    [
                        -83.4556894,
                        37.295981
                    ],
                    [
                        -83.4557372,
                        37.2958901
                    ],
                    [
                        -83.456853,
                        37.2955826
                    ],
                    [
                        -83.4581565,
                        37.295401
                    ],
                    [
                        -83.4585983,
                        37.2952955
                    ],
                    [
                        -83.4599313,
                        37.2948385
                    ],
                    [
                        -83.4603364,
                        37.2950846
                    ],
                    [
                        -83.4609513,
                        37.2953512
                    ],
                    [
                        -83.4613747,
                        37.2955943
                    ],
                    [
                        -83.4618608,
                        37.2957144
                    ],
                    [
                        -83.4618939,
                        37.2958755
                    ],
                    [
                        -83.4621333,
                        37.295814
                    ],
                    [
                        -83.4624205,
                        37.2958286
                    ],
                    [
                        -83.4628145,
                        37.2959517
                    ],
                    [
                        -83.4629581,
                        37.2960835
                    ],
                    [
                        -83.4633705,
                        37.2961567
                    ],
                    [
                        -83.4640812,
                        37.2961655
                    ],
                    [
                        -83.4642101,
                        37.296268
                    ],
                    [
                        -83.4643095,
                        37.2961362
                    ],
                    [
                        -83.4648582,
                        37.2959458
                    ],
                    [
                        -83.4653958,
                        37.2958521
                    ],
                    [
                        -83.4659812,
                        37.2959487
                    ],
                    [
                        -83.4659996,
                        37.2957554
                    ],
                    [
                        -83.4662832,
                        37.2956587
                    ],
                    [
                        -83.4669681,
                        37.2955884
                    ],
                    [
                        -83.4678113,
                        37.2956822
                    ],
                    [
                        -83.4704773,
                        37.2964848
                    ],
                    [
                        -83.4713205,
                        37.2966313
                    ],
                    [
                        -83.4736072,
                        37.2966488
                    ],
                    [
                        -83.4738612,
                        37.2964672
                    ],
                    [
                        -83.4742368,
                        37.2963998
                    ],
                    [
                        -83.4746345,
                        37.2966752
                    ],
                    [
                        -83.4750764,
                        37.2966342
                    ],
                    [
                        -83.4754336,
                        37.2969418
                    ],
                    [
                        -83.4764977,
                        37.2969886
                    ],
                    [
                        -83.4772047,
                        37.2969066
                    ],
                    [
                        -83.477746,
                        37.2965668
                    ],
                    [
                        -83.4781768,
                        37.296476
                    ],
                    [
                        -83.4779706,
                        37.2963295
                    ],
                    [
                        -83.4775619,
                        37.2961391
                    ],
                    [
                        -83.4770648,
                        37.2961157
                    ],
                    [
                        -83.4766413,
                        37.2962915
                    ],
                    [
                        -83.4762805,
                        37.2962856
                    ],
                    [
                        -83.4751832,
                        37.2958023
                    ],
                    [
                        -83.4747413,
                        37.2956529
                    ],
                    [
                        -83.4741595,
                        37.2955796
                    ],
                    [
                        -83.4730732,
                        37.2956119
                    ],
                    [
                        -83.4723699,
                        37.2957085
                    ],
                    [
                        -83.4709596,
                        37.2955533
                    ],
                    [
                        -83.4702416,
                        37.2956236
                    ],
                    [
                        -83.4695309,
                        37.2951988
                    ],
                    [
                        -83.4687503,
                        37.2949147
                    ],
                    [
                        -83.4683563,
                        37.2950319
                    ],
                    [
                        -83.468047,
                        37.2948385
                    ],
                    [
                        -83.4680249,
                        37.2946979
                    ],
                    [
                        -83.46754,
                        37.2945311
                    ],
                    [
                        -83.4668645,
                        37.2944535
                    ],
                    [
                        -83.4663479,
                        37.2945368
                    ],
                    [
                        -83.4654557,
                        37.2948041
                    ],
                    [
                        -83.4648308,
                        37.2948615
                    ],
                    [
                        -83.4637146,
                        37.2948242
                    ],
                    [
                        -83.4631475,
                        37.2947437
                    ],
                    [
                        -83.462053,
                        37.2945052
                    ],
                    [
                        -83.4613594,
                        37.2942523
                    ],
                    [
                        -83.4608826,
                        37.2939937
                    ],
                    [
                        -83.4607634,
                        37.2937954
                    ],
                    [
                        -83.4621794,
                        37.2919907
                    ],
                    [
                        -83.4626959,
                        37.2910251
                    ],
                    [
                        -83.4630391,
                        37.2901429
                    ],
                    [
                        -83.4630572,
                        37.2895394
                    ],
                    [
                        -83.4629596,
                        37.2889933
                    ],
                    [
                        -83.462649,
                        37.2880306
                    ],
                    [
                        -83.4627285,
                        37.2878754
                    ],
                    [
                        -83.4629669,
                        37.2878323
                    ],
                    [
                        -83.4637832,
                        37.2878926
                    ],
                    [
                        -83.4642059,
                        37.287999
                    ],
                    [
                        -83.4647405,
                        37.2882864
                    ],
                    [
                        -83.4649825,
                        37.2883208
                    ],
                    [
                        -83.4655243,
                        37.2882519
                    ],
                    [
                        -83.4657627,
                        37.2883065
                    ],
                    [
                        -83.4656544,
                        37.2879329
                    ],
                    [
                        -83.4653004,
                        37.2878553
                    ],
                    [
                        -83.4648525,
                        37.2878352
                    ],
                    [
                        -83.4645093,
                        37.2875478
                    ],
                    [
                        -83.4641806,
                        37.2874184
                    ],
                    [
                        -83.4638844,
                        37.2874558
                    ],
                    [
                        -83.4632631,
                        37.2872374
                    ],
                    [
                        -83.4624937,
                        37.2870477
                    ],
                    [
                        -83.4622589,
                        37.2868092
                    ],
                    [
                        -83.4620421,
                        37.2863867
                    ],
                    [
                        -83.4618001,
                        37.2851997
                    ],
                    [
                        -83.4616014,
                        37.2847198
                    ],
                    [
                        -83.4615364,
                        37.2842887
                    ],
                    [
                        -83.4613161,
                        37.2837052
                    ],
                    [
                        -83.4613052,
                        37.2835156
                    ],
                    [
                        -83.4606803,
                        37.2829292
                    ],
                    [
                        -83.4599506,
                        37.2820009
                    ],
                    [
                        -83.4592318,
                        37.2815985
                    ],
                    [
                        -83.4582493,
                        37.2814519
                    ],
                    [
                        -83.457469,
                        37.2815928
                    ],
                    [
                        -83.4560314,
                        37.2820756
                    ],
                    [
                        -83.4559447,
                        37.2822366
                    ],
                    [
                        -83.4553884,
                        37.2823832
                    ],
                    [
                        -83.4551175,
                        37.2826303
                    ],
                    [
                        -83.4546912,
                        37.2828028
                    ],
                    [
                        -83.4542072,
                        37.2831649
                    ],
                    [
                        -83.4540952,
                        37.2833891
                    ],
                    [
                        -83.4538062,
                        37.2834178
                    ],
                    [
                        -83.4533294,
                        37.2838777
                    ],
                    [
                        -83.4530838,
                        37.2839438
                    ],
                    [
                        -83.453026,
                        37.2841737
                    ],
                    [
                        -83.4523866,
                        37.284737
                    ],
                    [
                        -83.4522241,
                        37.2849698
                    ],
                    [
                        -83.4517509,
                        37.2851796
                    ],
                    [
                        -83.4510862,
                        37.2853291
                    ],
                    [
                        -83.4503746,
                        37.285286
                    ],
                    [
                        -83.4491934,
                        37.2847571
                    ],
                    [
                        -83.4485324,
                        37.2843691
                    ],
                    [
                        -83.448247,
                        37.2843088
                    ],
                    [
                        -83.4478027,
                        37.2840645
                    ],
                    [
                        -83.4476474,
                        37.2838978
                    ],
                    [
                        -83.4470224,
                        37.2834811
                    ],
                    [
                        -83.4454042,
                        37.2822567
                    ],
                    [
                        -83.4453391,
                        37.2820325
                    ],
                    [
                        -83.4450574,
                        37.2819923
                    ],
                    [
                        -83.4447937,
                        37.2818198
                    ],
                    [
                        -83.4444433,
                        37.2814146
                    ],
                    [
                        -83.4442013,
                        37.2810208
                    ],
                    [
                        -83.4442013,
                        37.2807277
                    ],
                    [
                        -83.4444108,
                        37.2802592
                    ],
                    [
                        -83.4449743,
                        37.2793911
                    ],
                    [
                        -83.4452958,
                        37.2789514
                    ],
                    [
                        -83.445657,
                        37.2785892
                    ],
                    [
                        -83.4459677,
                        37.2780546
                    ],
                    [
                        -83.4461247,
                        37.2775222
                    ],
                    [
                        -83.4466254,
                        37.2774246
                    ],
                    [
                        -83.4472486,
                        37.277197
                    ],
                    [
                        -83.4479791,
                        37.2768881
                    ],
                    [
                        -83.4482652,
                        37.2767133
                    ],
                    [
                        -83.4489957,
                        37.2766848
                    ],
                    [
                        -83.4492665,
                        37.2764856
                    ],
                    [
                        -83.4502064,
                        37.2762214
                    ],
                    [
                        -83.450898,
                        37.2760962
                    ],
                    [
                        -83.4515194,
                        37.2761106
                    ],
                    [
                        -83.4531268,
                        37.2763147
                    ],
                    [
                        -83.4533363,
                        37.2761451
                    ],
                    [
                        -83.4537915,
                        37.2759927
                    ],
                    [
                        -83.4541093,
                        37.275941
                    ],
                    [
                        -83.453889,
                        37.2758318
                    ],
                    [
                        -83.4536217,
                        37.2758548
                    ],
                    [
                        -83.4534411,
                        37.275803
                    ],
                    [
                        -83.4531449,
                        37.2758375
                    ],
                    [
                        -83.4526897,
                        37.2759985
                    ],
                    [
                        -83.452314,
                        37.2758232
                    ],
                    [
                        -83.4519817,
                        37.2755012
                    ],
                    [
                        -83.4514182,
                        37.2755185
                    ],
                    [
                        -83.4506849,
                        37.2756622
                    ],
                    [
                        -83.4501864,
                        37.2754179
                    ],
                    [
                        -83.4492184,
                        37.2755415
                    ],
                    [
                        -83.4486368,
                        37.2755329
                    ],
                    [
                        -83.4484237,
                        37.2751506
                    ],
                    [
                        -83.4483695,
                        37.2754524
                    ],
                    [
                        -83.4480697,
                        37.2756564
                    ],
                    [
                        -83.4466031,
                        37.2762888
                    ],
                    [
                        -83.4457903,
                        37.2764871
                    ],
                    [
                        -83.4455664,
                        37.276148
                    ],
                    [
                        -83.4443671,
                        37.2738398
                    ],
                    [
                        -83.4436411,
                        37.2730752
                    ],
                    [
                        -83.4432943,
                        37.2728826
                    ],
                    [
                        -83.4431137,
                        37.272667
                    ],
                    [
                        -83.442785,
                        37.2724802
                    ],
                    [
                        -83.4426296,
                        37.2725089
                    ],
                    [
                        -83.4424635,
                        37.2724055
                    ],
                    [
                        -83.4423695,
                        37.2722646
                    ],
                    [
                        -83.4417952,
                        37.2718766
                    ],
                    [
                        -83.4407729,
                        37.2716811
                    ],
                    [
                        -83.4400505,
                        37.2714885
                    ],
                    [
                        -83.4396026,
                        37.2712988
                    ],
                    [
                        -83.4393606,
                        37.2711464
                    ],
                    [
                        -83.4388151,
                        37.2706865
                    ],
                    [
                        -83.4385767,
                        37.2703444
                    ],
                    [
                        -83.4385839,
                        37.2698327
                    ],
                    [
                        -83.4385153,
                        37.2697149
                    ],
                    [
                        -83.4379157,
                        37.2690624
                    ],
                    [
                        -83.4376809,
                        37.2689272
                    ],
                    [
                        -83.437493,
                        37.2684558
                    ],
                    [
                        -83.4375075,
                        37.2680361
                    ],
                    [
                        -83.4374099,
                        37.2675158
                    ],
                    [
                        -83.4377314,
                        37.2659174
                    ],
                    [
                        -83.4376158,
                        37.2659117
                    ],
                    [
                        -83.437251,
                        37.2665758
                    ],
                    [
                        -83.4365195,
                        37.2668796
                    ],
                    [
                        -83.4362789,
                        37.2672067
                    ],
                    [
                        -83.4360083,
                        37.2678607
                    ],
                    [
                        -83.4364142,
                        37.268096
                    ],
                    [
                        -83.4367149,
                        37.2685108
                    ],
                    [
                        -83.4369705,
                        37.2691848
                    ],
                    [
                        -83.4372461,
                        37.2696354
                    ],
                    [
                        -83.4380129,
                        37.2700781
                    ],
                    [
                        -83.4381131,
                        37.2703453
                    ],
                    [
                        -83.4382534,
                        37.271438
                    ],
                    [
                        -83.4384839,
                        37.2718328
                    ],
                    [
                        -83.4377122,
                        37.2727062
                    ],
                    [
                        -83.4370607,
                        37.273077
                    ],
                    [
                        -83.4359432,
                        37.2741059
                    ],
                    [
                        -83.4355874,
                        37.2748516
                    ],
                    [
                        -83.4353518,
                        37.2764746
                    ],
                    [
                        -83.4354921,
                        37.2777068
                    ],
                    [
                        -83.4354621,
                        37.2789948
                    ],
                    [
                        -83.4356826,
                        37.2800475
                    ],
                    [
                        -83.4357978,
                        37.2803226
                    ],
                    [
                        -83.4361236,
                        37.280837
                    ],
                    [
                        -83.4360434,
                        37.2814311
                    ],
                    [
                        -83.4357427,
                        37.281794
                    ],
                    [
                        -83.4342092,
                        37.2826114
                    ],
                    [
                        -83.4320443,
                        37.283672
                    ],
                    [
                        -83.4315381,
                        37.2838515
                    ],
                    [
                        -83.4307614,
                        37.2840309
                    ],
                    [
                        -83.429719,
                        37.2841545
                    ],
                    [
                        -83.4297842,
                        37.284318
                    ],
                    [
                        -83.4300347,
                        37.2844894
                    ],
                    [
                        -83.4303805,
                        37.284617
                    ],
                    [
                        -83.4304006,
                        37.2848244
                    ],
                    [
                        -83.4299946,
                        37.285554
                    ],
                    [
                        -83.4293732,
                        37.2863634
                    ],
                    [
                        -83.4290625,
                        37.2866425
                    ],
                    [
                        -83.4290324,
                        37.2870253
                    ],
                    [
                        -83.4289222,
                        37.2873881
                    ],
                    [
                        -83.428416,
                        37.2885962
                    ],
                    [
                        -83.4280853,
                        37.2891424
                    ],
                    [
                        -83.4276693,
                        37.2894255
                    ],
                    [
                        -83.4274037,
                        37.2902149
                    ],
                    [
                        -83.427098,
                        37.2906455
                    ],
                    [
                        -83.4265819,
                        37.2918216
                    ],
                    [
                        -83.4265167,
                        37.2920848
                    ],
                    [
                        -83.4263363,
                        37.2924117
                    ],
                    [
                        -83.4258953,
                        37.2924795
                    ],
                    [
                        -83.4255295,
                        37.2924276
                    ],
                    [
                        -83.4250434,
                        37.2922442
                    ],
                    [
                        -83.4245522,
                        37.2917698
                    ],
                    [
                        -83.424011,
                        37.2911399
                    ],
                    [
                        -83.4236101,
                        37.2905658
                    ],
                    [
                        -83.4216807,
                        37.2867063
                    ],
                    [
                        -83.4212247,
                        37.2859607
                    ],
                    [
                        -83.4208438,
                        37.2854464
                    ],
                    [
                        -83.4201773,
                        37.2847366
                    ],
                    [
                        -83.419626,
                        37.2840309
                    ],
                    [
                        -83.4193053,
                        37.2838236
                    ],
                    [
                        -83.4190247,
                        37.2832693
                    ],
                    [
                        -83.4186839,
                        37.2828626
                    ],
                    [
                        -83.4180374,
                        37.2824918
                    ],
                    [
                        -83.4177017,
                        37.2823921
                    ],
                    [
                        -83.4163686,
                        37.2822246
                    ],
                    [
                        -83.4156069,
                        37.2821967
                    ],
                    [
                        -83.4146447,
                        37.2822844
                    ],
                    [
                        -83.4141987,
                        37.2823761
                    ],
                    [
                        -83.4136224,
                        37.2825715
                    ],
                    [
                        -83.4129458,
                        37.2826672
                    ],
                    [
                        -83.41259,
                        37.2828786
                    ],
                    [
                        -83.4121891,
                        37.2829623
                    ],
                    [
                        -83.4115126,
                        37.2832813
                    ],
                    [
                        -83.4109563,
                        37.283672
                    ],
                    [
                        -83.4105704,
                        37.2840668
                    ],
                    [
                        -83.4104502,
                        37.2844934
                    ],
                    [
                        -83.4105053,
                        37.2851154
                    ],
                    [
                        -83.410355,
                        37.2851553
                    ],
                    [
                        -83.4105003,
                        37.2853028
                    ],
                    [
                        -83.4106757,
                        37.2852988
                    ],
                    [
                        -83.4106657,
                        37.2854384
                    ],
                    [
                        -83.4105404,
                        37.2855819
                    ],
                    [
                        -83.4105303,
                        37.2857295
                    ],
                    [
                        -83.4108411,
                        37.2859926
                    ],
                    [
                        -83.4110616,
                        37.285857
                    ],
                    [
                        -83.4113071,
                        37.2861003
                    ],
                    [
                        -83.4115727,
                        37.286483
                    ],
                    [
                        -83.4117782,
                        37.2871569
                    ],
                    [
                        -83.4117732,
                        37.2877988
                    ],
                    [
                        -83.4116278,
                        37.2885125
                    ],
                    [
                        -83.411252,
                        37.2891145
                    ],
                    [
                        -83.4106606,
                        37.2898361
                    ],
                    [
                        -83.4099791,
                        37.2904422
                    ],
                    [
                        -83.409478,
                        37.290789
                    ],
                    [
                        -83.4083855,
                        37.2911957
                    ],
                    [
                        -83.4078793,
                        37.2913791
                    ],
                    [
                        -83.4070174,
                        37.2915745
                    ],
                    [
                        -83.4061704,
                        37.2918495
                    ],
                    [
                        -83.4041308,
                        37.2928582
                    ],
                    [
                        -83.4038101,
                        37.2929579
                    ],
                    [
                        -83.4031185,
                        37.2927107
                    ],
                    [
                        -83.4027276,
                        37.2921486
                    ],
                    [
                        -83.4024269,
                        37.2910522
                    ],
                    [
                        -83.4022014,
                        37.2892341
                    ],
                    [
                        -83.4023618,
                        37.2884925
                    ],
                    [
                        -83.4024369,
                        37.2873482
                    ],
                    [
                        -83.4026524,
                        37.2868738
                    ],
                    [
                        -83.403329,
                        37.2862637
                    ],
                    [
                        -83.4039804,
                        37.2859806
                    ],
                    [
                        -83.4054538,
                        37.2858251
                    ],
                    [
                        -83.406426,
                        37.2858451
                    ],
                    [
                        -83.4069823,
                        37.2857454
                    ],
                    [
                        -83.4074483,
                        37.2854503
                    ],
                    [
                        -83.4077941,
                        37.2850118
                    ],
                    [
                        -83.4078693,
                        37.284609
                    ],
                    [
                        -83.4075335,
                        37.2841146
                    ],
                    [
                        -83.4069973,
                        37.2836242
                    ],
                    [
                        -83.4057795,
                        37.2829184
                    ],
                    [
                        -83.4059349,
                        37.282751
                    ],
                    [
                        -83.4057795,
                        37.2824399
                    ],
                    [
                        -83.4049577,
                        37.2826593
                    ],
                    [
                        -83.4036898,
                        37.2828307
                    ],
                    [
                        -83.4016902,
                        37.2833092
                    ],
                    [
                        -83.3995754,
                        37.2839751
                    ],
                    [
                        -83.398488,
                        37.2844097
                    ],
                    [
                        -83.3972752,
                        37.2847366
                    ],
                    [
                        -83.3949599,
                        37.2850795
                    ],
                    [
                        -83.3910109,
                        37.2850716
                    ],
                    [
                        -83.3898182,
                        37.2851992
                    ],
                    [
                        -83.388821,
                        37.2854025
                    ],
                    [
                        -83.3881544,
                        37.2856019
                    ],
                    [
                        -83.3876633,
                        37.285877
                    ],
                    [
                        -83.3870369,
                        37.2864232
                    ],
                    [
                        -83.386641,
                        37.2869734
                    ],
                    [
                        -83.3863103,
                        37.2876194
                    ],
                    [
                        -83.3860747,
                        37.2883211
                    ],
                    [
                        -83.3858743,
                        37.2893258
                    ],
                    [
                        -83.3856688,
                        37.2909365
                    ],
                    [
                        -83.3853731,
                        37.2918854
                    ],
                    [
                        -83.3852027,
                        37.2927625
                    ],
                    [
                        -83.3849121,
                        37.2936237
                    ],
                    [
                        -83.3844761,
                        37.2943732
                    ],
                    [
                        -83.3841153,
                        37.2948277
                    ],
                    [
                        -83.3837494,
                        37.2951745
                    ],
                    [
                        -83.3832884,
                        37.295334
                    ],
                    [
                        -83.3827071,
                        37.2953938
                    ],
                    [
                        -83.382231,
                        37.2952343
                    ],
                    [
                        -83.3818,
                        37.295039
                    ],
                    [
                        -83.3810783,
                        37.2945167
                    ],
                    [
                        -83.3808729,
                        37.294441
                    ],
                    [
                        -83.3802665,
                        37.293835
                    ],
                    [
                        -83.3799007,
                        37.2932968
                    ],
                    [
                        -83.3797253,
                        37.2927306
                    ],
                    [
                        -83.3791239,
                        37.2918456
                    ],
                    [
                        -83.378708,
                        37.2913751
                    ],
                    [
                        -83.3775862,
                        37.2906601
                    ],
                    [
                        -83.3764664,
                        37.2897015
                    ],
                    [
                        -83.3763109,
                        37.2892629
                    ],
                    [
                        -83.3762964,
                        37.288867
                    ],
                    [
                        -83.3764452,
                        37.2885005
                    ],
                    [
                        -83.3768917,
                        37.2880494
                    ],
                    [
                        -83.3777421,
                        37.287666
                    ],
                    [
                        -83.3788123,
                        37.2875532
                    ],
                    [
                        -83.3806125,
                        37.2874743
                    ],
                    [
                        -83.3814984,
                        37.2873108
                    ],
                    [
                        -83.3822,
                        37.2868822
                    ],
                    [
                        -83.3825898,
                        37.2861323
                    ],
                    [
                        -83.3828307,
                        37.2853654
                    ],
                    [
                        -83.3827811,
                        37.2844181
                    ],
                    [
                        -83.3826252,
                        37.2841813
                    ],
                    [
                        -83.382363,
                        37.2829633
                    ],
                    [
                        -83.3822212,
                        37.2826249
                    ],
                    [
                        -83.3814204,
                        37.2819934
                    ],
                    [
                        -83.3805983,
                        37.2815253
                    ],
                    [
                        -83.3798825,
                        37.2813223
                    ],
                    [
                        -83.3791808,
                        37.2812829
                    ],
                    [
                        -83.3784438,
                        37.2814802
                    ],
                    [
                        -83.3779618,
                        37.2817001
                    ],
                    [
                        -83.3773878,
                        37.2824276
                    ],
                    [
                        -83.3764664,
                        37.2840516
                    ],
                    [
                        -83.3759066,
                        37.2848128
                    ],
                    [
                        -83.3750632,
                        37.2856305
                    ],
                    [
                        -83.3728449,
                        37.2870458
                    ],
                    [
                        -83.371881,
                        37.2873897
                    ],
                    [
                        -83.3710447,
                        37.2875307
                    ],
                    [
                        -83.3704494,
                        37.2875025
                    ],
                    [
                        -83.369762,
                        37.2873784
                    ],
                    [
                        -83.3682878,
                        37.2872882
                    ],
                    [
                        -83.3666365,
                        37.2866285
                    ],
                    [
                        -83.3661262,
                        37.2862451
                    ],
                    [
                        -83.3657577,
                        37.2855515
                    ],
                    [
                        -83.3656301,
                        37.2846324
                    ],
                    [
                        -83.3658286,
                        37.2831155
                    ],
                    [
                        -83.3661758,
                        37.2821231
                    ],
                    [
                        -83.3676216,
                        37.2808656
                    ],
                    [
                        -83.3682524,
                        37.2800422
                    ],
                    [
                        -83.3688406,
                        37.2788862
                    ],
                    [
                        -83.3690958,
                        37.2778824
                    ],
                    [
                        -83.3691225,
                        37.2763378
                    ],
                    [
                        -83.3692075,
                        37.2759318
                    ],
                    [
                        -83.3702706,
                        37.2743752
                    ],
                    [
                        -83.3707738,
                        37.2733206
                    ],
                    [
                        -83.3710219,
                        37.2729879
                    ],
                    [
                        -83.3712699,
                        37.2722717
                    ],
                    [
                        -83.3717235,
                        37.2717472
                    ],
                    [
                        -83.3725314,
                        37.2711099
                    ]
                ],
                [
                    [
                        -83.3692926,
                        37.2735519
                    ],
                    [
                        -83.3694149,
                        37.273691
                    ],
                    [
                        -83.3692997,
                        37.2739015
                    ],
                    [
                        -83.3689902,
                        37.2739294
                    ],
                    [
                        -83.3690091,
                        37.2737436
                    ],
                    [
                        -83.3692926,
                        37.2735519
                    ]
                ],
                [
                    [
                        -83.3692359,
                        37.2747644
                    ],
                    [
                        -83.3693209,
                        37.2747813
                    ],
                    [
                        -83.3693776,
                        37.2748659
                    ],
                    [
                        -83.3693351,
                        37.2751028
                    ],
                    [
                        -83.3690304,
                        37.2753001
                    ],
                    [
                        -83.3690162,
                        37.2752099
                    ],
                    [
                        -83.3692359,
                        37.2747644
                    ]
                ]
            ]
        }
    }
]