[
    {
        "type": "Feature",
        "id": "relation/2903945",
        "properties": {
            "@id": "relation/2903945",
            "name": "Barren River Lake",
            "natural": "water",
            "type": "multipolygon",
            "water": "reservoir",
            "wikidata": "Q4863379",
            "wikipedia": "en:Barren River Lake",
            "@timestamp": "2017-03-04T05:35:05Z",
            "@version": 4,
            "@changeset": 46564682,
            "@user": "nyuriks",
            "@uid": 339581,
            "@osm3s:version": 0.6,
            "@osm3s:generator": "Overpass API 0.7.62.5 1bd436f1",
            "@osm3s:timestamp_osm_base": "2025-02-16T09:15:00Z",
            "@osm3s:copyright": "The data included in this document is from www.openstreetmap.org. The data is made available under ODbL."
        },
        "geometry": {
            "type": "Polygon",
            "coordinates": [
                [
                    [
                        -86.1242379,
                        36.8960798
                    ],
                    [
                        -86.1253199,
                        36.8927295
                    ],
                    [
                        -86.1259689,
                        36.8907198
                    ],
                    [
                        -86.1270785,
                        36.8896371
                    ],
                    [
                        -86.128055,
                        36.8869747
                    ],
                    [
                        -86.1271508,
                        36.8871628
                    ],
                    [
                        -86.1267513,
                        36.8874113
                    ],
                    [
                        -86.1257748,
                        36.8883876
                    ],
                    [
                        -86.1251978,
                        36.8895058
                    ],
                    [
                        -86.1244211,
                        36.8900737
                    ],
                    [
                        -86.1239329,
                        36.8900027
                    ],
                    [
                        -86.1235778,
                        36.8896832
                    ],
                    [
                        -86.1234669,
                        36.889275
                    ],
                    [
                        -86.1235112,
                        36.8880326
                    ],
                    [
                        -86.1234225,
                        36.8876066
                    ],
                    [
                        -86.1230008,
                        36.8873048
                    ],
                    [
                        -86.1226014,
                        36.8875533
                    ],
                    [
                        -86.1225126,
                        36.8895413
                    ],
                    [
                        -86.1223129,
                        36.8903045
                    ],
                    [
                        -86.121514,
                        36.8897542
                    ],
                    [
                        -86.120826,
                        36.889133
                    ],
                    [
                        -86.1208926,
                        36.8867013
                    ],
                    [
                        -86.1204265,
                        36.8865061
                    ],
                    [
                        -86.1200271,
                        36.8872516
                    ],
                    [
                        -86.1192504,
                        36.8855298
                    ],
                    [
                        -86.1192504,
                        36.8850861
                    ],
                    [
                        -86.1195832,
                        36.8843228
                    ],
                    [
                        -86.1212033,
                        36.8832756
                    ],
                    [
                        -86.1217359,
                        36.8825478
                    ],
                    [
                        -86.1207594,
                        36.882814
                    ],
                    [
                        -86.1190728,
                        36.8838258
                    ],
                    [
                        -86.118629,
                        36.8836483
                    ],
                    [
                        -86.1182517,
                        36.8824058
                    ],
                    [
                        -86.1182961,
                        36.8810922
                    ],
                    [
                        -86.1190284,
                        36.8805064
                    ],
                    [
                        -86.1199827,
                        36.8801336
                    ],
                    [
                        -86.12036,
                        36.8798141
                    ],
                    [
                        -86.1198939,
                        36.8796011
                    ],
                    [
                        -86.1196054,
                        36.8792106
                    ],
                    [
                        -86.1189619,
                        36.8789975
                    ],
                    [
                        -86.1188953,
                        36.8797964
                    ],
                    [
                        -86.1185624,
                        36.8800804
                    ],
                    [
                        -86.1176525,
                        36.8804354
                    ],
                    [
                        -86.1173418,
                        36.8800981
                    ],
                    [
                        -86.1167648,
                        36.8789443
                    ],
                    [
                        -86.1162726,
                        36.8771404
                    ],
                    [
                        -86.1162948,
                        36.8762883
                    ],
                    [
                        -86.1165611,
                        36.8750456
                    ],
                    [
                        -86.1168274,
                        36.8746906
                    ],
                    [
                        -86.1178039,
                        36.8747083
                    ],
                    [
                        -86.1183143,
                        36.8748148
                    ],
                    [
                        -86.1180702,
                        36.8744598
                    ],
                    [
                        -86.1176263,
                        36.8742645
                    ],
                    [
                        -86.1160951,
                        36.8741758
                    ],
                    [
                        -86.1157844,
                        36.8738562
                    ],
                    [
                        -86.1149411,
                        36.8724715
                    ],
                    [
                        -86.1147191,
                        36.8716548
                    ],
                    [
                        -86.1142531,
                        36.8718856
                    ],
                    [
                        -86.1138758,
                        36.8716193
                    ],
                    [
                        -86.1123668,
                        36.869844
                    ],
                    [
                        -86.1075955,
                        36.8652989
                    ],
                    [
                        -86.1063971,
                        36.8645177
                    ],
                    [
                        -86.1054206,
                        36.8641803
                    ],
                    [
                        -86.1023359,
                        36.8637542
                    ],
                    [
                        -86.1002499,
                        36.863772
                    ],
                    [
                        -86.0997395,
                        36.8638785
                    ],
                    [
                        -86.0963663,
                        36.8651036
                    ],
                    [
                        -86.095412,
                        36.865796
                    ],
                    [
                        -86.0932372,
                        36.8681929
                    ],
                    [
                        -86.0920388,
                        36.8704121
                    ],
                    [
                        -86.0915728,
                        36.8727733
                    ],
                    [
                        -86.0915728,
                        36.8735722
                    ],
                    [
                        -86.0918834,
                        36.8751877
                    ],
                    [
                        -86.092638,
                        36.8766788
                    ],
                    [
                        -86.0930818,
                        36.8779392
                    ],
                    [
                        -86.0930818,
                        36.8783298
                    ],
                    [
                        -86.0924826,
                        36.8789511
                    ],
                    [
                        -86.0923717,
                        36.8797321
                    ],
                    [
                        -86.0928821,
                        36.880886
                    ],
                    [
                        -86.0939251,
                        36.8817558
                    ],
                    [
                        -86.0936144,
                        36.8833001
                    ],
                    [
                        -86.0945687,
                        36.8831581
                    ],
                    [
                        -86.0950347,
                        36.8833179
                    ],
                    [
                        -86.0952345,
                        36.8836906
                    ],
                    [
                        -86.0953454,
                        36.8844539
                    ],
                    [
                        -86.0960556,
                        36.8849686
                    ],
                    [
                        -86.0966104,
                        36.8856431
                    ],
                    [
                        -86.0966769,
                        36.8860336
                    ],
                    [
                        -86.0962331,
                        36.8871696
                    ],
                    [
                        -86.0962997,
                        36.8875779
                    ],
                    [
                        -86.0971874,
                        36.8871874
                    ],
                    [
                        -86.0976978,
                        36.8871519
                    ],
                    [
                        -86.0985855,
                        36.8881104
                    ],
                    [
                        -86.0984301,
                        36.8885008
                    ],
                    [
                        -86.0972983,
                        36.8892996
                    ],
                    [
                        -86.0973649,
                        36.8896723
                    ],
                    [
                        -86.09934,
                        36.8891931
                    ],
                    [
                        -86.0994382,
                        36.8893797
                    ],
                    [
                        -86.0991715,
                        36.8901704
                    ],
                    [
                        -86.0987321,
                        36.8906473
                    ],
                    [
                        -86.0971315,
                        36.891325
                    ],
                    [
                        -86.0957035,
                        36.891325
                    ],
                    [
                        -86.0954367,
                        36.8910991
                    ],
                    [
                        -86.0952977,
                        36.8907207
                    ],
                    [
                        -86.0952072,
                        36.8907255
                    ],
                    [
                        -86.095098,
                        36.8908288
                    ],
                    [
                        -86.0949375,
                        36.8907279
                    ],
                    [
                        -86.0946157,
                        36.89016
                    ],
                    [
                        -86.0943383,
                        36.8887312
                    ],
                    [
                        -86.094305,
                        36.8878526
                    ],
                    [
                        -86.0938834,
                        36.8865746
                    ],
                    [
                        -86.0935949,
                        36.8861752
                    ],
                    [
                        -86.0930512,
                        36.8856782
                    ],
                    [
                        -86.0917751,
                        36.8848972
                    ],
                    [
                        -86.0912647,
                        36.8847197
                    ],
                    [
                        -86.0905213,
                        36.88456
                    ],
                    [
                        -86.0892341,
                        36.8845422
                    ],
                    [
                        -86.0878915,
                        36.8839919
                    ],
                    [
                        -86.0876363,
                        36.8839387
                    ],
                    [
                        -86.0863491,
                        36.8840984
                    ],
                    [
                        -86.0855724,
                        36.8843558
                    ],
                    [
                        -86.0850509,
                        36.8844712
                    ],
                    [
                        -86.0845849,
                        36.8846842
                    ],
                    [
                        -86.0836195,
                        36.8856693
                    ],
                    [
                        -86.0833643,
                        36.885767
                    ],
                    [
                        -86.0832533,
                        36.8855806
                    ],
                    [
                        -86.0832866,
                        36.8851635
                    ],
                    [
                        -86.0837638,
                        36.8844446
                    ],
                    [
                        -86.0839302,
                        36.8840541
                    ],
                    [
                        -86.0838969,
                        36.8838411
                    ],
                    [
                        -86.0836639,
                        36.8839298
                    ],
                    [
                        -86.0834642,
                        36.8840984
                    ],
                    [
                        -86.0832089,
                        36.8840984
                    ],
                    [
                        -86.0830203,
                        36.8837079
                    ],
                    [
                        -86.0826874,
                        36.882208
                    ],
                    [
                        -86.0826652,
                        36.8817465
                    ],
                    [
                        -86.082754,
                        36.8813116
                    ],
                    [
                        -86.0824655,
                        36.8809743
                    ],
                    [
                        -86.0819218,
                        36.8807435
                    ],
                    [
                        -86.0817443,
                        36.880566
                    ],
                    [
                        -86.0813892,
                        36.879998
                    ],
                    [
                        -86.0809454,
                        36.8794654
                    ],
                    [
                        -86.080213,
                        36.8788885
                    ],
                    [
                        -86.0801464,
                        36.8786844
                    ],
                    [
                        -86.0801908,
                        36.8784714
                    ],
                    [
                        -86.0805126,
                        36.8780897
                    ],
                    [
                        -86.0805237,
                        36.8778856
                    ],
                    [
                        -86.0802796,
                        36.8778234
                    ],
                    [
                        -86.0791811,
                        36.8779122
                    ],
                    [
                        -86.0786707,
                        36.8778678
                    ],
                    [
                        -86.0787483,
                        36.8774151
                    ],
                    [
                        -86.0794363,
                        36.8771932
                    ],
                    [
                        -86.080446,
                        36.8771488
                    ],
                    [
                        -86.0809454,
                        36.8766252
                    ],
                    [
                        -86.0818219,
                        36.8761281
                    ],
                    [
                        -86.0825765,
                        36.8759417
                    ],
                    [
                        -86.0833976,
                        36.8759683
                    ],
                    [
                        -86.0839524,
                        36.8761103
                    ],
                    [
                        -86.0839857,
                        36.8754979
                    ],
                    [
                        -86.0841077,
                        36.8753115
                    ],
                    [
                        -86.0847069,
                        36.8748854
                    ],
                    [
                        -86.0851175,
                        36.8743173
                    ],
                    [
                        -86.0855613,
                        36.8719828
                    ],
                    [
                        -86.0855613,
                        36.8717254
                    ],
                    [
                        -86.0854614,
                        36.8715035
                    ],
                    [
                        -86.0853616,
                        36.8719118
                    ],
                    [
                        -86.0846847,
                        36.8733054
                    ],
                    [
                        -86.0845738,
                        36.8738824
                    ],
                    [
                        -86.0842742,
                        36.8742375
                    ],
                    [
                        -86.0840744,
                        36.8743529
                    ],
                    [
                        -86.0832977,
                        36.8745925
                    ],
                    [
                        -86.0829315,
                        36.8743173
                    ],
                    [
                        -86.0825543,
                        36.8737315
                    ],
                    [
                        -86.0823324,
                        36.8735984
                    ],
                    [
                        -86.0825765,
                        36.8743706
                    ],
                    [
                        -86.0825543,
                        36.87477
                    ],
                    [
                        -86.0823324,
                        36.8748766
                    ],
                    [
                        -86.0806569,
                        36.8754091
                    ],
                    [
                        -86.079636,
                        36.8752937
                    ],
                    [
                        -86.0793808,
                        36.8752227
                    ],
                    [
                        -86.0791478,
                        36.8750896
                    ],
                    [
                        -86.0790812,
                        36.8748854
                    ],
                    [
                        -86.0791811,
                        36.8747079
                    ],
                    [
                        -86.0795805,
                        36.8744682
                    ],
                    [
                        -86.0795694,
                        36.8742552
                    ],
                    [
                        -86.0793253,
                        36.8741753
                    ],
                    [
                        -86.0786041,
                        36.8744505
                    ],
                    [
                        -86.0783489,
                        36.8744416
                    ],
                    [
                        -86.0781048,
                        36.8740866
                    ],
                    [
                        -86.0778939,
                        36.8739445
                    ],
                    [
                        -86.0776387,
                        36.8739889
                    ],
                    [
                        -86.0774279,
                        36.8741132
                    ],
                    [
                        -86.0768509,
                        36.8746191
                    ],
                    [
                        -86.0768065,
                        36.874415
                    ],
                    [
                        -86.0768176,
                        36.8742108
                    ],
                    [
                        -86.0775721,
                        36.8733587
                    ],
                    [
                        -86.0779716,
                        36.873119
                    ],
                    [
                        -86.0779272,
                        36.8729237
                    ],
                    [
                        -86.0777719,
                        36.8727551
                    ],
                    [
                        -86.0775611,
                        36.8723645
                    ],
                    [
                        -86.0774834,
                        36.8719473
                    ],
                    [
                        -86.0775278,
                        36.8715301
                    ],
                    [
                        -86.0777608,
                        36.8711307
                    ],
                    [
                        -86.0781602,
                        36.8708821
                    ],
                    [
                        -86.0786596,
                        36.8707934
                    ],
                    [
                        -86.0788704,
                        36.8706868
                    ],
                    [
                        -86.0790479,
                        36.8702696
                    ],
                    [
                        -86.0794141,
                        36.8698613
                    ],
                    [
                        -86.080324,
                        36.8693731
                    ],
                    [
                        -86.0806569,
                        36.8690801
                    ],
                    [
                        -86.0806347,
                        36.868876
                    ],
                    [
                        -86.0796027,
                        36.8691955
                    ],
                    [
                        -86.0781491,
                        36.8700832
                    ],
                    [
                        -86.0779161,
                        36.8700033
                    ],
                    [
                        -86.0776942,
                        36.8696394
                    ],
                    [
                        -86.0777497,
                        36.869231
                    ],
                    [
                        -86.0778828,
                        36.8690624
                    ],
                    [
                        -86.0782268,
                        36.8687872
                    ],
                    [
                        -86.0786707,
                        36.8686008
                    ],
                    [
                        -86.0789481,
                        36.8682723
                    ],
                    [
                        -86.0797026,
                        36.866852
                    ],
                    [
                        -86.0796471,
                        36.8666478
                    ],
                    [
                        -86.079403,
                        36.8667632
                    ],
                    [
                        -86.0783933,
                        36.8678107
                    ],
                    [
                        -86.0781491,
                        36.867864
                    ],
                    [
                        -86.0781491,
                        36.8676598
                    ],
                    [
                        -86.0782601,
                        36.8670295
                    ],
                    [
                        -86.0792809,
                        36.8647214
                    ],
                    [
                        -86.0797026,
                        36.8623866
                    ],
                    [
                        -86.0798801,
                        36.8617208
                    ],
                    [
                        -86.0802574,
                        36.8612414
                    ],
                    [
                        -86.0809897,
                        36.8612769
                    ],
                    [
                        -86.0812228,
                        36.861339
                    ],
                    [
                        -86.0816444,
                        36.8615965
                    ],
                    [
                        -86.0813004,
                        36.8610106
                    ],
                    [
                        -86.0811007,
                        36.8604157
                    ],
                    [
                        -86.0812893,
                        36.8602914
                    ],
                    [
                        -86.0815223,
                        36.8602559
                    ],
                    [
                        -86.0816666,
                        36.8600873
                    ],
                    [
                        -86.081833,
                        36.8597144
                    ],
                    [
                        -86.0820439,
                        36.8596078
                    ],
                    [
                        -86.0825543,
                        36.8596167
                    ],
                    [
                        -86.0827762,
                        36.8597144
                    ],
                    [
                        -86.0836861,
                        36.8604335
                    ],
                    [
                        -86.0841521,
                        36.8609307
                    ],
                    [
                        -86.084252,
                        36.8611171
                    ],
                    [
                        -86.0840744,
                        36.8603092
                    ],
                    [
                        -86.083442,
                        36.8594125
                    ],
                    [
                        -86.0833976,
                        36.8592172
                    ],
                    [
                        -86.0834753,
                        36.8590219
                    ],
                    [
                        -86.0839635,
                        36.8590396
                    ],
                    [
                        -86.0846847,
                        36.8592705
                    ],
                    [
                        -86.0843851,
                        36.8587023
                    ],
                    [
                        -86.0844295,
                        36.8584981
                    ],
                    [
                        -86.0857389,
                        36.8578411
                    ],
                    [
                        -86.0868041,
                        36.8572018
                    ],
                    [
                        -86.087603,
                        36.8566159
                    ],
                    [
                        -86.0880801,
                        36.8560654
                    ],
                    [
                        -86.0875697,
                        36.856243
                    ],
                    [
                        -86.0867042,
                        36.8567313
                    ],
                    [
                        -86.0847846,
                        36.857486
                    ],
                    [
                        -86.0840633,
                        36.8576902
                    ],
                    [
                        -86.0837859,
                        36.8576902
                    ],
                    [
                        -86.0834531,
                        36.8571486
                    ],
                    [
                        -86.0835307,
                        36.8565449
                    ],
                    [
                        -86.08322,
                        36.8568556
                    ],
                    [
                        -86.0829759,
                        36.8572196
                    ],
                    [
                        -86.0828317,
                        36.8580187
                    ],
                    [
                        -86.0816222,
                        36.8584359
                    ],
                    [
                        -86.0813559,
                        36.8584714
                    ],
                    [
                        -86.0811562,
                        36.8583205
                    ],
                    [
                        -86.080901,
                        36.8579565
                    ],
                    [
                        -86.0806458,
                        36.8579476
                    ],
                    [
                        -86.0804571,
                        36.8583116
                    ],
                    [
                        -86.0804016,
                        36.85872
                    ],
                    [
                        -86.0803018,
                        36.8589065
                    ],
                    [
                        -86.0800466,
                        36.8589242
                    ],
                    [
                        -86.0798025,
                        36.8588266
                    ],
                    [
                        -86.0796249,
                        36.8586579
                    ],
                    [
                        -86.0793475,
                        36.8586756
                    ],
                    [
                        -86.0796222,
                        36.8592499
                    ],
                    [
                        -86.0794025,
                        36.859501
                    ],
                    [
                        -86.0790573,
                        36.859614
                    ],
                    [
                        -86.0787592,
                        36.8590616
                    ],
                    [
                        -86.0785395,
                        36.8582078
                    ],
                    [
                        -86.078461,
                        36.8550563
                    ],
                    [
                        -86.0785552,
                        36.85478
                    ],
                    [
                        -86.0787121,
                        36.8544912
                    ],
                    [
                        -86.0789318,
                        36.8542652
                    ],
                    [
                        -86.079277,
                        36.8542778
                    ],
                    [
                        -86.0795438,
                        36.854102
                    ],
                    [
                        -86.0796222,
                        36.8538132
                    ],
                    [
                        -86.0800773,
                        36.8529845
                    ],
                    [
                        -86.0805638,
                        36.8525575
                    ],
                    [
                        -86.0811444,
                        36.8522185
                    ],
                    [
                        -86.0814896,
                        36.8521557
                    ],
                    [
                        -86.0829333,
                        36.8516911
                    ],
                    [
                        -86.0835139,
                        36.8513395
                    ],
                    [
                        -86.0846751,
                        36.8501843
                    ],
                    [
                        -86.0853185,
                        36.849456
                    ],
                    [
                        -86.085444,
                        36.8491797
                    ],
                    [
                        -86.0858363,
                        36.8486649
                    ],
                    [
                        -86.0856794,
                        36.8482756
                    ],
                    [
                        -86.0871702,
                        36.8477859
                    ],
                    [
                        -86.087892,
                        36.847698
                    ],
                    [
                        -86.0889591,
                        36.847472
                    ],
                    [
                        -86.0893043,
                        36.8473715
                    ],
                    [
                        -86.0894926,
                        36.8471078
                    ],
                    [
                        -86.0888336,
                        36.8468692
                    ],
                    [
                        -86.0859462,
                        36.8469697
                    ],
                    [
                        -86.085601,
                        36.8469069
                    ],
                    [
                        -86.0853028,
                        36.8467436
                    ],
                    [
                        -86.0850517,
                        36.8465301
                    ],
                    [
                        -86.0848163,
                        36.8456762
                    ],
                    [
                        -86.084581,
                        36.844433
                    ],
                    [
                        -86.0845496,
                        36.8432023
                    ],
                    [
                        -86.084173,
                        36.8426749
                    ],
                    [
                        -86.0838434,
                        36.842813
                    ],
                    [
                        -86.0836865,
                        36.8431018
                    ],
                    [
                        -86.0836237,
                        36.8433781
                    ],
                    [
                        -86.0836237,
                        36.8448348
                    ],
                    [
                        -86.0838748,
                        36.8465427
                    ],
                    [
                        -86.084377,
                        36.8472836
                    ],
                    [
                        -86.0845967,
                        36.8478487
                    ],
                    [
                        -86.0845967,
                        36.8481626
                    ],
                    [
                        -86.0841887,
                        36.848916
                    ],
                    [
                        -86.0837493,
                        36.8493807
                    ],
                    [
                        -86.0823213,
                        36.8502597
                    ],
                    [
                        -86.0804068,
                        36.8509001
                    ],
                    [
                        -86.0800145,
                        36.8509503
                    ],
                    [
                        -86.0785238,
                        36.8513772
                    ],
                    [
                        -86.0779432,
                        36.8517288
                    ],
                    [
                        -86.0772527,
                        36.8519548
                    ],
                    [
                        -86.0770801,
                        36.8510507
                    ],
                    [
                        -86.0756207,
                        36.8493807
                    ],
                    [
                        -86.0752441,
                        36.8488407
                    ],
                    [
                        -86.0751029,
                        36.8485644
                    ],
                    [
                        -86.0748361,
                        36.8473338
                    ],
                    [
                        -86.0741613,
                        36.8461911
                    ],
                    [
                        -86.0730001,
                        36.8449227
                    ],
                    [
                        -86.0725764,
                        36.8443074
                    ],
                    [
                        -86.0718833,
                        36.8435117
                    ],
                    [
                        -86.0706837,
                        36.8442628
                    ],
                    [
                        -86.0708646,
                        36.8442819
                    ],
                    [
                        -86.0710388,
                        36.8444554
                    ],
                    [
                        -86.0710374,
                        36.8445981
                    ],
                    [
                        -86.0708032,
                        36.84486
                    ],
                    [
                        -86.0700971,
                        36.845513
                    ],
                    [
                        -86.068418,
                        36.846618
                    ],
                    [
                        -86.0681983,
                        36.8468315
                    ],
                    [
                        -86.0681355,
                        36.8470952
                    ],
                    [
                        -86.0681512,
                        36.847384
                    ],
                    [
                        -86.0682925,
                        36.8476478
                    ],
                    [
                        -86.0703011,
                        36.8497825
                    ],
                    [
                        -86.0706463,
                        36.8506489
                    ],
                    [
                        -86.0708503,
                        36.8508749
                    ],
                    [
                        -86.0715094,
                        36.8519297
                    ],
                    [
                        -86.072137,
                        36.8526957
                    ],
                    [
                        -86.0724352,
                        36.853537
                    ],
                    [
                        -86.072498,
                        36.8540894
                    ],
                    [
                        -86.0715654,
                        36.8550437
                    ],
                    [
                        -86.0688221,
                        36.8550933
                    ],
                    [
                        -86.0679406,
                        36.8551147
                    ],
                    [
                        -86.0689022,
                        36.8556276
                    ],
                    [
                        -86.0711978,
                        36.8567965
                    ],
                    [
                        -86.0714793,
                        36.8585286
                    ],
                    [
                        -86.0711192,
                        36.8588762
                    ],
                    [
                        -86.0704782,
                        36.8594746
                    ],
                    [
                        -86.0707186,
                        36.8597951
                    ],
                    [
                        -86.0716267,
                        36.8602653
                    ],
                    [
                        -86.0721932,
                        36.8624523
                    ],
                    [
                        -86.0710702,
                        36.863013
                    ],
                    [
                        -86.0711257,
                        36.8634797
                    ],
                    [
                        -86.0715266,
                        36.8637836
                    ],
                    [
                        -86.0715899,
                        36.8649147
                    ],
                    [
                        -86.0712491,
                        36.8652889
                    ],
                    [
                        -86.0717336,
                        36.8654156
                    ],
                    [
                        -86.0719174,
                        36.866695
                    ],
                    [
                        -86.0712795,
                        36.869369
                    ],
                    [
                        -86.0709086,
                        36.8710156
                    ],
                    [
                        -86.0707775,
                        36.8715484
                    ],
                    [
                        -86.0706345,
                        36.871593
                    ],
                    [
                        -86.0705864,
                        36.8716492
                    ],
                    [
                        -86.0706433,
                        36.8717286
                    ],
                    [
                        -86.0705307,
                        36.8719223
                    ],
                    [
                        -86.0703942,
                        36.8719854
                    ],
                    [
                        -86.0702671,
                        36.871962
                    ],
                    [
                        -86.0701299,
                        36.8718914
                    ],
                    [
                        -86.070108,
                        36.8718169
                    ],
                    [
                        -86.0701092,
                        36.8717463
                    ],
                    [
                        -86.0700608,
                        36.871709
                    ],
                    [
                        -86.0699777,
                        36.8717139
                    ],
                    [
                        -86.0696788,
                        36.8719739
                    ],
                    [
                        -86.0697308,
                        36.8722218
                    ],
                    [
                        -86.069674,
                        36.8722852
                    ],
                    [
                        -86.0696744,
                        36.8724161
                    ],
                    [
                        -86.0696721,
                        36.8725311
                    ],
                    [
                        -86.0697371,
                        36.8727617
                    ],
                    [
                        -86.0698132,
                        36.8729065
                    ],
                    [
                        -86.0698878,
                        36.8729596
                    ],
                    [
                        -86.0701122,
                        36.873271
                    ],
                    [
                        -86.0703979,
                        36.8736372
                    ],
                    [
                        -86.0704652,
                        36.8738063
                    ],
                    [
                        -86.0704672,
                        36.8739909
                    ],
                    [
                        -86.0703985,
                        36.8741756
                    ],
                    [
                        -86.0703045,
                        36.8743552
                    ],
                    [
                        -86.0702782,
                        36.8743658
                    ],
                    [
                        -86.0702465,
                        36.8743677
                    ],
                    [
                        -86.0702222,
                        36.874346
                    ],
                    [
                        -86.0702196,
                        36.8743155
                    ],
                    [
                        -86.0703088,
                        36.874124
                    ],
                    [
                        -86.0703615,
                        36.8739383
                    ],
                    [
                        -86.0703458,
                        36.8738378
                    ],
                    [
                        -86.0703128,
                        36.8737374
                    ],
                    [
                        -86.0702398,
                        36.8736457
                    ],
                    [
                        -86.0699885,
                        36.8735592
                    ],
                    [
                        -86.0698816,
                        36.8735036
                    ],
                    [
                        -86.0697752,
                        36.8734277
                    ],
                    [
                        -86.0691354,
                        36.8726073
                    ],
                    [
                        -86.0689491,
                        36.8721047
                    ],
                    [
                        -86.0688802,
                        36.8715793
                    ],
                    [
                        -86.0684007,
                        36.8708337
                    ],
                    [
                        -86.0680927,
                        36.8703825
                    ],
                    [
                        -86.0674731,
                        36.8686006
                    ],
                    [
                        -86.0671157,
                        36.8675725
                    ],
                    [
                        -86.0668263,
                        36.867341
                    ],
                    [
                        -86.0665065,
                        36.8675285
                    ],
                    [
                        -86.0668348,
                        36.8690432
                    ],
                    [
                        -86.066876,
                        36.8698757
                    ],
                    [
                        -86.0668985,
                        36.8700181
                    ],
                    [
                        -86.0669571,
                        36.8703891
                    ],
                    [
                        -86.0669943,
                        36.8706248
                    ],
                    [
                        -86.0669154,
                        36.8707859
                    ],
                    [
                        -86.0667069,
                        36.8708195
                    ],
                    [
                        -86.0664015,
                        36.87082
                    ],
                    [
                        -86.066869,
                        36.8711477
                    ],
                    [
                        -86.0673286,
                        36.8713197
                    ],
                    [
                        -86.0674289,
                        36.8714691
                    ],
                    [
                        -86.0674805,
                        36.8717007
                    ],
                    [
                        -86.0674906,
                        36.8717297
                    ],
                    [
                        -86.067451,
                        36.8719736
                    ],
                    [
                        -86.0674009,
                        36.8722045
                    ],
                    [
                        -86.0672987,
                        36.8723319
                    ],
                    [
                        -86.0671625,
                        36.8723283
                    ],
                    [
                        -86.0669364,
                        36.8723358
                    ],
                    [
                        -86.0667461,
                        36.8723759
                    ],
                    [
                        -86.0667362,
                        36.8724699
                    ],
                    [
                        -86.0667936,
                        36.8726773
                    ],
                    [
                        -86.0668974,
                        36.8728707
                    ],
                    [
                        -86.0670516,
                        36.87293
                    ],
                    [
                        -86.0673247,
                        36.8729797
                    ],
                    [
                        -86.0675836,
                        36.8730703
                    ],
                    [
                        -86.0677258,
                        36.8733413
                    ],
                    [
                        -86.0677337,
                        36.8734508
                    ],
                    [
                        -86.0677723,
                        36.873539
                    ],
                    [
                        -86.0678475,
                        36.8735977
                    ],
                    [
                        -86.0680124,
                        36.8737205
                    ],
                    [
                        -86.0680675,
                        36.8738693
                    ],
                    [
                        -86.0679599,
                        36.8740222
                    ],
                    [
                        -86.0676701,
                        36.8741312
                    ],
                    [
                        -86.0673267,
                        36.874426
                    ],
                    [
                        -86.067037,
                        36.874738
                    ],
                    [
                        -86.0670458,
                        36.8749058
                    ],
                    [
                        -86.0671398,
                        36.8749495
                    ],
                    [
                        -86.0672752,
                        36.8749516
                    ],
                    [
                        -86.0674077,
                        36.8749483
                    ],
                    [
                        -86.0675054,
                        36.8749224
                    ],
                    [
                        -86.0676527,
                        36.8748469
                    ],
                    [
                        -86.0676728,
                        36.874823
                    ],
                    [
                        -86.0678566,
                        36.874794
                    ],
                    [
                        -86.0680278,
                        36.8747773
                    ],
                    [
                        -86.068214,
                        36.8748138
                    ],
                    [
                        -86.0683829,
                        36.8748553
                    ],
                    [
                        -86.0685654,
                        36.8750853
                    ],
                    [
                        -86.068627,
                        36.8751006
                    ],
                    [
                        -86.0686773,
                        36.8751705
                    ],
                    [
                        -86.0686718,
                        36.8752159
                    ],
                    [
                        -86.0686354,
                        36.87525
                    ],
                    [
                        -86.068508,
                        36.8752773
                    ],
                    [
                        -86.0677181,
                        36.8756821
                    ],
                    [
                        -86.0671819,
                        36.876078
                    ],
                    [
                        -86.0669776,
                        36.8761978
                    ],
                    [
                        -86.0667574,
                        36.8762539
                    ],
                    [
                        -86.0666162,
                        36.876169
                    ],
                    [
                        -86.0665515,
                        36.8760939
                    ],
                    [
                        -86.0665644,
                        36.876019
                    ],
                    [
                        -86.0665026,
                        36.8759158
                    ],
                    [
                        -86.0665159,
                        36.8749977
                    ],
                    [
                        -86.0662751,
                        36.8743896
                    ],
                    [
                        -86.0661921,
                        36.8743234
                    ],
                    [
                        -86.066016,
                        36.8740738
                    ],
                    [
                        -86.0657812,
                        36.8735849
                    ],
                    [
                        -86.0655922,
                        36.8732168
                    ],
                    [
                        -86.0651506,
                        36.8725718
                    ],
                    [
                        -86.0645454,
                        36.8720322
                    ],
                    [
                        -86.0638425,
                        36.8713972
                    ],
                    [
                        -86.0631666,
                        36.8709428
                    ],
                    [
                        -86.0626276,
                        36.8704486
                    ],
                    [
                        -86.0623921,
                        36.8701462
                    ],
                    [
                        -86.0624772,
                        36.8698738
                    ],
                    [
                        -86.0625964,
                        36.8697377
                    ],
                    [
                        -86.0621368,
                        36.8696083
                    ],
                    [
                        -86.0619214,
                        36.8694318
                    ],
                    [
                        -86.0616717,
                        36.8691503
                    ],
                    [
                        -86.0611025,
                        36.8690043
                    ],
                    [
                        -86.060724,
                        36.8691181
                    ],
                    [
                        -86.0604857,
                        36.8690636
                    ],
                    [
                        -86.060341,
                        36.868941
                    ],
                    [
                        -86.0596304,
                        36.8690928
                    ],
                    [
                        -86.0573236,
                        36.869256
                    ],
                    [
                        -86.0569313,
                        36.8691179
                    ],
                    [
                        -86.0566175,
                        36.8689296
                    ],
                    [
                        -86.0563978,
                        36.8687036
                    ],
                    [
                        -86.0561153,
                        36.8681513
                    ],
                    [
                        -86.0561467,
                        36.867511
                    ],
                    [
                        -86.0563036,
                        36.8672348
                    ],
                    [
                        -86.0570236,
                        36.8666171
                    ],
                    [
                        -86.0575484,
                        36.8662949
                    ],
                    [
                        -86.0574901,
                        36.8662764
                    ],
                    [
                        -86.0565115,
                        36.8665796
                    ],
                    [
                        -86.0563385,
                        36.8664315
                    ],
                    [
                        -86.0558923,
                        36.8655873
                    ],
                    [
                        -86.0557776,
                        36.8654332
                    ],
                    [
                        -86.0556896,
                        36.8654257
                    ],
                    [
                        -86.0559308,
                        36.8665932
                    ],
                    [
                        -86.0559171,
                        36.8668838
                    ],
                    [
                        -86.0558319,
                        36.8671852
                    ],
                    [
                        -86.0555321,
                        36.8680131
                    ],
                    [
                        -86.0555385,
                        36.8683828
                    ],
                    [
                        -86.0554521,
                        36.8685741
                    ],
                    [
                        -86.0553605,
                        36.8686233
                    ],
                    [
                        -86.0550109,
                        36.8685522
                    ],
                    [
                        -86.0548633,
                        36.868465
                    ],
                    [
                        -86.0539027,
                        36.8680885
                    ],
                    [
                        -86.053625,
                        36.8678522
                    ],
                    [
                        -86.0533414,
                        36.8676962
                    ],
                    [
                        -86.0533932,
                        36.8671278
                    ],
                    [
                        -86.0533652,
                        36.8669072
                    ],
                    [
                        -86.0532586,
                        36.8668956
                    ],
                    [
                        -86.0532696,
                        36.8670134
                    ],
                    [
                        -86.0532292,
                        36.8671229
                    ],
                    [
                        -86.052994,
                        36.8674701
                    ],
                    [
                        -86.0527173,
                        36.8676573
                    ],
                    [
                        -86.052339,
                        36.8677681
                    ],
                    [
                        -86.05184,
                        36.8678193
                    ],
                    [
                        -86.0507558,
                        36.8677328
                    ],
                    [
                        -86.0500199,
                        36.8676136
                    ],
                    [
                        -86.0493737,
                        36.8674893
                    ],
                    [
                        -86.0489311,
                        36.8673573
                    ],
                    [
                        -86.0486752,
                        36.8672876
                    ],
                    [
                        -86.0485794,
                        36.8671596
                    ],
                    [
                        -86.0485655,
                        36.8666532
                    ],
                    [
                        -86.0487618,
                        36.8661015
                    ],
                    [
                        -86.0488888,
                        36.8659714
                    ],
                    [
                        -86.0490202,
                        36.8659414
                    ],
                    [
                        -86.0492295,
                        36.8659135
                    ],
                    [
                        -86.0493736,
                        36.8658788
                    ],
                    [
                        -86.0489988,
                        36.8656704
                    ],
                    [
                        -86.0489714,
                        36.8654379
                    ],
                    [
                        -86.0490796,
                        36.865201
                    ],
                    [
                        -86.0493407,
                        36.8648321
                    ],
                    [
                        -86.0498521,
                        36.8642194
                    ],
                    [
                        -86.0498436,
                        36.8641106
                    ],
                    [
                        -86.0497525,
                        36.8640126
                    ],
                    [
                        -86.0495349,
                        36.8639905
                    ],
                    [
                        -86.0492819,
                        36.8640088
                    ],
                    [
                        -86.0490381,
                        36.8641464
                    ],
                    [
                        -86.0485012,
                        36.8649408
                    ],
                    [
                        -86.0482221,
                        36.8654772
                    ],
                    [
                        -86.0479397,
                        36.8660422
                    ],
                    [
                        -86.0478784,
                        36.8662459
                    ],
                    [
                        -86.0478477,
                        36.866426
                    ],
                    [
                        -86.0476124,
                        36.8665454
                    ],
                    [
                        -86.0477315,
                        36.866831
                    ],
                    [
                        -86.04767,
                        36.8673557
                    ],
                    [
                        -86.0475314,
                        36.8675609
                    ],
                    [
                        -86.0473361,
                        36.8676216
                    ],
                    [
                        -86.0469786,
                        36.8676845
                    ],
                    [
                        -86.0468341,
                        36.8678554
                    ],
                    [
                        -86.0469844,
                        36.8679612
                    ],
                    [
                        -86.0471763,
                        36.8679617
                    ],
                    [
                        -86.047273,
                        36.8679875
                    ],
                    [
                        -86.0472727,
                        36.8680484
                    ],
                    [
                        -86.046729,
                        36.8684687
                    ],
                    [
                        -86.0466132,
                        36.8686444
                    ],
                    [
                        -86.0462164,
                        36.8689324
                    ],
                    [
                        -86.0461582,
                        36.8691571
                    ],
                    [
                        -86.0458922,
                        36.8696164
                    ],
                    [
                        -86.0457397,
                        36.8704122
                    ],
                    [
                        -86.0455586,
                        36.8710343
                    ],
                    [
                        -86.0455029,
                        36.8715684
                    ],
                    [
                        -86.0454261,
                        36.8718012
                    ],
                    [
                        -86.0454488,
                        36.8719909
                    ],
                    [
                        -86.0455082,
                        36.87221
                    ],
                    [
                        -86.0454578,
                        36.8739332
                    ],
                    [
                        -86.0453172,
                        36.8742011
                    ],
                    [
                        -86.0451384,
                        36.874476
                    ],
                    [
                        -86.0448586,
                        36.8745096
                    ],
                    [
                        -86.0448808,
                        36.8748095
                    ],
                    [
                        -86.0450725,
                        36.8750179
                    ],
                    [
                        -86.0452943,
                        36.8752711
                    ],
                    [
                        -86.0453861,
                        36.8760445
                    ],
                    [
                        -86.0454262,
                        36.8763317
                    ],
                    [
                        -86.0453239,
                        36.8763288
                    ],
                    [
                        -86.0452206,
                        36.8762632
                    ],
                    [
                        -86.0450269,
                        36.8762242
                    ],
                    [
                        -86.0449111,
                        36.8761603
                    ],
                    [
                        -86.0441219,
                        36.8754829
                    ],
                    [
                        -86.0437785,
                        36.8750968
                    ],
                    [
                        -86.0436739,
                        36.8748723
                    ],
                    [
                        -86.04353,
                        36.8746634
                    ],
                    [
                        -86.043428,
                        36.8743496
                    ],
                    [
                        -86.043352,
                        36.8741106
                    ],
                    [
                        -86.0434552,
                        36.8740074
                    ],
                    [
                        -86.0435137,
                        36.8739733
                    ],
                    [
                        -86.0435267,
                        36.8739476
                    ],
                    [
                        -86.0435187,
                        36.8739203
                    ],
                    [
                        -86.043434,
                        36.8739019
                    ],
                    [
                        -86.043357,
                        36.8738758
                    ],
                    [
                        -86.0432731,
                        36.8737406
                    ],
                    [
                        -86.0432653,
                        36.8734987
                    ],
                    [
                        -86.0434309,
                        36.8732164
                    ],
                    [
                        -86.0433454,
                        36.873015
                    ],
                    [
                        -86.0433379,
                        36.8728707
                    ],
                    [
                        -86.0433241,
                        36.8728107
                    ],
                    [
                        -86.0432934,
                        36.8727561
                    ],
                    [
                        -86.0431092,
                        36.8725782
                    ],
                    [
                        -86.0430007,
                        36.872411
                    ],
                    [
                        -86.0429685,
                        36.8722471
                    ],
                    [
                        -86.0429667,
                        36.872059
                    ],
                    [
                        -86.0430197,
                        36.8716854
                    ],
                    [
                        -86.0432179,
                        36.8711888
                    ],
                    [
                        -86.0435577,
                        36.8708432
                    ],
                    [
                        -86.0435451,
                        36.8704541
                    ],
                    [
                        -86.0435964,
                        36.8700999
                    ],
                    [
                        -86.0436888,
                        36.8698986
                    ],
                    [
                        -86.0437095,
                        36.8694689
                    ],
                    [
                        -86.0441055,
                        36.8681485
                    ],
                    [
                        -86.0441975,
                        36.8667215
                    ],
                    [
                        -86.044204,
                        36.8661699
                    ],
                    [
                        -86.0441422,
                        36.865427
                    ],
                    [
                        -86.0441078,
                        36.8648779
                    ],
                    [
                        -86.0441597,
                        36.8647449
                    ],
                    [
                        -86.0443524,
                        36.8646298
                    ],
                    [
                        -86.0442623,
                        36.8645654
                    ],
                    [
                        -86.0441108,
                        36.8644477
                    ],
                    [
                        -86.0439379,
                        36.8641128
                    ],
                    [
                        -86.0440532,
                        36.8638133
                    ],
                    [
                        -86.043848,
                        36.8637076
                    ],
                    [
                        -86.0437344,
                        36.8636166
                    ],
                    [
                        -86.0435084,
                        36.8634356
                    ],
                    [
                        -86.042979,
                        36.8636798
                    ],
                    [
                        -86.0432046,
                        36.8638751
                    ],
                    [
                        -86.0432274,
                        36.8640535
                    ],
                    [
                        -86.0432013,
                        36.8642318
                    ],
                    [
                        -86.0426357,
                        36.8645984
                    ],
                    [
                        -86.0422571,
                        36.8647902
                    ],
                    [
                        -86.0410714,
                        36.8654576
                    ],
                    [
                        -86.0406417,
                        36.865757
                    ],
                    [
                        -86.0402298,
                        36.8661087
                    ],
                    [
                        -86.0401467,
                        36.866269
                    ],
                    [
                        -86.0404845,
                        36.8662917
                    ],
                    [
                        -86.0403981,
                        36.8673723
                    ],
                    [
                        -86.0401379,
                        36.8675239
                    ],
                    [
                        -86.0400433,
                        36.8675831
                    ],
                    [
                        -86.039996,
                        36.8676708
                    ],
                    [
                        -86.040352,
                        36.8676849
                    ],
                    [
                        -86.0404362,
                        36.867751
                    ],
                    [
                        -86.0403227,
                        36.8695896
                    ],
                    [
                        -86.0403133,
                        36.8704654
                    ],
                    [
                        -86.0400593,
                        36.8706893
                    ],
                    [
                        -86.0385262,
                        36.8707198
                    ],
                    [
                        -86.0377152,
                        36.8707873
                    ],
                    [
                        -86.0375542,
                        36.8708477
                    ],
                    [
                        -86.0376053,
                        36.8709761
                    ],
                    [
                        -86.037888,
                        36.8709272
                    ],
                    [
                        -86.0384427,
                        36.8710585
                    ],
                    [
                        -86.0387412,
                        36.8711935
                    ],
                    [
                        -86.0392214,
                        36.8712087
                    ],
                    [
                        -86.0400706,
                        36.8714226
                    ],
                    [
                        -86.0401249,
                        36.8717856
                    ],
                    [
                        -86.0393998,
                        36.8723783
                    ],
                    [
                        -86.039341,
                        36.8725467
                    ],
                    [
                        -86.0399621,
                        36.872376
                    ],
                    [
                        -86.0401511,
                        36.8724483
                    ],
                    [
                        -86.0404544,
                        36.8742188
                    ],
                    [
                        -86.04099,
                        36.8752708
                    ],
                    [
                        -86.0413332,
                        36.8758968
                    ],
                    [
                        -86.0414483,
                        36.8761143
                    ],
                    [
                        -86.0414144,
                        36.8762084
                    ],
                    [
                        -86.0403236,
                        36.8767545
                    ],
                    [
                        -86.0382419,
                        36.8783696
                    ],
                    [
                        -86.0378339,
                        36.8789093
                    ],
                    [
                        -86.0377554,
                        36.8791855
                    ],
                    [
                        -86.0379908,
                        36.8793863
                    ],
                    [
                        -86.0385871,
                        36.8790098
                    ],
                    [
                        -86.0392725,
                        36.878516
                    ],
                    [
                        -86.0401562,
                        36.8777921
                    ],
                    [
                        -86.0406219,
                        36.8775369
                    ],
                    [
                        -86.0412025,
                        36.8772775
                    ],
                    [
                        -86.0414954,
                        36.8772649
                    ],
                    [
                        -86.0418354,
                        36.8774804
                    ],
                    [
                        -86.0420708,
                        36.8778508
                    ],
                    [
                        -86.0423324,
                        36.8777797
                    ],
                    [
                        -86.0425729,
                        36.87788
                    ],
                    [
                        -86.043232,
                        36.8781185
                    ],
                    [
                        -86.0437317,
                        36.8782746
                    ],
                    [
                        -86.0441525,
                        36.8782729
                    ],
                    [
                        -86.0443159,
                        36.8782444
                    ],
                    [
                        -86.0444771,
                        36.8782947
                    ],
                    [
                        -86.0445582,
                        36.878405
                    ],
                    [
                        -86.044351,
                        36.8793152
                    ],
                    [
                        -86.0444395,
                        36.8793949
                    ],
                    [
                        -86.0449858,
                        36.8785852
                    ],
                    [
                        -86.0451093,
                        36.878531
                    ],
                    [
                        -86.0458072,
                        36.8785891
                    ],
                    [
                        -86.0463617,
                        36.8786615
                    ],
                    [
                        -86.0465357,
                        36.8787246
                    ],
                    [
                        -86.0467331,
                        36.8787525
                    ],
                    [
                        -86.0469667,
                        36.8786959
                    ],
                    [
                        -86.0471733,
                        36.8785787
                    ],
                    [
                        -86.0475151,
                        36.8782418
                    ],
                    [
                        -86.04785,
                        36.8778057
                    ],
                    [
                        -86.0479136,
                        36.8776054
                    ],
                    [
                        -86.0479227,
                        36.8774051
                    ],
                    [
                        -86.0475073,
                        36.8762796
                    ],
                    [
                        -86.0474738,
                        36.8755419
                    ],
                    [
                        -86.0477438,
                        36.8747332
                    ],
                    [
                        -86.0480809,
                        36.873838
                    ],
                    [
                        -86.050011,
                        36.8717416
                    ],
                    [
                        -86.0511723,
                        36.8710386
                    ],
                    [
                        -86.0527415,
                        36.871001
                    ],
                    [
                        -86.0534633,
                        36.8710889
                    ],
                    [
                        -86.0537772,
                        36.8711767
                    ],
                    [
                        -86.0540125,
                        36.8714027
                    ],
                    [
                        -86.0543735,
                        36.8718923
                    ],
                    [
                        -86.0547815,
                        36.8727585
                    ],
                    [
                        -86.0547815,
                        36.8733485
                    ],
                    [
                        -86.0545932,
                        36.873951
                    ],
                    [
                        -86.0544519,
                        36.8742397
                    ],
                    [
                        -86.0539969,
                        36.8747419
                    ],
                    [
                        -86.0538556,
                        36.875018
                    ],
                    [
                        -86.0539812,
                        36.8755955
                    ],
                    [
                        -86.0546559,
                        36.8755704
                    ],
                    [
                        -86.0553935,
                        36.8754197
                    ],
                    [
                        -86.0558734,
                        36.87497
                    ],
                    [
                        -86.055999,
                        36.8754972
                    ],
                    [
                        -86.05625,
                        36.8760244
                    ],
                    [
                        -86.0569405,
                        36.8762253
                    ],
                    [
                        -86.0575368,
                        36.8758738
                    ],
                    [
                        -86.0575054,
                        36.8753215
                    ],
                    [
                        -86.0570974,
                        36.8741917
                    ],
                    [
                        -86.0571602,
                        36.8736142
                    ],
                    [
                        -86.0577251,
                        36.8732125
                    ],
                    [
                        -86.0584469,
                        36.8730619
                    ],
                    [
                        -86.0592316,
                        36.873087
                    ],
                    [
                        -86.0598906,
                        36.8732628
                    ],
                    [
                        -86.0605497,
                        36.8736142
                    ],
                    [
                        -86.0609577,
                        36.8740662
                    ],
                    [
                        -86.0618992,
                        36.8754972
                    ],
                    [
                        -86.0618992,
                        36.8767023
                    ],
                    [
                        -86.0614285,
                        36.877129
                    ],
                    [
                        -86.0607694,
                        36.8774052
                    ],
                    [
                        -86.0600789,
                        36.8775809
                    ],
                    [
                        -86.0606125,
                        36.8779324
                    ],
                    [
                        -86.0612715,
                        36.8780579
                    ],
                    [
                        -86.0627466,
                        36.8780077
                    ],
                    [
                        -86.0634684,
                        36.878083
                    ],
                    [
                        -86.0641275,
                        36.8783592
                    ],
                    [
                        -86.0646611,
                        36.8787358
                    ],
                    [
                        -86.0651318,
                        36.8791876
                    ],
                    [
                        -86.0657595,
                        36.8794387
                    ],
                    [
                        -86.06645,
                        36.8795391
                    ],
                    [
                        -86.0680506,
                        36.8796144
                    ],
                    [
                        -86.0709379,
                        36.8796395
                    ],
                    [
                        -86.0724444,
                        36.8798906
                    ],
                    [
                        -86.0731348,
                        36.8802169
                    ],
                    [
                        -86.0736998,
                        36.8805684
                    ],
                    [
                        -86.0741705,
                        36.8810202
                    ],
                    [
                        -86.0745158,
                        36.8815474
                    ],
                    [
                        -86.0749238,
                        36.8827022
                    ],
                    [
                        -86.0749865,
                        36.8832545
                    ],
                    [
                        -86.0751748,
                        36.8837565
                    ],
                    [
                        -86.0755828,
                        36.8842084
                    ],
                    [
                        -86.0758653,
                        36.8847606
                    ],
                    [
                        -86.0755201,
                        36.8852627
                    ],
                    [
                        -86.0750493,
                        36.8857145
                    ],
                    [
                        -86.0754573,
                        36.8861162
                    ],
                    [
                        -86.0745158,
                        36.8869194
                    ],
                    [
                        -86.0739195,
                        36.8872709
                    ],
                    [
                        -86.0731976,
                        36.8874215
                    ],
                    [
                        -86.0727268,
                        36.8880992
                    ],
                    [
                        -86.0719422,
                        36.8880741
                    ],
                    [
                        -86.0715656,
                        36.8875721
                    ],
                    [
                        -86.0715656,
                        36.8863923
                    ],
                    [
                        -86.0712832,
                        36.88584
                    ],
                    [
                        -86.0704986,
                        36.8847857
                    ],
                    [
                        -86.0700592,
                        36.8843339
                    ],
                    [
                        -86.0694943,
                        36.8839071
                    ],
                    [
                        -86.0676112,
                        36.8828026
                    ],
                    [
                        -86.0669521,
                        36.8825767
                    ],
                    [
                        -86.0655084,
                        36.8826018
                    ],
                    [
                        -86.0640648,
                        36.8827775
                    ],
                    [
                        -86.0660734,
                        36.8834302
                    ],
                    [
                        -86.066701,
                        36.8836812
                    ],
                    [
                        -86.0672973,
                        36.8840075
                    ],
                    [
                        -86.0677681,
                        36.8844092
                    ],
                    [
                        -86.0690235,
                        36.8858651
                    ],
                    [
                        -86.0695256,
                        36.8869947
                    ],
                    [
                        -86.0696512,
                        36.8875972
                    ],
                    [
                        -86.0695884,
                        36.8887016
                    ],
                    [
                        -86.0688666,
                        36.888802
                    ],
                    [
                        -86.0684272,
                        36.8892288
                    ],
                    [
                        -86.0677367,
                        36.8891535
                    ],
                    [
                        -86.0671404,
                        36.8888271
                    ],
                    [
                        -86.0664186,
                        36.8887016
                    ],
                    [
                        -86.0657595,
                        36.8889527
                    ],
                    [
                        -86.0653201,
                        36.8894045
                    ],
                    [
                        -86.06645,
                        36.8900822
                    ],
                    [
                        -86.0669207,
                        36.890534
                    ],
                    [
                        -86.0668266,
                        36.8910611
                    ],
                    [
                        -86.065885,
                        36.8919647
                    ],
                    [
                        -86.0653515,
                        36.8923664
                    ],
                    [
                        -86.0644727,
                        36.8933954
                    ],
                    [
                        -86.0640896,
                        36.8940056
                    ],
                    [
                        -86.0638899,
                        36.8947687
                    ],
                    [
                        -86.0638233,
                        36.8951947
                    ],
                    [
                        -86.0639121,
                        36.8967742
                    ],
                    [
                        -86.0640674,
                        36.8975906
                    ],
                    [
                        -86.0646223,
                        36.8987087
                    ],
                    [
                        -86.0659538,
                        36.89988
                    ],
                    [
                        -86.0658872,
                        36.9002704
                    ],
                    [
                        -86.0650661,
                        36.9007318
                    ],
                    [
                        -86.065288,
                        36.9010867
                    ],
                    [
                        -86.0657762,
                        36.9012287
                    ],
                    [
                        -86.0662645,
                        36.9012465
                    ],
                    [
                        -86.0667305,
                        36.9010512
                    ],
                    [
                        -86.0672409,
                        36.900998
                    ],
                    [
                        -86.0677291,
                        36.9010867
                    ],
                    [
                        -86.0724117,
                        36.9026662
                    ],
                    [
                        -86.0752798,
                        36.9028554
                    ],
                    [
                        -86.0756859,
                        36.9030178
                    ],
                    [
                        -86.0757028,
                        36.9032478
                    ],
                    [
                        -86.0754818,
                        36.9035606
                    ],
                    [
                        -86.0752543,
                        36.9038179
                    ],
                    [
                        -86.0756205,
                        36.9042349
                    ],
                    [
                        -86.0755706,
                        36.9044346
                    ],
                    [
                        -86.0747106,
                        36.9052021
                    ],
                    [
                        -86.074568,
                        36.9053704
                    ],
                    [
                        -86.0730185,
                        36.9071984
                    ],
                    [
                        -86.072275,
                        36.9076997
                    ],
                    [
                        -86.0717147,
                        36.907784
                    ],
                    [
                        -86.0712265,
                        36.9073226
                    ],
                    [
                        -86.0712486,
                        36.9068967
                    ],
                    [
                        -86.0716814,
                        36.9063733
                    ],
                    [
                        -86.0716703,
                        36.9059651
                    ],
                    [
                        -86.0706827,
                        36.9061426
                    ],
                    [
                        -86.070483,
                        36.9060006
                    ],
                    [
                        -86.0700614,
                        36.9052021
                    ],
                    [
                        -86.0696175,
                        36.907367
                    ],
                    [
                        -86.0688511,
                        36.9068441
                    ],
                    [
                        -86.0682741,
                        36.9061521
                    ],
                    [
                        -86.0672533,
                        36.9037387
                    ],
                    [
                        -86.065833,
                        36.9021415
                    ],
                    [
                        -86.0654335,
                        36.9018931
                    ],
                    [
                        -86.0639688,
                        36.9015204
                    ],
                    [
                        -86.0624154,
                        36.9015204
                    ],
                    [
                        -86.0614611,
                        36.9018044
                    ],
                    [
                        -86.0591975,
                        36.9020351
                    ],
                    [
                        -86.0566676,
                        36.902532
                    ],
                    [
                        -86.0556912,
                        36.9025675
                    ],
                    [
                        -86.0553805,
                        36.9021948
                    ],
                    [
                        -86.0553139,
                        36.9017511
                    ],
                    [
                        -86.0556024,
                        36.8993198
                    ],
                    [
                        -86.0553139,
                        36.8989649
                    ],
                    [
                        -86.0549588,
                        36.8992311
                    ],
                    [
                        -86.0546925,
                        36.9004201
                    ],
                    [
                        -86.053938,
                        36.900917
                    ],
                    [
                        -86.0534276,
                        36.9010058
                    ],
                    [
                        -86.0518076,
                        36.8992844
                    ],
                    [
                        -86.0487894,
                        36.8974741
                    ],
                    [
                        -86.0489892,
                        36.8982195
                    ],
                    [
                        -86.0500766,
                        36.8995151
                    ],
                    [
                        -86.0520961,
                        36.9007573
                    ],
                    [
                        -86.052784,
                        36.9013252
                    ],
                    [
                        -86.0531391,
                        36.9020883
                    ],
                    [
                        -86.0538048,
                        36.9026739
                    ],
                    [
                        -86.0540046,
                        36.9034725
                    ],
                    [
                        -86.0537383,
                        36.9038274
                    ],
                    [
                        -86.0532279,
                        36.9038984
                    ],
                    [
                        -86.0521848,
                        36.9037742
                    ],
                    [
                        -86.0516744,
                        36.9038984
                    ],
                    [
                        -86.0533832,
                        36.9047679
                    ],
                    [
                        -86.0529837,
                        36.9059391
                    ],
                    [
                        -86.0522958,
                        36.9067377
                    ],
                    [
                        -86.0509199,
                        36.9072168
                    ],
                    [
                        -86.0497881,
                        36.9081218
                    ],
                    [
                        -86.048279,
                        36.9083525
                    ],
                    [
                        -86.0478419,
                        36.9083587
                    ],
                    [
                        -86.0459746,
                        36.9064766
                    ],
                    [
                        -86.0442013,
                        36.9052594
                    ],
                    [
                        -86.0437777,
                        36.9047575
                    ],
                    [
                        -86.0431657,
                        36.9036533
                    ],
                    [
                        -86.0422084,
                        36.9031765
                    ],
                    [
                        -86.0423967,
                        36.9036909
                    ],
                    [
                        -86.0427734,
                        36.9041678
                    ],
                    [
                        -86.0428832,
                        36.905021
                    ],
                    [
                        -86.043762,
                        36.9054979
                    ],
                    [
                        -86.0445623,
                        36.9064264
                    ],
                    [
                        -86.0446407,
                        36.9067024
                    ],
                    [
                        -86.0446093,
                        36.9075306
                    ],
                    [
                        -86.0453469,
                        36.9076184
                    ],
                    [
                        -86.0459903,
                        36.9078819
                    ],
                    [
                        -86.0465552,
                        36.9085971
                    ],
                    [
                        -86.046665,
                        36.9088481
                    ],
                    [
                        -86.046659,
                        36.9091687
                    ],
                    [
                        -86.0469031,
                        36.9103221
                    ],
                    [
                        -86.0480571,
                        36.9110319
                    ],
                    [
                        -86.0486341,
                        36.9116529
                    ],
                    [
                        -86.0496771,
                        36.9134628
                    ],
                    [
                        -86.0510086,
                        36.9145984
                    ],
                    [
                        -86.0531169,
                        36.9158049
                    ],
                    [
                        -86.0541377,
                        36.9167453
                    ],
                    [
                        -86.055092,
                        36.9164969
                    ],
                    [
                        -86.0556246,
                        36.9165501
                    ],
                    [
                        -86.0552251,
                        36.9184663
                    ],
                    [
                        -86.0553139,
                        36.9200986
                    ],
                    [
                        -86.0554471,
                        36.9204534
                    ],
                    [
                        -86.0552695,
                        36.9208083
                    ],
                    [
                        -86.0548257,
                        36.9210744
                    ],
                    [
                        -86.0544706,
                        36.9222631
                    ],
                    [
                        -86.0547878,
                        36.9245058
                    ],
                    [
                        -86.0538446,
                        36.9240978
                    ],
                    [
                        -86.053312,
                        36.9236365
                    ],
                    [
                        -86.0523356,
                        36.9225632
                    ],
                    [
                        -86.0515145,
                        36.9213213
                    ],
                    [
                        -86.0511483,
                        36.920239
                    ],
                    [
                        -86.050649,
                        36.9197067
                    ],
                    [
                        -86.0495726,
                        36.9190769
                    ],
                    [
                        -86.0490844,
                        36.9188995
                    ],
                    [
                        -86.0480192,
                        36.9187841
                    ],
                    [
                        -86.0476752,
                        36.9184825
                    ],
                    [
                        -86.0475088,
                        36.9190769
                    ],
                    [
                        -86.0457066,
                        36.9195959
                    ],
                    [
                        -86.0450076,
                        36.9195604
                    ],
                    [
                        -86.0445471,
                        36.9190281
                    ],
                    [
                        -86.0445748,
                        36.920168
                    ],
                    [
                        -86.0442641,
                        36.9204031
                    ],
                    [
                        -86.0439978,
                        36.9204076
                    ],
                    [
                        -86.0426497,
                        36.9196757
                    ],
                    [
                        -86.0419173,
                        36.919037
                    ],
                    [
                        -86.0415179,
                        36.9190237
                    ],
                    [
                        -86.0416233,
                        36.919414
                    ],
                    [
                        -86.0424444,
                        36.9199463
                    ],
                    [
                        -86.0434874,
                        36.9209889
                    ],
                    [
                        -86.0435096,
                        36.9213792
                    ],
                    [
                        -86.0428882,
                        36.9220002
                    ],
                    [
                        -86.0416011,
                        36.9227453
                    ],
                    [
                        -86.0406246,
                        36.922976
                    ],
                    [
                        -86.0425553,
                        36.9235969
                    ],
                    [
                        -86.0428438,
                        36.9239163
                    ],
                    [
                        -86.0427551,
                        36.9251227
                    ],
                    [
                        -86.0423556,
                        36.9262935
                    ],
                    [
                        -86.0420671,
                        36.9266129
                    ],
                    [
                        -86.0416677,
                        36.9263645
                    ],
                    [
                        -86.0405137,
                        36.924892
                    ],
                    [
                        -86.0370517,
                        36.9212018
                    ],
                    [
                        -86.0358977,
                        36.9197115
                    ],
                    [
                        -86.0358089,
                        36.9192502
                    ],
                    [
                        -86.0359421,
                        36.9148677
                    ],
                    [
                        -86.0360752,
                        36.9140161
                    ],
                    [
                        -86.0359865,
                        36.9132176
                    ],
                    [
                        -86.0357867,
                        36.9128272
                    ],
                    [
                        -86.035121,
                        36.912153
                    ],
                    [
                        -86.0346549,
                        36.9119223
                    ],
                    [
                        -86.0325689,
                        36.9114432
                    ],
                    [
                        -86.0315924,
                        36.9110883
                    ],
                    [
                        -86.0300834,
                        36.9099172
                    ],
                    [
                        -86.0299724,
                        36.9107512
                    ],
                    [
                        -86.029462,
                        36.9108932
                    ],
                    [
                        -86.0290181,
                        36.910627
                    ],
                    [
                        -86.0255118,
                        36.9078943
                    ],
                    [
                        -86.0252455,
                        36.9074862
                    ],
                    [
                        -86.0255562,
                        36.9062795
                    ],
                    [
                        -86.0254674,
                        36.9058359
                    ],
                    [
                        -86.024957,
                        36.9059779
                    ],
                    [
                        -86.0242246,
                        36.9065635
                    ],
                    [
                        -86.0237142,
                        36.906457
                    ],
                    [
                        -86.0223827,
                        36.9056762
                    ],
                    [
                        -86.0206073,
                        36.9040436
                    ],
                    [
                        -86.0201413,
                        36.9037952
                    ],
                    [
                        -86.0196753,
                        36.9039194
                    ],
                    [
                        -86.0196974,
                        36.9043098
                    ],
                    [
                        -86.019875,
                        36.9047002
                    ],
                    [
                        -86.0226046,
                        36.906457
                    ],
                    [
                        -86.0251345,
                        36.9095801
                    ],
                    [
                        -86.026688,
                        36.9106625
                    ],
                    [
                        -86.0273759,
                        36.9113368
                    ],
                    [
                        -86.0275535,
                        36.9117094
                    ],
                    [
                        -86.0273537,
                        36.9120997
                    ],
                    [
                        -86.0217391,
                        36.9154533
                    ],
                    [
                        -86.0214284,
                        36.9157904
                    ],
                    [
                        -86.0193202,
                        36.9171211
                    ],
                    [
                        -86.0182106,
                        36.9180615
                    ],
                    [
                        -86.0173895,
                        36.9176179
                    ],
                    [
                        -86.0171232,
                        36.9172808
                    ],
                    [
                        -86.0161467,
                        36.9148323
                    ],
                    [
                        -86.0148596,
                        36.913395
                    ],
                    [
                        -86.0112201,
                        36.9130224
                    ],
                    [
                        -86.0090896,
                        36.9126143
                    ],
                    [
                        -86.0088011,
                        36.9129337
                    ],
                    [
                        -86.008557,
                        36.9136789
                    ],
                    [
                        -86.0077137,
                        36.9141935
                    ],
                    [
                        -86.0077359,
                        36.9145839
                    ],
                    [
                        -86.0088455,
                        36.9165178
                    ],
                    [
                        -86.0089343,
                        36.9168904
                    ],
                    [
                        -86.0088899,
                        36.9172808
                    ],
                    [
                        -86.0084682,
                        36.9175114
                    ],
                    [
                        -86.0045624,
                        36.9158614
                    ],
                    [
                        -86.0016109,
                        36.9150452
                    ],
                    [
                        -85.9997689,
                        36.9140515
                    ],
                    [
                        -85.9994582,
                        36.9148323
                    ],
                    [
                        -85.9991697,
                        36.9151694
                    ],
                    [
                        -85.9986593,
                        36.9151694
                    ],
                    [
                        -85.9983708,
                        36.9148323
                    ],
                    [
                        -85.9984374,
                        36.9140161
                    ],
                    [
                        -85.9960628,
                        36.9132886
                    ],
                    [
                        -85.9949532,
                        36.9123836
                    ],
                    [
                        -85.9881846,
                        36.903387
                    ],
                    [
                        -85.9902485,
                        36.9080008
                    ],
                    [
                        -85.9910696,
                        36.910485
                    ],
                    [
                        -85.9935107,
                        36.9136257
                    ],
                    [
                        -85.9950864,
                        36.9147081
                    ],
                    [
                        -85.9965732,
                        36.9151694
                    ],
                    [
                        -86.0011892,
                        36.9159501
                    ],
                    [
                        -86.0023876,
                        36.9169437
                    ],
                    [
                        -86.0026539,
                        36.9173163
                    ],
                    [
                        -86.0025873,
                        36.9188776
                    ],
                    [
                        -86.0029202,
                        36.9185582
                    ],
                    [
                        -86.0034084,
                        36.9183453
                    ],
                    [
                        -86.0038967,
                        36.9183453
                    ],
                    [
                        -86.0043849,
                        36.9183808
                    ],
                    [
                        -86.0050728,
                        36.9189308
                    ],
                    [
                        -86.0058274,
                        36.9200131
                    ],
                    [
                        -86.0076471,
                        36.923455
                    ],
                    [
                        -86.0081132,
                        36.923384
                    ],
                    [
                        -86.0081797,
                        36.9229937
                    ],
                    [
                        -86.0077137,
                        36.921397
                    ],
                    [
                        -86.0070479,
                        36.9202792
                    ],
                    [
                        -86.0072699,
                        36.9199244
                    ],
                    [
                        -86.0076693,
                        36.9196938
                    ],
                    [
                        -86.0101992,
                        36.9193744
                    ],
                    [
                        -86.012019,
                        36.9186115
                    ],
                    [
                        -86.012951,
                        36.9184518
                    ],
                    [
                        -86.0144157,
                        36.9200309
                    ],
                    [
                        -86.0151259,
                        36.9205809
                    ],
                    [
                        -86.0159914,
                        36.9210067
                    ],
                    [
                        -86.0164796,
                        36.9211131
                    ],
                    [
                        -86.0174339,
                        36.9210421
                    ],
                    [
                        -86.0183881,
                        36.9207938
                    ],
                    [
                        -86.0200747,
                        36.9197647
                    ],
                    [
                        -86.0214728,
                        36.9180792
                    ],
                    [
                        -86.0261997,
                        36.9150629
                    ],
                    [
                        -86.0280417,
                        36.9142467
                    ],
                    [
                        -86.0295951,
                        36.9137144
                    ],
                    [
                        -86.03177,
                        36.9137233
                    ],
                    [
                        -86.0330127,
                        36.9139983
                    ],
                    [
                        -86.0326687,
                        36.9157194
                    ],
                    [
                        -86.0326798,
                        36.9186203
                    ],
                    [
                        -86.0325356,
                        36.9214147
                    ],
                    [
                        -86.0310043,
                        36.9225147
                    ],
                    [
                        -86.0306271,
                        36.9232953
                    ],
                    [
                        -86.0303941,
                        36.9247235
                    ],
                    [
                        -86.0305605,
                        36.925096
                    ],
                    [
                        -86.0315702,
                        36.9256726
                    ],
                    [
                        -86.0317034,
                        36.9260629
                    ],
                    [
                        -86.0316368,
                        36.9264621
                    ],
                    [
                        -86.0305494,
                        36.9273225
                    ],
                    [
                        -86.0304606,
                        36.9275709
                    ],
                    [
                        -86.0311708,
                        36.9272604
                    ],
                    [
                        -86.0321028,
                        36.9272604
                    ],
                    [
                        -86.0321916,
                        36.9276418
                    ],
                    [
                        -86.0320807,
                        36.9278281
                    ],
                    [
                        -86.0308601,
                        36.9282538
                    ],
                    [
                        -86.030039,
                        36.928724
                    ],
                    [
                        -86.0295286,
                        36.9296819
                    ],
                    [
                        -86.0288073,
                        36.9305334
                    ],
                    [
                        -86.0285632,
                        36.93111
                    ],
                    [
                        -86.0284301,
                        36.9335846
                    ],
                    [
                        -86.0263329,
                        36.9358108
                    ],
                    [
                        -86.0265326,
                        36.9359172
                    ],
                    [
                        -86.0267767,
                        36.9358374
                    ],
                    [
                        -86.0281416,
                        36.9350924
                    ],
                    [
                        -86.028885,
                        36.934844
                    ],
                    [
                        -86.0291069,
                        36.9349505
                    ],
                    [
                        -86.0291846,
                        36.9351633
                    ],
                    [
                        -86.0291846,
                        36.9360236
                    ],
                    [
                        -86.0287629,
                        36.9365292
                    ],
                    [
                        -86.028075,
                        36.9368928
                    ],
                    [
                        -86.0290847,
                        36.9368396
                    ],
                    [
                        -86.029229,
                        36.937017
                    ],
                    [
                        -86.0291291,
                        36.9372121
                    ],
                    [
                        -86.0284855,
                        36.9376999
                    ],
                    [
                        -86.0274758,
                        36.9392253
                    ],
                    [
                        -86.0275867,
                        36.9394027
                    ],
                    [
                        -86.0280861,
                        36.9394825
                    ],
                    [
                        -86.0282414,
                        36.939651
                    ],
                    [
                        -86.0279973,
                        36.9410434
                    ],
                    [
                        -86.0276422,
                        36.9413449
                    ],
                    [
                        -86.0265992,
                        36.94154
                    ],
                    [
                        -86.0264106,
                        36.9416819
                    ],
                    [
                        -86.027154,
                        36.9417795
                    ],
                    [
                        -86.0286076,
                        36.9422407
                    ],
                    [
                        -86.0284737,
                        36.9426524
                    ],
                    [
                        -86.028146,
                        36.9427558
                    ],
                    [
                        -86.0278228,
                        36.942948
                    ],
                    [
                        -86.0278541,
                        36.9432741
                    ],
                    [
                        -86.0262535,
                        36.9457322
                    ],
                    [
                        -86.0260025,
                        36.9469111
                    ],
                    [
                        -86.0260966,
                        36.9486919
                    ],
                    [
                        -86.0265674,
                        36.9509492
                    ],
                    [
                        -86.0268812,
                        36.9514257
                    ],
                    [
                        -86.0297686,
                        36.9530811
                    ],
                    [
                        -86.0299569,
                        36.9541595
                    ],
                    [
                        -86.0294861,
                        36.9545608
                    ],
                    [
                        -86.0281994,
                        36.9550624
                    ],
                    [
                        -86.0238997,
                        36.9557897
                    ],
                    [
                        -86.0208868,
                        36.9557144
                    ],
                    [
                        -86.0169324,
                        36.9539338
                    ],
                    [
                        -86.0163988,
                        36.95431
                    ],
                    [
                        -86.0165244,
                        36.9548617
                    ],
                    [
                        -86.0168382,
                        36.9553633
                    ],
                    [
                        -86.0177797,
                        36.9559652
                    ],
                    [
                        -86.0218597,
                        36.957169
                    ],
                    [
                        -86.0233976,
                        36.957495
                    ],
                    [
                        -86.0248412,
                        36.95747
                    ],
                    [
                        -86.0272578,
                        36.9563414
                    ],
                    [
                        -86.0286387,
                        36.9559151
                    ],
                    [
                        -86.0300197,
                        36.9560405
                    ],
                    [
                        -86.0319341,
                        36.9571941
                    ],
                    [
                        -86.032499,
                        36.9568681
                    ],
                    [
                        -86.0327187,
                        36.9563414
                    ],
                    [
                        -86.0334092,
                        36.9561157
                    ],
                    [
                        -86.0340369,
                        36.9564166
                    ],
                    [
                        -86.0351667,
                        36.9571189
                    ],
                    [
                        -86.0356375,
                        36.9576957
                    ],
                    [
                        -86.035763,
                        36.9582474
                    ],
                    [
                        -86.0354492,
                        36.9593759
                    ],
                    [
                        -86.0348529,
                        36.9597521
                    ],
                    [
                        -86.0341624,
                        36.9598273
                    ],
                    [
                        -86.0338799,
                        36.960354
                    ],
                    [
                        -86.0367673,
                        36.9636892
                    ],
                    [
                        -86.0377088,
                        36.9652941
                    ],
                    [
                        -86.0365162,
                        36.9622598
                    ],
                    [
                        -86.0364849,
                        36.961658
                    ],
                    [
                        -86.0366732,
                        36.9610812
                    ],
                    [
                        -86.0375519,
                        36.9602035
                    ],
                    [
                        -86.0376147,
                        36.9591001
                    ],
                    [
                        -86.0368928,
                        36.9573446
                    ],
                    [
                        -86.0356375,
                        36.95589
                    ],
                    [
                        -86.0356689,
                        36.9535325
                    ],
                    [
                        -86.0354178,
                        36.9529807
                    ],
                    [
                        -86.0342879,
                        36.9513003
                    ],
                    [
                        -86.0332523,
                        36.9505228
                    ],
                    [
                        -86.0308043,
                        36.9475131
                    ],
                    [
                        -86.0306473,
                        36.9469612
                    ],
                    [
                        -86.0313064,
                        36.945958
                    ],
                    [
                        -86.0311809,
                        36.9436252
                    ],
                    [
                        -86.0291515,
                        36.942995
                    ],
                    [
                        -86.0290776,
                        36.9428592
                    ],
                    [
                        -86.0292854,
                        36.9423667
                    ],
                    [
                        -86.030849,
                        36.9426575
                    ],
                    [
                        -86.0327908,
                        36.9427639
                    ],
                    [
                        -86.0346217,
                        36.9431452
                    ],
                    [
                        -86.0359754,
                        36.943092
                    ],
                    [
                        -86.0373624,
                        36.9429147
                    ],
                    [
                        -86.0383943,
                        36.9425067
                    ],
                    [
                        -86.0366633,
                        36.9425511
                    ],
                    [
                        -86.0334011,
                        36.9421963
                    ],
                    [
                        -86.0327575,
                        36.9418416
                    ],
                    [
                        -86.0323913,
                        36.9413095
                    ],
                    [
                        -86.0323581,
                        36.9406709
                    ],
                    [
                        -86.0331903,
                        36.9391544
                    ],
                    [
                        -86.0333012,
                        36.9385158
                    ],
                    [
                        -86.0331172,
                        36.9376155
                    ],
                    [
                        -86.0317677,
                        36.9345738
                    ],
                    [
                        -86.031085,
                        36.9321906
                    ],
                    [
                        -86.0315715,
                        36.9319774
                    ],
                    [
                        -86.0322463,
                        36.9321593
                    ],
                    [
                        -86.0327955,
                        36.9317892
                    ],
                    [
                        -86.0335487,
                        36.9317892
                    ],
                    [
                        -86.0341293,
                        36.9320401
                    ],
                    [
                        -86.0344667,
                        36.9320213
                    ],
                    [
                        -86.0346864,
                        36.9316199
                    ],
                    [
                        -86.0349689,
                        36.9314443
                    ],
                    [
                        -86.0364439,
                        36.9312624
                    ],
                    [
                        -86.0371972,
                        36.9307418
                    ],
                    [
                        -86.0385624,
                        36.9301084
                    ],
                    [
                        -86.0389468,
                        36.9293871
                    ],
                    [
                        -86.0397628,
                        36.9296756
                    ],
                    [
                        -86.0401473,
                        36.930146
                    ],
                    [
                        -86.0403748,
                        36.9307356
                    ],
                    [
                        -86.0406024,
                        36.9305223
                    ],
                    [
                        -86.0422265,
                        36.9303718
                    ],
                    [
                        -86.0449648,
                        36.9295941
                    ],
                    [
                        -86.0454199,
                        36.9293056
                    ],
                    [
                        -86.0464477,
                        36.928139
                    ],
                    [
                        -86.047146,
                        36.9267904
                    ],
                    [
                        -86.0472716,
                        36.9263263
                    ],
                    [
                        -86.0470832,
                        36.9253917
                    ],
                    [
                        -86.0466282,
                        36.9241498
                    ],
                    [
                        -86.0468322,
                        36.9226507
                    ],
                    [
                        -86.0469577,
                        36.9225315
                    ],
                    [
                        -86.0473265,
                        36.9224939
                    ],
                    [
                        -86.0482915,
                        36.9226319
                    ],
                    [
                        -86.0492095,
                        36.9235414
                    ],
                    [
                        -86.0493743,
                        36.9242125
                    ],
                    [
                        -86.0491782,
                        36.9250342
                    ],
                    [
                        -86.0495391,
                        36.9253666
                    ],
                    [
                        -86.0497509,
                        36.9262197
                    ],
                    [
                        -86.0495862,
                        36.9272546
                    ],
                    [
                        -86.0512888,
                        36.9284024
                    ],
                    [
                        -86.051736,
                        36.9290045
                    ],
                    [
                        -86.0522381,
                        36.9312185
                    ],
                    [
                        -86.0521754,
                        36.931946
                    ],
                    [
                        -86.0515163,
                        36.9324478
                    ],
                    [
                        -86.050512,
                        36.932868
                    ],
                    [
                        -86.0515791,
                        36.9329119
                    ],
                    [
                        -86.0517909,
                        36.9331376
                    ],
                    [
                        -86.0519086,
                        36.9335516
                    ],
                    [
                        -86.0530698,
                        36.9342916
                    ],
                    [
                        -86.053164,
                        36.9330561
                    ],
                    [
                        -86.053776,
                        36.9327927
                    ],
                    [
                        -86.0531718,
                        36.932454
                    ],
                    [
                        -86.0531797,
                        36.9320276
                    ],
                    [
                        -86.0536426,
                        36.9314255
                    ],
                    [
                        -86.054184,
                        36.9314819
                    ],
                    [
                        -86.056938,
                        36.9325544
                    ],
                    [
                        -86.0596056,
                        36.9334199
                    ],
                    [
                        -86.0599822,
                        36.9337523
                    ],
                    [
                        -86.0604059,
                        36.9346993
                    ],
                    [
                        -86.0606178,
                        36.9349439
                    ],
                    [
                        -86.0607904,
                        36.9349815
                    ],
                    [
                        -86.0605629,
                        36.9336331
                    ],
                    [
                        -86.0609316,
                        36.9333948
                    ],
                    [
                        -86.0626891,
                        36.9316136
                    ],
                    [
                        -86.063105,
                        36.9306101
                    ],
                    [
                        -86.0629559,
                        36.9299014
                    ],
                    [
                        -86.0618261,
                        36.9279508
                    ],
                    [
                        -86.0616378,
                        36.92738
                    ],
                    [
                        -86.0615593,
                        36.9258684
                    ],
                    [
                        -86.0616927,
                        36.9251283
                    ],
                    [
                        -86.0612455,
                        36.9242376
                    ],
                    [
                        -86.0603902,
                        36.9232466
                    ],
                    [
                        -86.0600999,
                        36.9225064
                    ],
                    [
                        -86.0602569,
                        36.9220987
                    ],
                    [
                        -86.0611435,
                        36.9221551
                    ],
                    [
                        -86.061473,
                        36.9223308
                    ],
                    [
                        -86.0613004,
                        36.9220673
                    ],
                    [
                        -86.0607276,
                        36.9216659
                    ],
                    [
                        -86.0603432,
                        36.921139
                    ],
                    [
                        -86.0602333,
                        36.9205682
                    ],
                    [
                        -86.0602569,
                        36.9187616
                    ],
                    [
                        -86.059943,
                        36.9170805
                    ],
                    [
                        -86.0602882,
                        36.9165786
                    ],
                    [
                        -86.0606099,
                        36.9163841
                    ],
                    [
                        -86.0611042,
                        36.916265
                    ],
                    [
                        -86.0615593,
                        36.9164469
                    ],
                    [
                        -86.0614259,
                        36.9160015
                    ],
                    [
                        -86.0615828,
                        36.915738
                    ],
                    [
                        -86.0605079,
                        36.9159701
                    ],
                    [
                        -86.0599509,
                        36.9158635
                    ],
                    [
                        -86.0580129,
                        36.9130343
                    ],
                    [
                        -86.0533184,
                        36.910319
                    ],
                    [
                        -86.0531187,
                        36.9099463
                    ],
                    [
                        -86.0536513,
                        36.9092543
                    ],
                    [
                        -86.05465,
                        36.9090946
                    ],
                    [
                        -86.0560703,
                        36.9092188
                    ],
                    [
                        -86.0558927,
                        36.9088462
                    ],
                    [
                        -86.0550272,
                        36.9084026
                    ],
                    [
                        -86.0553823,
                        36.9081541
                    ],
                    [
                        -86.0598651,
                        36.9054924
                    ],
                    [
                        -86.0615856,
                        36.9046767
                    ],
                    [
                        -86.0617504,
                        36.9047457
                    ],
                    [
                        -86.0620329,
                        36.9051159
                    ],
                    [
                        -86.0619309,
                        36.90553
                    ],
                    [
                        -86.0606598,
                        36.9065024
                    ],
                    [
                        -86.0603224,
                        36.907042
                    ],
                    [
                        -86.0612718,
                        36.906515
                    ],
                    [
                        -86.0619544,
                        36.9063205
                    ],
                    [
                        -86.0624801,
                        36.9063644
                    ],
                    [
                        -86.0630058,
                        36.9067157
                    ],
                    [
                        -86.0631548,
                        36.9071235
                    ],
                    [
                        -86.0625585,
                        36.9075627
                    ],
                    [
                        -86.0625507,
                        36.9083657
                    ],
                    [
                        -86.0619622,
                        36.9092817
                    ],
                    [
                        -86.0624487,
                        36.9090872
                    ],
                    [
                        -86.063147,
                        36.9085665
                    ],
                    [
                        -86.0635001,
                        36.9085226
                    ],
                    [
                        -86.0636884,
                        36.908761
                    ],
                    [
                        -86.0637355,
                        36.9100408
                    ],
                    [
                        -86.0642141,
                        36.9111951
                    ],
                    [
                        -86.0643553,
                        36.911283
                    ],
                    [
                        -86.0657598,
                        36.9110069
                    ],
                    [
                        -86.0668425,
                        36.9111449
                    ],
                    [
                        -86.0674545,
                        36.9114586
                    ],
                    [
                        -86.068192,
                        36.912111
                    ],
                    [
                        -86.0697835,
                        36.9129908
                    ],
                    [
                        -86.0696422,
                        36.9132418
                    ],
                    [
                        -86.0688262,
                        36.913844
                    ],
                    [
                        -86.0685909,
                        36.9144086
                    ],
                    [
                        -86.0692813,
                        36.9137562
                    ],
                    [
                        -86.0706779,
                        36.9135053
                    ],
                    [
                        -86.0717293,
                        36.913706
                    ],
                    [
                        -86.0725296,
                        36.9142455
                    ],
                    [
                        -86.0726394,
                        36.914509
                    ],
                    [
                        -86.0724354,
                        36.9156131
                    ],
                    [
                        -86.0713841,
                        36.9167924
                    ],
                    [
                        -86.0709133,
                        36.9175828
                    ],
                    [
                        -86.0708662,
                        36.918737
                    ],
                    [
                        -86.0723099,
                        36.9163658
                    ],
                    [
                        -86.0736908,
                        36.9145466
                    ],
                    [
                        -86.0745382,
                        36.9140322
                    ],
                    [
                        -86.0748834,
                        36.913982
                    ],
                    [
                        -86.0750874,
                        36.9142706
                    ],
                    [
                        -86.075213,
                        36.9148226
                    ],
                    [
                        -86.0747736,
                        36.9159267
                    ],
                    [
                        -86.0747265,
                        36.9164662
                    ],
                    [
                        -86.075213,
                        36.9175326
                    ],
                    [
                        -86.0754483,
                        36.9177584
                    ],
                    [
                        -86.0755268,
                        36.9162529
                    ],
                    [
                        -86.0758877,
                        36.9147599
                    ],
                    [
                        -86.0761702,
                        36.9142204
                    ],
                    [
                        -86.0765468,
                        36.9141451
                    ],
                    [
                        -86.0771117,
                        36.9144839
                    ],
                    [
                        -86.0774883,
                        36.9149606
                    ],
                    [
                        -86.0779591,
                        36.9160898
                    ],
                    [
                        -86.0786025,
                        36.9167924
                    ],
                    [
                        -86.0792616,
                        36.9178212
                    ],
                    [
                        -86.0797009,
                        36.9189628
                    ],
                    [
                        -86.0809877,
                        36.9207192
                    ],
                    [
                        -86.0816311,
                        36.9220741
                    ],
                    [
                        -86.0816625,
                        36.9236799
                    ],
                    [
                        -86.0819292,
                        36.9248591
                    ],
                    [
                        -86.0817723,
                        36.9259505
                    ],
                    [
                        -86.0812858,
                        36.9267031
                    ],
                    [
                        -86.0807209,
                        36.9270544
                    ],
                    [
                        -86.079748,
                        36.9274182
                    ],
                    [
                        -86.0800148,
                        36.9275812
                    ],
                    [
                        -86.0816625,
                        36.9270293
                    ],
                    [
                        -86.081992,
                        36.9270418
                    ],
                    [
                        -86.0822901,
                        36.9272174
                    ],
                    [
                        -86.0828864,
                        36.9282837
                    ],
                    [
                        -86.0833572,
                        36.9305542
                    ],
                    [
                        -86.0837181,
                        36.931081
                    ],
                    [
                        -86.0838594,
                        36.9305291
                    ],
                    [
                        -86.0837338,
                        36.9296259
                    ],
                    [
                        -86.0830591,
                        36.9273805
                    ],
                    [
                        -86.0826511,
                        36.9265275
                    ],
                    [
                        -86.0830591,
                        36.9247713
                    ],
                    [
                        -86.0837024,
                        36.9246333
                    ],
                    [
                        -86.0834043,
                        36.9244702
                    ],
                    [
                        -86.0829963,
                        36.9236548
                    ],
                    [
                        -86.0829492,
                        36.9209952
                    ],
                    [
                        -86.0827452,
                        36.9198034
                    ],
                    [
                        -86.0824314,
                        36.9192514
                    ],
                    [
                        -86.0818665,
                        36.9188374
                    ],
                    [
                        -86.081176,
                        36.9177082
                    ],
                    [
                        -86.0805169,
                        36.9169429
                    ],
                    [
                        -86.0800932,
                        36.9158263
                    ],
                    [
                        -86.0796852,
                        36.9152994
                    ],
                    [
                        -86.0790105,
                        36.9099921
                    ],
                    [
                        -86.0791203,
                        36.9088001
                    ],
                    [
                        -86.0794342,
                        36.9079846
                    ],
                    [
                        -86.0803914,
                        36.9071439
                    ],
                    [
                        -86.0807209,
                        36.9070686
                    ],
                    [
                        -86.0810818,
                        36.9071313
                    ],
                    [
                        -86.0813329,
                        36.9073446
                    ],
                    [
                        -86.0817409,
                        36.9084112
                    ],
                    [
                        -86.0816892,
                        36.9088064
                    ],
                    [
                        -86.0822149,
                        36.9090134
                    ],
                    [
                        -86.0829446,
                        36.9085115
                    ],
                    [
                        -86.0834232,
                        36.9085806
                    ],
                    [
                        -86.0836037,
                        36.9094212
                    ],
                    [
                        -86.0840509,
                        36.9096596
                    ],
                    [
                        -86.0843177,
                        36.9100486
                    ],
                    [
                        -86.0839175,
                        36.9126521
                    ],
                    [
                        -86.0841294,
                        36.913041
                    ],
                    [
                        -86.0842863,
                        36.914051
                    ],
                    [
                        -86.0845688,
                        36.9148352
                    ],
                    [
                        -86.0860281,
                        36.9163658
                    ],
                    [
                        -86.0877543,
                        36.9179341
                    ],
                    [
                        -86.0883349,
                        36.9183355
                    ],
                    [
                        -86.0886801,
                        36.9184296
                    ],
                    [
                        -86.0868441,
                        36.9161337
                    ],
                    [
                        -86.0855338,
                        36.913568
                    ],
                    [
                        -86.085424,
                        36.912489
                    ],
                    [
                        -86.0858477,
                        36.9111904
                    ],
                    [
                        -86.0861458,
                        36.9111339
                    ],
                    [
                        -86.0879426,
                        36.9118867
                    ],
                    [
                        -86.0862478,
                        36.9098855
                    ],
                    [
                        -86.0859889,
                        36.9086747
                    ],
                    [
                        -86.0861066,
                        36.9085617
                    ],
                    [
                        -86.086648,
                        36.9084676
                    ],
                    [
                        -86.0889077,
                        36.9082543
                    ],
                    [
                        -86.0926503,
                        36.9083484
                    ],
                    [
                        -86.0935212,
                        36.9084676
                    ],
                    [
                        -86.0938193,
                        36.9086182
                    ],
                    [
                        -86.0953807,
                        36.9103685
                    ],
                    [
                        -86.0956396,
                        36.9109332
                    ],
                    [
                        -86.0957259,
                        36.9123447
                    ],
                    [
                        -86.095875,
                        36.9126207
                    ],
                    [
                        -86.0963301,
                        36.911297
                    ],
                    [
                        -86.0966125,
                        36.9111088
                    ],
                    [
                        -86.0967851,
                        36.9111025
                    ],
                    [
                        -86.0972559,
                        36.9113472
                    ],
                    [
                        -86.0981739,
                        36.9121816
                    ],
                    [
                        -86.0981974,
                        36.9115919
                    ],
                    [
                        -86.0977031,
                        36.9109394
                    ],
                    [
                        -86.0982759,
                        36.9106007
                    ],
                    [
                        -86.0971539,
                        36.9105003
                    ],
                    [
                        -86.0968715,
                        36.9104438
                    ],
                    [
                        -86.0966361,
                        36.9102117
                    ],
                    [
                        -86.0963065,
                        36.9094651
                    ],
                    [
                        -86.0964556,
                        36.9089131
                    ],
                    [
                        -86.095977,
                        36.9086809
                    ],
                    [
                        -86.0956788,
                        36.9083045
                    ],
                    [
                        -86.0956082,
                        36.9077085
                    ],
                    [
                        -86.0967224,
                        36.9067737
                    ],
                    [
                        -86.0968871,
                        36.9067235
                    ],
                    [
                        -86.0970519,
                        36.9067549
                    ],
                    [
                        -86.0978051,
                        36.9074199
                    ],
                    [
                        -86.0983465,
                        36.9075642
                    ],
                    [
                        -86.0979071,
                        36.9066984
                    ],
                    [
                        -86.0975619,
                        36.9050296
                    ],
                    [
                        -86.0975619,
                        36.9045653
                    ],
                    [
                        -86.0977267,
                        36.9043018
                    ],
                    [
                        -86.0982131,
                        36.9042892
                    ],
                    [
                        -86.0995077,
                        36.9051299
                    ],
                    [
                        -86.1008808,
                        36.9058138
                    ],
                    [
                        -86.0994057,
                        36.9044084
                    ],
                    [
                        -86.0990919,
                        36.9038563
                    ],
                    [
                        -86.0992724,
                        36.9036116
                    ],
                    [
                        -86.1000727,
                        36.9032101
                    ],
                    [
                        -86.100818,
                        36.9031975
                    ],
                    [
                        -86.1016968,
                        36.9034861
                    ],
                    [
                        -86.1009907,
                        36.9028085
                    ],
                    [
                        -86.1008808,
                        36.9022376
                    ],
                    [
                        -86.1006376,
                        36.9024572
                    ],
                    [
                        -86.0986368,
                        36.9031411
                    ],
                    [
                        -86.0985673,
                        36.9003064
                    ],
                    [
                        -86.098989,
                        36.9001289
                    ],
                    [
                        -86.1014301,
                        36.8999515
                    ],
                    [
                        -86.102451,
                        36.8997563
                    ],
                    [
                        -86.1043373,
                        36.8990996
                    ],
                    [
                        -86.1072001,
                        36.8974136
                    ],
                    [
                        -86.1075083,
                        36.8967756
                    ],
                    [
                        -86.1088186,
                        36.8953324
                    ],
                    [
                        -86.1092055,
                        36.8947305
                    ],
                    [
                        -86.109089,
                        36.8933626
                    ],
                    [
                        -86.1091144,
                        36.8933267
                    ],
                    [
                        -86.1090736,
                        36.8930594
                    ],
                    [
                        -86.1089655,
                        36.8928957
                    ],
                    [
                        -86.1081306,
                        36.8916514
                    ],
                    [
                        -86.1079165,
                        36.8893339
                    ],
                    [
                        -86.1083391,
                        36.8875367
                    ],
                    [
                        -86.108646,
                        36.8862962
                    ],
                    [
                        -86.1088719,
                        36.8851408
                    ],
                    [
                        -86.1089049,
                        36.8849721
                    ],
                    [
                        -86.1090775,
                        36.8849093
                    ],
                    [
                        -86.1096974,
                        36.8864029
                    ],
                    [
                        -86.1096503,
                        36.8866916
                    ],
                    [
                        -86.1092609,
                        36.8867059
                    ],
                    [
                        -86.109146,
                        36.8868849
                    ],
                    [
                        -86.1097523,
                        36.8875011
                    ],
                    [
                        -86.1097951,
                        36.8877473
                    ],
                    [
                        -86.1093079,
                        36.888054
                    ],
                    [
                        -86.1103047,
                        36.8883351
                    ],
                    [
                        -86.1105676,
                        36.8885368
                    ],
                    [
                        -86.1105731,
                        36.8888118
                    ],
                    [
                        -86.1105066,
                        36.889007
                    ],
                    [
                        -86.1100128,
                        36.8893886
                    ],
                    [
                        -86.1100982,
                        36.8894699
                    ],
                    [
                        -86.1111013,
                        36.8891696
                    ],
                    [
                        -86.1113831,
                        36.8892333
                    ],
                    [
                        -86.1115163,
                        36.8893886
                    ],
                    [
                        -86.1112833,
                        36.8897259
                    ],
                    [
                        -86.112637,
                        36.890427
                    ],
                    [
                        -86.1128201,
                        36.8907065
                    ],
                    [
                        -86.1126925,
                        36.8912035
                    ],
                    [
                        -86.1112025,
                        36.8925135
                    ],
                    [
                        -86.1104461,
                        36.8931354
                    ],
                    [
                        -86.1102666,
                        36.8931818
                    ],
                    [
                        -86.1102367,
                        36.8932536
                    ],
                    [
                        -86.1101652,
                        36.8932946
                    ],
                    [
                        -86.1100819,
                        36.8932849
                    ],
                    [
                        -86.1100386,
                        36.8933103
                    ],
                    [
                        -86.1100276,
                        36.8933547
                    ],
                    [
                        -86.1100496,
                        36.8934148
                    ],
                    [
                        -86.1101095,
                        36.8934809
                    ],
                    [
                        -86.1100538,
                        36.8940882
                    ],
                    [
                        -86.1099799,
                        36.8942014
                    ],
                    [
                        -86.1098302,
                        36.8943701
                    ],
                    [
                        -86.1098071,
                        36.8944106
                    ],
                    [
                        -86.1098368,
                        36.8944572
                    ],
                    [
                        -86.1098929,
                        36.8944949
                    ],
                    [
                        -86.1099364,
                        36.8945242
                    ],
                    [
                        -86.1099356,
                        36.8946665
                    ],
                    [
                        -86.1099113,
                        36.8948137
                    ],
                    [
                        -86.1098648,
                        36.8948705
                    ],
                    [
                        -86.1098072,
                        36.8949094
                    ],
                    [
                        -86.1097995,
                        36.8949648
                    ],
                    [
                        -86.1099082,
                        36.8951303
                    ],
                    [
                        -86.1100305,
                        36.8953697
                    ],
                    [
                        -86.1100939,
                        36.8957822
                    ],
                    [
                        -86.1101263,
                        36.8964013
                    ],
                    [
                        -86.1101376,
                        36.8969696
                    ],
                    [
                        -86.1102569,
                        36.8994873
                    ],
                    [
                        -86.1108783,
                        36.9001261
                    ],
                    [
                        -86.1111546,
                        36.8972039
                    ],
                    [
                        -86.1112753,
                        36.8970701
                    ],
                    [
                        -86.1113604,
                        36.8970184
                    ],
                    [
                        -86.1113884,
                        36.8969984
                    ],
                    [
                        -86.111375,
                        36.8969682
                    ],
                    [
                        -86.1112895,
                        36.8969162
                    ],
                    [
                        -86.1112018,
                        36.8967669
                    ],
                    [
                        -86.111377,
                        36.8945837
                    ],
                    [
                        -86.1117765,
                        36.8938917
                    ],
                    [
                        -86.1122353,
                        36.8936934
                    ],
                    [
                        -86.1123342,
                        36.8935662
                    ],
                    [
                        -86.1122975,
                        36.8934284
                    ],
                    [
                        -86.1129502,
                        36.8929368
                    ],
                    [
                        -86.1131522,
                        36.8928516
                    ],
                    [
                        -86.1132895,
                        36.8928827
                    ],
                    [
                        -86.1134024,
                        36.8929838
                    ],
                    [
                        -86.1135959,
                        36.892992
                    ],
                    [
                        -86.1137565,
                        36.8928919
                    ],
                    [
                        -86.1137865,
                        36.8927176
                    ],
                    [
                        -86.1137495,
                        36.8923561
                    ],
                    [
                        -86.1142354,
                        36.8919359
                    ],
                    [
                        -86.1144464,
                        36.8919424
                    ],
                    [
                        -86.1146662,
                        36.8920913
                    ],
                    [
                        -86.1150122,
                        36.8923366
                    ],
                    [
                        -86.1154055,
                        36.8930094
                    ],
                    [
                        -86.1154499,
                        36.8934176
                    ],
                    [
                        -86.1151835,
                        36.8946422
                    ],
                    [
                        -86.1148063,
                        36.8948907
                    ],
                    [
                        -86.1147175,
                        36.8952811
                    ],
                    [
                        -86.1148729,
                        36.896417
                    ],
                    [
                        -86.1154055,
                        36.8971269
                    ],
                    [
                        -86.1153611,
                        36.89789
                    ],
                    [
                        -86.1158049,
                        36.8986354
                    ],
                    [
                        -86.1157605,
                        36.8990258
                    ],
                    [
                        -86.1154277,
                        36.8993275
                    ],
                    [
                        -86.1154055,
                        36.8997357
                    ],
                    [
                        -86.1164041,
                        36.8997889
                    ],
                    [
                        -86.1168701,
                        36.9000019
                    ],
                    [
                        -86.1172252,
                        36.9003036
                    ],
                    [
                        -86.1171365,
                        36.9010667
                    ],
                    [
                        -86.1178688,
                        36.9015991
                    ],
                    [
                        -86.1183348,
                        36.9014926
                    ],
                    [
                        -86.1180463,
                        36.9006585
                    ],
                    [
                        -86.1176247,
                        36.8998599
                    ],
                    [
                        -86.1168036,
                        36.8988306
                    ],
                    [
                        -86.1169367,
                        36.8971801
                    ],
                    [
                        -86.1168258,
                        36.8959201
                    ],
                    [
                        -86.1169367,
                        36.8955119
                    ],
                    [
                        -86.1174693,
                        36.8955119
                    ],
                    [
                        -86.1188674,
                        36.8958136
                    ],
                    [
                        -86.1197995,
                        36.8961863
                    ],
                    [
                        -86.1205097,
                        36.8958668
                    ],
                    [
                        -86.1215971,
                        36.8958136
                    ],
                    [
                        -86.1226401,
                        36.8958136
                    ],
                    [
                        -86.1242379,
                        36.8960798
                    ]
                ],
                [
                    [
                        -86.1075137,
                        36.8761628
                    ],
                    [
                        -86.1080817,
                        36.8771174
                    ],
                    [
                        -86.1080876,
                        36.8777366
                    ],
                    [
                        -86.108395,
                        36.8784191
                    ],
                    [
                        -86.1083521,
                        36.8788311
                    ],
                    [
                        -86.1084218,
                        36.8795691
                    ],
                    [
                        -86.1081203,
                        36.880049
                    ],
                    [
                        -86.1075067,
                        36.8792529
                    ],
                    [
                        -86.1059089,
                        36.8772469
                    ],
                    [
                        -86.1058645,
                        36.8768741
                    ],
                    [
                        -86.1056055,
                        36.8766726
                    ],
                    [
                        -86.1053097,
                        36.8763416
                    ],
                    [
                        -86.1034914,
                        36.8745427
                    ],
                    [
                        -86.1033524,
                        36.8738662
                    ],
                    [
                        -86.1031383,
                        36.873436
                    ],
                    [
                        -86.1035548,
                        36.8731705
                    ],
                    [
                        -86.1046354,
                        36.8730517
                    ],
                    [
                        -86.1052514,
                        36.8732225
                    ],
                    [
                        -86.1056453,
                        36.8736332
                    ],
                    [
                        -86.1057879,
                        36.8740164
                    ],
                    [
                        -86.1064017,
                        36.8739645
                    ],
                    [
                        -86.1066637,
                        36.8744666
                    ],
                    [
                        -86.1064048,
                        36.8746901
                    ],
                    [
                        -86.1056645,
                        36.874836
                    ],
                    [
                        -86.1056194,
                        36.8750035
                    ],
                    [
                        -86.1061044,
                        36.8752608
                    ],
                    [
                        -86.1061974,
                        36.8757025
                    ],
                    [
                        -86.1058255,
                        36.8765565
                    ],
                    [
                        -86.1060084,
                        36.876768
                    ],
                    [
                        -86.1063766,
                        36.8766073
                    ],
                    [
                        -86.1068178,
                        36.8763465
                    ],
                    [
                        -86.1071182,
                        36.8760676
                    ],
                    [
                        -86.1075137,
                        36.8761628
                    ]
                ],
                [
                    [
                        -86.0363625,
                        36.925666
                    ],
                    [
                        -86.0364956,
                        36.9260918
                    ],
                    [
                        -86.0361184,
                        36.9263225
                    ],
                    [
                        -86.0356523,
                        36.9264112
                    ],
                    [
                        -86.0352085,
                        36.9263047
                    ],
                    [
                        -86.0343652,
                        36.9258257
                    ],
                    [
                        -86.0329449,
                        36.9247258
                    ],
                    [
                        -86.0328117,
                        36.9243532
                    ],
                    [
                        -86.0331668,
                        36.9240339
                    ],
                    [
                        -86.0342098,
                        36.9241403
                    ],
                    [
                        -86.0351863,
                        36.9239274
                    ],
                    [
                        -86.0356967,
                        36.9241048
                    ],
                    [
                        -86.0361184,
                        36.92485
                    ],
                    [
                        -86.0363625,
                        36.925666
                    ]
                ],
                [
                    [
                        -86.0797579,
                        36.8966015
                    ],
                    [
                        -86.0794432,
                        36.8966153
                    ],
                    [
                        -86.0792019,
                        36.8968627
                    ],
                    [
                        -86.0791897,
                        36.8971816
                    ],
                    [
                        -86.0792286,
                        36.8976106
                    ],
                    [
                        -86.0794325,
                        36.8978165
                    ],
                    [
                        -86.079175,
                        36.8980224
                    ],
                    [
                        -86.0789282,
                        36.897838
                    ],
                    [
                        -86.0785845,
                        36.8978589
                    ],
                    [
                        -86.0779597,
                        36.8979455
                    ],
                    [
                        -86.0772769,
                        36.8980148
                    ],
                    [
                        -86.0771794,
                        36.8976363
                    ],
                    [
                        -86.0767218,
                        36.8971147
                    ],
                    [
                        -86.0763079,
                        36.8971028
                    ],
                    [
                        -86.0764177,
                        36.8974218
                    ],
                    [
                        -86.0761877,
                        36.897725
                    ],
                    [
                        -86.0757953,
                        36.8978131
                    ],
                    [
                        -86.0746999,
                        36.8975034
                    ],
                    [
                        -86.0742612,
                        36.8971044
                    ],
                    [
                        -86.0739179,
                        36.8970701
                    ],
                    [
                        -86.0730996,
                        36.8966145
                    ],
                    [
                        -86.0717013,
                        36.8956463
                    ],
                    [
                        -86.0704366,
                        36.8952657
                    ],
                    [
                        -86.0700904,
                        36.8950083
                    ],
                    [
                        -86.0700491,
                        36.8947665
                    ],
                    [
                        -86.070508,
                        36.894435
                    ],
                    [
                        -86.0709036,
                        36.8943035
                    ],
                    [
                        -86.070922,
                        36.8941014
                    ],
                    [
                        -86.0718212,
                        36.8938194
                    ],
                    [
                        -86.0730851,
                        36.8937018
                    ],
                    [
                        -86.0756371,
                        36.8936363
                    ],
                    [
                        -86.0777398,
                        36.8934776
                    ],
                    [
                        -86.0781294,
                        36.893567
                    ],
                    [
                        -86.0791297,
                        36.8933053
                    ],
                    [
                        -86.0793888,
                        36.8933895
                    ],
                    [
                        -86.0792313,
                        36.893719
                    ],
                    [
                        -86.0796685,
                        36.8937967
                    ],
                    [
                        -86.0798484,
                        36.8939403
                    ],
                    [
                        -86.0799472,
                        36.8944187
                    ],
                    [
                        -86.0804943,
                        36.8945329
                    ],
                    [
                        -86.0804195,
                        36.8951009
                    ],
                    [
                        -86.0800584,
                        36.8953671
                    ],
                    [
                        -86.079926,
                        36.8957873
                    ],
                    [
                        -86.0800011,
                        36.8962164
                    ],
                    [
                        -86.0797579,
                        36.8966015
                    ]
                ],
                [
                    [
                        -86.0852912,
                        36.896931
                    ],
                    [
                        -86.0850425,
                        36.896513
                    ],
                    [
                        -86.0848699,
                        36.8956721
                    ],
                    [
                        -86.0844148,
                        36.8948815
                    ],
                    [
                        -86.0844239,
                        36.8944676
                    ],
                    [
                        -86.0843573,
                        36.8942457
                    ],
                    [
                        -86.0838609,
                        36.8938237
                    ],
                    [
                        -86.0837803,
                        36.892817
                    ],
                    [
                        -86.083869,
                        36.8921248
                    ],
                    [
                        -86.0842078,
                        36.8913232
                    ],
                    [
                        -86.0846569,
                        36.8905984
                    ],
                    [
                        -86.0848832,
                        36.8902269
                    ],
                    [
                        -86.0856551,
                        36.8895364
                    ],
                    [
                        -86.0862829,
                        36.8896137
                    ],
                    [
                        -86.086835,
                        36.8887062
                    ],
                    [
                        -86.0879214,
                        36.8882086
                    ],
                    [
                        -86.0887195,
                        36.8882232
                    ],
                    [
                        -86.0898556,
                        36.8883094
                    ],
                    [
                        -86.0904314,
                        36.8888205
                    ],
                    [
                        -86.0911438,
                        36.8894452
                    ],
                    [
                        -86.0914286,
                        36.890327
                    ],
                    [
                        -86.0913898,
                        36.8904889
                    ],
                    [
                        -86.0916687,
                        36.8910209
                    ],
                    [
                        -86.0917116,
                        36.8917589
                    ],
                    [
                        -86.0914067,
                        36.8921615
                    ],
                    [
                        -86.0912901,
                        36.8925532
                    ],
                    [
                        -86.0912257,
                        36.8929501
                    ],
                    [
                        -86.0911795,
                        36.8934702
                    ],
                    [
                        -86.090755,
                        36.8940502
                    ],
                    [
                        -86.0904046,
                        36.8944218
                    ],
                    [
                        -86.0899213,
                        36.8948575
                    ],
                    [
                        -86.0894109,
                        36.894893
                    ],
                    [
                        -86.0890336,
                        36.8945913
                    ],
                    [
                        -86.0887719,
                        36.8942772
                    ],
                    [
                        -86.0887612,
                        36.8940284
                    ],
                    [
                        -86.088501,
                        36.8940535
                    ],
                    [
                        -86.0879887,
                        36.8937924
                    ],
                    [
                        -86.087756,
                        36.8936278
                    ],
                    [
                        -86.0870524,
                        36.893779
                    ],
                    [
                        -86.0876577,
                        36.8942718
                    ],
                    [
                        -86.0882125,
                        36.8948752
                    ],
                    [
                        -86.0882347,
                        36.8952479
                    ],
                    [
                        -86.0879791,
                        36.8955257
                    ],
                    [
                        -86.0870214,
                        36.8959827
                    ],
                    [
                        -86.0867442,
                        36.8965553
                    ],
                    [
                        -86.0859171,
                        36.8969919
                    ],
                    [
                        -86.0852912,
                        36.896931
                    ]
                ],
                [
                    [
                        -86.0761239,
                        36.9030591
                    ],
                    [
                        -86.0764016,
                        36.9029986
                    ],
                    [
                        -86.076702,
                        36.9031187
                    ],
                    [
                        -86.0777337,
                        36.9030178
                    ],
                    [
                        -86.0811946,
                        36.9020501
                    ],
                    [
                        -86.0833186,
                        36.9016238
                    ],
                    [
                        -86.0840316,
                        36.9015798
                    ],
                    [
                        -86.0840256,
                        36.9017475
                    ],
                    [
                        -86.0831527,
                        36.9027016
                    ],
                    [
                        -86.083252,
                        36.9027412
                    ],
                    [
                        -86.0844355,
                        36.9022261
                    ],
                    [
                        -86.0850952,
                        36.9015731
                    ],
                    [
                        -86.0857571,
                        36.9015616
                    ],
                    [
                        -86.0865259,
                        36.9016724
                    ],
                    [
                        -86.0885454,
                        36.9014239
                    ],
                    [
                        -86.0902501,
                        36.9012491
                    ],
                    [
                        -86.092428,
                        36.9010085
                    ],
                    [
                        -86.0927709,
                        36.9010605
                    ],
                    [
                        -86.0927791,
                        36.9021596
                    ],
                    [
                        -86.0923833,
                        36.9023766
                    ],
                    [
                        -86.0916039,
                        36.9026993
                    ],
                    [
                        -86.091379,
                        36.9030329
                    ],
                    [
                        -86.091658,
                        36.9034104
                    ],
                    [
                        -86.0922803,
                        36.9034834
                    ],
                    [
                        -86.0915507,
                        36.9036483
                    ],
                    [
                        -86.0905315,
                        36.9044614
                    ],
                    [
                        -86.0901023,
                        36.9043499
                    ],
                    [
                        -86.0896515,
                        36.9045366
                    ],
                    [
                        -86.0892208,
                        36.9050978
                    ],
                    [
                        -86.0888168,
                        36.9052649
                    ],
                    [
                        -86.0883803,
                        36.9052164
                    ],
                    [
                        -86.087801,
                        36.9051391
                    ],
                    [
                        -86.0873808,
                        36.9052377
                    ],
                    [
                        -86.0871841,
                        36.9051134
                    ],
                    [
                        -86.0873182,
                        36.9046587
                    ],
                    [
                        -86.0868994,
                        36.9044168
                    ],
                    [
                        -86.086327,
                        36.9050132
                    ],
                    [
                        -86.0860648,
                        36.9050168
                    ],
                    [
                        -86.0849467,
                        36.9044213
                    ],
                    [
                        -86.0838371,
                        36.9037292
                    ],
                    [
                        -86.0830382,
                        36.9034541
                    ],
                    [
                        -86.0810204,
                        36.9032689
                    ],
                    [
                        -86.0788605,
                        36.9034275
                    ],
                    [
                        -86.0763473,
                        36.903778
                    ],
                    [
                        -86.0761119,
                        36.9033161
                    ],
                    [
                        -86.0761239,
                        36.9030591
                    ]
                ]
            ]
        }
    }
]