[
    {
        "type": "Feature",
        "id": "way/38698167",
        "properties": {
            "@id": "way/38698167",
            "ele": "748",
            "gnis:feature_id": "431588",
            "name": "Brookville Lake",
            "natural": "water",
            "water": "reservoir",
            "wikidata": "Q107746933",
            "@timestamp": "2024-11-21T04:06:41Z",
            "@version": 31,
            "@changeset": 159392941,
            "@user": "Spaghetti Monster🍝",
            "@uid": 8758904,
            "@osm3s:version": 0.6,
            "@osm3s:generator": "Overpass API 0.7.62.5 1bd436f1",
            "@osm3s:timestamp_osm_base": "2025-02-16T09:18:00Z",
            "@osm3s:copyright": "The data included in this document is from www.openstreetmap.org. The data is made available under ODbL."
        },
        "geometry": {
            "type": "Polygon",
            "coordinates": [
                [
                    [
                        -84.9902398,
                        39.6192322
                    ],
                    [
                        -84.9900767,
                        39.6202371
                    ],
                    [
                        -84.9903274,
                        39.6202757
                    ],
                    [
                        -84.9904201,
                        39.62029
                    ],
                    [
                        -84.9907376,
                        39.6196289
                    ],
                    [
                        -84.9911668,
                        39.6190669
                    ],
                    [
                        -84.9915702,
                        39.6192322
                    ],
                    [
                        -84.9920508,
                        39.6196289
                    ],
                    [
                        -84.9921641,
                        39.6192711
                    ],
                    [
                        -84.9922225,
                        39.6190867
                    ],
                    [
                        -84.9918363,
                        39.6183859
                    ],
                    [
                        -84.9919221,
                        39.6176057
                    ],
                    [
                        -84.9922397,
                        39.6168652
                    ],
                    [
                        -84.9926431,
                        39.6161644
                    ],
                    [
                        -84.9933812,
                        39.6154503
                    ],
                    [
                        -84.9938447,
                        39.614842
                    ],
                    [
                        -84.9940164,
                        39.6144717
                    ],
                    [
                        -84.9938962,
                        39.6141609
                    ],
                    [
                        -84.9936559,
                        39.613632
                    ],
                    [
                        -84.9933812,
                        39.6129509
                    ],
                    [
                        -84.9929263,
                        39.6122236
                    ],
                    [
                        -84.9926688,
                        39.611774
                    ],
                    [
                        -84.9924113,
                        39.6116285
                    ],
                    [
                        -84.9920079,
                        39.6112318
                    ],
                    [
                        -84.9917676,
                        39.6109276
                    ],
                    [
                        -84.9917676,
                        39.6105044
                    ],
                    [
                        -84.9919564,
                        39.6102664
                    ],
                    [
                        -84.9921538,
                        39.6099556
                    ],
                    [
                        -84.9922997,
                        39.609658
                    ],
                    [
                        -84.9924542,
                        39.6092745
                    ],
                    [
                        -84.9922139,
                        39.6089439
                    ],
                    [
                        -84.9920937,
                        39.6089439
                    ],
                    [
                        -84.9916818,
                        39.6088315
                    ],
                    [
                        -84.9913814,
                        39.6089439
                    ],
                    [
                        -84.9911496,
                        39.6087852
                    ],
                    [
                        -84.9912354,
                        39.6086529
                    ],
                    [
                        -84.9912097,
                        39.6082165
                    ],
                    [
                        -84.9912955,
                        39.6079057
                    ],
                    [
                        -84.9914243,
                        39.6073965
                    ],
                    [
                        -84.9913814,
                        39.6069601
                    ],
                    [
                        -84.9912354,
                        39.6064972
                    ],
                    [
                        -84.9910981,
                        39.6059549
                    ],
                    [
                        -84.9907376,
                        39.605373
                    ],
                    [
                        -84.990463,
                        39.6047316
                    ],
                    [
                        -84.9903256,
                        39.6040703
                    ],
                    [
                        -84.9903514,
                        39.6035875
                    ],
                    [
                        -84.9905488,
                        39.6033627
                    ],
                    [
                        -84.9903943,
                        39.6030982
                    ],
                    [
                        -84.9903085,
                        39.6028336
                    ],
                    [
                        -84.990154,
                        39.6023046
                    ],
                    [
                        -84.9902055,
                        39.6016631
                    ],
                    [
                        -84.9902398,
                        39.6010679
                    ],
                    [
                        -84.9903771,
                        39.5999238
                    ],
                    [
                        -84.9905831,
                        39.5991104
                    ],
                    [
                        -84.9908063,
                        39.5983366
                    ],
                    [
                        -84.9907805,
                        39.5976091
                    ],
                    [
                        -84.9907548,
                        39.5967824
                    ],
                    [
                        -84.9908664,
                        39.5960218
                    ],
                    [
                        -84.9909694,
                        39.5951091
                    ],
                    [
                        -84.9909522,
                        39.594666
                    ],
                    [
                        -84.990935,
                        39.5940377
                    ],
                    [
                        -84.9910209,
                        39.5929463
                    ],
                    [
                        -84.9910809,
                        39.5921064
                    ],
                    [
                        -84.9910209,
                        39.5914449
                    ],
                    [
                        -84.990935,
                        39.5905719
                    ],
                    [
                        -84.9908492,
                        39.5902544
                    ],
                    [
                        -84.9908835,
                        39.5897583
                    ],
                    [
                        -84.9912526,
                        39.5893416
                    ],
                    [
                        -84.991141,
                        39.5889844
                    ],
                    [
                        -84.991141,
                        39.5887661
                    ],
                    [
                        -84.9902656,
                        39.588614
                    ],
                    [
                        -84.9893214,
                        39.5884685
                    ],
                    [
                        -84.9884803,
                        39.5883693
                    ],
                    [
                        -84.9880511,
                        39.5882039
                    ],
                    [
                        -84.987931,
                        39.5879923
                    ],
                    [
                        -84.9880168,
                        39.5877277
                    ],
                    [
                        -84.9882743,
                        39.5876218
                    ],
                    [
                        -84.9884803,
                        39.5876086
                    ],
                    [
                        -84.9894931,
                        39.5877541
                    ],
                    [
                        -84.9903514,
                        39.5878864
                    ],
                    [
                        -84.991141,
                        39.5879923
                    ],
                    [
                        -84.9913127,
                        39.5876748
                    ],
                    [
                        -84.9916388,
                        39.5875954
                    ],
                    [
                        -84.9930808,
                        39.5872779
                    ],
                    [
                        -84.9940421,
                        39.5870001
                    ],
                    [
                        -84.9943168,
                        39.5868149
                    ],
                    [
                        -84.9950549,
                        39.5863849
                    ],
                    [
                        -84.9956042,
                        39.5860343
                    ],
                    [
                        -84.9958617,
                        39.5858227
                    ],
                    [
                        -84.9961879,
                        39.5853927
                    ],
                    [
                        -84.9964196,
                        39.584976
                    ],
                    [
                        -84.996617,
                        39.5843145
                    ],
                    [
                        -84.9970204,
                        39.5830709
                    ],
                    [
                        -84.9975354,
                        39.583018
                    ],
                    [
                        -84.9983594,
                        39.5825284
                    ],
                    [
                        -84.9986169,
                        39.5825549
                    ],
                    [
                        -84.9984195,
                        39.5827732
                    ],
                    [
                        -84.9982478,
                        39.583137
                    ],
                    [
                        -84.9982907,
                        39.583481
                    ],
                    [
                        -84.9980761,
                        39.5836993
                    ],
                    [
                        -84.9980332,
                        39.5839308
                    ],
                    [
                        -84.9985311,
                        39.5839639
                    ],
                    [
                        -84.9987628,
                        39.5842086
                    ],
                    [
                        -84.9990804,
                        39.58403
                    ],
                    [
                        -84.9993379,
                        39.5837853
                    ],
                    [
                        -84.9992778,
                        39.5834545
                    ],
                    [
                        -84.9993894,
                        39.58319
                    ],
                    [
                        -84.999767,
                        39.5826806
                    ],
                    [
                        -84.999664,
                        39.5825681
                    ],
                    [
                        -84.9997498,
                        39.5823498
                    ],
                    [
                        -85.0000932,
                        39.5821051
                    ],
                    [
                        -85.0001618,
                        39.5818868
                    ],
                    [
                        -84.9999043,
                        39.581642
                    ],
                    [
                        -84.9998185,
                        39.5814237
                    ],
                    [
                        -85.0003077,
                        39.5808284
                    ],
                    [
                        -85.0006768,
                        39.5804645
                    ],
                    [
                        -85.0013806,
                        39.5803984
                    ],
                    [
                        -85.0015206,
                        39.5801795
                    ],
                    [
                        -85.0014763,
                        39.5800948
                    ],
                    [
                        -85.0012776,
                        39.5801936
                    ],
                    [
                        -85.0011231,
                        39.5801999
                    ],
                    [
                        -85.0011365,
                        39.5800782
                    ],
                    [
                        -85.0010839,
                        39.5799703
                    ],
                    [
                        -85.0011593,
                        39.5798674
                    ],
                    [
                        -85.0013532,
                        39.5797185
                    ],
                    [
                        -85.0014565,
                        39.5795802
                    ],
                    [
                        -85.0014066,
                        39.5794742
                    ],
                    [
                        -85.0015512,
                        39.5792927
                    ],
                    [
                        -85.0018151,
                        39.579008
                    ],
                    [
                        -85.0021281,
                        39.5785753
                    ],
                    [
                        -85.0024631,
                        39.5784407
                    ],
                    [
                        -85.0030162,
                        39.5786574
                    ],
                    [
                        -85.0031659,
                        39.5787115
                    ],
                    [
                        -85.0033547,
                        39.5788901
                    ],
                    [
                        -85.0036981,
                        39.5789562
                    ],
                    [
                        -85.0039985,
                        39.5789761
                    ],
                    [
                        -85.0041444,
                        39.5792076
                    ],
                    [
                        -85.0043847,
                        39.5793929
                    ],
                    [
                        -85.0044019,
                        39.5790621
                    ],
                    [
                        -85.0042989,
                        39.5787975
                    ],
                    [
                        -85.0040843,
                        39.5785858
                    ],
                    [
                        -85.0037839,
                        39.5783609
                    ],
                    [
                        -85.0030543,
                        39.5780433
                    ],
                    [
                        -85.0027368,
                        39.5778448
                    ],
                    [
                        -85.0028569,
                        39.5776596
                    ],
                    [
                        -85.0031144,
                        39.5776993
                    ],
                    [
                        -85.0033719,
                        39.5776464
                    ],
                    [
                        -85.0036981,
                        39.5775802
                    ],
                    [
                        -85.00411,
                        39.5772494
                    ],
                    [
                        -85.004213,
                        39.5768194
                    ],
                    [
                        -85.0041272,
                        39.5765085
                    ],
                    [
                        -85.0039727,
                        39.5760586
                    ],
                    [
                        -85.0040242,
                        39.5754103
                    ],
                    [
                        -85.0039126,
                        39.5749009
                    ],
                    [
                        -85.0033977,
                        39.5743055
                    ],
                    [
                        -85.0028398,
                        39.5739085
                    ],
                    [
                        -85.0024964,
                        39.5731477
                    ],
                    [
                        -85.0022819,
                        39.572453
                    ],
                    [
                        -85.0021531,
                        39.5719436
                    ],
                    [
                        -85.0022218,
                        39.5714937
                    ],
                    [
                        -85.0027539,
                        39.5709776
                    ],
                    [
                        -85.0032861,
                        39.5705807
                    ],
                    [
                        -85.0038268,
                        39.5701572
                    ],
                    [
                        -85.0042731,
                        39.5695155
                    ],
                    [
                        -85.0051572,
                        39.5686553
                    ],
                    [
                        -85.0057151,
                        39.5678415
                    ],
                    [
                        -85.0063331,
                        39.5669152
                    ],
                    [
                        -85.0065305,
                        39.5668027
                    ],
                    [
                        -85.0071313,
                        39.5670872
                    ],
                    [
                        -85.0074145,
                        39.5675504
                    ],
                    [
                        -85.0073029,
                        39.5678614
                    ],
                    [
                        -85.0077321,
                        39.56804
                    ],
                    [
                        -85.0080153,
                        39.568523
                    ],
                    [
                        -85.00829,
                        39.5688737
                    ],
                    [
                        -85.0084187,
                        39.5694956
                    ],
                    [
                        -85.0086162,
                        39.569747
                    ],
                    [
                        -85.0091311,
                        39.5700117
                    ],
                    [
                        -85.0094745,
                        39.570144
                    ],
                    [
                        -85.0097062,
                        39.5697338
                    ],
                    [
                        -85.0096204,
                        39.5690986
                    ],
                    [
                        -85.0094487,
                        39.5685032
                    ],
                    [
                        -85.0091483,
                        39.5678283
                    ],
                    [
                        -85.0091655,
                        39.5673453
                    ],
                    [
                        -85.0091483,
                        39.5669284
                    ],
                    [
                        -85.0088736,
                        39.5665182
                    ],
                    [
                        -85.0085475,
                        39.5661543
                    ],
                    [
                        -85.007878,
                        39.5658896
                    ],
                    [
                        -85.0074489,
                        39.5656713
                    ],
                    [
                        -85.0075175,
                        39.5650295
                    ],
                    [
                        -85.0078608,
                        39.5640568
                    ],
                    [
                        -85.0084016,
                        39.5638583
                    ],
                    [
                        -85.0090024,
                        39.563726
                    ],
                    [
                        -85.0095775,
                        39.563673
                    ],
                    [
                        -85.0101783,
                        39.563673
                    ],
                    [
                        -85.0106503,
                        39.5638054
                    ],
                    [
                        -85.0110967,
                        39.5639377
                    ],
                    [
                        -85.0113542,
                        39.5638583
                    ],
                    [
                        -85.011852,
                        39.5639576
                    ],
                    [
                        -85.0121524,
                        39.56407
                    ],
                    [
                        -85.0127789,
                        39.5645531
                    ],
                    [
                        -85.013354,
                        39.5648641
                    ],
                    [
                        -85.0137574,
                        39.5651023
                    ],
                    [
                        -85.0138432,
                        39.5654463
                    ],
                    [
                        -85.0139977,
                        39.5656316
                    ],
                    [
                        -85.0141694,
                        39.5653272
                    ],
                    [
                        -85.0145127,
                        39.5652147
                    ],
                    [
                        -85.0148389,
                        39.5651949
                    ],
                    [
                        -85.0154139,
                        39.5652809
                    ],
                    [
                        -85.015886,
                        39.5654132
                    ],
                    [
                        -85.0161864,
                        39.5653802
                    ],
                    [
                        -85.0167872,
                        39.5653669
                    ],
                    [
                        -85.0171906,
                        39.5654331
                    ],
                    [
                        -85.0174481,
                        39.5653669
                    ],
                    [
                        -85.0179889,
                        39.5651155
                    ],
                    [
                        -85.0183923,
                        39.5648508
                    ],
                    [
                        -85.0190446,
                        39.5638252
                    ],
                    [
                        -85.0188901,
                        39.5638054
                    ],
                    [
                        -85.0183579,
                        39.5640039
                    ],
                    [
                        -85.0181863,
                        39.5638451
                    ],
                    [
                        -85.0176713,
                        39.5637392
                    ],
                    [
                        -85.0172164,
                        39.5636598
                    ],
                    [
                        -85.0166585,
                        39.5635804
                    ],
                    [
                        -85.0161435,
                        39.5635804
                    ],
                    [
                        -85.0157315,
                        39.5636598
                    ],
                    [
                        -85.0151822,
                        39.5637591
                    ],
                    [
                        -85.014899,
                        39.5637127
                    ],
                    [
                        -85.0147531,
                        39.5635275
                    ],
                    [
                        -85.0145127,
                        39.563329
                    ],
                    [
                        -85.0144698,
                        39.5630974
                    ],
                    [
                        -85.0147016,
                        39.5626011
                    ],
                    [
                        -85.0146844,
                        39.5621379
                    ],
                    [
                        -85.0144441,
                        39.5618865
                    ],
                    [
                        -85.0141522,
                        39.5618203
                    ],
                    [
                        -85.0141522,
                        39.5620056
                    ],
                    [
                        -85.0139806,
                        39.5623894
                    ],
                    [
                        -85.0135686,
                        39.5624688
                    ],
                    [
                        -85.0133283,
                        39.5623364
                    ],
                    [
                        -85.0128648,
                        39.562085
                    ],
                    [
                        -85.0124957,
                        39.562085
                    ],
                    [
                        -85.011955,
                        39.5619262
                    ],
                    [
                        -85.0112512,
                        39.5617409
                    ],
                    [
                        -85.0106933,
                        39.5616416
                    ],
                    [
                        -85.0100667,
                        39.5615424
                    ],
                    [
                        -85.0095345,
                        39.5612711
                    ],
                    [
                        -85.0090367,
                        39.5611718
                    ],
                    [
                        -85.0088479,
                        39.5610064
                    ],
                    [
                        -85.0083758,
                        39.5607219
                    ],
                    [
                        -85.0080583,
                        39.5604969
                    ],
                    [
                        -85.0074918,
                        39.5598682
                    ],
                    [
                        -85.0071313,
                        39.5593918
                    ],
                    [
                        -85.0067021,
                        39.5588624
                    ],
                    [
                        -85.006745,
                        39.558558
                    ],
                    [
                        -85.0066163,
                        39.5581478
                    ],
                    [
                        -85.0062901,
                        39.5579625
                    ],
                    [
                        -85.0061185,
                        39.5577639
                    ],
                    [
                        -85.0059297,
                        39.5574198
                    ],
                    [
                        -85.0057408,
                        39.557036
                    ],
                    [
                        -85.0055005,
                        39.5568904
                    ],
                    [
                        -85.0050885,
                        39.5567713
                    ],
                    [
                        -85.0046594,
                        39.5564802
                    ],
                    [
                        -85.0045392,
                        39.5560633
                    ],
                    [
                        -85.004316,
                        39.5558647
                    ],
                    [
                        -85.0042817,
                        39.5554677
                    ],
                    [
                        -85.0041959,
                        39.5549713
                    ],
                    [
                        -85.0039727,
                        39.5546074
                    ],
                    [
                        -85.0037839,
                        39.5541441
                    ],
                    [
                        -85.0036551,
                        39.5536809
                    ],
                    [
                        -85.0036122,
                        39.5530853
                    ],
                    [
                        -85.0036294,
                        39.5528007
                    ],
                    [
                        -85.0038526,
                        39.5523573
                    ],
                    [
                        -85.0041701,
                        39.5521389
                    ],
                    [
                        -85.0044534,
                        39.5517617
                    ],
                    [
                        -85.0045735,
                        39.551411
                    ],
                    [
                        -85.004831,
                        39.5512984
                    ],
                    [
                        -85.0048139,
                        39.5510999
                    ],
                    [
                        -85.0046594,
                        39.5509874
                    ],
                    [
                        -85.0044019,
                        39.5510006
                    ],
                    [
                        -85.0043847,
                        39.5508153
                    ],
                    [
                        -85.0045735,
                        39.5505506
                    ],
                    [
                        -85.0046594,
                        39.550127
                    ],
                    [
                        -85.0047109,
                        39.5495976
                    ],
                    [
                        -85.0047967,
                        39.5491476
                    ],
                    [
                        -85.0047709,
                        39.5486181
                    ],
                    [
                        -85.0046851,
                        39.5482739
                    ],
                    [
                        -85.0050027,
                        39.5478107
                    ],
                    [
                        -85.0051743,
                        39.5474136
                    ],
                    [
                        -85.005243,
                        39.5466194
                    ],
                    [
                        -85.0051572,
                        39.5461097
                    ],
                    [
                        -85.0052602,
                        39.5452956
                    ],
                    [
                        -85.0050885,
                        39.5448787
                    ],
                    [
                        -85.004831,
                        39.5446536
                    ],
                    [
                        -85.0039384,
                        39.544005
                    ],
                    [
                        -85.0032517,
                        39.5433961
                    ],
                    [
                        -85.0026681,
                        39.5426813
                    ],
                    [
                        -85.0025136,
                        39.5422841
                    ],
                    [
                        -85.0023076,
                        39.5416619
                    ],
                    [
                        -85.0021703,
                        39.5411986
                    ],
                    [
                        -85.0022218,
                        39.5407882
                    ],
                    [
                        -85.0023248,
                        39.5402256
                    ],
                    [
                        -85.0026252,
                        39.5396961
                    ],
                    [
                        -85.0030286,
                        39.5391335
                    ],
                    [
                        -85.0035693,
                        39.5388157
                    ],
                    [
                        -85.0041272,
                        39.5386569
                    ],
                    [
                        -85.0046422,
                        39.5385046
                    ],
                    [
                        -85.0048568,
                        39.5382399
                    ],
                    [
                        -85.004728,
                        39.5380413
                    ],
                    [
                        -85.0050111,
                        39.5379517
                    ],
                    [
                        -85.0052512,
                        39.5378901
                    ],
                    [
                        -85.005363,
                        39.5377521
                    ],
                    [
                        -85.0052471,
                        39.5376317
                    ],
                    [
                        -85.0052737,
                        39.5375707
                    ],
                    [
                        -85.0051192,
                        39.5375175
                    ],
                    [
                        -85.0050047,
                        39.5375939
                    ],
                    [
                        -85.0048931,
                        39.5375347
                    ],
                    [
                        -85.0050157,
                        39.5374485
                    ],
                    [
                        -85.0053979,
                        39.5374751
                    ],
                    [
                        -85.0054175,
                        39.5373835
                    ],
                    [
                        -85.0051922,
                        39.537314
                    ],
                    [
                        -85.0049426,
                        39.5371344
                    ],
                    [
                        -85.0045392,
                        39.5370683
                    ],
                    [
                        -85.0041444,
                        39.537247
                    ],
                    [
                        -85.0038526,
                        39.5372271
                    ],
                    [
                        -85.0037152,
                        39.5370484
                    ],
                    [
                        -85.0038526,
                        39.5367042
                    ],
                    [
                        -85.0042302,
                        39.5359959
                    ],
                    [
                        -85.004728,
                        39.5351486
                    ],
                    [
                        -85.0051743,
                        39.5343212
                    ],
                    [
                        -85.0055863,
                        39.5335731
                    ],
                    [
                        -85.0060327,
                        39.5328979
                    ],
                    [
                        -85.0060155,
                        39.5325338
                    ],
                    [
                        -85.0062558,
                        39.5318255
                    ],
                    [
                        -85.0065133,
                        39.5313952
                    ],
                    [
                        -85.0071485,
                        39.5302963
                    ],
                    [
                        -85.0075776,
                        39.5295218
                    ],
                    [
                        -85.0077321,
                        39.5293033
                    ],
                    [
                        -85.0081784,
                        39.5292371
                    ],
                    [
                        -85.0082299,
                        39.5288134
                    ],
                    [
                        -85.0075776,
                        39.5273702
                    ],
                    [
                        -85.0078008,
                        39.5269266
                    ],
                    [
                        -85.00829,
                        39.5268207
                    ],
                    [
                        -85.0076034,
                        39.5265426
                    ],
                    [
                        -85.0075776,
                        39.5258475
                    ],
                    [
                        -85.0073459,
                        39.525298
                    ],
                    [
                        -85.0075776,
                        39.5248544
                    ],
                    [
                        -85.00726,
                        39.5244572
                    ],
                    [
                        -85.0074574,
                        39.5241063
                    ],
                    [
                        -85.0075004,
                        39.5233847
                    ],
                    [
                        -85.0080153,
                        39.5227027
                    ],
                    [
                        -85.0087878,
                        39.5219546
                    ],
                    [
                        -85.0094916,
                        39.5212793
                    ],
                    [
                        -85.0090196,
                        39.5214117
                    ],
                    [
                        -85.0081613,
                        39.5216633
                    ],
                    [
                        -85.007775,
                        39.5219281
                    ],
                    [
                        -85.0075004,
                        39.522524
                    ],
                    [
                        -85.0070712,
                        39.5229676
                    ],
                    [
                        -85.006745,
                        39.5228815
                    ],
                    [
                        -85.0065305,
                        39.5226034
                    ],
                    [
                        -85.0063588,
                        39.5223386
                    ],
                    [
                        -85.0063846,
                        39.5219413
                    ],
                    [
                        -85.0067279,
                        39.5217758
                    ],
                    [
                        -85.0070712,
                        39.5214646
                    ],
                    [
                        -85.0066764,
                        39.5215441
                    ],
                    [
                        -85.0061013,
                        39.5213124
                    ],
                    [
                        -85.0058696,
                        39.5209482
                    ],
                    [
                        -85.005758,
                        39.5207628
                    ],
                    [
                        -85.0054147,
                        39.5206304
                    ],
                    [
                        -85.0049855,
                        39.5202199
                    ],
                    [
                        -85.0042989,
                        39.5196571
                    ],
                    [
                        -85.0041272,
                        39.51924
                    ],
                    [
                        -85.0044448,
                        39.5185646
                    ],
                    [
                        -85.0044705,
                        39.5182932
                    ],
                    [
                        -85.0048568,
                        39.517737
                    ],
                    [
                        -85.0053031,
                        39.5174324
                    ],
                    [
                        -85.0055434,
                        39.5173199
                    ],
                    [
                        -85.0059897,
                        39.5174059
                    ],
                    [
                        -85.0062301,
                        39.5175648
                    ],
                    [
                        -85.006745,
                        39.5172536
                    ],
                    [
                        -85.0071914,
                        39.5170219
                    ],
                    [
                        -85.0079896,
                        39.5165716
                    ],
                    [
                        -85.0080325,
                        39.5160618
                    ],
                    [
                        -85.0075004,
                        39.5163267
                    ],
                    [
                        -85.006848,
                        39.5166577
                    ],
                    [
                        -85.0064017,
                        39.5166379
                    ],
                    [
                        -85.0061271,
                        39.5166908
                    ],
                    [
                        -85.0058181,
                        39.5165584
                    ],
                    [
                        -85.0060412,
                        39.5161611
                    ],
                    [
                        -85.0060873,
                        39.5154214
                    ],
                    [
                        -85.0061428,
                        39.5152216
                    ],
                    [
                        -85.006256,
                        39.5151572
                    ],
                    [
                        -85.0063771,
                        39.5148974
                    ],
                    [
                        -85.0063805,
                        39.5147374
                    ],
                    [
                        -85.0065255,
                        39.514579
                    ],
                    [
                        -85.0066253,
                        39.5145257
                    ],
                    [
                        -85.0068163,
                        39.5145941
                    ],
                    [
                        -85.0072039,
                        39.5144627
                    ],
                    [
                        -85.0065183,
                        39.5140947
                    ],
                    [
                        -85.0061278,
                        39.5141555
                    ],
                    [
                        -85.0058629,
                        39.5141554
                    ],
                    [
                        -85.0058604,
                        39.5139626
                    ],
                    [
                        -85.0058806,
                        39.5138784
                    ],
                    [
                        -85.0061227,
                        39.5138171
                    ],
                    [
                        -85.00629,
                        39.5136017
                    ],
                    [
                        -85.0062463,
                        39.5130795
                    ],
                    [
                        -85.0061015,
                        39.5130064
                    ],
                    [
                        -85.0061138,
                        39.5123576
                    ],
                    [
                        -85.006258,
                        39.5122029
                    ],
                    [
                        -85.0062676,
                        39.5117472
                    ],
                    [
                        -85.0060352,
                        39.5116534
                    ],
                    [
                        -85.0061349,
                        39.5114013
                    ],
                    [
                        -85.0065181,
                        39.5113073
                    ],
                    [
                        -85.0066348,
                        39.5110504
                    ],
                    [
                        -85.0061613,
                        39.5111918
                    ],
                    [
                        -85.0058106,
                        39.5109768
                    ],
                    [
                        -85.0057322,
                        39.5105062
                    ],
                    [
                        -85.0056121,
                        39.5099897
                    ],
                    [
                        -85.005243,
                        39.5096255
                    ],
                    [
                        -85.0051572,
                        39.5093143
                    ],
                    [
                        -85.0046851,
                        39.5089302
                    ],
                    [
                        -85.0040414,
                        39.5085461
                    ],
                    [
                        -85.0036122,
                        39.508268
                    ],
                    [
                        -85.0034577,
                        39.5079501
                    ],
                    [
                        -85.0035264,
                        39.5076058
                    ],
                    [
                        -85.0031659,
                        39.5072747
                    ],
                    [
                        -85.0029685,
                        39.5069965
                    ],
                    [
                        -85.0024278,
                        39.5068906
                    ],
                    [
                        -85.0018269,
                        39.506778
                    ],
                    [
                        -85.001209,
                        39.5065462
                    ],
                    [
                        -85.000694,
                        39.5063145
                    ],
                    [
                        -85.0004193,
                        39.5062019
                    ],
                    [
                        -84.9999215,
                        39.5062284
                    ],
                    [
                        -84.9992349,
                        39.5062813
                    ],
                    [
                        -84.9984624,
                        39.5063476
                    ],
                    [
                        -84.9972865,
                        39.5066257
                    ],
                    [
                        -84.996617,
                        39.5067714
                    ],
                    [
                        -84.9962737,
                        39.5068244
                    ],
                    [
                        -84.9960334,
                        39.5067449
                    ],
                    [
                        -84.9959304,
                        39.5063741
                    ],
                    [
                        -84.9960591,
                        39.5061754
                    ],
                    [
                        -84.9964282,
                        39.5060827
                    ],
                    [
                        -84.997132,
                        39.5058972
                    ],
                    [
                        -84.9977328,
                        39.5057648
                    ],
                    [
                        -84.9984366,
                        39.5056456
                    ],
                    [
                        -84.9989345,
                        39.5055661
                    ],
                    [
                        -84.9995181,
                        39.505533
                    ],
                    [
                        -84.9999644,
                        39.505533
                    ],
                    [
                        -84.9999816,
                        39.5052483
                    ],
                    [
                        -84.9998357,
                        39.5050496
                    ],
                    [
                        -84.9996039,
                        39.5047383
                    ],
                    [
                        -84.9993894,
                        39.5043145
                    ],
                    [
                        -84.9990804,
                        39.503831
                    ],
                    [
                        -84.9987027,
                        39.5032681
                    ],
                    [
                        -84.9982907,
                        39.5027714
                    ],
                    [
                        -84.9978616,
                        39.5023078
                    ],
                    [
                        -84.9975612,
                        39.5019568
                    ],
                    [
                        -84.9973037,
                        39.5015462
                    ],
                    [
                        -84.9971148,
                        39.50097
                    ],
                    [
                        -84.9969174,
                        39.5004402
                    ],
                    [
                        -84.9971749,
                        39.5001091
                    ],
                    [
                        -84.99775,
                        39.5000031
                    ],
                    [
                        -84.9979732,
                        39.4998442
                    ],
                    [
                        -84.9985482,
                        39.4996256
                    ],
                    [
                        -84.9990031,
                        39.4993143
                    ],
                    [
                        -84.9992091,
                        39.4991819
                    ],
                    [
                        -84.9989345,
                        39.4990759
                    ],
                    [
                        -84.9991748,
                        39.4988507
                    ],
                    [
                        -84.9996039,
                        39.4985659
                    ],
                    [
                        -84.9999473,
                        39.4982811
                    ],
                    [
                        -85.0001361,
                        39.4982679
                    ],
                    [
                        -85.0003764,
                        39.4981354
                    ],
                    [
                        -85.0009515,
                        39.4978175
                    ],
                    [
                        -85.0016124,
                        39.4975526
                    ],
                    [
                        -85.0018956,
                        39.4976387
                    ],
                    [
                        -85.0023248,
                        39.497738
                    ],
                    [
                        -85.0026681,
                        39.4978705
                    ],
                    [
                        -85.0030972,
                        39.4977248
                    ],
                    [
                        -85.0035693,
                        39.4974731
                    ],
                    [
                        -85.0030715,
                        39.4975261
                    ],
                    [
                        -85.002608,
                        39.4974599
                    ],
                    [
                        -85.0023505,
                        39.4971287
                    ],
                    [
                        -85.0020673,
                        39.4967446
                    ],
                    [
                        -85.0017497,
                        39.4964266
                    ],
                    [
                        -85.0014064,
                        39.4963604
                    ],
                    [
                        -85.0011489,
                        39.4964465
                    ],
                    [
                        -85.0008399,
                        39.4967446
                    ],
                    [
                        -85.0005481,
                        39.497089
                    ],
                    [
                        -85.0000331,
                        39.497089
                    ],
                    [
                        -84.9997241,
                        39.4968638
                    ],
                    [
                        -84.9992349,
                        39.4965989
                    ],
                    [
                        -84.9989345,
                        39.4966452
                    ],
                    [
                        -84.9988486,
                        39.4969101
                    ],
                    [
                        -84.9986083,
                        39.497089
                    ],
                    [
                        -84.9980761,
                        39.4971552
                    ],
                    [
                        -84.9975612,
                        39.4974069
                    ],
                    [
                        -84.997647,
                        39.49693
                    ],
                    [
                        -84.9978187,
                        39.4963141
                    ],
                    [
                        -84.9979045,
                        39.4957842
                    ],
                    [
                        -84.998265,
                        39.4956716
                    ],
                    [
                        -84.9987199,
                        39.4957378
                    ],
                    [
                        -84.999089,
                        39.4958968
                    ],
                    [
                        -84.999089,
                        39.4960028
                    ],
                    [
                        -84.9994494,
                        39.4958041
                    ],
                    [
                        -84.9996383,
                        39.4958306
                    ],
                    [
                        -84.9998786,
                        39.4959167
                    ],
                    [
                        -84.9999816,
                        39.4957643
                    ],
                    [
                        -85.0002047,
                        39.4955855
                    ],
                    [
                        -85.0004794,
                        39.4956054
                    ],
                    [
                        -85.0008056,
                        39.4956716
                    ],
                    [
                        -85.0007369,
                        39.4954199
                    ],
                    [
                        -85.0002648,
                        39.4953206
                    ],
                    [
                        -84.9997241,
                        39.4953868
                    ],
                    [
                        -84.9994065,
                        39.495453
                    ],
                    [
                        -84.9990203,
                        39.4951881
                    ],
                    [
                        -84.9989087,
                        39.4949232
                    ],
                    [
                        -84.9989945,
                        39.4944132
                    ],
                    [
                        -84.9988229,
                        39.4940952
                    ],
                    [
                        -84.9989345,
                        39.4937508
                    ],
                    [
                        -84.9992349,
                        39.4934991
                    ],
                    [
                        -84.9995782,
                        39.4931679
                    ],
                    [
                        -85.0000503,
                        39.49285
                    ],
                    [
                        -85.000076,
                        39.492638
                    ],
                    [
                        -84.9996812,
                        39.4925851
                    ],
                    [
                        -84.9992349,
                        39.4927175
                    ],
                    [
                        -84.9986512,
                        39.4931547
                    ],
                    [
                        -84.9984452,
                        39.4933799
                    ],
                    [
                        -84.9980504,
                        39.4935653
                    ],
                    [
                        -84.9979045,
                        39.4937773
                    ],
                    [
                        -84.9979045,
                        39.494029
                    ],
                    [
                        -84.9977929,
                        39.4942409
                    ],
                    [
                        -84.9976212,
                        39.4944926
                    ],
                    [
                        -84.9973466,
                        39.4939959
                    ],
                    [
                        -84.9970719,
                        39.4935985
                    ],
                    [
                        -84.9967029,
                        39.4933335
                    ],
                    [
                        -84.9963338,
                        39.4931679
                    ],
                    [
                        -84.9966599,
                        39.4929692
                    ],
                    [
                        -84.9962136,
                        39.492903
                    ],
                    [
                        -84.9962136,
                        39.4926712
                    ],
                    [
                        -84.9967029,
                        39.4920088
                    ],
                    [
                        -84.9970891,
                        39.4914325
                    ],
                    [
                        -84.9974153,
                        39.4908894
                    ],
                    [
                        -84.9977586,
                        39.4905185
                    ],
                    [
                        -84.9982736,
                        39.4902403
                    ],
                    [
                        -84.9985311,
                        39.4899886
                    ],
                    [
                        -84.9986512,
                        39.4897435
                    ],
                    [
                        -84.998737,
                        39.4894454
                    ],
                    [
                        -84.9989345,
                        39.4891937
                    ],
                    [
                        -84.9992349,
                        39.4887962
                    ],
                    [
                        -84.9995313,
                        39.4882376
                    ],
                    [
                        -84.9998575,
                        39.487807
                    ],
                    [
                        -85.000115,
                        39.4874427
                    ],
                    [
                        -85.0004583,
                        39.4868664
                    ],
                    [
                        -85.000527,
                        39.4861841
                    ],
                    [
                        -85.00063,
                        39.4856211
                    ],
                    [
                        -85.0008274,
                        39.4853031
                    ],
                    [
                        -85.0009733,
                        39.4851176
                    ],
                    [
                        -85.0011707,
                        39.4851044
                    ],
                    [
                        -85.0015999,
                        39.4852369
                    ],
                    [
                        -85.0019003,
                        39.4854223
                    ],
                    [
                        -85.0022436,
                        39.4856211
                    ],
                    [
                        -85.002544,
                        39.4857668
                    ],
                    [
                        -85.0028272,
                        39.4858463
                    ],
                    [
                        -85.0033594,
                        39.4856873
                    ],
                    [
                        -85.0038315,
                        39.4856211
                    ],
                    [
                        -85.0042606,
                        39.4857668
                    ],
                    [
                        -85.0044924,
                        39.48578
                    ],
                    [
                        -85.0047155,
                        39.4857668
                    ],
                    [
                        -85.0049473,
                        39.4856343
                    ],
                    [
                        -85.0052048,
                        39.4856211
                    ],
                    [
                        -85.0052906,
                        39.4857999
                    ],
                    [
                        -85.0055481,
                        39.4859523
                    ],
                    [
                        -85.0059172,
                        39.4862172
                    ],
                    [
                        -85.0057627,
                        39.4858463
                    ],
                    [
                        -85.0058313,
                        39.4856674
                    ],
                    [
                        -85.0057798,
                        39.4852898
                    ],
                    [
                        -85.0058657,
                        39.4850249
                    ],
                    [
                        -85.0060888,
                        39.4851574
                    ],
                    [
                        -85.0064922,
                        39.48527
                    ],
                    [
                        -85.007033,
                        39.4854223
                    ],
                    [
                        -85.0064922,
                        39.4849851
                    ],
                    [
                        -85.006003,
                        39.4846274
                    ],
                    [
                        -85.006106,
                        39.4842763
                    ],
                    [
                        -85.0064493,
                        39.4842432
                    ],
                    [
                        -85.0071789,
                        39.4841438
                    ],
                    [
                        -85.0078054,
                        39.4839782
                    ],
                    [
                        -85.0082517,
                        39.4841438
                    ],
                    [
                        -85.0087238,
                        39.4843094
                    ],
                    [
                        -85.0093847,
                        39.4844088
                    ],
                    [
                        -85.0099512,
                        39.4842432
                    ],
                    [
                        -85.0103975,
                        39.4841107
                    ],
                    [
                        -85.0111013,
                        39.4838987
                    ],
                    [
                        -85.011685,
                        39.4837132
                    ],
                    [
                        -85.0122343,
                        39.4833489
                    ],
                    [
                        -85.012775,
                        39.4830177
                    ],
                    [
                        -85.0132299,
                        39.4827659
                    ],
                    [
                        -85.013805,
                        39.4826533
                    ],
                    [
                        -85.0143801,
                        39.4826732
                    ],
                    [
                        -85.0148607,
                        39.4828057
                    ],
                    [
                        -85.0154959,
                        39.4830177
                    ],
                    [
                        -85.0161653,
                        39.4832694
                    ],
                    [
                        -85.0167833,
                        39.4835609
                    ],
                    [
                        -85.0172811,
                        39.4836934
                    ],
                    [
                        -85.0177961,
                        39.4838789
                    ],
                    [
                        -85.0183283,
                        39.4840908
                    ],
                    [
                        -85.0189977,
                        39.4841571
                    ],
                    [
                        -85.0197531,
                        39.4841571
                    ],
                    [
                        -85.0201135,
                        39.4841306
                    ],
                    [
                        -85.0205255,
                        39.4841107
                    ],
                    [
                        -85.0206714,
                        39.4841968
                    ],
                    [
                        -85.0208431,
                        39.4839583
                    ],
                    [
                        -85.0211006,
                        39.4838457
                    ],
                    [
                        -85.0215555,
                        39.4837994
                    ],
                    [
                        -85.021813,
                        39.4838789
                    ],
                    [
                        -85.0220877,
                        39.4841306
                    ],
                    [
                        -85.0224739,
                        39.4843558
                    ],
                    [
                        -85.0228601,
                        39.4845082
                    ],
                    [
                        -85.0228773,
                        39.4843094
                    ],
                    [
                        -85.0225597,
                        39.4839782
                    ],
                    [
                        -85.0224996,
                        39.483647
                    ],
                    [
                        -85.0223881,
                        39.4832495
                    ],
                    [
                        -85.0220705,
                        39.4829183
                    ],
                    [
                        -85.0215555,
                        39.482607
                    ],
                    [
                        -85.0212122,
                        39.4824215
                    ],
                    [
                        -85.0204998,
                        39.4824546
                    ],
                    [
                        -85.0202423,
                        39.482501
                    ],
                    [
                        -85.0196157,
                        39.482607
                    ],
                    [
                        -85.0189291,
                        39.4825208
                    ],
                    [
                        -85.0187059,
                        39.4823088
                    ],
                    [
                        -85.0182768,
                        39.4817789
                    ],
                    [
                        -85.0179077,
                        39.4813814
                    ],
                    [
                        -85.0175901,
                        39.4810369
                    ],
                    [
                        -85.0174528,
                        39.4813681
                    ],
                    [
                        -85.017264,
                        39.4818584
                    ],
                    [
                        -85.0170923,
                        39.4820571
                    ],
                    [
                        -85.0166202,
                        39.4820571
                    ],
                    [
                        -85.0160795,
                        39.4819776
                    ],
                    [
                        -85.0155645,
                        39.481812
                    ],
                    [
                        -85.0152469,
                        39.4815934
                    ],
                    [
                        -85.0148178,
                        39.4814145
                    ],
                    [
                        -85.0144745,
                        39.4811032
                    ],
                    [
                        -85.0140453,
                        39.4806527
                    ],
                    [
                        -85.013702,
                        39.4804009
                    ],
                    [
                        -85.0138994,
                        39.4801094
                    ],
                    [
                        -85.0143028,
                        39.4794271
                    ],
                    [
                        -85.0145603,
                        39.4789435
                    ],
                    [
                        -85.0149465,
                        39.478811
                    ],
                    [
                        -85.0152727,
                        39.478546
                    ],
                    [
                        -85.0155044,
                        39.478122
                    ],
                    [
                        -85.0156332,
                        39.477751
                    ],
                    [
                        -85.0161911,
                        39.4773667
                    ],
                    [
                        -85.0161653,
                        39.4769692
                    ],
                    [
                        -85.0161053,
                        39.4765386
                    ],
                    [
                        -85.0162769,
                        39.4761411
                    ],
                    [
                        -85.0165344,
                        39.4756574
                    ],
                    [
                        -85.0167919,
                        39.4751937
                    ],
                    [
                        -85.0170751,
                        39.4747829
                    ],
                    [
                        -85.0172211,
                        39.4743324
                    ],
                    [
                        -85.0170236,
                        39.4744649
                    ],
                    [
                        -85.0167662,
                        39.4746835
                    ],
                    [
                        -85.0166632,
                        39.4750148
                    ],
                    [
                        -85.0162512,
                        39.4753792
                    ],
                    [
                        -85.0159336,
                        39.4754587
                    ],
                    [
                        -85.0155903,
                        39.4753792
                    ],
                    [
                        -85.0151182,
                        39.4754454
                    ],
                    [
                        -85.0149036,
                        39.4756574
                    ],
                    [
                        -85.0147062,
                        39.4759754
                    ],
                    [
                        -85.0145603,
                        39.4762405
                    ],
                    [
                        -85.0144316,
                        39.4768367
                    ],
                    [
                        -85.0143028,
                        39.4771547
                    ],
                    [
                        -85.0140453,
                        39.4775522
                    ],
                    [
                        -85.0140024,
                        39.4779497
                    ],
                    [
                        -85.0138307,
                        39.4783737
                    ],
                    [
                        -85.0135475,
                        39.4788772
                    ],
                    [
                        -85.0131698,
                        39.4794867
                    ],
                    [
                        -85.0127407,
                        39.4798975
                    ],
                    [
                        -85.0122257,
                        39.4801492
                    ],
                    [
                        -85.0117107,
                        39.4803148
                    ],
                    [
                        -85.0112558,
                        39.4805334
                    ],
                    [
                        -85.0110498,
                        39.4807984
                    ],
                    [
                        -85.0105348,
                        39.4810104
                    ],
                    [
                        -85.0101229,
                        39.4810767
                    ],
                    [
                        -85.0097109,
                        39.4812754
                    ],
                    [
                        -85.0093504,
                        39.481441
                    ],
                    [
                        -85.0087066,
                        39.4816066
                    ],
                    [
                        -85.0081487,
                        39.4817391
                    ],
                    [
                        -85.0076338,
                        39.4817921
                    ],
                    [
                        -85.0074449,
                        39.4814808
                    ],
                    [
                        -85.0070501,
                        39.4812158
                    ],
                    [
                        -85.0067755,
                        39.4810303
                    ],
                    [
                        -85.0064751,
                        39.4808647
                    ],
                    [
                        -85.0060459,
                        39.4805798
                    ],
                    [
                        -85.005488,
                        39.4804473
                    ],
                    [
                        -85.004973,
                        39.4805136
                    ],
                    [
                        -85.004561,
                        39.4805798
                    ],
                    [
                        -85.004046,
                        39.4804473
                    ],
                    [
                        -85.0035568,
                        39.4804871
                    ],
                    [
                        -85.0031019,
                        39.4804871
                    ],
                    [
                        -85.0026127,
                        39.4805666
                    ],
                    [
                        -85.0022951,
                        39.4806262
                    ],
                    [
                        -85.0020548,
                        39.4804804
                    ],
                    [
                        -85.0017973,
                        39.4801823
                    ],
                    [
                        -85.0016256,
                        39.4798975
                    ],
                    [
                        -85.0015226,
                        39.4795
                    ],
                    [
                        -85.0015827,
                        39.4793542
                    ],
                    [
                        -85.0019518,
                        39.4793542
                    ],
                    [
                        -85.0023809,
                        39.4793012
                    ],
                    [
                        -85.0026728,
                        39.4794536
                    ],
                    [
                        -85.0028272,
                        39.4793873
                    ],
                    [
                        -85.0025698,
                        39.4792085
                    ],
                    [
                        -85.0025698,
                        39.4790097
                    ],
                    [
                        -85.0029302,
                        39.4787248
                    ],
                    [
                        -85.0027843,
                        39.4786785
                    ],
                    [
                        -85.0024668,
                        39.4785923
                    ],
                    [
                        -85.0023552,
                        39.4787248
                    ],
                    [
                        -85.0018659,
                        39.478705
                    ],
                    [
                        -85.001411,
                        39.4786586
                    ],
                    [
                        -85.0013681,
                        39.478281
                    ],
                    [
                        -85.0014969,
                        39.4779696
                    ],
                    [
                        -85.0016685,
                        39.477751
                    ],
                    [
                        -85.0012565,
                        39.4776715
                    ],
                    [
                        -85.0009991,
                        39.4774065
                    ],
                    [
                        -85.0009304,
                        39.477009
                    ],
                    [
                        -85.0008961,
                        39.4765982
                    ],
                    [
                        -85.0009304,
                        39.4763332
                    ],
                    [
                        -85.0010162,
                        39.4756839
                    ],
                    [
                        -85.0008961,
                        39.4750545
                    ],
                    [
                        -85.0007416,
                        39.4748227
                    ],
                    [
                        -85.0011535,
                        39.4747564
                    ],
                    [
                        -85.001557,
                        39.4746239
                    ],
                    [
                        -85.0017715,
                        39.4745046
                    ],
                    [
                        -85.0020119,
                        39.4741932
                    ],
                    [
                        -85.0016685,
                        39.4743258
                    ],
                    [
                        -85.0011535,
                        39.4742794
                    ],
                    [
                        -85.0006986,
                        39.4741932
                    ],
                    [
                        -85.0002695,
                        39.4739084
                    ],
                    [
                        -85.0000377,
                        39.4735108
                    ],
                    [
                        -84.9997974,
                        39.4731332
                    ],
                    [
                        -84.9995228,
                        39.4727158
                    ],
                    [
                        -84.9993254,
                        39.472305
                    ],
                    [
                        -84.9990936,
                        39.4717749
                    ],
                    [
                        -84.9986902,
                        39.4712316
                    ],
                    [
                        -84.9983211,
                        39.4705956
                    ],
                    [
                        -84.9981066,
                        39.470198
                    ],
                    [
                        -84.9977632,
                        39.4698535
                    ],
                    [
                        -84.99748,
                        39.4694162
                    ],
                    [
                        -84.9971796,
                        39.4688596
                    ],
                    [
                        -84.9971367,
                        39.4685085
                    ],
                    [
                        -84.9969908,
                        39.4683296
                    ],
                    [
                        -84.9968191,
                        39.467932
                    ],
                    [
                        -84.9966646,
                        39.4674814
                    ],
                    [
                        -84.9966646,
                        39.4670044
                    ],
                    [
                        -84.9966818,
                        39.4664875
                    ],
                    [
                        -84.9966818,
                        39.4660767
                    ],
                    [
                        -84.9964243,
                        39.466302
                    ],
                    [
                        -84.995978,
                        39.4664743
                    ],
                    [
                        -84.9953943,
                        39.4663219
                    ],
                    [
                        -84.9949909,
                        39.4661893
                    ],
                    [
                        -84.9944759,
                        39.4658448
                    ],
                    [
                        -84.9939438,
                        39.4654737
                    ],
                    [
                        -84.9935747,
                        39.4651424
                    ],
                    [
                        -84.9931713,
                        39.4646322
                    ],
                    [
                        -84.9930168,
                        39.4642677
                    ],
                    [
                        -84.9929138,
                        39.4637045
                    ],
                    [
                        -84.992828,
                        39.4633069
                    ],
                    [
                        -84.9928451,
                        39.4627901
                    ],
                    [
                        -84.9929138,
                        39.4622467
                    ],
                    [
                        -84.9931455,
                        39.4618822
                    ],
                    [
                        -84.9932743,
                        39.4615045
                    ],
                    [
                        -84.9934631,
                        39.461319
                    ],
                    [
                        -84.9937721,
                        39.4612196
                    ],
                    [
                        -84.9936605,
                        39.4611202
                    ],
                    [
                        -84.9933601,
                        39.4609214
                    ],
                    [
                        -84.9933172,
                        39.4607093
                    ],
                    [
                        -84.993446,
                        39.4605105
                    ],
                    [
                        -84.993343,
                        39.460378
                    ],
                    [
                        -84.9932056,
                        39.4602587
                    ],
                    [
                        -84.9929224,
                        39.4596623
                    ],
                    [
                        -84.9926048,
                        39.4589996
                    ],
                    [
                        -84.9918688,
                        39.4579666
                    ],
                    [
                        -84.9916113,
                        39.4572708
                    ],
                    [
                        -84.9915255,
                        39.4566412
                    ],
                    [
                        -84.9915255,
                        39.4560448
                    ],
                    [
                        -84.9918259,
                        39.4554483
                    ],
                    [
                        -84.99277,
                        39.4549844
                    ],
                    [
                        -84.9939287,
                        39.4546199
                    ],
                    [
                        -84.9949587,
                        39.4542554
                    ],
                    [
                        -84.9962462,
                        39.4535595
                    ],
                    [
                        -84.9967612,
                        39.4530625
                    ],
                    [
                        -84.9973191,
                        39.452698
                    ],
                    [
                        -84.9976195,
                        39.4521015
                    ],
                    [
                        -84.9982632,
                        39.4521015
                    ],
                    [
                        -84.9986494,
                        39.4520021
                    ],
                    [
                        -84.9990357,
                        39.4519358
                    ],
                    [
                        -84.9990786,
                        39.4517039
                    ],
                    [
                        -84.9992073,
                        39.4513062
                    ],
                    [
                        -84.9996365,
                        39.4515713
                    ],
                    [
                        -85.0000227,
                        39.4517039
                    ],
                    [
                        -85.0006665,
                        39.4518033
                    ],
                    [
                        -85.0014389,
                        39.4518364
                    ],
                    [
                        -85.001911,
                        39.4518696
                    ],
                    [
                        -85.0020397,
                        39.4517039
                    ],
                    [
                        -85.0015677,
                        39.4515382
                    ],
                    [
                        -85.0009669,
                        39.4511405
                    ],
                    [
                        -85.0008381,
                        39.4509417
                    ],
                    [
                        -85.000366,
                        39.4508092
                    ],
                    [
                        -85.000409,
                        39.4506435
                    ],
                    [
                        -85.0001515,
                        39.4502789
                    ],
                    [
                        -85.0003231,
                        39.4499807
                    ],
                    [
                        -85.000881,
                        39.4492185
                    ],
                    [
                        -85.0010527,
                        39.4487877
                    ],
                    [
                        -85.0017393,
                        39.4487214
                    ],
                    [
                        -85.001396,
                        39.4484232
                    ],
                    [
                        -85.001396,
                        39.4480918
                    ],
                    [
                        -85.0015248,
                        39.4473627
                    ],
                    [
                        -85.0016964,
                        39.4467993
                    ],
                    [
                        -85.001911,
                        39.4460703
                    ],
                    [
                        -85.0022114,
                        39.4455069
                    ],
                    [
                        -85.0025118,
                        39.4450098
                    ],
                    [
                        -85.0028981,
                        39.4443801
                    ],
                    [
                        -85.0033701,
                        39.4432864
                    ],
                    [
                        -85.0040568,
                        39.4425242
                    ],
                    [
                        -85.0045718,
                        39.4424579
                    ],
                    [
                        -85.0045288,
                        39.442259
                    ],
                    [
                        -85.0044859,
                        39.4414968
                    ],
                    [
                        -85.0043143,
                        39.4408008
                    ],
                    [
                        -85.0042713,
                        39.4401048
                    ],
                    [
                        -85.0035918,
                        39.4400571
                    ],
                    [
                        -84.9958331,
                        39.4395495
                    ],
                    [
                        -84.9956014,
                        39.4398732
                    ],
                    [
                        -84.9956816,
                        39.4402313
                    ],
                    [
                        -84.9956093,
                        39.4404693
                    ],
                    [
                        -84.9954308,
                        39.4409333
                    ],
                    [
                        -84.9949587,
                        39.4415299
                    ],
                    [
                        -84.9942721,
                        39.4421596
                    ],
                    [
                        -84.9935425,
                        39.442491
                    ],
                    [
                        -84.9924267,
                        39.4427893
                    ],
                    [
                        -84.9916113,
                        39.4428887
                    ],
                    [
                        -84.9910963,
                        39.4430876
                    ],
                    [
                        -84.9905813,
                        39.4433859
                    ],
                    [
                        -84.9902058,
                        39.4432367
                    ],
                    [
                        -84.9900746,
                        39.4433013
                    ],
                    [
                        -84.9901937,
                        39.4435376
                    ],
                    [
                        -84.9903058,
                        39.443617
                    ],
                    [
                        -84.9903852,
                        39.4438104
                    ],
                    [
                        -84.9903109,
                        39.443943
                    ],
                    [
                        -84.9898657,
                        39.4440056
                    ],
                    [
                        -84.9897536,
                        39.4437781
                    ],
                    [
                        -84.9897099,
                        39.4435909
                    ],
                    [
                        -84.9896508,
                        39.4434962
                    ],
                    [
                        -84.9896415,
                        39.443379
                    ],
                    [
                        -84.9890339,
                        39.4430476
                    ],
                    [
                        -84.9885364,
                        39.4430811
                    ],
                    [
                        -84.9879635,
                        39.4430213
                    ],
                    [
                        -84.986719,
                        39.4426899
                    ],
                    [
                        -84.9864615,
                        39.4424579
                    ],
                    [
                        -84.9859465,
                        39.4423916
                    ],
                    [
                        -84.9855173,
                        39.4423585
                    ],
                    [
                        -84.9856032,
                        39.442723
                    ],
                    [
                        -84.9862898,
                        39.4431539
                    ],
                    [
                        -84.9856461,
                        39.4437504
                    ],
                    [
                        -84.9865473,
                        39.4434853
                    ],
                    [
                        -84.9873627,
                        39.443883
                    ],
                    [
                        -84.9881352,
                        39.4440487
                    ],
                    [
                        -84.988736,
                        39.4443469
                    ],
                    [
                        -84.9888647,
                        39.4446452
                    ],
                    [
                        -84.9886931,
                        39.4453412
                    ],
                    [
                        -84.9891222,
                        39.4458383
                    ],
                    [
                        -84.9894656,
                        39.4461365
                    ],
                    [
                        -84.9895514,
                        39.4469319
                    ],
                    [
                        -84.9890364,
                        39.4475284
                    ],
                    [
                        -84.9879635,
                        39.4479261
                    ],
                    [
                        -84.9868906,
                        39.4480918
                    ],
                    [
                        -84.9859894,
                        39.4481249
                    ],
                    [
                        -84.9853028,
                        39.4481912
                    ],
                    [
                        -84.9843157,
                        39.4482906
                    ],
                    [
                        -84.9837578,
                        39.4484895
                    ],
                    [
                        -84.9829853,
                        39.4486883
                    ],
                    [
                        -84.9822987,
                        39.4489865
                    ],
                    [
                        -84.9820412,
                        39.4492185
                    ],
                    [
                        -84.9819554,
                        39.4496493
                    ],
                    [
                        -84.9813975,
                        39.4503452
                    ],
                    [
                        -84.9809683,
                        39.4502789
                    ],
                    [
                        -84.9804533,
                        39.449815
                    ],
                    [
                        -84.9801529,
                        39.4494173
                    ],
                    [
                        -84.9799813,
                        39.4490528
                    ],
                    [
                        -84.9793375,
                        39.449086
                    ],
                    [
                        -84.9796809,
                        39.4494836
                    ],
                    [
                        -84.9800242,
                        39.4499807
                    ],
                    [
                        -84.9802388,
                        39.450544
                    ],
                    [
                        -84.9805821,
                        39.4508092
                    ],
                    [
                        -84.9801958,
                        39.4510743
                    ],
                    [
                        -84.9796379,
                        39.4517039
                    ],
                    [
                        -84.97908,
                        39.4525323
                    ],
                    [
                        -84.978608,
                        39.4533939
                    ],
                    [
                        -84.9782217,
                        39.454156
                    ],
                    [
                        -84.978093,
                        39.454885
                    ],
                    [
                        -84.9779642,
                        39.4554152
                    ],
                    [
                        -84.9776209,
                        39.4558128
                    ],
                    [
                        -84.9772776,
                        39.4559122
                    ],
                    [
                        -84.9771059,
                        39.4562104
                    ],
                    [
                        -84.9777067,
                        39.4562104
                    ],
                    [
                        -84.9778784,
                        39.4565086
                    ],
                    [
                        -84.9780072,
                        39.4571382
                    ],
                    [
                        -84.9780994,
                        39.4576279
                    ],
                    [
                        -84.9780994,
                        39.4579261
                    ],
                    [
                        -84.9782968,
                        39.4581249
                    ],
                    [
                        -84.9782968,
                        39.4584827
                    ],
                    [
                        -84.9782711,
                        39.4586351
                    ],
                    [
                        -84.9784942,
                        39.4586815
                    ],
                    [
                        -84.9789234,
                        39.4590129
                    ],
                    [
                        -84.9793268,
                        39.4593972
                    ],
                    [
                        -84.9797817,
                        39.4597948
                    ],
                    [
                        -84.9800735,
                        39.4600732
                    ],
                    [
                        -84.9806143,
                        39.4602256
                    ],
                    [
                        -84.9811035,
                        39.4603912
                    ],
                    [
                        -84.9816013,
                        39.4607557
                    ],
                    [
                        -84.9819275,
                        39.461087
                    ],
                    [
                        -84.982245,
                        39.4614846
                    ],
                    [
                        -84.9824167,
                        39.4619154
                    ],
                    [
                        -84.9824425,
                        39.4623461
                    ],
                    [
                        -84.9824596,
                        39.4628431
                    ],
                    [
                        -84.9823309,
                        39.4632274
                    ],
                    [
                        -84.9818588,
                        39.463625
                    ],
                    [
                        -84.9811722,
                        39.463837
                    ],
                    [
                        -84.9802967,
                        39.4639033
                    ],
                    [
                        -84.979713,
                        39.4639894
                    ],
                    [
                        -84.9793526,
                        39.464122
                    ],
                    [
                        -84.9794126,
                        39.464387
                    ],
                    [
                        -84.9799276,
                        39.4644135
                    ],
                    [
                        -84.9806143,
                        39.4643473
                    ],
                    [
                        -84.9813267,
                        39.4645328
                    ],
                    [
                        -84.9819876,
                        39.4647846
                    ],
                    [
                        -84.9820133,
                        39.4649966
                    ],
                    [
                        -84.9818588,
                        39.4652749
                    ],
                    [
                        -84.9817043,
                        39.4654472
                    ],
                    [
                        -84.9815584,
                        39.4658249
                    ],
                    [
                        -84.9816013,
                        39.4663881
                    ],
                    [
                        -84.9817301,
                        39.4667327
                    ],
                    [
                        -84.981876,
                        39.4670507
                    ],
                    [
                        -84.981876,
                        39.467435
                    ],
                    [
                        -84.9818159,
                        39.4677266
                    ],
                    [
                        -84.981876,
                        39.4681639
                    ],
                    [
                        -84.9819446,
                        39.4685747
                    ],
                    [
                        -84.9820305,
                        39.4690054
                    ],
                    [
                        -84.9821335,
                        39.4693168
                    ],
                    [
                        -84.9824167,
                        39.4697011
                    ],
                    [
                        -84.9828287,
                        39.4700655
                    ],
                    [
                        -84.983275,
                        39.4703306
                    ],
                    [
                        -84.9837042,
                        39.4706817
                    ],
                    [
                        -84.9840303,
                        39.4711654
                    ],
                    [
                        -84.984305,
                        39.4716756
                    ],
                    [
                        -84.9843307,
                        39.4722255
                    ],
                    [
                        -84.9844423,
                        39.4728019
                    ],
                    [
                        -84.9845024,
                        39.4732193
                    ],
                    [
                        -84.9845625,
                        39.4737493
                    ],
                    [
                        -84.984614,
                        39.4740939
                    ],
                    [
                        -84.9846311,
                        39.4745046
                    ],
                    [
                        -84.9843565,
                        39.4747895
                    ],
                    [
                        -84.9844423,
                        39.4750545
                    ],
                    [
                        -84.9839874,
                        39.4752665
                    ],
                    [
                        -84.9837042,
                        39.4754786
                    ],
                    [
                        -84.9836183,
                        39.4757634
                    ],
                    [
                        -84.98379,
                        39.4759291
                    ],
                    [
                        -84.9842878,
                        39.4761941
                    ],
                    [
                        -84.9844166,
                        39.4767108
                    ],
                    [
                        -84.9843736,
                        39.4771083
                    ],
                    [
                        -84.9840303,
                        39.4775058
                    ],
                    [
                        -84.9840732,
                        39.4777311
                    ],
                    [
                        -84.9838072,
                        39.4781949
                    ],
                    [
                        -84.983378,
                        39.4783472
                    ],
                    [
                        -84.9831205,
                        39.4785592
                    ],
                    [
                        -84.98276,
                        39.478811
                    ],
                    [
                        -84.982288,
                        39.4787248
                    ],
                    [
                        -84.9817472,
                        39.4786122
                    ],
                    [
                        -84.9814554,
                        39.4786255
                    ],
                    [
                        -84.9811464,
                        39.4784797
                    ],
                    [
                        -84.9810863,
                        39.478228
                    ],
                    [
                        -84.9810606,
                        39.4779762
                    ],
                    [
                        -84.980743,
                        39.4778172
                    ],
                    [
                        -84.9803396,
                        39.4776649
                    ],
                    [
                        -84.9801679,
                        39.4776317
                    ],
                    [
                        -84.9801851,
                        39.4779497
                    ],
                    [
                        -84.9803396,
                        39.4782147
                    ],
                    [
                        -84.9805713,
                        39.4784267
                    ],
                    [
                        -84.9804598,
                        39.4786917
                    ],
                    [
                        -84.9800564,
                        39.4787447
                    ],
                    [
                        -84.9797388,
                        39.4786785
                    ],
                    [
                        -84.9793011,
                        39.4788308
                    ],
                    [
                        -84.9788719,
                        39.4790495
                    ],
                    [
                        -84.9789577,
                        39.4793608
                    ],
                    [
                        -84.9790264,
                        39.4797583
                    ],
                    [
                        -84.9785286,
                        39.4799571
                    ],
                    [
                        -84.9780136,
                        39.4800233
                    ],
                    [
                        -84.9776703,
                        39.4800233
                    ],
                    [
                        -84.9776102,
                        39.4798246
                    ],
                    [
                        -84.9776531,
                        39.4795596
                    ],
                    [
                        -84.977224,
                        39.4795132
                    ],
                    [
                        -84.9767519,
                        39.4793145
                    ],
                    [
                        -84.9764944,
                        39.4792946
                    ],
                    [
                        -84.9761511,
                        39.4792615
                    ],
                    [
                        -84.9759193,
                        39.4793277
                    ],
                    [
                        -84.975576,
                        39.4794602
                    ],
                    [
                        -84.9753357,
                        39.479447
                    ],
                    [
                        -84.9750095,
                        39.4792946
                    ],
                    [
                        -84.9746319,
                        39.4792283
                    ],
                    [
                        -84.9742628,
                        39.4791952
                    ],
                    [
                        -84.9737907,
                        39.4790627
                    ],
                    [
                        -84.9736191,
                        39.4789633
                    ],
                    [
                        -84.9729753,
                        39.4788772
                    ],
                    [
                        -84.9723144,
                        39.4788971
                    ],
                    [
                        -84.9716278,
                        39.4787315
                    ],
                    [
                        -84.9709154,
                        39.4785195
                    ],
                    [
                        -84.9702717,
                        39.4784334
                    ],
                    [
                        -84.9696709,
                        39.4784665
                    ],
                    [
                        -84.9690271,
                        39.4784797
                    ],
                    [
                        -84.968658,
                        39.478599
                    ],
                    [
                        -84.9684263,
                        39.4787977
                    ],
                    [
                        -84.9680572,
                        39.4790495
                    ],
                    [
                        -84.967568,
                        39.4791621
                    ],
                    [
                        -84.9669929,
                        39.4792747
                    ],
                    [
                        -84.9666496,
                        39.4792482
                    ],
                    [
                        -84.9663235,
                        39.4791422
                    ],
                    [
                        -84.966066,
                        39.4791952
                    ],
                    [
                        -84.9656797,
                        39.4793277
                    ],
                    [
                        -84.9655338,
                        39.479394
                    ],
                    [
                        -84.9652763,
                        39.4795596
                    ],
                    [
                        -84.9649931,
                        39.479659
                    ],
                    [
                        -84.9647422,
                        39.4798462
                    ],
                    [
                        -84.9645038,
                        39.4801889
                    ],
                    [
                        -84.9645897,
                        39.4804009
                    ],
                    [
                        -84.9648472,
                        39.4805069
                    ],
                    [
                        -84.965036,
                        39.4804208
                    ],
                    [
                        -84.965139,
                        39.4802221
                    ],
                    [
                        -84.9653107,
                        39.4801359
                    ],
                    [
                        -84.9652935,
                        39.4803744
                    ],
                    [
                        -84.9649673,
                        39.4805533
                    ],
                    [
                        -84.9647613,
                        39.4806394
                    ],
                    [
                        -84.964418,
                        39.4806196
                    ],
                    [
                        -84.9641777,
                        39.4804672
                    ],
                    [
                        -84.9640747,
                        39.4801558
                    ],
                    [
                        -84.9639631,
                        39.4800564
                    ],
                    [
                        -84.9638172,
                        39.4802684
                    ],
                    [
                        -84.9639889,
                        39.4806394
                    ],
                    [
                        -84.9641949,
                        39.4807852
                    ],
                    [
                        -84.9645382,
                        39.4808845
                    ],
                    [
                        -84.9648214,
                        39.4808382
                    ],
                    [
                        -84.9652506,
                        39.4807057
                    ],
                    [
                        -84.9655338,
                        39.4805732
                    ],
                    [
                        -84.965963,
                        39.4804672
                    ],
                    [
                        -84.9666839,
                        39.4803877
                    ],
                    [
                        -84.9673363,
                        39.4803744
                    ],
                    [
                        -84.9681259,
                        39.4804009
                    ],
                    [
                        -84.9686409,
                        39.4803744
                    ],
                    [
                        -84.9693104,
                        39.4805202
                    ],
                    [
                        -84.9697567,
                        39.4808183
                    ],
                    [
                        -84.970512,
                        39.4809707
                    ],
                    [
                        -84.9709755,
                        39.4811827
                    ],
                    [
                        -84.9712845,
                        39.4813151
                    ],
                    [
                        -84.971645,
                        39.4814145
                    ],
                    [
                        -84.9717308,
                        39.4816994
                    ],
                    [
                        -84.9716278,
                        39.4819644
                    ],
                    [
                        -84.9714905,
                        39.4822294
                    ],
                    [
                        -84.9713875,
                        39.4825407
                    ],
                    [
                        -84.9712587,
                        39.4827063
                    ],
                    [
                        -84.9715763,
                        39.4825871
                    ],
                    [
                        -84.9719883,
                        39.4823618
                    ],
                    [
                        -84.9722629,
                        39.4823221
                    ],
                    [
                        -84.9724346,
                        39.4822426
                    ],
                    [
                        -84.9726921,
                        39.4819445
                    ],
                    [
                        -84.9730354,
                        39.4816795
                    ],
                    [
                        -84.9733787,
                        39.4815801
                    ],
                    [
                        -84.9738594,
                        39.4816464
                    ],
                    [
                        -84.9743057,
                        39.4817259
                    ],
                    [
                        -84.9748207,
                        39.4817921
                    ],
                    [
                        -84.9753271,
                        39.4818981
                    ],
                    [
                        -84.9759794,
                        39.4819114
                    ],
                    [
                        -84.9765802,
                        39.4819445
                    ],
                    [
                        -84.9774128,
                        39.4819776
                    ],
                    [
                        -84.9778419,
                        39.4820306
                    ],
                    [
                        -84.9782282,
                        39.4821896
                    ],
                    [
                        -84.9785715,
                        39.4825606
                    ],
                    [
                        -84.9786745,
                        39.4830243
                    ],
                    [
                        -84.978623,
                        39.4835476
                    ],
                    [
                        -84.9784342,
                        39.4838126
                    ],
                    [
                        -84.9783226,
                        39.4842101
                    ],
                    [
                        -84.978108,
                        39.4845612
                    ],
                    [
                        -84.9781767,
                        39.4849586
                    ],
                    [
                        -84.9784513,
                        39.4852898
                    ],
                    [
                        -84.978726,
                        39.4855349
                    ],
                    [
                        -84.9786659,
                        39.485833
                    ],
                    [
                        -84.9785801,
                        39.4861775
                    ],
                    [
                        -84.97852,
                        39.4866809
                    ],
                    [
                        -84.9784513,
                        39.4869923
                    ],
                    [
                        -84.9784513,
                        39.4873897
                    ],
                    [
                        -84.9782368,
                        39.4876878
                    ],
                    [
                        -84.9784084,
                        39.4883171
                    ],
                    [
                        -84.9784427,
                        39.4890126
                    ],
                    [
                        -84.9783398,
                        39.4893902
                    ],
                    [
                        -84.9779964,
                        39.4899068
                    ],
                    [
                        -84.9775844,
                        39.4903838
                    ],
                    [
                        -84.9773098,
                        39.4908209
                    ],
                    [
                        -84.9768034,
                        39.4911985
                    ],
                    [
                        -84.9761511,
                        39.491629
                    ],
                    [
                        -84.9756361,
                        39.4920463
                    ],
                    [
                        -84.9749323,
                        39.4923775
                    ],
                    [
                        -84.9742885,
                        39.4927087
                    ],
                    [
                        -84.9737736,
                        39.49302
                    ],
                    [
                        -84.9732328,
                        39.4932651
                    ],
                    [
                        -84.9730268,
                        39.49353
                    ],
                    [
                        -84.9727865,
                        39.4938347
                    ],
                    [
                        -84.9722715,
                        39.4941923
                    ],
                    [
                        -84.9715849,
                        39.494497
                    ],
                    [
                        -84.9710871,
                        39.4948414
                    ],
                    [
                        -84.9709411,
                        39.4951726
                    ],
                    [
                        -84.9712416,
                        39.4948547
                    ],
                    [
                        -84.9717136,
                        39.494656
                    ],
                    [
                        -84.9719711,
                        39.4946957
                    ],
                    [
                        -84.9721857,
                        39.4949077
                    ],
                    [
                        -84.9719711,
                        39.4951594
                    ],
                    [
                        -84.9718595,
                        39.4954243
                    ],
                    [
                        -84.9718252,
                        39.4957356
                    ],
                    [
                        -84.9722029,
                        39.4956031
                    ],
                    [
                        -84.972632,
                        39.4953581
                    ],
                    [
                        -84.9732586,
                        39.4950269
                    ],
                    [
                        -84.9735761,
                        39.4948083
                    ],
                    [
                        -84.9738165,
                        39.494497
                    ],
                    [
                        -84.9740568,
                        39.4943248
                    ],
                    [
                        -84.9743486,
                        39.4941659
                    ],
                    [
                        -84.9745031,
                        39.4939274
                    ],
                    [
                        -84.9746919,
                        39.4938612
                    ],
                    [
                        -84.9750868,
                        39.4938148
                    ],
                    [
                        -84.9755331,
                        39.4938347
                    ],
                    [
                        -84.9754644,
                        39.493636
                    ],
                    [
                        -84.9757219,
                        39.4932518
                    ],
                    [
                        -84.9761167,
                        39.4931326
                    ],
                    [
                        -84.9764772,
                        39.4929869
                    ],
                    [
                        -84.976975,
                        39.4927219
                    ],
                    [
                        -84.9774385,
                        39.4924702
                    ],
                    [
                        -84.978005,
                        39.4920927
                    ],
                    [
                        -84.9783827,
                        39.4917284
                    ],
                    [
                        -84.978726,
                        39.4916489
                    ],
                    [
                        -84.9788376,
                        39.4913972
                    ],
                    [
                        -84.9789835,
                        39.491013
                    ],
                    [
                        -84.9791981,
                        39.4906156
                    ],
                    [
                        -84.9795843,
                        39.4903043
                    ],
                    [
                        -84.9797817,
                        39.4900194
                    ],
                    [
                        -84.9801851,
                        39.4898406
                    ],
                    [
                        -84.9802452,
                        39.4896088
                    ],
                    [
                        -84.9801851,
                        39.4891451
                    ],
                    [
                        -84.9801594,
                        39.4888006
                    ],
                    [
                        -84.9800993,
                        39.4886152
                    ],
                    [
                        -84.9803139,
                        39.4883502
                    ],
                    [
                        -84.9808031,
                        39.4878865
                    ],
                    [
                        -84.9811636,
                        39.4875884
                    ],
                    [
                        -84.9814468,
                        39.4872374
                    ],
                    [
                        -84.9814726,
                        39.4870386
                    ],
                    [
                        -84.981361,
                        39.4866611
                    ],
                    [
                        -84.9812494,
                        39.486363
                    ],
                    [
                        -84.9810434,
                        39.485833
                    ],
                    [
                        -84.9809576,
                        39.4854886
                    ],
                    [
                        -84.9810434,
                        39.4849918
                    ],
                    [
                        -84.9811292,
                        39.4847533
                    ],
                    [
                        -84.9811807,
                        39.4843426
                    ],
                    [
                        -84.9812408,
                        39.4840908
                    ],
                    [
                        -84.9814726,
                        39.4837994
                    ],
                    [
                        -84.9818846,
                        39.4838921
                    ],
                    [
                        -84.9819704,
                        39.483647
                    ],
                    [
                        -84.9822965,
                        39.483117
                    ],
                    [
                        -84.9827257,
                        39.4825672
                    ],
                    [
                        -84.983069,
                        39.4822757
                    ],
                    [
                        -84.9836012,
                        39.4818584
                    ],
                    [
                        -84.9842192,
                        39.4815073
                    ],
                    [
                        -84.9848371,
                        39.4810833
                    ],
                    [
                        -84.9853178,
                        39.4807322
                    ],
                    [
                        -84.9856954,
                        39.4804009
                    ],
                    [
                        -84.9863821,
                        39.4797848
                    ],
                    [
                        -84.9865795,
                        39.4794536
                    ],
                    [
                        -84.9867941,
                        39.4791621
                    ],
                    [
                        -84.9871546,
                        39.4789103
                    ],
                    [
                        -84.9873949,
                        39.4787248
                    ],
                    [
                        -84.9876352,
                        39.4783472
                    ],
                    [
                        -84.987867,
                        39.4778172
                    ],
                    [
                        -84.9881416,
                        39.4777179
                    ],
                    [
                        -84.988339,
                        39.4779166
                    ],
                    [
                        -84.9888969,
                        39.478334
                    ],
                    [
                        -84.9892574,
                        39.4785791
                    ],
                    [
                        -84.9899097,
                        39.4789965
                    ],
                    [
                        -84.9902531,
                        39.4792615
                    ],
                    [
                        -84.9905277,
                        39.4794602
                    ],
                    [
                        -84.9909569,
                        39.4796722
                    ],
                    [
                        -84.9914289,
                        39.479924
                    ],
                    [
                        -84.9917293,
                        39.4801889
                    ],
                    [
                        -84.9920812,
                        39.4804937
                    ],
                    [
                        -84.9923988,
                        39.4807785
                    ],
                    [
                        -84.9927421,
                        39.4810767
                    ],
                    [
                        -84.9929138,
                        39.4812754
                    ],
                    [
                        -84.9931455,
                        39.4812887
                    ],
                    [
                        -84.9935146,
                        39.481441
                    ],
                    [
                        -84.9939867,
                        39.4817723
                    ],
                    [
                        -84.9942013,
                        39.4820174
                    ],
                    [
                        -84.9942442,
                        39.4823486
                    ],
                    [
                        -84.9941412,
                        39.4826798
                    ],
                    [
                        -84.9939695,
                        39.4829846
                    ],
                    [
                        -84.9944158,
                        39.4828521
                    ],
                    [
                        -84.9945188,
                        39.4830773
                    ],
                    [
                        -84.99433,
                        39.4832959
                    ],
                    [
                        -84.9940725,
                        39.4835145
                    ],
                    [
                        -84.9942613,
                        39.4836801
                    ],
                    [
                        -84.9944588,
                        39.4841107
                    ],
                    [
                        -84.9943729,
                        39.4844751
                    ],
                    [
                        -84.994227,
                        39.4849719
                    ],
                    [
                        -84.9940039,
                        39.4853362
                    ],
                    [
                        -84.9935014,
                        39.4857889
                    ],
                    [
                        -84.9930121,
                        39.4861665
                    ],
                    [
                        -84.9921538,
                        39.4865441
                    ],
                    [
                        -84.9916388,
                        39.4866633
                    ],
                    [
                        -84.9913384,
                        39.4865176
                    ],
                    [
                        -84.9912955,
                        39.4868753
                    ],
                    [
                        -84.990669,
                        39.4873125
                    ],
                    [
                        -84.990051,
                        39.4876437
                    ],
                    [
                        -84.9888923,
                        39.4882663
                    ],
                    [
                        -84.988034,
                        39.48873
                    ],
                    [
                        -84.9873731,
                        39.4892069
                    ],
                    [
                        -84.9867894,
                        39.4899223
                    ],
                    [
                        -84.9866349,
                        39.4903065
                    ],
                    [
                        -84.9865491,
                        39.4908496
                    ],
                    [
                        -84.9864633,
                        39.4913133
                    ],
                    [
                        -84.9863774,
                        39.4916114
                    ],
                    [
                        -84.9865319,
                        39.4920419
                    ],
                    [
                        -84.9864289,
                        39.4921413
                    ],
                    [
                        -84.9864289,
                        39.4925718
                    ],
                    [
                        -84.9862916,
                        39.4931812
                    ],
                    [
                        -84.9859998,
                        39.4933534
                    ],
                    [
                        -84.9855449,
                        39.4934196
                    ],
                    [
                        -84.9855449,
                        39.4937309
                    ],
                    [
                        -84.9862058,
                        39.493817
                    ],
                    [
                        -84.9862058,
                        39.4941615
                    ],
                    [
                        -84.9861028,
                        39.4945589
                    ],
                    [
                        -84.9860599,
                        39.4949894
                    ],
                    [
                        -84.9861028,
                        39.4956186
                    ],
                    [
                        -84.9858453,
                        39.4960955
                    ],
                    [
                        -84.9855878,
                        39.4964134
                    ],
                    [
                        -84.9857594,
                        39.4965591
                    ],
                    [
                        -84.9860169,
                        39.4964796
                    ],
                    [
                        -84.9864633,
                        39.4965326
                    ],
                    [
                        -84.9868752,
                        39.496579
                    ],
                    [
                        -84.9869353,
                        39.4969565
                    ],
                    [
                        -84.9868752,
                        39.4975526
                    ],
                    [
                        -84.9867293,
                        39.4981487
                    ],
                    [
                        -84.98667,
                        39.4984003
                    ],
                    [
                        -84.9865577,
                        39.4988772
                    ],
                    [
                        -84.9864203,
                        39.4994931
                    ],
                    [
                        -84.9868752,
                        39.4997581
                    ],
                    [
                        -84.9873301,
                        39.500321
                    ],
                    [
                        -84.9876048,
                        39.5006853
                    ],
                    [
                        -84.9878451,
                        39.501235
                    ],
                    [
                        -84.9880168,
                        39.5016986
                    ],
                    [
                        -84.9880769,
                        39.5019966
                    ],
                    [
                        -84.9878194,
                        39.502076
                    ],
                    [
                        -84.9874761,
                        39.5019966
                    ],
                    [
                        -84.9871757,
                        39.5020098
                    ],
                    [
                        -84.9868066,
                        39.5021555
                    ],
                    [
                        -84.9866006,
                        39.5021092
                    ],
                    [
                        -84.9861457,
                        39.5021754
                    ],
                    [
                        -84.9857766,
                        39.502288
                    ],
                    [
                        -84.9854333,
                        39.5024867
                    ],
                    [
                        -84.9855191,
                        39.5026721
                    ],
                    [
                        -84.9859998,
                        39.5027251
                    ],
                    [
                        -84.9865319,
                        39.5027714
                    ],
                    [
                        -84.9871327,
                        39.5028045
                    ],
                    [
                        -84.9878194,
                        39.5027516
                    ],
                    [
                        -84.9883515,
                        39.5027052
                    ],
                    [
                        -84.9888322,
                        39.5030694
                    ],
                    [
                        -84.9892957,
                        39.5036324
                    ],
                    [
                        -84.989433,
                        39.5040099
                    ],
                    [
                        -84.9896905,
                        39.5044933
                    ],
                    [
                        -84.9897248,
                        39.5050562
                    ],
                    [
                        -84.9897935,
                        39.5054668
                    ],
                    [
                        -84.9901196,
                        39.5059304
                    ],
                    [
                        -84.9902656,
                        39.5063807
                    ],
                    [
                        -84.9902055,
                        39.5067913
                    ],
                    [
                        -84.9900681,
                        39.5070959
                    ],
                    [
                        -84.9898107,
                        39.5076058
                    ],
                    [
                        -84.9902226,
                        39.5074932
                    ],
                    [
                        -84.9909951,
                        39.5073409
                    ],
                    [
                        -84.9917676,
                        39.5071621
                    ],
                    [
                        -84.9923255,
                        39.5069899
                    ],
                    [
                        -84.9929521,
                        39.5068575
                    ],
                    [
                        -84.9934842,
                        39.5067648
                    ],
                    [
                        -84.9938104,
                        39.5066985
                    ],
                    [
                        -84.9941022,
                        39.506778
                    ],
                    [
                        -84.9942567,
                        39.5070959
                    ],
                    [
                        -84.9941537,
                        39.5073409
                    ],
                    [
                        -84.9933726,
                        39.5075065
                    ],
                    [
                        -84.9921538,
                        39.5077382
                    ],
                    [
                        -84.9911239,
                        39.5079501
                    ],
                    [
                        -84.9901797,
                        39.5081687
                    ],
                    [
                        -84.9900252,
                        39.5084336
                    ],
                    [
                        -84.9896647,
                        39.5087448
                    ],
                    [
                        -84.9895961,
                        39.5090494
                    ],
                    [
                        -84.9893043,
                        39.5093143
                    ],
                    [
                        -84.9891326,
                        39.50946
                    ],
                    [
                        -84.9886348,
                        39.5094269
                    ],
                    [
                        -84.9884631,
                        39.5095394
                    ],
                    [
                        -84.9888236,
                        39.5097778
                    ],
                    [
                        -84.9892356,
                        39.5097778
                    ],
                    [
                        -84.9895961,
                        39.5096586
                    ],
                    [
                        -84.9899222,
                        39.5094467
                    ],
                    [
                        -84.9904801,
                        39.5093938
                    ],
                    [
                        -84.9908492,
                        39.5096454
                    ],
                    [
                        -84.9907634,
                        39.5100891
                    ],
                    [
                        -84.9905402,
                        39.5109963
                    ],
                    [
                        -84.9903686,
                        39.5115459
                    ],
                    [
                        -84.9900081,
                        39.5123074
                    ],
                    [
                        -84.9896819,
                        39.5129166
                    ],
                    [
                        -84.9891669,
                        39.5135456
                    ],
                    [
                        -84.988506,
                        39.5142078
                    ],
                    [
                        -84.9881026,
                        39.5144263
                    ],
                    [
                        -84.9879052,
                        39.5144594
                    ],
                    [
                        -84.9876048,
                        39.5151547
                    ],
                    [
                        -84.9873301,
                        39.5157042
                    ],
                    [
                        -84.9864718,
                        39.5162803
                    ],
                    [
                        -84.9858624,
                        39.516757
                    ],
                    [
                        -84.9852616,
                        39.5169954
                    ],
                    [
                        -84.9846436,
                        39.517108
                    ],
                    [
                        -84.9842954,
                        39.5172246
                    ],
                    [
                        -84.9841314,
                        39.5172943
                    ],
                    [
                        -84.9839837,
                        39.5173554
                    ],
                    [
                        -84.9838245,
                        39.5174054
                    ],
                    [
                        -84.9836688,
                        39.5174396
                    ],
                    [
                        -84.9835309,
                        39.5174607
                    ],
                    [
                        -84.9834316,
                        39.5174872
                    ],
                    [
                        -84.9834017,
                        39.5175324
                    ],
                    [
                        -84.9833841,
                        39.5175674
                    ],
                    [
                        -84.9833482,
                        39.5175962
                    ],
                    [
                        -84.9832593,
                        39.5176187
                    ],
                    [
                        -84.9831873,
                        39.5176139
                    ],
                    [
                        -84.9831279,
                        39.5176193
                    ],
                    [
                        -84.9830787,
                        39.5176404
                    ],
                    [
                        -84.9829935,
                        39.5176684
                    ],
                    [
                        -84.9829677,
                        39.5177557
                    ],
                    [
                        -84.9829619,
                        39.5178009
                    ],
                    [
                        -84.9829521,
                        39.5178517
                    ],
                    [
                        -84.9829244,
                        39.5179249
                    ],
                    [
                        -84.982867,
                        39.5180086
                    ],
                    [
                        -84.982856,
                        39.5180368
                    ],
                    [
                        -84.9828411,
                        39.518068
                    ],
                    [
                        -84.9827948,
                        39.5181242
                    ],
                    [
                        -84.9827349,
                        39.5181864
                    ],
                    [
                        -84.9826496,
                        39.5182733
                    ],
                    [
                        -84.9826518,
                        39.5183262
                    ],
                    [
                        -84.9826163,
                        39.5183627
                    ],
                    [
                        -84.9826684,
                        39.518349
                    ],
                    [
                        -84.9827333,
                        39.518321
                    ],
                    [
                        -84.9827554,
                        39.5182977
                    ],
                    [
                        -84.9827652,
                        39.5182714
                    ],
                    [
                        -84.9828538,
                        39.5181813
                    ],
                    [
                        -84.9829027,
                        39.51811
                    ],
                    [
                        -84.9829516,
                        39.5180555
                    ],
                    [
                        -84.9829781,
                        39.5180322
                    ],
                    [
                        -84.9829862,
                        39.5180073
                    ],
                    [
                        -84.9830445,
                        39.5179385
                    ],
                    [
                        -84.9831022,
                        39.5179091
                    ],
                    [
                        -84.9831768,
                        39.5178863
                    ],
                    [
                        -84.9832331,
                        39.5178879
                    ],
                    [
                        -84.9832513,
                        39.5178475
                    ],
                    [
                        -84.9832227,
                        39.5178463
                    ],
                    [
                        -84.983198,
                        39.5178314
                    ],
                    [
                        -84.9831895,
                        39.5177937
                    ],
                    [
                        -84.9832194,
                        39.5177371
                    ],
                    [
                        -84.983273,
                        39.5177118
                    ],
                    [
                        -84.9833497,
                        39.5176863
                    ],
                    [
                        -84.9834382,
                        39.517676
                    ],
                    [
                        -84.9834818,
                        39.5176689
                    ],
                    [
                        -84.9835153,
                        39.5176728
                    ],
                    [
                        -84.9835376,
                        39.5176759
                    ],
                    [
                        -84.9835558,
                        39.5176885
                    ],
                    [
                        -84.9835516,
                        39.5177088
                    ],
                    [
                        -84.983523,
                        39.5177182
                    ],
                    [
                        -84.9834432,
                        39.5177589
                    ],
                    [
                        -84.9834036,
                        39.51779
                    ],
                    [
                        -84.9833792,
                        39.5178491
                    ],
                    [
                        -84.9833437,
                        39.5178722
                    ],
                    [
                        -84.9833015,
                        39.5178665
                    ],
                    [
                        -84.9832611,
                        39.5178495
                    ],
                    [
                        -84.9832419,
                        39.5178889
                    ],
                    [
                        -84.9832821,
                        39.5178984
                    ],
                    [
                        -84.983294,
                        39.5179108
                    ],
                    [
                        -84.9832918,
                        39.5179251
                    ],
                    [
                        -84.9832752,
                        39.5179393
                    ],
                    [
                        -84.983254,
                        39.5179445
                    ],
                    [
                        -84.9832265,
                        39.517958
                    ],
                    [
                        -84.9832235,
                        39.5179779
                    ],
                    [
                        -84.9832398,
                        39.5180032
                    ],
                    [
                        -84.9834099,
                        39.5180851
                    ],
                    [
                        -84.9837515,
                        39.5182226
                    ],
                    [
                        -84.983983,
                        39.5182986
                    ],
                    [
                        -84.9842196,
                        39.5183494
                    ],
                    [
                        -84.9844529,
                        39.5183822
                    ],
                    [
                        -84.9845719,
                        39.5183947
                    ],
                    [
                        -84.9846979,
                        39.5184087
                    ],
                    [
                        -84.984881,
                        39.5184212
                    ],
                    [
                        -84.9851035,
                        39.5184108
                    ],
                    [
                        -84.9851888,
                        39.5183903
                    ],
                    [
                        -84.9852355,
                        39.5183539
                    ],
                    [
                        -84.9852415,
                        39.5183124
                    ],
                    [
                        -84.9853033,
                        39.518251
                    ],
                    [
                        -84.9854005,
                        39.518195
                    ],
                    [
                        -84.9855949,
                        39.51812
                    ],
                    [
                        -84.9858883,
                        39.5179954
                    ],
                    [
                        -84.9861718,
                        39.5179155
                    ],
                    [
                        -84.9865148,
                        39.5177701
                    ],
                    [
                        -84.9866284,
                        39.5177769
                    ],
                    [
                        -84.9867207,
                        39.5178164
                    ],
                    [
                        -84.9868924,
                        39.5181012
                    ],
                    [
                        -84.9872014,
                        39.5184322
                    ],
                    [
                        -84.9874589,
                        39.5187302
                    ],
                    [
                        -84.988034,
                        39.5189818
                    ],
                    [
                        -84.9883773,
                        39.5193261
                    ],
                    [
                        -84.9887807,
                        39.5198557
                    ],
                    [
                        -84.9891498,
                        39.5203854
                    ],
                    [
                        -84.9894464,
                        39.520697
                    ],
                    [
                        -84.9896047,
                        39.5209019
                    ],
                    [
                        -84.9896905,
                        39.5211601
                    ],
                    [
                        -84.9896745,
                        39.5213377
                    ],
                    [
                        -84.9895649,
                        39.5214871
                    ],
                    [
                        -84.9893661,
                        39.5216228
                    ],
                    [
                        -84.9893359,
                        39.5218307
                    ],
                    [
                        -84.989391,
                        39.5220511
                    ],
                    [
                        -84.9894249,
                        39.5225327
                    ],
                    [
                        -84.9895012,
                        39.5227187
                    ],
                    [
                        -84.9896182,
                        39.5229016
                    ],
                    [
                        -84.9897908,
                        39.523161
                    ],
                    [
                        -84.9900081,
                        39.5234111
                    ],
                    [
                        -84.9903943,
                        39.5237289
                    ],
                    [
                        -84.9905817,
                        39.5239101
                    ],
                    [
                        -84.9906305,
                        39.5240295
                    ],
                    [
                        -84.9906346,
                        39.5241394
                    ],
                    [
                        -84.9906472,
                        39.5242528
                    ],
                    [
                        -84.9906974,
                        39.524362
                    ],
                    [
                        -84.9907779,
                        39.5244686
                    ],
                    [
                        -84.9908442,
                        39.5245226
                    ],
                    [
                        -84.9909321,
                        39.5245663
                    ],
                    [
                        -84.991038,
                        39.5245896
                    ],
                    [
                        -84.9911973,
                        39.5246432
                    ],
                    [
                        -84.9913164,
                        39.5247113
                    ],
                    [
                        -84.9915037,
                        39.5248433
                    ],
                    [
                        -84.9916812,
                        39.5249362
                    ],
                    [
                        -84.9918373,
                        39.525112
                    ],
                    [
                        -84.9919394,
                        39.5252885
                    ],
                    [
                        -84.9919718,
                        39.5254061
                    ],
                    [
                        -84.99196,
                        39.5254988
                    ],
                    [
                        -84.9919239,
                        39.5255915
                    ],
                    [
                        -84.9918456,
                        39.5256759
                    ],
                    [
                        -84.991775,
                        39.5257126
                    ],
                    [
                        -84.9917432,
                        39.5257751
                    ],
                    [
                        -84.9916732,
                        39.525823
                    ],
                    [
                        -84.9916073,
                        39.5258835
                    ],
                    [
                        -84.9915895,
                        39.5259325
                    ],
                    [
                        -84.991588,
                        39.5259816
                    ],
                    [
                        -84.9916007,
                        39.5260983
                    ],
                    [
                        -84.9916004,
                        39.5262304
                    ],
                    [
                        -84.9916164,
                        39.5263174
                    ],
                    [
                        -84.9916243,
                        39.5263918
                    ],
                    [
                        -84.9916322,
                        39.526468
                    ],
                    [
                        -84.9916873,
                        39.526529
                    ],
                    [
                        -84.9917217,
                        39.5267274
                    ],
                    [
                        -84.9918151,
                        39.52692
                    ],
                    [
                        -84.9918665,
                        39.5269627
                    ],
                    [
                        -84.9919342,
                        39.5269677
                    ],
                    [
                        -84.9919512,
                        39.526919
                    ],
                    [
                        -84.9919316,
                        39.526864
                    ],
                    [
                        -84.9919052,
                        39.5266714
                    ],
                    [
                        -84.9918372,
                        39.5264795
                    ],
                    [
                        -84.9917937,
                        39.526368
                    ],
                    [
                        -84.9917578,
                        39.5262339
                    ],
                    [
                        -84.9917703,
                        39.5261245
                    ],
                    [
                        -84.9917359,
                        39.5259789
                    ],
                    [
                        -84.991739,
                        39.5258872
                    ],
                    [
                        -84.9917955,
                        39.5258195
                    ],
                    [
                        -84.991905,
                        39.5258122
                    ],
                    [
                        -84.9919964,
                        39.5258745
                    ],
                    [
                        -84.9920044,
                        39.5260402
                    ],
                    [
                        -84.9920311,
                        39.5262909
                    ],
                    [
                        -84.9920845,
                        39.5264735
                    ],
                    [
                        -84.9921949,
                        39.5266561
                    ],
                    [
                        -84.9922788,
                        39.5268435
                    ],
                    [
                        -84.9924196,
                        39.5270308
                    ],
                    [
                        -84.9925937,
                        39.5272127
                    ],
                    [
                        -84.992843,
                        39.5276353
                    ],
                    [
                        -84.9930065,
                        39.5278376
                    ],
                    [
                        -84.9931756,
                        39.528029
                    ],
                    [
                        -84.9933622,
                        39.5282027
                    ],
                    [
                        -84.9939268,
                        39.5287054
                    ],
                    [
                        -84.9941454,
                        39.5288963
                    ],
                    [
                        -84.9943586,
                        39.5290788
                    ],
                    [
                        -84.9946477,
                        39.5293682
                    ],
                    [
                        -84.9947034,
                        39.5294631
                    ],
                    [
                        -84.9947103,
                        39.5295381
                    ],
                    [
                        -84.9946448,
                        39.5295624
                    ],
                    [
                        -84.9945658,
                        39.5295516
                    ],
                    [
                        -84.9945542,
                        39.5295909
                    ],
                    [
                        -84.9944978,
                        39.5296048
                    ],
                    [
                        -84.9944267,
                        39.5296084
                    ],
                    [
                        -84.9943033,
                        39.5295867
                    ],
                    [
                        -84.9942666,
                        39.5295624
                    ],
                    [
                        -84.9942469,
                        39.5295326
                    ],
                    [
                        -84.9942459,
                        39.529506
                    ],
                    [
                        -84.9942261,
                        39.529479
                    ],
                    [
                        -84.9941678,
                        39.5294726
                    ],
                    [
                        -84.9940859,
                        39.5294682
                    ],
                    [
                        -84.9939211,
                        39.5295054
                    ],
                    [
                        -84.9937469,
                        39.5295066
                    ],
                    [
                        -84.9936207,
                        39.5295177
                    ],
                    [
                        -84.9934991,
                        39.5295072
                    ],
                    [
                        -84.9931073,
                        39.529533
                    ],
                    [
                        -84.992894,
                        39.5295405
                    ],
                    [
                        -84.9927639,
                        39.5295245
                    ],
                    [
                        -84.9926946,
                        39.5294688
                    ],
                    [
                        -84.9923997,
                        39.5293815
                    ],
                    [
                        -84.9921796,
                        39.5292834
                    ],
                    [
                        -84.9919562,
                        39.529226
                    ],
                    [
                        -84.9917487,
                        39.5292694
                    ],
                    [
                        -84.9915483,
                        39.5292983
                    ],
                    [
                        -84.9909875,
                        39.5292857
                    ],
                    [
                        -84.9906964,
                        39.5292501
                    ],
                    [
                        -84.9904371,
                        39.529205
                    ],
                    [
                        -84.990257,
                        39.5292014
                    ],
                    [
                        -84.9900627,
                        39.5292306
                    ],
                    [
                        -84.9899147,
                        39.5293121
                    ],
                    [
                        -84.9898122,
                        39.5293135
                    ],
                    [
                        -84.9897096,
                        39.5292869
                    ],
                    [
                        -84.9896547,
                        39.5292768
                    ],
                    [
                        -84.9896353,
                        39.529305
                    ],
                    [
                        -84.9896105,
                        39.5293886
                    ],
                    [
                        -84.9895223,
                        39.529416
                    ],
                    [
                        -84.9894394,
                        39.529427
                    ],
                    [
                        -84.9893706,
                        39.5294081
                    ],
                    [
                        -84.9892728,
                        39.5293601
                    ],
                    [
                        -84.9892009,
                        39.5293416
                    ],
                    [
                        -84.9891396,
                        39.5293613
                    ],
                    [
                        -84.9890852,
                        39.5293849
                    ],
                    [
                        -84.9890697,
                        39.5294332
                    ],
                    [
                        -84.989092,
                        39.5294943
                    ],
                    [
                        -84.9891033,
                        39.5295252
                    ],
                    [
                        -84.989093,
                        39.5296264
                    ],
                    [
                        -84.989088,
                        39.5296907
                    ],
                    [
                        -84.9890816,
                        39.5297428
                    ],
                    [
                        -84.9889806,
                        39.5298411
                    ],
                    [
                        -84.9890352,
                        39.5298698
                    ],
                    [
                        -84.9890632,
                        39.5298425
                    ],
                    [
                        -84.9891085,
                        39.5298016
                    ],
                    [
                        -84.9891601,
                        39.529758
                    ],
                    [
                        -84.9892422,
                        39.5297527
                    ],
                    [
                        -84.9893851,
                        39.5297695
                    ],
                    [
                        -84.9895383,
                        39.5297743
                    ],
                    [
                        -84.989682,
                        39.5298235
                    ],
                    [
                        -84.9898052,
                        39.5298617
                    ],
                    [
                        -84.9898965,
                        39.529919
                    ],
                    [
                        -84.9899328,
                        39.5299578
                    ],
                    [
                        -84.9899231,
                        39.5300103
                    ],
                    [
                        -84.9899461,
                        39.5300496
                    ],
                    [
                        -84.9899993,
                        39.5301775
                    ],
                    [
                        -84.9900855,
                        39.5302297
                    ],
                    [
                        -84.9902234,
                        39.5302182
                    ],
                    [
                        -84.9903541,
                        39.5302177
                    ],
                    [
                        -84.9904877,
                        39.5302398
                    ],
                    [
                        -84.9906325,
                        39.5302531
                    ],
                    [
                        -84.9907385,
                        39.5302938
                    ],
                    [
                        -84.9908371,
                        39.5303587
                    ],
                    [
                        -84.9909566,
                        39.5304816
                    ],
                    [
                        -84.9910177,
                        39.5305477
                    ],
                    [
                        -84.9910997,
                        39.530554
                    ],
                    [
                        -84.9911535,
                        39.5305275
                    ],
                    [
                        -84.9912397,
                        39.5304909
                    ],
                    [
                        -84.9913858,
                        39.5305238
                    ],
                    [
                        -84.9914837,
                        39.5305634
                    ],
                    [
                        -84.9915857,
                        39.5306119
                    ],
                    [
                        -84.9916328,
                        39.530652
                    ],
                    [
                        -84.9917048,
                        39.530673
                    ],
                    [
                        -84.9917921,
                        39.530674
                    ],
                    [
                        -84.9919937,
                        39.5306799
                    ],
                    [
                        -84.99213,
                        39.5306997
                    ],
                    [
                        -84.9922662,
                        39.5307251
                    ],
                    [
                        -84.9923936,
                        39.5307566
                    ],
                    [
                        -84.9925872,
                        39.5307553
                    ],
                    [
                        -84.9928834,
                        39.5307266
                    ],
                    [
                        -84.9934207,
                        39.5306139
                    ],
                    [
                        -84.9935458,
                        39.5305383
                    ],
                    [
                        -84.9936988,
                        39.5304842
                    ],
                    [
                        -84.9938251,
                        39.5304515
                    ],
                    [
                        -84.9939559,
                        39.5304582
                    ],
                    [
                        -84.9940687,
                        39.5304887
                    ],
                    [
                        -84.9941861,
                        39.5304906
                    ],
                    [
                        -84.9943094,
                        39.530505
                    ],
                    [
                        -84.9944446,
                        39.530541
                    ],
                    [
                        -84.9945805,
                        39.5305343
                    ],
                    [
                        -84.9947637,
                        39.5305365
                    ],
                    [
                        -84.9949144,
                        39.5305137
                    ],
                    [
                        -84.9951322,
                        39.530511
                    ],
                    [
                        -84.9952934,
                        39.5305079
                    ],
                    [
                        -84.9954296,
                        39.5304804
                    ],
                    [
                        -84.9955892,
                        39.5304601
                    ],
                    [
                        -84.9956821,
                        39.5304454
                    ],
                    [
                        -84.995775,
                        39.5304558
                    ],
                    [
                        -84.9959127,
                        39.5305524
                    ],
                    [
                        -84.9960087,
                        39.5306633
                    ],
                    [
                        -84.9961496,
                        39.5308458
                    ],
                    [
                        -84.9962082,
                        39.5310327
                    ],
                    [
                        -84.9961879,
                        39.5312231
                    ],
                    [
                        -84.996156,
                        39.5313804
                    ],
                    [
                        -84.9960591,
                        39.5315342
                    ],
                    [
                        -84.995733,
                        39.5318851
                    ],
                    [
                        -84.9953553,
                        39.5322161
                    ],
                    [
                        -84.9947717,
                        39.5325272
                    ],
                    [
                        -84.9944283,
                        39.5326133
                    ],
                    [
                        -84.9939305,
                        39.5327788
                    ],
                    [
                        -84.9935529,
                        39.5330767
                    ],
                    [
                        -84.9931838,
                        39.5334076
                    ],
                    [
                        -84.9930551,
                        39.5339769
                    ],
                    [
                        -84.9928983,
                        39.5343203
                    ],
                    [
                        -84.9926737,
                        39.5345611
                    ],
                    [
                        -84.9924139,
                        39.5347171
                    ],
                    [
                        -84.9921355,
                        39.5348373
                    ],
                    [
                        -84.9916646,
                        39.5349368
                    ],
                    [
                        -84.9913556,
                        39.5349037
                    ],
                    [
                        -84.9912129,
                        39.534924
                    ],
                    [
                        -84.991163,
                        39.5350589
                    ],
                    [
                        -84.9911839,
                        39.5351354
                    ],
                    [
                        -84.9919892,
                        39.5353293
                    ],
                    [
                        -84.9920785,
                        39.5354341
                    ],
                    [
                        -84.9920658,
                        39.5355569
                    ],
                    [
                        -84.9920611,
                        39.5356767
                    ],
                    [
                        -84.9919636,
                        39.5357894
                    ],
                    [
                        -84.9918173,
                        39.5358358
                    ],
                    [
                        -84.9916618,
                        39.5358894
                    ],
                    [
                        -84.9915448,
                        39.5359319
                    ],
                    [
                        -84.9914929,
                        39.5359959
                    ],
                    [
                        -84.9913384,
                        39.5362474
                    ],
                    [
                        -84.9913814,
                        39.536446
                    ],
                    [
                        -84.9912097,
                        39.5367108
                    ],
                    [
                        -84.9908921,
                        39.5371874
                    ],
                    [
                        -84.9905831,
                        39.5374389
                    ],
                    [
                        -84.9906518,
                        39.5377169
                    ],
                    [
                        -84.9907805,
                        39.5381803
                    ],
                    [
                        -84.9906518,
                        39.5386436
                    ],
                    [
                        -84.9904801,
                        39.5387893
                    ],
                    [
                        -84.9900081,
                        39.5388555
                    ],
                    [
                        -84.9896218,
                        39.5388886
                    ],
                    [
                        -84.9893214,
                        39.5386238
                    ],
                    [
                        -84.9893472,
                        39.5390209
                    ],
                    [
                        -84.9896905,
                        39.5392658
                    ],
                    [
                        -84.9900338,
                        39.5393056
                    ],
                    [
                        -84.9904973,
                        39.5394181
                    ],
                    [
                        -84.9905831,
                        39.5401793
                    ],
                    [
                        -84.9905831,
                        39.5409206
                    ],
                    [
                        -84.990566,
                        39.5415428
                    ],
                    [
                        -84.9903514,
                        39.5420525
                    ],
                    [
                        -84.9899909,
                        39.5426283
                    ],
                    [
                        -84.9898965,
                        39.5432703
                    ],
                    [
                        -84.9898107,
                        39.5437734
                    ],
                    [
                        -84.9898622,
                        39.5440844
                    ],
                    [
                        -84.9901368,
                        39.5443028
                    ],
                    [
                        -84.9903256,
                        39.5447264
                    ],
                    [
                        -84.9902913,
                        39.5449647
                    ],
                    [
                        -84.9900081,
                        39.5450971
                    ],
                    [
                        -84.9892785,
                        39.5451633
                    ],
                    [
                        -84.9886949,
                        39.5452295
                    ],
                    [
                        -84.9882657,
                        39.5453618
                    ],
                    [
                        -84.9876906,
                        39.5455074
                    ],
                    [
                        -84.9873731,
                        39.5456266
                    ],
                    [
                        -84.9871156,
                        39.5457192
                    ],
                    [
                        -84.9871499,
                        39.5459575
                    ],
                    [
                        -84.9873473,
                        39.5461561
                    ],
                    [
                        -84.9876048,
                        39.5462024
                    ],
                    [
                        -84.988094,
                        39.54607
                    ],
                    [
                        -84.9885232,
                        39.5460237
                    ],
                    [
                        -84.9889352,
                        39.5460899
                    ],
                    [
                        -84.9893643,
                        39.5462024
                    ],
                    [
                        -84.9897763,
                        39.5461825
                    ],
                    [
                        -84.9900338,
                        39.5461362
                    ],
                    [
                        -84.9905488,
                        39.5461561
                    ],
                    [
                        -84.9908406,
                        39.5462222
                    ],
                    [
                        -84.9912097,
                        39.5462686
                    ],
                    [
                        -84.9913814,
                        39.5465002
                    ],
                    [
                        -84.9914071,
                        39.546765
                    ],
                    [
                        -84.9912526,
                        39.5470165
                    ],
                    [
                        -84.9909951,
                        39.5471621
                    ],
                    [
                        -84.9909265,
                        39.5473275
                    ],
                    [
                        -84.9911839,
                        39.5474136
                    ],
                    [
                        -84.9915959,
                        39.54744
                    ],
                    [
                        -84.9918963,
                        39.5475592
                    ],
                    [
                        -84.9919822,
                        39.5478835
                    ],
                    [
                        -84.9917247,
                        39.5481879
                    ],
                    [
                        -84.9913642,
                        39.5486115
                    ],
                    [
                        -84.9909522,
                        39.5491277
                    ],
                    [
                        -84.9906518,
                        39.5500013
                    ],
                    [
                        -84.990566,
                        39.5504844
                    ],
                    [
                        -84.9903686,
                        39.5511131
                    ],
                    [
                        -84.9903085,
                        39.551583
                    ],
                    [
                        -84.9902656,
                        39.5520264
                    ],
                    [
                        -84.9903943,
                        39.5523242
                    ],
                    [
                        -84.9906346,
                        39.5523772
                    ],
                    [
                        -84.990566,
                        39.5525889
                    ],
                    [
                        -84.9902398,
                        39.5528206
                    ],
                    [
                        -84.9897506,
                        39.5530191
                    ],
                    [
                        -84.9894072,
                        39.5532507
                    ],
                    [
                        -84.989124,
                        39.5535684
                    ],
                    [
                        -84.988918,
                        39.5538463
                    ],
                    [
                        -84.9887635,
                        39.5541441
                    ],
                    [
                        -84.9886894,
                        39.5542424
                    ],
                    [
                        -84.9886657,
                        39.5542738
                    ],
                    [
                        -84.9885489,
                        39.5544287
                    ],
                    [
                        -84.9882607,
                        39.5545276
                    ],
                    [
                        -84.9881627,
                        39.5546471
                    ],
                    [
                        -84.9877336,
                        39.5547265
                    ],
                    [
                        -84.9874703,
                        39.5546171
                    ],
                    [
                        -84.9873453,
                        39.5544583
                    ],
                    [
                        -84.9873032,
                        39.5543355
                    ],
                    [
                        -84.9871297,
                        39.5541971
                    ],
                    [
                        -84.987004,
                        39.554164
                    ],
                    [
                        -84.9868005,
                        39.5540178
                    ],
                    [
                        -84.9867465,
                        39.5538662
                    ],
                    [
                        -84.98663,
                        39.5536673
                    ],
                    [
                        -84.986273,
                        39.5535167
                    ],
                    [
                        -84.9859569,
                        39.5534824
                    ],
                    [
                        -84.9853303,
                        39.5535353
                    ],
                    [
                        -84.9849066,
                        39.5535941
                    ],
                    [
                        -84.9845321,
                        39.5537206
                    ],
                    [
                        -84.9836738,
                        39.5539985
                    ],
                    [
                        -84.9830558,
                        39.5540316
                    ],
                    [
                        -84.9826095,
                        39.5540647
                    ],
                    [
                        -84.9817254,
                        39.5539985
                    ],
                    [
                        -84.9807555,
                        39.5537868
                    ],
                    [
                        -84.9800946,
                        39.5538132
                    ],
                    [
                        -84.9796226,
                        39.5539853
                    ],
                    [
                        -84.9787814,
                        39.554528
                    ],
                    [
                        -84.978893,
                        39.5546934
                    ],
                    [
                        -84.9792964,
                        39.5545611
                    ],
                    [
                        -84.9798629,
                        39.5546471
                    ],
                    [
                        -84.9802405,
                        39.5549118
                    ],
                    [
                        -84.9803264,
                        39.5551897
                    ],
                    [
                        -84.9802062,
                        39.5556397
                    ],
                    [
                        -84.9802234,
                        39.5559971
                    ],
                    [
                        -84.9804637,
                        39.5564471
                    ],
                    [
                        -84.9806697,
                        39.5566588
                    ],
                    [
                        -84.9807641,
                        39.5570691
                    ],
                    [
                        -84.9805667,
                        39.5576515
                    ],
                    [
                        -84.9807383,
                        39.5580948
                    ],
                    [
                        -84.9804809,
                        39.5584588
                    ],
                    [
                        -84.9806268,
                        39.5589749
                    ],
                    [
                        -84.9805066,
                        39.5592859
                    ],
                    [
                        -84.9802234,
                        39.5597491
                    ],
                    [
                        -84.9801547,
                        39.5602851
                    ],
                    [
                        -84.979983,
                        39.561013
                    ],
                    [
                        -84.9798629,
                        39.5616615
                    ],
                    [
                        -84.9798114,
                        39.5624158
                    ],
                    [
                        -84.9800689,
                        39.5623695
                    ],
                    [
                        -84.9803521,
                        39.5616085
                    ],
                    [
                        -84.9806954,
                        39.5608277
                    ],
                    [
                        -84.9810388,
                        39.559458
                    ],
                    [
                        -84.9811675,
                        39.559147
                    ],
                    [
                        -84.9814679,
                        39.559147
                    ],
                    [
                        -84.9818713,
                        39.5589617
                    ],
                    [
                        -84.9817512,
                        39.5598087
                    ],
                    [
                        -84.9818541,
                        39.5603381
                    ],
                    [
                        -84.9819571,
                        39.5607152
                    ],
                    [
                        -84.9823691,
                        39.5608145
                    ],
                    [
                        -84.9825408,
                        39.5605366
                    ],
                    [
                        -84.982558,
                        39.559941
                    ],
                    [
                        -84.9825408,
                        39.5593058
                    ],
                    [
                        -84.982558,
                        39.5585646
                    ],
                    [
                        -84.9827983,
                        39.5580948
                    ],
                    [
                        -84.9830129,
                        39.5577176
                    ],
                    [
                        -84.9830558,
                        39.5574
                    ],
                    [
                        -84.9832532,
                        39.5570162
                    ],
                    [
                        -84.9835278,
                        39.5567713
                    ],
                    [
                        -84.9838025,
                        39.556553
                    ],
                    [
                        -84.9842832,
                        39.5564735
                    ],
                    [
                        -84.9850728,
                        39.5563544
                    ],
                    [
                        -84.9855449,
                        39.5563743
                    ],
                    [
                        -84.9862573,
                        39.5562618
                    ],
                    [
                        -84.987004,
                        39.5562088
                    ],
                    [
                        -84.9877765,
                        39.5562088
                    ],
                    [
                        -84.989021,
                        39.5561427
                    ],
                    [
                        -84.9894072,
                        39.5561956
                    ],
                    [
                        -84.9902913,
                        39.5562419
                    ],
                    [
                        -84.9908235,
                        39.5564206
                    ],
                    [
                        -84.9912698,
                        39.5563544
                    ],
                    [
                        -84.9919221,
                        39.5564735
                    ],
                    [
                        -84.9922139,
                        39.5567052
                    ],
                    [
                        -84.9923684,
                        39.5564735
                    ],
                    [
                        -84.9926946,
                        39.5564206
                    ],
                    [
                        -84.9930722,
                        39.5564603
                    ],
                    [
                        -84.9935529,
                        39.5564206
                    ],
                    [
                        -84.9937846,
                        39.5562883
                    ],
                    [
                        -84.9940164,
                        39.5560633
                    ],
                    [
                        -84.9943253,
                        39.555911
                    ],
                    [
                        -84.9945571,
                        39.5556927
                    ],
                    [
                        -84.9951837,
                        39.5555802
                    ],
                    [
                        -84.9957845,
                        39.5554015
                    ],
                    [
                        -84.9961879,
                        39.5551368
                    ],
                    [
                        -84.9962995,
                        39.5548853
                    ],
                    [
                        -84.9964454,
                        39.5547662
                    ],
                    [
                        -84.9967029,
                        39.5547199
                    ],
                    [
                        -84.9970462,
                        39.5547
                    ],
                    [
                        -84.9973638,
                        39.5547662
                    ],
                    [
                        -84.9975011,
                        39.5550044
                    ],
                    [
                        -84.9975612,
                        39.5552162
                    ],
                    [
                        -84.9973895,
                        39.5556794
                    ],
                    [
                        -84.9971921,
                        39.5561427
                    ],
                    [
                        -84.9971063,
                        39.5563412
                    ],
                    [
                        -84.9971063,
                        39.5566721
                    ],
                    [
                        -84.9972178,
                        39.5570559
                    ],
                    [
                        -84.9973466,
                        39.5573338
                    ],
                    [
                        -84.9975182,
                        39.5574794
                    ],
                    [
                        -84.9982049,
                        39.5576713
                    ],
                    [
                        -84.9986169,
                        39.5577507
                    ],
                    [
                        -84.9989602,
                        39.55785
                    ],
                    [
                        -84.9990203,
                        39.5581345
                    ],
                    [
                        -84.9987199,
                        39.5581808
                    ],
                    [
                        -84.9989602,
                        39.5584124
                    ],
                    [
                        -84.9992349,
                        39.5584654
                    ],
                    [
                        -84.9993636,
                        39.558247
                    ],
                    [
                        -84.9994237,
                        39.557936
                    ],
                    [
                        -84.9995782,
                        39.5579492
                    ],
                    [
                        -84.9998185,
                        39.5582801
                    ],
                    [
                        -85.0000503,
                        39.5586904
                    ],
                    [
                        -85.000282,
                        39.5590676
                    ],
                    [
                        -85.0005223,
                        39.559372
                    ],
                    [
                        -85.0007798,
                        39.5600138
                    ],
                    [
                        -85.0011403,
                        39.5607616
                    ],
                    [
                        -85.0014235,
                        39.5616019
                    ],
                    [
                        -85.0015952,
                        39.5623695
                    ],
                    [
                        -85.0016124,
                        39.5630444
                    ],
                    [
                        -85.0016381,
                        39.5641362
                    ],
                    [
                        -85.001681,
                        39.5649964
                    ],
                    [
                        -85.001578,
                        39.565969
                    ],
                    [
                        -85.0011489,
                        39.5670277
                    ],
                    [
                        -85.0009944,
                        39.5672923
                    ],
                    [
                        -85.0005223,
                        39.5674247
                    ],
                    [
                        -85.0002648,
                        39.5674445
                    ],
                    [
                        -84.9999387,
                        39.5673585
                    ],
                    [
                        -84.9998185,
                        39.5672262
                    ],
                    [
                        -84.9994237,
                        39.567246
                    ],
                    [
                        -84.999561,
                        39.5674445
                    ],
                    [
                        -84.9996812,
                        39.5678217
                    ],
                    [
                        -85.0001103,
                        39.5677753
                    ],
                    [
                        -85.000797,
                        39.5677555
                    ],
                    [
                        -85.0006511,
                        39.5680003
                    ],
                    [
                        -85.0003335,
                        39.5683047
                    ],
                    [
                        -85.0001103,
                        39.568437
                    ],
                    [
                        -84.9999043,
                        39.5685164
                    ],
                    [
                        -84.9995954,
                        39.5685495
                    ],
                    [
                        -84.9995353,
                        39.568781
                    ],
                    [
                        -84.9993035,
                        39.5691449
                    ],
                    [
                        -84.9991662,
                        39.569231
                    ],
                    [
                        -84.9987628,
                        39.5697404
                    ],
                    [
                        -84.9987027,
                        39.5700514
                    ],
                    [
                        -84.9984796,
                        39.5703689
                    ],
                    [
                        -84.9987628,
                        39.5706998
                    ],
                    [
                        -84.9985911,
                        39.5711827
                    ],
                    [
                        -84.9982907,
                        39.5714672
                    ],
                    [
                        -84.9980761,
                        39.5715995
                    ],
                    [
                        -84.9980761,
                        39.5721421
                    ],
                    [
                        -84.9978187,
                        39.5727904
                    ],
                    [
                        -84.9975783,
                        39.5735446
                    ],
                    [
                        -84.9971148,
                        39.5745106
                    ],
                    [
                        -84.9969432,
                        39.5751721
                    ],
                    [
                        -84.9969174,
                        39.5754632
                    ],
                    [
                        -84.997029,
                        39.5756154
                    ],
                    [
                        -84.9969174,
                        39.5757676
                    ],
                    [
                        -84.9967887,
                        39.5758337
                    ],
                    [
                        -84.9966342,
                        39.5758337
                    ],
                    [
                        -84.9963595,
                        39.576707
                    ],
                    [
                        -84.9958016,
                        39.5778448
                    ],
                    [
                        -84.9955441,
                        39.5785924
                    ],
                    [
                        -84.995218,
                        39.5790555
                    ],
                    [
                        -84.9946858,
                        39.5795516
                    ],
                    [
                        -84.9939992,
                        39.580233
                    ],
                    [
                        -84.9934155,
                        39.5806431
                    ],
                    [
                        -84.9929006,
                        39.5810533
                    ],
                    [
                        -84.9921967,
                        39.5815693
                    ],
                    [
                        -84.9909951,
                        39.582244
                    ],
                    [
                        -84.9899222,
                        39.5827931
                    ],
                    [
                        -84.9892785,
                        39.5832958
                    ],
                    [
                        -84.9886176,
                        39.5837588
                    ],
                    [
                        -84.9882056,
                        39.5839374
                    ],
                    [
                        -84.9876048,
                        39.5847114
                    ],
                    [
                        -84.9868752,
                        39.5849958
                    ],
                    [
                        -84.9861628,
                        39.5852604
                    ],
                    [
                        -84.9858024,
                        39.5854588
                    ],
                    [
                        -84.9853045,
                        39.5858094
                    ],
                    [
                        -84.9849269,
                        39.5858756
                    ],
                    [
                        -84.9844291,
                        39.5858557
                    ],
                    [
                        -84.9837853,
                        39.5855581
                    ],
                    [
                        -84.9845321,
                        39.5861402
                    ],
                    [
                        -84.9849011,
                        39.5864312
                    ],
                    [
                        -84.9851586,
                        39.5866032
                    ],
                    [
                        -84.9856479,
                        39.5865172
                    ],
                    [
                        -84.9861886,
                        39.5862989
                    ],
                    [
                        -84.986489,
                        39.5861203
                    ],
                    [
                        -84.9867036,
                        39.5862063
                    ],
                    [
                        -84.9864461,
                        39.5864974
                    ],
                    [
                        -84.9861028,
                        39.5870133
                    ],
                    [
                        -84.9862143,
                        39.5872911
                    ],
                    [
                        -84.9866435,
                        39.5873573
                    ],
                    [
                        -84.9868323,
                        39.5874895
                    ],
                    [
                        -84.986901,
                        39.5875954
                    ],
                    [
                        -84.9868152,
                        39.5878203
                    ],
                    [
                        -84.986592,
                        39.5879526
                    ],
                    [
                        -84.9862143,
                        39.5879261
                    ],
                    [
                        -84.9856307,
                        39.5878203
                    ],
                    [
                        -84.9853045,
                        39.5882568
                    ],
                    [
                        -84.9850299,
                        39.5886802
                    ],
                    [
                        -84.9847552,
                        39.5891299
                    ],
                    [
                        -84.9843862,
                        39.5894739
                    ],
                    [
                        -84.9840857,
                        39.5897914
                    ],
                    [
                        -84.9833991,
                        39.5900229
                    ],
                    [
                        -84.9827296,
                        39.590175
                    ],
                    [
                        -84.9823005,
                        39.5904528
                    ],
                    [
                        -84.9821546,
                        39.5907835
                    ],
                    [
                        -84.982043,
                        39.5911142
                    ],
                    [
                        -84.9823005,
                        39.5914449
                    ],
                    [
                        -84.9823863,
                        39.5917558
                    ],
                    [
                        -84.9820945,
                        39.5923312
                    ],
                    [
                        -84.9817512,
                        39.5926487
                    ],
                    [
                        -84.981528,
                        39.5931646
                    ],
                    [
                        -84.9812962,
                        39.5936739
                    ],
                    [
                        -84.9809272,
                        39.5944676
                    ],
                    [
                        -84.981013,
                        39.5950827
                    ],
                    [
                        -84.9810645,
                        39.5958895
                    ],
                    [
                        -84.9809529,
                        39.5963988
                    ],
                    [
                        -84.9808242,
                        39.5967824
                    ],
                    [
                        -84.9805066,
                        39.5969676
                    ],
                    [
                        -84.9799401,
                        39.5974967
                    ],
                    [
                        -84.9794766,
                        39.5978075
                    ],
                    [
                        -84.9791676,
                        39.5977744
                    ],
                    [
                        -84.9789102,
                        39.5978075
                    ],
                    [
                        -84.97879,
                        39.5980522
                    ],
                    [
                        -84.9789788,
                        39.5982242
                    ],
                    [
                        -84.9792792,
                        39.5981845
                    ],
                    [
                        -84.9797513,
                        39.5979067
                    ],
                    [
                        -84.9802663,
                        39.5976091
                    ],
                    [
                        -84.9804379,
                        39.5977215
                    ],
                    [
                        -84.9803521,
                        39.5982374
                    ],
                    [
                        -84.9803349,
                        39.5986871
                    ],
                    [
                        -84.9805066,
                        39.5990442
                    ],
                    [
                        -84.9810388,
                        39.5992426
                    ],
                    [
                        -84.9813821,
                        39.5994609
                    ],
                    [
                        -84.9817426,
                        39.5995601
                    ],
                    [
                        -84.9819829,
                        39.5994609
                    ],
                    [
                        -84.9823262,
                        39.5997915
                    ],
                    [
                        -84.982824,
                        39.6001553
                    ],
                    [
                        -84.9831845,
                        39.600433
                    ],
                    [
                        -84.983545,
                        39.6004992
                    ],
                    [
                        -84.983957,
                        39.6004859
                    ],
                    [
                        -84.9842832,
                        39.6009489
                    ],
                    [
                        -84.9846265,
                        39.6015904
                    ],
                    [
                        -84.9850728,
                        39.6025956
                    ],
                    [
                        -84.9852874,
                        39.6033891
                    ],
                    [
                        -84.9856736,
                        39.6042224
                    ],
                    [
                        -84.9860341,
                        39.6050291
                    ],
                    [
                        -84.9863603,
                        39.6056243
                    ],
                    [
                        -84.9866349,
                        39.6059549
                    ],
                    [
                        -84.9867894,
                        39.6067154
                    ],
                    [
                        -84.987004,
                        39.6076412
                    ],
                    [
                        -84.9871757,
                        39.6082826
                    ],
                    [
                        -84.9874074,
                        39.6086992
                    ],
                    [
                        -84.9876906,
                        39.6093274
                    ],
                    [
                        -84.9876649,
                        39.609625
                    ],
                    [
                        -84.9879052,
                        39.6103193
                    ],
                    [
                        -84.9881455,
                        39.6109011
                    ],
                    [
                        -84.9883172,
                        39.6114301
                    ],
                    [
                        -84.9883773,
                        39.6119128
                    ],
                    [
                        -84.9884631,
                        39.6122633
                    ],
                    [
                        -84.9884631,
                        39.6128716
                    ],
                    [
                        -84.9882914,
                        39.6135989
                    ],
                    [
                        -84.988094,
                        39.614313
                    ],
                    [
                        -84.9879481,
                        39.6146899
                    ],
                    [
                        -84.9879739,
                        39.6151065
                    ],
                    [
                        -84.988034,
                        39.6153974
                    ],
                    [
                        -84.9882914,
                        39.6156619
                    ],
                    [
                        -84.9885232,
                        39.615847
                    ],
                    [
                        -84.9885919,
                        39.6164288
                    ],
                    [
                        -84.9886949,
                        39.6169049
                    ],
                    [
                        -84.9886605,
                        39.6174272
                    ],
                    [
                        -84.9889523,
                        39.6180223
                    ],
                    [
                        -84.9893214,
                        39.618419
                    ],
                    [
                        -84.9901368,
                        39.6188818
                    ],
                    [
                        -84.9902398,
                        39.6192322
                    ]
                ]
            ]
        }
    }
]