[
    {
        "type": "Feature",
        "id": "relation/10693036",
        "properties": {
            "@id": "relation/10693036",
            "alt_name": "Raccoon Lake",
            "gnis:feature_id": "432256",
            "name": "Cecil M. Harden Lake",
            "name:mia": "eehsipana nipihsi",
            "natural": "water",
            "type": "multipolygon",
            "water": "reservoir",
            "@timestamp": "2023-09-30T19:40:32Z",
            "@version": 3,
            "@changeset": 141965710,
            "@user": "Jim S",
            "@uid": 2952914,
            "@osm3s:version": 0.6,
            "@osm3s:generator": "Overpass API 0.7.62.5 1bd436f1",
            "@osm3s:timestamp_osm_base": "2025-02-16T09:26:03Z",
            "@osm3s:copyright": "The data included in this document is from www.openstreetmap.org. The data is made available under ODbL."
        },
        "geometry": {
            "type": "Polygon",
            "coordinates": [
                [
                    [
                        -87.0777144,
                        39.7246392
                    ],
                    [
                        -87.0776768,
                        39.7245195
                    ],
                    [
                        -87.0779748,
                        39.7243403
                    ],
                    [
                        -87.0782699,
                        39.7242742
                    ],
                    [
                        -87.0784415,
                        39.7241917
                    ],
                    [
                        -87.0783742,
                        39.7239955
                    ],
                    [
                        -87.0779289,
                        39.7238635
                    ],
                    [
                        -87.077709,
                        39.7237521
                    ],
                    [
                        -87.0775642,
                        39.7236366
                    ],
                    [
                        -87.0775749,
                        39.7234303
                    ],
                    [
                        -87.077712,
                        39.723284
                    ],
                    [
                        -87.0778836,
                        39.7232386
                    ],
                    [
                        -87.0781679,
                        39.7233459
                    ],
                    [
                        -87.078345,
                        39.7235151
                    ],
                    [
                        -87.0785434,
                        39.7235522
                    ],
                    [
                        -87.0787258,
                        39.7235274
                    ],
                    [
                        -87.0787122,
                        39.7234262
                    ],
                    [
                        -87.0785512,
                        39.7233106
                    ],
                    [
                        -87.0785512,
                        39.7231208
                    ],
                    [
                        -87.078519,
                        39.7229764
                    ],
                    [
                        -87.0783045,
                        39.7229764
                    ],
                    [
                        -87.0780792,
                        39.7229393
                    ],
                    [
                        -87.0780845,
                        39.7226752
                    ],
                    [
                        -87.0780792,
                        39.7223451
                    ],
                    [
                        -87.0782806,
                        39.722302
                    ],
                    [
                        -87.07864,
                        39.7224217
                    ],
                    [
                        -87.0790316,
                        39.7223227
                    ],
                    [
                        -87.0790852,
                        39.7221494
                    ],
                    [
                        -87.0790769,
                        39.7220563
                    ],
                    [
                        -87.078857,
                        39.721982
                    ],
                    [
                        -87.0787068,
                        39.7219325
                    ],
                    [
                        -87.0789243,
                        39.7218234
                    ],
                    [
                        -87.0791925,
                        39.721712
                    ],
                    [
                        -87.0791764,
                        39.7215593
                    ],
                    [
                        -87.0790769,
                        39.7214415
                    ],
                    [
                        -87.0786907,
                        39.7214333
                    ],
                    [
                        -87.0785405,
                        39.7213301
                    ],
                    [
                        -87.0784187,
                        39.7212713
                    ],
                    [
                        -87.0783533,
                        39.7209501
                    ],
                    [
                        -87.0783434,
                        39.7207448
                    ],
                    [
                        -87.0785684,
                        39.7206068
                    ],
                    [
                        -87.0787339,
                        39.7206089
                    ],
                    [
                        -87.0788664,
                        39.7206305
                    ],
                    [
                        -87.078898,
                        39.7204556
                    ],
                    [
                        -87.0788903,
                        39.7204053
                    ],
                    [
                        -87.0789211,
                        39.7203269
                    ],
                    [
                        -87.0790179,
                        39.7202862
                    ],
                    [
                        -87.0791306,
                        39.7202408
                    ],
                    [
                        -87.0792379,
                        39.72015
                    ],
                    [
                        -87.0793183,
                        39.7200551
                    ],
                    [
                        -87.0793964,
                        39.7199501
                    ],
                    [
                        -87.079391,
                        39.7198018
                    ],
                    [
                        -87.0793827,
                        39.7196425
                    ],
                    [
                        -87.0795705,
                        39.7195352
                    ],
                    [
                        -87.0796217,
                        39.7193809
                    ],
                    [
                        -87.0795144,
                        39.7194057
                    ],
                    [
                        -87.0793964,
                        39.7194676
                    ],
                    [
                        -87.0792676,
                        39.71948
                    ],
                    [
                        -87.0792623,
                        39.7195707
                    ],
                    [
                        -87.0791604,
                        39.7196491
                    ],
                    [
                        -87.0791818,
                        39.719744
                    ],
                    [
                        -87.0791121,
                        39.7198348
                    ],
                    [
                        -87.078978,
                        39.7198717
                    ],
                    [
                        -87.0787419,
                        39.7198554
                    ],
                    [
                        -87.0783879,
                        39.7199047
                    ],
                    [
                        -87.0780271,
                        39.7198637
                    ],
                    [
                        -87.0777745,
                        39.7196058
                    ],
                    [
                        -87.0775081,
                        39.7194725
                    ],
                    [
                        -87.0769558,
                        39.7193413
                    ],
                    [
                        -87.0767182,
                        39.7190552
                    ],
                    [
                        -87.0766077,
                        39.71884
                    ],
                    [
                        -87.0763553,
                        39.7186413
                    ],
                    [
                        -87.0763159,
                        39.7184998
                    ],
                    [
                        -87.0763483,
                        39.7184075
                    ],
                    [
                        -87.0763156,
                        39.7183393
                    ],
                    [
                        -87.0762472,
                        39.7183514
                    ],
                    [
                        -87.0761447,
                        39.718376
                    ],
                    [
                        -87.0758932,
                        39.718369
                    ],
                    [
                        -87.0757824,
                        39.7182173
                    ],
                    [
                        -87.0758175,
                        39.7181222
                    ],
                    [
                        -87.0759052,
                        39.7180096
                    ],
                    [
                        -87.0759433,
                        39.7178882
                    ],
                    [
                        -87.0757129,
                        39.7179911
                    ],
                    [
                        -87.0754758,
                        39.7179683
                    ],
                    [
                        -87.0751963,
                        39.7180135
                    ],
                    [
                        -87.0751424,
                        39.7182817
                    ],
                    [
                        -87.0751207,
                        39.7184927
                    ],
                    [
                        -87.0748034,
                        39.7184967
                    ],
                    [
                        -87.0746647,
                        39.718356
                    ],
                    [
                        -87.074791,
                        39.7181051
                    ],
                    [
                        -87.0748278,
                        39.7179481
                    ],
                    [
                        -87.0747875,
                        39.7177572
                    ],
                    [
                        -87.0746585,
                        39.7178977
                    ],
                    [
                        -87.0745252,
                        39.7180393
                    ],
                    [
                        -87.0743367,
                        39.7180172
                    ],
                    [
                        -87.0742473,
                        39.7180842
                    ],
                    [
                        -87.0737037,
                        39.7181414
                    ],
                    [
                        -87.0735902,
                        39.7182318
                    ],
                    [
                        -87.0733646,
                        39.7182148
                    ],
                    [
                        -87.0732531,
                        39.7182732
                    ],
                    [
                        -87.072837,
                        39.7183296
                    ],
                    [
                        -87.0727268,
                        39.7181344
                    ],
                    [
                        -87.0727295,
                        39.7176747
                    ],
                    [
                        -87.0727198,
                        39.7173333
                    ],
                    [
                        -87.0724564,
                        39.7172369
                    ],
                    [
                        -87.0683867,
                        39.717906
                    ],
                    [
                        -87.0681609,
                        39.7180958
                    ],
                    [
                        -87.06849,
                        39.7183568
                    ],
                    [
                        -87.0685533,
                        39.7184422
                    ],
                    [
                        -87.0685356,
                        39.7184998
                    ],
                    [
                        -87.0687131,
                        39.7184977
                    ],
                    [
                        -87.0688368,
                        39.7186702
                    ],
                    [
                        -87.0688663,
                        39.7189006
                    ],
                    [
                        -87.0690224,
                        39.7191942
                    ],
                    [
                        -87.0691066,
                        39.7193665
                    ],
                    [
                        -87.0690516,
                        39.7194987
                    ],
                    [
                        -87.0690988,
                        39.7196632
                    ],
                    [
                        -87.0688859,
                        39.7198094
                    ],
                    [
                        -87.0687432,
                        39.7198414
                    ],
                    [
                        -87.0685423,
                        39.7198707
                    ],
                    [
                        -87.068302,
                        39.7197546
                    ],
                    [
                        -87.0680394,
                        39.7196353
                    ],
                    [
                        -87.0678642,
                        39.7195821
                    ],
                    [
                        -87.067669,
                        39.7194775
                    ],
                    [
                        -87.0674544,
                        39.7193582
                    ],
                    [
                        -87.0669871,
                        39.7192753
                    ],
                    [
                        -87.066495,
                        39.7191812
                    ],
                    [
                        -87.0660975,
                        39.7190331
                    ],
                    [
                        -87.0656305,
                        39.7189623
                    ],
                    [
                        -87.0652287,
                        39.7189751
                    ],
                    [
                        -87.0649615,
                        39.7189213
                    ],
                    [
                        -87.0646957,
                        39.7188753
                    ],
                    [
                        -87.0644251,
                        39.7189508
                    ],
                    [
                        -87.0643181,
                        39.7191433
                    ],
                    [
                        -87.0642237,
                        39.7191963
                    ],
                    [
                        -87.0637578,
                        39.7192879
                    ],
                    [
                        -87.0631097,
                        39.7194205
                    ],
                    [
                        -87.0626173,
                        39.7195489
                    ],
                    [
                        -87.062083,
                        39.7198563
                    ],
                    [
                        -87.061388,
                        39.720023
                    ],
                    [
                        -87.0610994,
                        39.7201148
                    ],
                    [
                        -87.0608543,
                        39.7204391
                    ],
                    [
                        -87.0605439,
                        39.7206854
                    ],
                    [
                        -87.0605142,
                        39.7207933
                    ],
                    [
                        -87.0603187,
                        39.7209554
                    ],
                    [
                        -87.0600405,
                        39.721097
                    ],
                    [
                        -87.0599801,
                        39.7212121
                    ],
                    [
                        -87.0598318,
                        39.721614
                    ],
                    [
                        -87.0594842,
                        39.7221896
                    ],
                    [
                        -87.0591579,
                        39.7225674
                    ],
                    [
                        -87.058812,
                        39.7227998
                    ],
                    [
                        -87.0584864,
                        39.7228465
                    ],
                    [
                        -87.0582321,
                        39.7228409
                    ],
                    [
                        -87.0581841,
                        39.7229463
                    ],
                    [
                        -87.0583853,
                        39.723462
                    ],
                    [
                        -87.0583995,
                        39.7238154
                    ],
                    [
                        -87.0582743,
                        39.7239233
                    ],
                    [
                        -87.0583609,
                        39.7240646
                    ],
                    [
                        -87.0585854,
                        39.7241078
                    ],
                    [
                        -87.0586527,
                        39.7245761
                    ],
                    [
                        -87.0586771,
                        39.7249224
                    ],
                    [
                        -87.0585881,
                        39.7252077
                    ],
                    [
                        -87.0584489,
                        39.7253352
                    ],
                    [
                        -87.0587039,
                        39.725447
                    ],
                    [
                        -87.0589201,
                        39.7255547
                    ],
                    [
                        -87.0590199,
                        39.7257235
                    ],
                    [
                        -87.0591505,
                        39.7259929
                    ],
                    [
                        -87.0594298,
                        39.7259791
                    ],
                    [
                        -87.0597669,
                        39.7258256
                    ],
                    [
                        -87.0601092,
                        39.7256692
                    ],
                    [
                        -87.060339,
                        39.7256286
                    ],
                    [
                        -87.0607633,
                        39.7254454
                    ],
                    [
                        -87.0609777,
                        39.7253014
                    ],
                    [
                        -87.061122,
                        39.7250978
                    ],
                    [
                        -87.0613634,
                        39.7249868
                    ],
                    [
                        -87.0616203,
                        39.7249385
                    ],
                    [
                        -87.0619899,
                        39.725091
                    ],
                    [
                        -87.0625054,
                        39.725349
                    ],
                    [
                        -87.0626661,
                        39.7255205
                    ],
                    [
                        -87.0625156,
                        39.7258945
                    ],
                    [
                        -87.062363,
                        39.7259964
                    ],
                    [
                        -87.0624384,
                        39.7262326
                    ],
                    [
                        -87.0625301,
                        39.7264333
                    ],
                    [
                        -87.0626058,
                        39.7266018
                    ],
                    [
                        -87.0625875,
                        39.7272521
                    ],
                    [
                        -87.0623416,
                        39.7273218
                    ],
                    [
                        -87.0621087,
                        39.7271904
                    ],
                    [
                        -87.0618445,
                        39.7270963
                    ],
                    [
                        -87.0620307,
                        39.7272333
                    ],
                    [
                        -87.0621286,
                        39.7274099
                    ],
                    [
                        -87.0623424,
                        39.7277092
                    ],
                    [
                        -87.0623373,
                        39.7279058
                    ],
                    [
                        -87.0622898,
                        39.7280813
                    ],
                    [
                        -87.062057,
                        39.7281843
                    ],
                    [
                        -87.0600743,
                        39.7285869
                    ],
                    [
                        -87.0594139,
                        39.7286305
                    ],
                    [
                        -87.059202,
                        39.7285896
                    ],
                    [
                        -87.0590046,
                        39.7284547
                    ],
                    [
                        -87.0588311,
                        39.7284828
                    ],
                    [
                        -87.0585985,
                        39.728483
                    ],
                    [
                        -87.0584642,
                        39.7284737
                    ],
                    [
                        -87.0581839,
                        39.7285824
                    ],
                    [
                        -87.0579921,
                        39.7285861
                    ],
                    [
                        -87.0577147,
                        39.7285562
                    ],
                    [
                        -87.0575431,
                        39.7283588
                    ],
                    [
                        -87.0571882,
                        39.7282354
                    ],
                    [
                        -87.0570657,
                        39.7280038
                    ],
                    [
                        -87.0570085,
                        39.7277659
                    ],
                    [
                        -87.056861,
                        39.7280252
                    ],
                    [
                        -87.0568285,
                        39.7282278
                    ],
                    [
                        -87.0565169,
                        39.7282445
                    ],
                    [
                        -87.0562991,
                        39.7283291
                    ],
                    [
                        -87.0564206,
                        39.7283972
                    ],
                    [
                        -87.0566743,
                        39.7285088
                    ],
                    [
                        -87.0568953,
                        39.7286921
                    ],
                    [
                        -87.0570225,
                        39.7289009
                    ],
                    [
                        -87.0570072,
                        39.7292984
                    ],
                    [
                        -87.0568355,
                        39.7295045
                    ],
                    [
                        -87.0565568,
                        39.7296464
                    ],
                    [
                        -87.0563562,
                        39.7295923
                    ],
                    [
                        -87.0561417,
                        39.7295923
                    ],
                    [
                        -87.0559056,
                        39.7297078
                    ],
                    [
                        -87.0557715,
                        39.7297367
                    ],
                    [
                        -87.0555502,
                        39.7297053
                    ],
                    [
                        -87.0554818,
                        39.7296418
                    ],
                    [
                        -87.0554161,
                        39.7297136
                    ],
                    [
                        -87.0553303,
                        39.7297136
                    ],
                    [
                        -87.055282,
                        39.7296311
                    ],
                    [
                        -87.0551492,
                        39.7294438
                    ],
                    [
                        -87.0550513,
                        39.7295403
                    ],
                    [
                        -87.0547622,
                        39.7293706
                    ],
                    [
                        -87.0545538,
                        39.7293695
                    ],
                    [
                        -87.0543875,
                        39.7292705
                    ],
                    [
                        -87.0540925,
                        39.7291385
                    ],
                    [
                        -87.05378,
                        39.7290535
                    ],
                    [
                        -87.0535064,
                        39.7289173
                    ],
                    [
                        -87.0533562,
                        39.7288761
                    ],
                    [
                        -87.0534863,
                        39.7290395
                    ],
                    [
                        -87.0534165,
                        39.7291962
                    ],
                    [
                        -87.0535131,
                        39.7292994
                    ],
                    [
                        -87.0537156,
                        39.7294
                    ],
                    [
                        -87.0539087,
                        39.7295114
                    ],
                    [
                        -87.0541072,
                        39.7296435
                    ],
                    [
                        -87.0543111,
                        39.7297301
                    ],
                    [
                        -87.054472,
                        39.729825
                    ],
                    [
                        -87.0544411,
                        39.7299677
                    ],
                    [
                        -87.054248,
                        39.7300214
                    ],
                    [
                        -87.0539262,
                        39.730009
                    ],
                    [
                        -87.0538511,
                        39.730042
                    ],
                    [
                        -87.0539369,
                        39.7301286
                    ],
                    [
                        -87.0538993,
                        39.7302689
                    ],
                    [
                        -87.0538779,
                        39.7303514
                    ],
                    [
                        -87.0540428,
                        39.7302004
                    ],
                    [
                        -87.0543379,
                        39.7302829
                    ],
                    [
                        -87.0544934,
                        39.7302994
                    ],
                    [
                        -87.0548153,
                        39.7303035
                    ],
                    [
                        -87.0549655,
                        39.7303324
                    ],
                    [
                        -87.055105,
                        39.7303943
                    ],
                    [
                        -87.0553048,
                        39.7306361
                    ],
                    [
                        -87.0553585,
                        39.7307433
                    ],
                    [
                        -87.0555771,
                        39.730811
                    ],
                    [
                        -87.0555569,
                        39.7309042
                    ],
                    [
                        -87.0552726,
                        39.7309785
                    ],
                    [
                        -87.0550902,
                        39.7310899
                    ],
                    [
                        -87.0549669,
                        39.7312631
                    ],
                    [
                        -87.0547939,
                        39.7314009
                    ],
                    [
                        -87.0548582,
                        39.731533
                    ],
                    [
                        -87.0548596,
                        39.7316221
                    ],
                    [
                        -87.0546235,
                        39.7315932
                    ],
                    [
                        -87.0543553,
                        39.7316179
                    ],
                    [
                        -87.0541139,
                        39.7316757
                    ],
                    [
                        -87.0540549,
                        39.7318077
                    ],
                    [
                        -87.0540388,
                        39.7319851
                    ],
                    [
                        -87.0537384,
                        39.7320841
                    ],
                    [
                        -87.0535064,
                        39.7320239
                    ],
                    [
                        -87.053265,
                        39.7321105
                    ],
                    [
                        -87.0531684,
                        39.7322302
                    ],
                    [
                        -87.0533401,
                        39.7321435
                    ],
                    [
                        -87.0534796,
                        39.732127
                    ],
                    [
                        -87.0535453,
                        39.7321666
                    ],
                    [
                        -87.0534581,
                        39.732292
                    ],
                    [
                        -87.0534434,
                        39.7324554
                    ],
                    [
                        -87.0534957,
                        39.7325354
                    ],
                    [
                        -87.053501,
                        39.7323333
                    ],
                    [
                        -87.05356,
                        39.7322755
                    ],
                    [
                        -87.0537532,
                        39.7323044
                    ],
                    [
                        -87.0539463,
                        39.7322755
                    ],
                    [
                        -87.0539315,
                        39.7323358
                    ],
                    [
                        -87.0540697,
                        39.732259
                    ],
                    [
                        -87.0542467,
                        39.7322095
                    ],
                    [
                        -87.0543647,
                        39.7322013
                    ],
                    [
                        -87.0545042,
                        39.7321807
                    ],
                    [
                        -87.0545967,
                        39.7322161
                    ],
                    [
                        -87.0547885,
                        39.7321765
                    ],
                    [
                        -87.0549226,
                        39.7321807
                    ],
                    [
                        -87.0550353,
                        39.7320404
                    ],
                    [
                        -87.0550782,
                        39.731863
                    ],
                    [
                        -87.0551318,
                        39.7317516
                    ],
                    [
                        -87.0552606,
                        39.7316732
                    ],
                    [
                        -87.0552874,
                        39.7316278
                    ],
                    [
                        -87.0552498,
                        39.7315288
                    ],
                    [
                        -87.0553303,
                        39.7314174
                    ],
                    [
                        -87.0554644,
                        39.7313267
                    ],
                    [
                        -87.0555878,
                        39.7312937
                    ],
                    [
                        -87.0557702,
                        39.7312978
                    ],
                    [
                        -87.0558185,
                        39.7312112
                    ],
                    [
                        -87.0560384,
                        39.7311575
                    ],
                    [
                        -87.0562101,
                        39.7310585
                    ],
                    [
                        -87.0563281,
                        39.7308852
                    ],
                    [
                        -87.0563442,
                        39.7306872
                    ],
                    [
                        -87.0563978,
                        39.7306006
                    ],
                    [
                        -87.0565319,
                        39.7306006
                    ],
                    [
                        -87.0566446,
                        39.7305305
                    ],
                    [
                        -87.0568806,
                        39.7304438
                    ],
                    [
                        -87.0572132,
                        39.73032
                    ],
                    [
                        -87.0575061,
                        39.7302396
                    ],
                    [
                        -87.0576799,
                        39.7302334
                    ],
                    [
                        -87.0579213,
                        39.7302664
                    ],
                    [
                        -87.0580353,
                        39.7302654
                    ],
                    [
                        -87.0579964,
                        39.7303819
                    ],
                    [
                        -87.0580018,
                        39.7304851
                    ],
                    [
                        -87.0579481,
                        39.7306171
                    ],
                    [
                        -87.0578998,
                        39.730679
                    ],
                    [
                        -87.057928,
                        39.7307846
                    ],
                    [
                        -87.0579334,
                        39.7308795
                    ],
                    [
                        -87.0578851,
                        39.7310404
                    ],
                    [
                        -87.0578046,
                        39.7312549
                    ],
                    [
                        -87.0577993,
                        39.7313704
                    ],
                    [
                        -87.0576812,
                        39.731457
                    ],
                    [
                        -87.0576544,
                        39.7315561
                    ],
                    [
                        -87.0577349,
                        39.7316303
                    ],
                    [
                        -87.0578261,
                        39.7316881
                    ],
                    [
                        -87.0578905,
                        39.7318366
                    ],
                    [
                        -87.057928,
                        39.7319397
                    ],
                    [
                        -87.0577724,
                        39.7319851
                    ],
                    [
                        -87.0576544,
                        39.732014
                    ],
                    [
                        -87.0574922,
                        39.7319579
                    ],
                    [
                        -87.0573969,
                        39.7319727
                    ],
                    [
                        -87.0574774,
                        39.7320305
                    ],
                    [
                        -87.0574399,
                        39.7321089
                    ],
                    [
                        -87.057354,
                        39.7322533
                    ],
                    [
                        -87.0571824,
                        39.7324059
                    ],
                    [
                        -87.0570415,
                        39.7325602
                    ],
                    [
                        -87.0570375,
                        39.7327029
                    ],
                    [
                        -87.0571596,
                        39.7326386
                    ],
                    [
                        -87.0572883,
                        39.7324571
                    ],
                    [
                        -87.0574814,
                        39.7323044
                    ],
                    [
                        -87.057696,
                        39.7321972
                    ],
                    [
                        -87.0578194,
                        39.7321229
                    ],
                    [
                        -87.0579642,
                        39.7321642
                    ],
                    [
                        -87.0580286,
                        39.7322549
                    ],
                    [
                        -87.0579656,
                        39.7323605
                    ],
                    [
                        -87.0579226,
                        39.7324472
                    ],
                    [
                        -87.0579997,
                        39.7325272
                    ],
                    [
                        -87.0581895,
                        39.7324653
                    ],
                    [
                        -87.058388,
                        39.7325231
                    ],
                    [
                        -87.0585543,
                        39.7325849
                    ],
                    [
                        -87.0587045,
                        39.7327128
                    ],
                    [
                        -87.0588225,
                        39.7328283
                    ],
                    [
                        -87.0587796,
                        39.7329315
                    ],
                    [
                        -87.0586844,
                        39.7330041
                    ],
                    [
                        -87.0587099,
                        39.7331089
                    ],
                    [
                        -87.0589298,
                        39.733113
                    ],
                    [
                        -87.0590478,
                        39.7331047
                    ],
                    [
                        -87.0591498,
                        39.733047
                    ],
                    [
                        -87.0592302,
                        39.7329604
                    ],
                    [
                        -87.0592839,
                        39.7329067
                    ],
                    [
                        -87.0593965,
                        39.7329397
                    ],
                    [
                        -87.0595306,
                        39.7329851
                    ],
                    [
                        -87.0596916,
                        39.7330222
                    ],
                    [
                        -87.0598793,
                        39.7330222
                    ],
                    [
                        -87.060169,
                        39.7330099
                    ],
                    [
                        -87.0603728,
                        39.7330016
                    ],
                    [
                        -87.0605767,
                        39.7329686
                    ],
                    [
                        -87.0608503,
                        39.7329892
                    ],
                    [
                        -87.0609951,
                        39.7330759
                    ],
                    [
                        -87.0611721,
                        39.7331336
                    ],
                    [
                        -87.0614726,
                        39.7331708
                    ],
                    [
                        -87.0616818,
                        39.7332285
                    ],
                    [
                        -87.0619143,
                        39.7333028
                    ],
                    [
                        -87.0620586,
                        39.7333754
                    ],
                    [
                        -87.0622303,
                        39.7335198
                    ],
                    [
                        -87.0622504,
                        39.7336699
                    ],
                    [
                        -87.0622879,
                        39.7337731
                    ],
                    [
                        -87.0623738,
                        39.7338226
                    ],
                    [
                        -87.0625025,
                        39.7338019
                    ],
                    [
                        -87.0626527,
                        39.7338886
                    ],
                    [
                        -87.0627914,
                        39.7340265
                    ],
                    [
                        -87.0629263,
                        39.7341567
                    ],
                    [
                        -87.0630625,
                        39.7342608
                    ],
                    [
                        -87.0631463,
                        39.7344414
                    ],
                    [
                        -87.0631731,
                        39.7346435
                    ],
                    [
                        -87.0631194,
                        39.7348539
                    ],
                    [
                        -87.0628888,
                        39.7350024
                    ],
                    [
                        -87.0626956,
                        39.7350849
                    ],
                    [
                        -87.0625293,
                        39.7351715
                    ],
                    [
                        -87.0623698,
                        39.7352607
                    ],
                    [
                        -87.0621646,
                        39.7353531
                    ],
                    [
                        -87.062005,
                        39.7353597
                    ],
                    [
                        -87.0618816,
                        39.735471
                    ],
                    [
                        -87.0616442,
                        39.7355263
                    ],
                    [
                        -87.0614417,
                        39.7355907
                    ],
                    [
                        -87.0612164,
                        39.7356154
                    ],
                    [
                        -87.061097,
                        39.7357202
                    ],
                    [
                        -87.0613291,
                        39.7357928
                    ],
                    [
                        -87.0614726,
                        39.7357862
                    ],
                    [
                        -87.0616603,
                        39.735778
                    ],
                    [
                        -87.0618105,
                        39.7358233
                    ],
                    [
                        -87.0617153,
                        39.7358299
                    ],
                    [
                        -87.0615538,
                        39.7357982
                    ],
                    [
                        -87.0613934,
                        39.7358712
                    ],
                    [
                        -87.0612593,
                        39.7359619
                    ],
                    [
                        -87.0610662,
                        39.7360403
                    ],
                    [
                        -87.0608838,
                        39.7361476
                    ],
                    [
                        -87.0607376,
                        39.7362606
                    ],
                    [
                        -87.0605834,
                        39.7362425
                    ],
                    [
                        -87.0604386,
                        39.7363662
                    ],
                    [
                        -87.0602723,
                        39.7364487
                    ],
                    [
                        -87.0601851,
                        39.7364215
                    ],
                    [
                        -87.0599866,
                        39.7364545
                    ],
                    [
                        -87.0598431,
                        39.7365518
                    ],
                    [
                        -87.0596071,
                        39.7366096
                    ],
                    [
                        -87.0591444,
                        39.7366422
                    ],
                    [
                        -87.0588279,
                        39.7368248
                    ],
                    [
                        -87.0586321,
                        39.7369779
                    ],
                    [
                        -87.0587421,
                        39.7371496
                    ],
                    [
                        -87.0594234,
                        39.7368917
                    ],
                    [
                        -87.059709,
                        39.7368922
                    ],
                    [
                        -87.0600376,
                        39.7368876
                    ],
                    [
                        -87.0602562,
                        39.73682
                    ],
                    [
                        -87.0604158,
                        39.736768
                    ],
                    [
                        -87.0605499,
                        39.7366195
                    ],
                    [
                        -87.0608181,
                        39.7365989
                    ],
                    [
                        -87.0609683,
                        39.736537
                    ],
                    [
                        -87.0611775,
                        39.736405
                    ],
                    [
                        -87.0614404,
                        39.7362524
                    ],
                    [
                        -87.0616013,
                        39.7361987
                    ],
                    [
                        -87.0617676,
                        39.7361946
                    ],
                    [
                        -87.0619983,
                        39.7361534
                    ],
                    [
                        -87.0621914,
                        39.7360585
                    ],
                    [
                        -87.062347,
                        39.7360296
                    ],
                    [
                        -87.0625025,
                        39.7358893
                    ],
                    [
                        -87.0625132,
                        39.7357326
                    ],
                    [
                        -87.0625669,
                        39.7356047
                    ],
                    [
                        -87.0627278,
                        39.7355263
                    ],
                    [
                        -87.0630068,
                        39.7355181
                    ],
                    [
                        -87.0630497,
                        39.7356212
                    ],
                    [
                        -87.0630229,
                        39.7357326
                    ],
                    [
                        -87.0627707,
                        39.7359718
                    ],
                    [
                        -87.0625454,
                        39.7361946
                    ],
                    [
                        -87.0624113,
                        39.7362977
                    ],
                    [
                        -87.0623094,
                        39.7364627
                    ],
                    [
                        -87.0621538,
                        39.7366938
                    ],
                    [
                        -87.061891,
                        39.7369701
                    ],
                    [
                        -87.061714,
                        39.737197
                    ],
                    [
                        -87.0615208,
                        39.7374404
                    ],
                    [
                        -87.0613009,
                        39.7377993
                    ],
                    [
                        -87.0611507,
                        39.7380716
                    ],
                    [
                        -87.0610005,
                        39.7382819
                    ],
                    [
                        -87.0608074,
                        39.7385418
                    ],
                    [
                        -87.0607001,
                        39.7387563
                    ],
                    [
                        -87.0605177,
                        39.7389708
                    ],
                    [
                        -87.060346,
                        39.7389956
                    ],
                    [
                        -87.0601854,
                        39.7389666
                    ],
                    [
                        -87.0600255,
                        39.7389238
                    ],
                    [
                        -87.0599008,
                        39.7389708
                    ],
                    [
                        -87.0598538,
                        39.7390764
                    ],
                    [
                        -87.0600201,
                        39.7391465
                    ],
                    [
                        -87.0602723,
                        39.7391878
                    ],
                    [
                        -87.0605499,
                        39.7392596
                    ],
                    [
                        -87.0606357,
                        39.7393957
                    ],
                    [
                        -87.0606518,
                        39.7396514
                    ],
                    [
                        -87.0606679,
                        39.7398907
                    ],
                    [
                        -87.0607323,
                        39.7400598
                    ],
                    [
                        -87.0606639,
                        39.7402273
                    ],
                    [
                        -87.060578,
                        39.7403345
                    ],
                    [
                        -87.0604439,
                        39.740417
                    ],
                    [
                        -87.0606102,
                        39.7404129
                    ],
                    [
                        -87.0608074,
                        39.7404476
                    ],
                    [
                        -87.0609106,
                        39.7404954
                    ],
                    [
                        -87.0610541,
                        39.7406868
                    ],
                    [
                        -87.0611829,
                        39.7409302
                    ],
                    [
                        -87.061317,
                        39.7409879
                    ],
                    [
                        -87.0614565,
                        39.7411199
                    ],
                    [
                        -87.0616174,
                        39.7412519
                    ],
                    [
                        -87.0617193,
                        39.7413674
                    ],
                    [
                        -87.0619191,
                        39.7414565
                    ],
                    [
                        -87.0621713,
                        39.7415473
                    ],
                    [
                        -87.0623416,
                        39.7416314
                    ],
                    [
                        -87.0625843,
                        39.7416834
                    ],
                    [
                        -87.062878,
                        39.7417387
                    ],
                    [
                        -87.063153,
                        39.7417741
                    ],
                    [
                        -87.0634467,
                        39.7418335
                    ],
                    [
                        -87.0637524,
                        39.7418459
                    ],
                    [
                        -87.0640378,
                        39.741784
                    ],
                    [
                        -87.0643693,
                        39.7416892
                    ],
                    [
                        -87.0646067,
                        39.7416174
                    ],
                    [
                        -87.0648682,
                        39.7414994
                    ],
                    [
                        -87.0650721,
                        39.7414087
                    ],
                    [
                        -87.0653537,
                        39.7412831
                    ],
                    [
                        -87.0654918,
                        39.741242
                    ],
                    [
                        -87.0656635,
                        39.7412998
                    ],
                    [
                        -87.0657815,
                        39.7413204
                    ],
                    [
                        -87.0659465,
                        39.7412396
                    ],
                    [
                        -87.066098,
                        39.7411183
                    ],
                    [
                        -87.0663381,
                        39.7410374
                    ],
                    [
                        -87.0665741,
                        39.7410292
                    ],
                    [
                        -87.0668115,
                        39.7411059
                    ],
                    [
                        -87.0670475,
                        39.7412255
                    ],
                    [
                        -87.0673426,
                        39.7414607
                    ],
                    [
                        -87.067525,
                        39.7415803
                    ],
                    [
                        -87.067647,
                        39.7416149
                    ],
                    [
                        -87.067706,
                        39.7414994
                    ],
                    [
                        -87.067588,
                        39.7413716
                    ],
                    [
                        -87.0674592,
                        39.7412602
                    ],
                    [
                        -87.0673359,
                        39.7411406
                    ],
                    [
                        -87.0672554,
                        39.7410457
                    ],
                    [
                        -87.0672125,
                        39.7409137
                    ],
                    [
                        -87.0672514,
                        39.7407017
                    ],
                    [
                        -87.0674445,
                        39.7405243
                    ],
                    [
                        -87.0676859,
                        39.7404583
                    ],
                    [
                        -87.0680399,
                        39.7403593
                    ],
                    [
                        -87.0682652,
                        39.7403098
                    ],
                    [
                        -87.0683927,
                        39.7402702
                    ],
                    [
                        -87.0686609,
                        39.7402372
                    ],
                    [
                        -87.0688808,
                        39.7402331
                    ],
                    [
                        -87.0690203,
                        39.7402661
                    ],
                    [
                        -87.0690793,
                        39.7403568
                    ],
                    [
                        -87.0691544,
                        39.7405342
                    ],
                    [
                        -87.069149,
                        39.7407033
                    ],
                    [
                        -87.0690417,
                        39.7409756
                    ],
                    [
                        -87.0689881,
                        39.7412024
                    ],
                    [
                        -87.0688915,
                        39.7414664
                    ],
                    [
                        -87.0687574,
                        39.7417263
                    ],
                    [
                        -87.0686019,
                        39.7419944
                    ],
                    [
                        -87.0684838,
                        39.742213
                    ],
                    [
                        -87.0683283,
                        39.7424564
                    ],
                    [
                        -87.0681673,
                        39.7426338
                    ],
                    [
                        -87.0679903,
                        39.7427534
                    ],
                    [
                        -87.0677918,
                        39.7428111
                    ],
                    [
                        -87.0676738,
                        39.7428648
                    ],
                    [
                        -87.0677543,
                        39.7429143
                    ],
                    [
                        -87.0678026,
                        39.7429885
                    ],
                    [
                        -87.0675612,
                        39.7431576
                    ],
                    [
                        -87.067352,
                        39.7433432
                    ],
                    [
                        -87.067132,
                        39.7435123
                    ],
                    [
                        -87.0669121,
                        39.7437268
                    ],
                    [
                        -87.0667511,
                        39.7438753
                    ],
                    [
                        -87.0665956,
                        39.7439496
                    ],
                    [
                        -87.0665205,
                        39.7440032
                    ],
                    [
                        -87.0665312,
                        39.7441146
                    ],
                    [
                        -87.0663917,
                        39.7442218
                    ],
                    [
                        -87.0662898,
                        39.7442919
                    ],
                    [
                        -87.0659357,
                        39.7443455
                    ],
                    [
                        -87.0657373,
                        39.7443414
                    ],
                    [
                        -87.0656192,
                        39.7444239
                    ],
                    [
                        -87.0654154,
                        39.7445147
                    ],
                    [
                        -87.0652598,
                        39.744593
                    ],
                    [
                        -87.0650989,
                        39.7446343
                    ],
                    [
                        -87.0649648,
                        39.744659
                    ],
                    [
                        -87.0647569,
                        39.7446739
                    ],
                    [
                        -87.0646067,
                        39.7447027
                    ],
                    [
                        -87.0647288,
                        39.7447745
                    ],
                    [
                        -87.0649541,
                        39.7448116
                    ],
                    [
                        -87.0651794,
                        39.7448323
                    ],
                    [
                        -87.0654047,
                        39.7448694
                    ],
                    [
                        -87.0657748,
                        39.7450261
                    ],
                    [
                        -87.0659411,
                        39.7451829
                    ],
                    [
                        -87.0660323,
                        39.7453231
                    ],
                    [
                        -87.0660967,
                        39.7455706
                    ],
                    [
                        -87.0660591,
                        39.7456861
                    ],
                    [
                        -87.0658821,
                        39.7457686
                    ],
                    [
                        -87.0656353,
                        39.7458263
                    ],
                    [
                        -87.0654208,
                        39.7458593
                    ],
                    [
                        -87.0652598,
                        39.7457686
                    ],
                    [
                        -87.0651418,
                        39.7456531
                    ],
                    [
                        -87.0650023,
                        39.7455293
                    ],
                    [
                        -87.0647931,
                        39.7454675
                    ],
                    [
                        -87.0645303,
                        39.7454592
                    ],
                    [
                        -87.0643479,
                        39.7454468
                    ],
                    [
                        -87.0642674,
                        39.7453272
                    ],
                    [
                        -87.0640367,
                        39.745286
                    ],
                    [
                        -87.0638436,
                        39.7452612
                    ],
                    [
                        -87.0636626,
                        39.7452142
                    ],
                    [
                        -87.0635325,
                        39.7450962
                    ],
                    [
                        -87.0634681,
                        39.7450096
                    ],
                    [
                        -87.0633179,
                        39.7449354
                    ],
                    [
                        -87.0630993,
                        39.7448059
                    ],
                    [
                        -87.0629156,
                        39.7447456
                    ],
                    [
                        -87.0629598,
                        39.7449255
                    ],
                    [
                        -87.0630993,
                        39.7450822
                    ],
                    [
                        -87.063169,
                        39.745239
                    ],
                    [
                        -87.0631637,
                        39.7453751
                    ],
                    [
                        -87.0632817,
                        39.7455112
                    ],
                    [
                        -87.0634158,
                        39.7456184
                    ],
                    [
                        -87.0637041,
                        39.7457108
                    ],
                    [
                        -87.0639509,
                        39.7457933
                    ],
                    [
                        -87.064081,
                        39.7458412
                    ],
                    [
                        -87.0641923,
                        39.7458882
                    ],
                    [
                        -87.0641454,
                        39.746002
                    ],
                    [
                        -87.0639455,
                        39.7460284
                    ],
                    [
                        -87.0637162,
                        39.7460391
                    ],
                    [
                        -87.0635861,
                        39.7461975
                    ],
                    [
                        -87.0634695,
                        39.7462907
                    ],
                    [
                        -87.0636626,
                        39.7462124
                    ],
                    [
                        -87.0638396,
                        39.7463196
                    ],
                    [
                        -87.0638919,
                        39.7464368
                    ],
                    [
                        -87.0638932,
                        39.7465135
                    ],
                    [
                        -87.0640488,
                        39.7465588
                    ],
                    [
                        -87.0642688,
                        39.7466207
                    ],
                    [
                        -87.0644726,
                        39.7466702
                    ],
                    [
                        -87.0646429,
                        39.7466595
                    ],
                    [
                        -87.064836,
                        39.7466719
                    ],
                    [
                        -87.0650184,
                        39.7467255
                    ],
                    [
                        -87.0652437,
                        39.7467378
                    ],
                    [
                        -87.0655281,
                        39.7467296
                    ],
                    [
                        -87.0657641,
                        39.7466595
                    ],
                    [
                        -87.0658446,
                        39.7467296
                    ],
                    [
                        -87.0657373,
                        39.7469441
                    ],
                    [
                        -87.0656943,
                        39.7471709
                    ],
                    [
                        -87.0656783,
                        39.7473607
                    ],
                    [
                        -87.0655656,
                        39.7474968
                    ],
                    [
                        -87.0653328,
                        39.7477821
                    ],
                    [
                        -87.0652437,
                        39.7479051
                    ],
                    [
                        -87.0652008,
                        39.7480536
                    ],
                    [
                        -87.0650238,
                        39.7481113
                    ],
                    [
                        -87.0648481,
                        39.7481179
                    ],
                    [
                        -87.0646765,
                        39.7480272
                    ],
                    [
                        -87.0645584,
                        39.7478746
                    ],
                    [
                        -87.0644619,
                        39.7477137
                    ],
                    [
                        -87.0643854,
                        39.7476123
                    ],
                    [
                        -87.0642795,
                        39.7477178
                    ],
                    [
                        -87.064199,
                        39.7479406
                    ],
                    [
                        -87.0642419,
                        39.7481097
                    ],
                    [
                        -87.0642473,
                        39.7483076
                    ],
                    [
                        -87.0643278,
                        39.7484726
                    ],
                    [
                        -87.0643318,
                        39.7486393
                    ],
                    [
                        -87.0642781,
                        39.7488001
                    ],
                    [
                        -87.0641333,
                        39.7489568
                    ],
                    [
                        -87.0639724,
                        39.7490105
                    ],
                    [
                        -87.0637846,
                        39.7490311
                    ],
                    [
                        -87.0636183,
                        39.7489692
                    ],
                    [
                        -87.063629,
                        39.7491424
                    ],
                    [
                        -87.0635969,
                        39.7493074
                    ],
                    [
                        -87.063452,
                        39.7494683
                    ],
                    [
                        -87.0630497,
                        39.7496621
                    ],
                    [
                        -87.0627707,
                        39.7497529
                    ],
                    [
                        -87.0624274,
                        39.7498518
                    ],
                    [
                        -87.0620305,
                        39.7498725
                    ],
                    [
                        -87.061494,
                        39.749922
                    ],
                    [
                        -87.0611561,
                        39.7499178
                    ],
                    [
                        -87.0610166,
                        39.7499013
                    ],
                    [
                        -87.0608986,
                        39.7497817
                    ],
                    [
                        -87.0608074,
                        39.7497322
                    ],
                    [
                        -87.0607805,
                        39.7498848
                    ],
                    [
                        -87.0603728,
                        39.7499673
                    ],
                    [
                        -87.0599866,
                        39.7499178
                    ],
                    [
                        -87.0596165,
                        39.749889
                    ],
                    [
                        -87.0594433,
                        39.7498363
                    ],
                    [
                        -87.0593858,
                        39.7498188
                    ],
                    [
                        -87.059139,
                        39.7498477
                    ],
                    [
                        -87.0587474,
                        39.7497446
                    ],
                    [
                        -87.0582539,
                        39.7496085
                    ],
                    [
                        -87.0578891,
                        39.7495879
                    ],
                    [
                        -87.0574975,
                        39.7495838
                    ],
                    [
                        -87.0573795,
                        39.7495178
                    ],
                    [
                        -87.0573041,
                        39.7493934
                    ],
                    [
                        -87.0572132,
                        39.7492538
                    ],
                    [
                        -87.0571703,
                        39.7491424
                    ],
                    [
                        -87.0570791,
                        39.7492456
                    ],
                    [
                        -87.0571381,
                        39.7494394
                    ],
                    [
                        -87.0571381,
                        39.7495343
                    ],
                    [
                        -87.0568806,
                        39.7496827
                    ],
                    [
                        -87.056666,
                        39.74979
                    ],
                    [
                        -87.0564032,
                        39.7497735
                    ],
                    [
                        -87.0562852,
                        39.7496085
                    ],
                    [
                        -87.0561886,
                        39.7494724
                    ],
                    [
                        -87.0561899,
                        39.7493264
                    ],
                    [
                        -87.0561081,
                        39.7493033
                    ],
                    [
                        -87.0560545,
                        39.7494476
                    ],
                    [
                        -87.0559579,
                        39.7495384
                    ],
                    [
                        -87.0557273,
                        39.7496044
                    ],
                    [
                        -87.0555449,
                        39.7495095
                    ],
                    [
                        -87.0554054,
                        39.7494105
                    ],
                    [
                        -87.0552284,
                        39.7493363
                    ],
                    [
                        -87.0550205,
                        39.7493016
                    ],
                    [
                        -87.0547898,
                        39.7491862
                    ],
                    [
                        -87.0546718,
                        39.7490129
                    ],
                    [
                        -87.0546718,
                        39.748815
                    ],
                    [
                        -87.0546329,
                        39.7486475
                    ],
                    [
                        -87.0545471,
                        39.7484908
                    ],
                    [
                        -87.0545699,
                        39.7484108
                    ],
                    [
                        -87.0544827,
                        39.7485155
                    ],
                    [
                        -87.0544894,
                        39.7486789
                    ],
                    [
                        -87.054468,
                        39.7488232
                    ],
                    [
                        -87.0542467,
                        39.7488579
                    ],
                    [
                        -87.0541461,
                        39.7489841
                    ],
                    [
                        -87.0541032,
                        39.749116
                    ],
                    [
                        -87.0542212,
                        39.7492686
                    ],
                    [
                        -87.0544036,
                        39.7494254
                    ],
                    [
                        -87.0545699,
                        39.7495945
                    ],
                    [
                        -87.0546557,
                        39.7496811
                    ],
                    [
                        -87.0547992,
                        39.7497652
                    ],
                    [
                        -87.0547509,
                        39.7498642
                    ],
                    [
                        -87.0545114,
                        39.7499632
                    ],
                    [
                        -87.0542789,
                        39.7500581
                    ],
                    [
                        -87.0541407,
                        39.7500605
                    ],
                    [
                        -87.0540482,
                        39.7500044
                    ],
                    [
                        -87.0540281,
                        39.7498914
                    ],
                    [
                        -87.0538712,
                        39.7498023
                    ],
                    [
                        -87.0536526,
                        39.7498131
                    ],
                    [
                        -87.0535453,
                        39.7498667
                    ],
                    [
                        -87.0537652,
                        39.7499121
                    ],
                    [
                        -87.0537813,
                        39.750044
                    ],
                    [
                        -87.0537706,
                        39.7502131
                    ],
                    [
                        -87.0536781,
                        39.7504581
                    ],
                    [
                        -87.0535761,
                        39.7506066
                    ],
                    [
                        -87.0533776,
                        39.7507551
                    ],
                    [
                        -87.0531255,
                        39.7509365
                    ],
                    [
                        -87.0530343,
                        39.7510768
                    ],
                    [
                        -87.0529378,
                        39.7512005
                    ],
                    [
                        -87.0527768,
                        39.7513077
                    ],
                    [
                        -87.0525462,
                        39.7513407
                    ],
                    [
                        -87.0522833,
                        39.7514067
                    ],
                    [
                        -87.0521492,
                        39.7515428
                    ],
                    [
                        -87.0520044,
                        39.7516253
                    ],
                    [
                        -87.0518571,
                        39.7516536
                    ],
                    [
                        -87.05165,
                        39.7515892
                    ],
                    [
                        -87.0515484,
                        39.7515469
                    ],
                    [
                        -87.0512802,
                        39.7514232
                    ],
                    [
                        -87.0511031,
                        39.751283
                    ],
                    [
                        -87.0509207,
                        39.7511799
                    ],
                    [
                        -87.0508617,
                        39.7511551
                    ],
                    [
                        -87.0506418,
                        39.7511551
                    ],
                    [
                        -87.0504916,
                        39.7512046
                    ],
                    [
                        -87.0502985,
                        39.7512211
                    ],
                    [
                        -87.0501644,
                        39.7511634
                    ],
                    [
                        -87.0500195,
                        39.7511098
                    ],
                    [
                        -87.0498371,
                        39.7510149
                    ],
                    [
                        -87.0497084,
                        39.7509118
                    ],
                    [
                        -87.0495528,
                        39.7507716
                    ],
                    [
                        -87.049467,
                        39.7506107
                    ],
                    [
                        -87.0494254,
                        39.7504853
                    ],
                    [
                        -87.0493168,
                        39.7503344
                    ],
                    [
                        -87.049184,
                        39.7502874
                    ],
                    [
                        -87.0490606,
                        39.750275
                    ],
                    [
                        -87.0488997,
                        39.7502709
                    ],
                    [
                        -87.0487964,
                        39.7502024
                    ],
                    [
                        -87.0488994,
                        39.7498055
                    ],
                    [
                        -87.0488644,
                        39.7497015
                    ],
                    [
                        -87.0485548,
                        39.7498087
                    ],
                    [
                        -87.0484674,
                        39.7501752
                    ],
                    [
                        -87.0482036,
                        39.7504806
                    ],
                    [
                        -87.048062,
                        39.7508019
                    ],
                    [
                        -87.0479663,
                        39.7508277
                    ],
                    [
                        -87.0478805,
                        39.7507782
                    ],
                    [
                        -87.0477504,
                        39.750751
                    ],
                    [
                        -87.0474513,
                        39.7507369
                    ],
                    [
                        -87.0471884,
                        39.7507493
                    ],
                    [
                        -87.0470275,
                        39.7507493
                    ],
                    [
                        -87.0468237,
                        39.7507122
                    ],
                    [
                        -87.0466453,
                        39.7506396
                    ],
                    [
                        -87.0464361,
                        39.750586
                    ],
                    [
                        -87.0465466,
                        39.7504713
                    ],
                    [
                        -87.0465545,
                        39.7503356
                    ],
                    [
                        -87.0465182,
                        39.7501377
                    ],
                    [
                        -87.0465609,
                        39.7498687
                    ],
                    [
                        -87.0464667,
                        39.7497032
                    ],
                    [
                        -87.045994,
                        39.7497186
                    ],
                    [
                        -87.045623,
                        39.7496592
                    ],
                    [
                        -87.0452241,
                        39.7494953
                    ],
                    [
                        -87.0449369,
                        39.7494045
                    ],
                    [
                        -87.0447358,
                        39.7494222
                    ],
                    [
                        -87.0443523,
                        39.749521
                    ],
                    [
                        -87.0440893,
                        39.7496278
                    ],
                    [
                        -87.0438224,
                        39.7497213
                    ],
                    [
                        -87.0436933,
                        39.7498043
                    ],
                    [
                        -87.0437164,
                        39.7499435
                    ],
                    [
                        -87.0438218,
                        39.7500423
                    ],
                    [
                        -87.0438711,
                        39.7501191
                    ],
                    [
                        -87.0441304,
                        39.7501844
                    ],
                    [
                        -87.0442398,
                        39.7503115
                    ],
                    [
                        -87.044362,
                        39.7503727
                    ],
                    [
                        -87.0443808,
                        39.750467
                    ],
                    [
                        -87.0444795,
                        39.7504762
                    ],
                    [
                        -87.0445838,
                        39.7506573
                    ],
                    [
                        -87.0447609,
                        39.7507098
                    ],
                    [
                        -87.0449853,
                        39.7506896
                    ],
                    [
                        -87.0450741,
                        39.7507438
                    ],
                    [
                        -87.0452314,
                        39.7507077
                    ],
                    [
                        -87.0453349,
                        39.7507212
                    ],
                    [
                        -87.0454539,
                        39.7507472
                    ],
                    [
                        -87.0455737,
                        39.7507974
                    ],
                    [
                        -87.0456518,
                        39.7508417
                    ],
                    [
                        -87.0456545,
                        39.7509259
                    ],
                    [
                        -87.0456184,
                        39.750976
                    ],
                    [
                        -87.0456497,
                        39.7510235
                    ],
                    [
                        -87.0458198,
                        39.7510015
                    ],
                    [
                        -87.0459922,
                        39.751038
                    ],
                    [
                        -87.0461907,
                        39.7511329
                    ],
                    [
                        -87.0463838,
                        39.7511906
                    ],
                    [
                        -87.0466552,
                        39.7511749
                    ],
                    [
                        -87.0470303,
                        39.7512254
                    ],
                    [
                        -87.0473688,
                        39.7512335
                    ],
                    [
                        -87.0476114,
                        39.7513471
                    ],
                    [
                        -87.0478199,
                        39.7515141
                    ],
                    [
                        -87.04794,
                        39.7516251
                    ],
                    [
                        -87.0480621,
                        39.7516753
                    ],
                    [
                        -87.0481622,
                        39.7516902
                    ],
                    [
                        -87.0485175,
                        39.7518769
                    ],
                    [
                        -87.0485389,
                        39.7520047
                    ],
                    [
                        -87.0486033,
                        39.7521532
                    ],
                    [
                        -87.0485979,
                        39.7522976
                    ],
                    [
                        -87.0484263,
                        39.7524543
                    ],
                    [
                        -87.0481903,
                        39.7526316
                    ],
                    [
                        -87.0475552,
                        39.7534346
                    ],
                    [
                        -87.048441,
                        39.7531702
                    ],
                    [
                        -87.0489868,
                        39.7527026
                    ],
                    [
                        -87.0493913,
                        39.7525686
                    ],
                    [
                        -87.0494736,
                        39.7526764
                    ],
                    [
                        -87.0494558,
                        39.7529681
                    ],
                    [
                        -87.0495428,
                        39.7534884
                    ],
                    [
                        -87.0497389,
                        39.7540243
                    ],
                    [
                        -87.0501093,
                        39.7544649
                    ],
                    [
                        -87.0505927,
                        39.7544896
                    ],
                    [
                        -87.0511991,
                        39.7543132
                    ],
                    [
                        -87.0515622,
                        39.7546288
                    ],
                    [
                        -87.0517914,
                        39.754247
                    ],
                    [
                        -87.0519453,
                        39.7544091
                    ],
                    [
                        -87.0519722,
                        39.754603
                    ],
                    [
                        -87.0520097,
                        39.7547226
                    ],
                    [
                        -87.0521546,
                        39.7547432
                    ],
                    [
                        -87.0521009,
                        39.7548752
                    ],
                    [
                        -87.0520802,
                        39.7549261
                    ],
                    [
                        -87.0519942,
                        39.7549944
                    ],
                    [
                        -87.051665,
                        39.7550722
                    ],
                    [
                        -87.0515873,
                        39.7550302
                    ],
                    [
                        -87.0514424,
                        39.7550634
                    ],
                    [
                        -87.0507766,
                        39.7551399
                    ],
                    [
                        -87.0504553,
                        39.7552704
                    ],
                    [
                        -87.0503912,
                        39.7556298
                    ],
                    [
                        -87.0504805,
                        39.7558152
                    ],
                    [
                        -87.0508507,
                        39.755909
                    ],
                    [
                        -87.0511615,
                        39.7558964
                    ],
                    [
                        -87.0513664,
                        39.7559523
                    ],
                    [
                        -87.0513233,
                        39.7557861
                    ],
                    [
                        -87.0514909,
                        39.7557199
                    ],
                    [
                        -87.0517889,
                        39.755756
                    ],
                    [
                        -87.0524197,
                        39.7558861
                    ],
                    [
                        -87.0530613,
                        39.7559261
                    ],
                    [
                        -87.0536273,
                        39.7560224
                    ],
                    [
                        -87.0539658,
                        39.7562513
                    ],
                    [
                        -87.054135,
                        39.756499
                    ],
                    [
                        -87.0543129,
                        39.7568012
                    ],
                    [
                        -87.0542061,
                        39.7571033
                    ],
                    [
                        -87.0540325,
                        39.7573472
                    ],
                    [
                        -87.0541205,
                        39.7575192
                    ],
                    [
                        -87.054267,
                        39.7575528
                    ],
                    [
                        -87.0548555,
                        39.7575858
                    ],
                    [
                        -87.0550625,
                        39.7577112
                    ],
                    [
                        -87.0551454,
                        39.7578718
                    ],
                    [
                        -87.0552337,
                        39.7580882
                    ],
                    [
                        -87.0551189,
                        39.7581778
                    ],
                    [
                        -87.0549155,
                        39.758298
                    ],
                    [
                        -87.0546889,
                        39.758325
                    ],
                    [
                        -87.0534151,
                        39.7582683
                    ],
                    [
                        -87.0531775,
                        39.7583504
                    ],
                    [
                        -87.0529176,
                        39.7586306
                    ],
                    [
                        -87.0527094,
                        39.7588407
                    ],
                    [
                        -87.0526362,
                        39.7590003
                    ],
                    [
                        -87.0524549,
                        39.7591737
                    ],
                    [
                        -87.0523151,
                        39.7594073
                    ],
                    [
                        -87.0521328,
                        39.7597269
                    ],
                    [
                        -87.0520354,
                        39.7600653
                    ],
                    [
                        -87.0520222,
                        39.7605418
                    ],
                    [
                        -87.0519289,
                        39.7608039
                    ],
                    [
                        -87.0517886,
                        39.7609942
                    ],
                    [
                        -87.0513351,
                        39.7611923
                    ],
                    [
                        -87.0512728,
                        39.7612217
                    ],
                    [
                        -87.0512218,
                        39.7612464
                    ],
                    [
                        -87.0511387,
                        39.7612939
                    ],
                    [
                        -87.0510019,
                        39.7613454
                    ],
                    [
                        -87.0508678,
                        39.7613866
                    ],
                    [
                        -87.0507042,
                        39.7614073
                    ],
                    [
                        -87.050452,
                        39.7614588
                    ],
                    [
                        -87.0503018,
                        39.7614774
                    ],
                    [
                        -87.0501302,
                        39.7615145
                    ],
                    [
                        -87.04987,
                        39.7615557
                    ],
                    [
                        -87.0495133,
                        39.7615681
                    ],
                    [
                        -87.0493335,
                        39.7615413
                    ],
                    [
                        -87.0493899,
                        39.7616052
                    ],
                    [
                        -87.0495106,
                        39.7617495
                    ],
                    [
                        -87.0495991,
                        39.7618712
                    ],
                    [
                        -87.049583,
                        39.7620093
                    ],
                    [
                        -87.0495481,
                        39.7621578
                    ],
                    [
                        -87.0495025,
                        39.7623103
                    ],
                    [
                        -87.0494328,
                        39.7625371
                    ],
                    [
                        -87.0493604,
                        39.7626196
                    ],
                    [
                        -87.0492397,
                        39.762665
                    ],
                    [
                        -87.049068,
                        39.7626505
                    ],
                    [
                        -87.0491109,
                        39.7626856
                    ],
                    [
                        -87.0492155,
                        39.7627289
                    ],
                    [
                        -87.0493309,
                        39.7627475
                    ],
                    [
                        -87.0494569,
                        39.7627866
                    ],
                    [
                        -87.0495562,
                        39.7628835
                    ],
                    [
                        -87.0495964,
                        39.7630299
                    ],
                    [
                        -87.0496366,
                        39.7632052
                    ],
                    [
                        -87.0496366,
                        39.7633433
                    ],
                    [
                        -87.0495374,
                        39.7634773
                    ],
                    [
                        -87.0493335,
                        39.7636381
                    ],
                    [
                        -87.049178,
                        39.763766
                    ],
                    [
                        -87.0490036,
                        39.7639041
                    ],
                    [
                        -87.0488373,
                        39.7640917
                    ],
                    [
                        -87.0487032,
                        39.7642752
                    ],
                    [
                        -87.0486549,
                        39.7644113
                    ],
                    [
                        -87.0485852,
                        39.7645948
                    ],
                    [
                        -87.0485745,
                        39.7647412
                    ],
                    [
                        -87.0485235,
                        39.7648896
                    ],
                    [
                        -87.0484162,
                        39.7651061
                    ],
                    [
                        -87.0483795,
                        39.7652481
                    ],
                    [
                        -87.0483545,
                        39.7653927
                    ],
                    [
                        -87.0482794,
                        39.7655473
                    ],
                    [
                        -87.0482231,
                        39.7655783
                    ],
                    [
                        -87.0481561,
                        39.7655556
                    ],
                    [
                        -87.0481265,
                        39.7654669
                    ],
                    [
                        -87.0481426,
                        39.7653082
                    ],
                    [
                        -87.0481748,
                        39.7652133
                    ],
                    [
                        -87.0482714,
                        39.7650422
                    ],
                    [
                        -87.0482607,
                        39.7649226
                    ],
                    [
                        -87.0481856,
                        39.7648216
                    ],
                    [
                        -87.0479898,
                        39.7646938
                    ],
                    [
                        -87.0477832,
                        39.7646299
                    ],
                    [
                        -87.0478261,
                        39.7646855
                    ],
                    [
                        -87.047853,
                        39.7647742
                    ],
                    [
                        -87.0478583,
                        39.7648731
                    ],
                    [
                        -87.0478422,
                        39.7649577
                    ],
                    [
                        -87.0477618,
                        39.7650298
                    ],
                    [
                        -87.0477403,
                        39.7650896
                    ],
                    [
                        -87.0477108,
                        39.7651721
                    ],
                    [
                        -87.0476384,
                        39.7652154
                    ],
                    [
                        -87.0474989,
                        39.7652937
                    ],
                    [
                        -87.0474721,
                        39.7653494
                    ],
                    [
                        -87.0474614,
                        39.7654587
                    ],
                    [
                        -87.047405,
                        39.7655844
                    ],
                    [
                        -87.0473407,
                        39.7656937
                    ],
                    [
                        -87.0472039,
                        39.7658628
                    ],
                    [
                        -87.047169,
                        39.7660071
                    ],
                    [
                        -87.0471341,
                        39.7660958
                    ],
                    [
                        -87.04722,
                        39.7661349
                    ],
                    [
                        -87.0471905,
                        39.7662504
                    ],
                    [
                        -87.0471234,
                        39.7664462
                    ],
                    [
                        -87.0469973,
                        39.7666359
                    ],
                    [
                        -87.0469061,
                        39.7667844
                    ],
                    [
                        -87.0467881,
                        39.7669307
                    ],
                    [
                        -87.0466701,
                        39.7671245
                    ],
                    [
                        -87.0466245,
                        39.7672111
                    ],
                    [
                        -87.0465628,
                        39.7673307
                    ],
                    [
                        -87.0464689,
                        39.7674359
                    ],
                    [
                        -87.0463777,
                        39.7675286
                    ],
                    [
                        -87.0462383,
                        39.7676173
                    ],
                    [
                        -87.0460908,
                        39.7677162
                    ],
                    [
                        -87.0459727,
                        39.7678585
                    ],
                    [
                        -87.0458976,
                        39.7679307
                    ],
                    [
                        -87.0458011,
                        39.7679966
                    ],
                    [
                        -87.0456777,
                        39.7681141
                    ],
                    [
                        -87.0455382,
                        39.768209
                    ],
                    [
                        -87.0454041,
                        39.7682708
                    ],
                    [
                        -87.045321,
                        39.7682976
                    ],
                    [
                        -87.045211,
                        39.7683512
                    ],
                    [
                        -87.0451171,
                        39.7683904
                    ],
                    [
                        -87.0449428,
                        39.7684502
                    ],
                    [
                        -87.0447121,
                        39.7684811
                    ],
                    [
                        -87.0446263,
                        39.7684605
                    ],
                    [
                        -87.0445082,
                        39.7685141
                    ],
                    [
                        -87.0442776,
                        39.7685017
                    ],
                    [
                        -87.0441917,
                        39.7684275
                    ],
                    [
                        -87.0441864,
                        39.7683389
                    ],
                    [
                        -87.0441757,
                        39.7682131
                    ],
                    [
                        -87.0441193,
                        39.7681224
                    ],
                    [
                        -87.0439477,
                        39.7679781
                    ],
                    [
                        -87.0438887,
                        39.7678688
                    ],
                    [
                        -87.043945,
                        39.7676688
                    ],
                    [
                        -87.0439611,
                        39.7675224
                    ],
                    [
                        -87.0439503,
                        39.7673699
                    ],
                    [
                        -87.0438189,
                        39.7671946
                    ],
                    [
                        -87.0437175,
                        39.7671025
                    ],
                    [
                        -87.0437309,
                        39.7671849
                    ],
                    [
                        -87.0437202,
                        39.7672736
                    ],
                    [
                        -87.0436961,
                        39.7673787
                    ],
                    [
                        -87.0436821,
                        39.7674998
                    ],
                    [
                        -87.0436392,
                        39.7675967
                    ],
                    [
                        -87.0435861,
                        39.7677004
                    ],
                    [
                        -87.0435802,
                        39.767807
                    ],
                    [
                        -87.0435673,
                        39.7679168
                    ],
                    [
                        -87.04357,
                        39.7679911
                    ],
                    [
                        -87.0435883,
                        39.7680688
                    ],
                    [
                        -87.0434515,
                        39.7681471
                    ],
                    [
                        -87.0431256,
                        39.7681899
                    ],
                    [
                        -87.0429826,
                        39.7681665
                    ],
                    [
                        -87.0428944,
                        39.7681384
                    ],
                    [
                        -87.0427058,
                        39.7681265
                    ],
                    [
                        -87.0425508,
                        39.7681807
                    ],
                    [
                        -87.0427358,
                        39.7683395
                    ],
                    [
                        -87.0428989,
                        39.7684419
                    ],
                    [
                        -87.0431237,
                        39.7685037
                    ],
                    [
                        -87.0432376,
                        39.768514
                    ],
                    [
                        -87.0433313,
                        39.7685807
                    ],
                    [
                        -87.043334,
                        39.7686632
                    ],
                    [
                        -87.0432583,
                        39.7687883
                    ],
                    [
                        -87.0432374,
                        39.7689971
                    ],
                    [
                        -87.0432455,
                        39.7691847
                    ],
                    [
                        -87.043253,
                        39.7693944
                    ],
                    [
                        -87.0432154,
                        39.7694831
                    ],
                    [
                        -87.0431114,
                        39.7695435
                    ],
                    [
                        -87.0430572,
                        39.7696336
                    ],
                    [
                        -87.0429767,
                        39.7697531
                    ],
                    [
                        -87.0428748,
                        39.7698706
                    ],
                    [
                        -87.0428136,
                        39.7699434
                    ],
                    [
                        -87.0427434,
                        39.770015
                    ],
                    [
                        -87.0426307,
                        39.7700954
                    ],
                    [
                        -87.0424805,
                        39.7701613
                    ],
                    [
                        -87.0423303,
                        39.7702397
                    ],
                    [
                        -87.0421833,
                        39.7702815
                    ],
                    [
                        -87.0421619,
                        39.7703413
                    ],
                    [
                        -87.0420814,
                        39.7704732
                    ],
                    [
                        -87.0419789,
                        39.7705922
                    ],
                    [
                        -87.0419172,
                        39.7706747
                    ],
                    [
                        -87.0418099,
                        39.7706149
                    ],
                    [
                        -87.0417134,
                        39.7705572
                    ],
                    [
                        -87.0415444,
                        39.77052
                    ],
                    [
                        -87.0413674,
                        39.7704768
                    ],
                    [
                        -87.041354,
                        39.7703881
                    ],
                    [
                        -87.0413137,
                        39.7703881
                    ],
                    [
                        -87.0412252,
                        39.7703778
                    ],
                    [
                        -87.0410402,
                        39.7703324
                    ],
                    [
                        -87.0408873,
                        39.7703922
                    ],
                    [
                        -87.0407049,
                        39.7703551
                    ],
                    [
                        -87.040493,
                        39.7702562
                    ],
                    [
                        -87.0403374,
                        39.7703077
                    ],
                    [
                        -87.0401421,
                        39.7703764
                    ],
                    [
                        -87.0401582,
                        39.770399
                    ],
                    [
                        -87.0402602,
                        39.7703867
                    ],
                    [
                        -87.0405579,
                        39.770397
                    ],
                    [
                        -87.04067,
                        39.770518
                    ],
                    [
                        -87.0407639,
                        39.7705922
                    ],
                    [
                        -87.0409677,
                        39.7706272
                    ],
                    [
                        -87.0410997,
                        39.7705866
                    ],
                    [
                        -87.0412553,
                        39.7706547
                    ],
                    [
                        -87.0412821,
                        39.7707351
                    ],
                    [
                        -87.0413384,
                        39.7708753
                    ],
                    [
                        -87.0413572,
                        39.7710505
                    ],
                    [
                        -87.0413277,
                        39.7712484
                    ],
                    [
                        -87.0413411,
                        39.7713144
                    ],
                    [
                        -87.0413277,
                        39.7714381
                    ],
                    [
                        -87.0412386,
                        39.7715776
                    ],
                    [
                        -87.041016,
                        39.7717281
                    ],
                    [
                        -87.040869,
                        39.7718442
                    ],
                    [
                        -87.0407639,
                        39.7719425
                    ],
                    [
                        -87.0406089,
                        39.7720565
                    ],
                    [
                        -87.0405311,
                        39.7721699
                    ],
                    [
                        -87.0404527,
                        39.772293
                    ],
                    [
                        -87.0403272,
                        39.7723781
                    ],
                    [
                        -87.0402891,
                        39.7724888
                    ],
                    [
                        -87.0402355,
                        39.7726043
                    ],
                    [
                        -87.0400719,
                        39.7727321
                    ],
                    [
                        -87.0399217,
                        39.7728702
                    ],
                    [
                        -87.0398224,
                        39.7729135
                    ],
                    [
                        -87.0397312,
                        39.7730228
                    ],
                    [
                        -87.0395783,
                        39.7731568
                    ],
                    [
                        -87.0393718,
                        39.7733134
                    ],
                    [
                        -87.0391814,
                        39.7734474
                    ],
                    [
                        -87.0390929,
                        39.7735732
                    ],
                    [
                        -87.0390097,
                        39.7736783
                    ],
                    [
                        -87.038889,
                        39.7736969
                    ],
                    [
                        -87.0387388,
                        39.7737814
                    ],
                    [
                        -87.0385779,
                        39.7738535
                    ],
                    [
                        -87.0384384,
                        39.7739216
                    ],
                    [
                        -87.0382453,
                        39.7739917
                    ],
                    [
                        -87.0380361,
                        39.7740576
                    ],
                    [
                        -87.0378644,
                        39.7741257
                    ],
                    [
                        -87.0377357,
                        39.7741875
                    ],
                    [
                        -87.0374326,
                        39.7742926
                    ],
                    [
                        -87.0371831,
                        39.7744122
                    ],
                    [
                        -87.0368371,
                        39.7745565
                    ],
                    [
                        -87.0365153,
                        39.7746287
                    ],
                    [
                        -87.0363168,
                        39.7746761
                    ],
                    [
                        -87.036129,
                        39.7747462
                    ],
                    [
                        -87.0358903,
                        39.7748327
                    ],
                    [
                        -87.0357079,
                        39.7749502
                    ],
                    [
                        -87.0355336,
                        39.7749853
                    ],
                    [
                        -87.0352841,
                        39.77501
                    ],
                    [
                        -87.0351205,
                        39.7749337
                    ],
                    [
                        -87.035032,
                        39.7748266
                    ],
                    [
                        -87.0349059,
                        39.7746905
                    ],
                    [
                        -87.0349086,
                        39.7745689
                    ],
                    [
                        -87.0348228,
                        39.7744576
                    ],
                    [
                        -87.0347691,
                        39.7742968
                    ],
                    [
                        -87.0347396,
                        39.774037
                    ],
                    [
                        -87.0346914,
                        39.773868
                    ],
                    [
                        -87.0347021,
                        39.7737072
                    ],
                    [
                        -87.0347128,
                        39.7735258
                    ],
                    [
                        -87.0347075,
                        39.7733959
                    ],
                    [
                        -87.0345841,
                        39.7732578
                    ],
                    [
                        -87.0345412,
                        39.7731382
                    ],
                    [
                        -87.0345438,
                        39.7728022
                    ],
                    [
                        -87.0345707,
                        39.7726599
                    ],
                    [
                        -87.0345358,
                        39.7725321
                    ],
                    [
                        -87.034399,
                        39.7724311
                    ],
                    [
                        -87.0342622,
                        39.7723672
                    ],
                    [
                        -87.034104,
                        39.7724002
                    ],
                    [
                        -87.0339382,
                        39.7724544
                    ],
                    [
                        -87.0338792,
                        39.7725183
                    ],
                    [
                        -87.0340348,
                        39.7725142
                    ],
                    [
                        -87.0341581,
                        39.7725162
                    ],
                    [
                        -87.0342601,
                        39.7725204
                    ],
                    [
                        -87.0343674,
                        39.7725307
                    ],
                    [
                        -87.0344317,
                        39.7726049
                    ],
                    [
                        -87.0344505,
                        39.7726874
                    ],
                    [
                        -87.0343861,
                        39.7728378
                    ],
                    [
                        -87.0342515,
                        39.7730413
                    ],
                    [
                        -87.0341791,
                        39.7731382
                    ],
                    [
                        -87.0341361,
                        39.7732866
                    ],
                    [
                        -87.0340857,
                        39.7734336
                    ],
                    [
                        -87.0341206,
                        39.773648
                    ],
                    [
                        -87.0341072,
                        39.7737758
                    ],
                    [
                        -87.0341125,
                        39.7739614
                    ],
                    [
                        -87.0341635,
                        39.7742067
                    ],
                    [
                        -87.0341716,
                        39.7743201
                    ],
                    [
                        -87.0341152,
                        39.7744582
                    ],
                    [
                        -87.0340262,
                        39.7745606
                    ],
                    [
                        -87.033825,
                        39.7746864
                    ],
                    [
                        -87.0336614,
                        39.7747709
                    ],
                    [
                        -87.0333234,
                        39.7748513
                    ],
                    [
                        -87.0330123,
                        39.7748801
                    ],
                    [
                        -87.0326153,
                        39.7748966
                    ],
                    [
                        -87.0323122,
                        39.7748843
                    ],
                    [
                        -87.0321486,
                        39.7748801
                    ],
                    [
                        -87.0318563,
                        39.7748946
                    ],
                    [
                        -87.0314083,
                        39.7748637
                    ],
                    [
                        -87.0311133,
                        39.774843
                    ],
                    [
                        -87.0307807,
                        39.7748554
                    ],
                    [
                        -87.0303864,
                        39.7748059
                    ],
                    [
                        -87.0301262,
                        39.7747998
                    ],
                    [
                        -87.0298312,
                        39.7747771
                    ],
                    [
                        -87.0295147,
                        39.7747668
                    ],
                    [
                        -87.0291741,
                        39.7747585
                    ],
                    [
                        -87.0289032,
                        39.7747771
                    ],
                    [
                        -87.0286725,
                        39.7748575
                    ],
                    [
                        -87.0284311,
                        39.7748637
                    ],
                    [
                        -87.0280878,
                        39.7749173
                    ],
                    [
                        -87.027819,
                        39.7748695
                    ],
                    [
                        -87.0274291,
                        39.774933
                    ],
                    [
                        -87.0266122,
                        39.7749437
                    ],
                    [
                        -87.0263087,
                        39.7749881
                    ],
                    [
                        -87.0259329,
                        39.7750671
                    ],
                    [
                        -87.0257003,
                        39.775107
                    ],
                    [
                        -87.0252095,
                        39.7750612
                    ],
                    [
                        -87.0246322,
                        39.775092
                    ],
                    [
                        -87.0241846,
                        39.7751254
                    ],
                    [
                        -87.0238019,
                        39.7751567
                    ],
                    [
                        -87.0233349,
                        39.7751935
                    ],
                    [
                        -87.0229406,
                        39.7751234
                    ],
                    [
                        -87.0227609,
                        39.7750512
                    ],
                    [
                        -87.0223425,
                        39.7749173
                    ],
                    [
                        -87.0219616,
                        39.7748513
                    ],
                    [
                        -87.0216424,
                        39.7747812
                    ],
                    [
                        -87.0213661,
                        39.7747276
                    ],
                    [
                        -87.0209182,
                        39.7746431
                    ],
                    [
                        -87.0206312,
                        39.7745235
                    ],
                    [
                        -87.0202369,
                        39.7743504
                    ],
                    [
                        -87.0199821,
                        39.7742679
                    ],
                    [
                        -87.0194001,
                        39.7742102
                    ],
                    [
                        -87.0192633,
                        39.7740968
                    ],
                    [
                        -87.0191056,
                        39.7739304
                    ],
                    [
                        -87.0192477,
                        39.7741222
                    ],
                    [
                        -87.0193062,
                        39.7742287
                    ],
                    [
                        -87.0190836,
                        39.7743029
                    ],
                    [
                        -87.0186974,
                        39.7743421
                    ],
                    [
                        -87.0183835,
                        39.7744225
                    ],
                    [
                        -87.01778,
                        39.7745854
                    ],
                    [
                        -87.0174823,
                        39.77474
                    ],
                    [
                        -87.0169941,
                        39.7751069
                    ],
                    [
                        -87.0164667,
                        39.7753184
                    ],
                    [
                        -87.0159349,
                        39.7754791
                    ],
                    [
                        -87.0155424,
                        39.7757288
                    ],
                    [
                        -87.0153292,
                        39.7758253
                    ],
                    [
                        -87.0149856,
                        39.776106
                    ],
                    [
                        -87.0145822,
                        39.7763959
                    ],
                    [
                        -87.0141133,
                        39.7767256
                    ],
                    [
                        -87.0137889,
                        39.7770629
                    ],
                    [
                        -87.0138535,
                        39.7772347
                    ],
                    [
                        -87.0137736,
                        39.7773524
                    ],
                    [
                        -87.0139167,
                        39.7775353
                    ],
                    [
                        -87.014144,
                        39.7776593
                    ],
                    [
                        -87.0143284,
                        39.7781348
                    ],
                    [
                        -87.0149375,
                        39.7785341
                    ],
                    [
                        -87.0146674,
                        39.7789084
                    ],
                    [
                        -87.0145294,
                        39.7789473
                    ],
                    [
                        -87.0142573,
                        39.7788148
                    ],
                    [
                        -87.0131193,
                        39.7785355
                    ],
                    [
                        -87.0129415,
                        39.7786269
                    ],
                    [
                        -87.0129721,
                        39.7787172
                    ],
                    [
                        -87.0131336,
                        39.7787973
                    ],
                    [
                        -87.0134558,
                        39.7789379
                    ],
                    [
                        -87.0142316,
                        39.7790869
                    ],
                    [
                        -87.0143941,
                        39.7791929
                    ],
                    [
                        -87.0138812,
                        39.7797025
                    ],
                    [
                        -87.0132149,
                        39.780288
                    ],
                    [
                        -87.0123696,
                        39.7809114
                    ],
                    [
                        -87.0117625,
                        39.7812073
                    ],
                    [
                        -87.0105591,
                        39.7816373
                    ],
                    [
                        -87.0080741,
                        39.7820305
                    ],
                    [
                        -87.0072366,
                        39.7821876
                    ],
                    [
                        -87.0065455,
                        39.7824446
                    ],
                    [
                        -87.0066649,
                        39.782587
                    ],
                    [
                        -87.0067582,
                        39.7826983
                    ],
                    [
                        -87.0079658,
                        39.7824552
                    ],
                    [
                        -87.0090605,
                        39.7822968
                    ],
                    [
                        -87.0101931,
                        39.7821261
                    ],
                    [
                        -87.01122,
                        39.7819255
                    ],
                    [
                        -87.0116348,
                        39.7816762
                    ],
                    [
                        -87.011975,
                        39.7815978
                    ],
                    [
                        -87.0127702,
                        39.7812248
                    ],
                    [
                        -87.0138016,
                        39.7805264
                    ],
                    [
                        -87.0143427,
                        39.7799412
                    ],
                    [
                        -87.0150212,
                        39.7793675
                    ],
                    [
                        -87.0155397,
                        39.778912
                    ],
                    [
                        -87.016212,
                        39.778294
                    ],
                    [
                        -87.0166106,
                        39.7778073
                    ],
                    [
                        -87.0170183,
                        39.7773064
                    ],
                    [
                        -87.0174462,
                        39.7770778
                    ],
                    [
                        -87.0180605,
                        39.7768736
                    ],
                    [
                        -87.0182668,
                        39.7768214
                    ],
                    [
                        -87.0184059,
                        39.7770463
                    ],
                    [
                        -87.0189973,
                        39.7771271
                    ],
                    [
                        -87.0193395,
                        39.777311
                    ],
                    [
                        -87.0197834,
                        39.7772718
                    ],
                    [
                        -87.0201891,
                        39.7774768
                    ],
                    [
                        -87.0202411,
                        39.7775675
                    ],
                    [
                        -87.0203784,
                        39.7775179
                    ],
                    [
                        -87.0207026,
                        39.7776973
                    ],
                    [
                        -87.0208646,
                        39.7777326
                    ],
                    [
                        -87.0210023,
                        39.777674
                    ],
                    [
                        -87.0220884,
                        39.7774632
                    ],
                    [
                        -87.022458,
                        39.7773334
                    ],
                    [
                        -87.0227548,
                        39.7773072
                    ],
                    [
                        -87.023008,
                        39.7774084
                    ],
                    [
                        -87.023043,
                        39.7775795
                    ],
                    [
                        -87.0231769,
                        39.7776046
                    ],
                    [
                        -87.0234486,
                        39.777945
                    ],
                    [
                        -87.0235624,
                        39.7780109
                    ],
                    [
                        -87.0235763,
                        39.7778873
                    ],
                    [
                        -87.023739,
                        39.7779778
                    ],
                    [
                        -87.0241282,
                        39.7783947
                    ],
                    [
                        -87.0244782,
                        39.7786156
                    ],
                    [
                        -87.0246082,
                        39.7786873
                    ],
                    [
                        -87.0248744,
                        39.7785289
                    ],
                    [
                        -87.0251588,
                        39.7785618
                    ],
                    [
                        -87.0254914,
                        39.7787782
                    ],
                    [
                        -87.025722,
                        39.7789741
                    ],
                    [
                        -87.0260278,
                        39.7790998
                    ],
                    [
                        -87.0264356,
                        39.7791781
                    ],
                    [
                        -87.0265026,
                        39.7792699
                    ],
                    [
                        -87.0268807,
                        39.7793204
                    ],
                    [
                        -87.0273663,
                        39.7793162
                    ],
                    [
                        -87.0276184,
                        39.7792895
                    ],
                    [
                        -87.027841,
                        39.7793265
                    ],
                    [
                        -87.0281629,
                        39.7793038
                    ],
                    [
                        -87.0286564,
                        39.7792585
                    ],
                    [
                        -87.0290721,
                        39.7792132
                    ],
                    [
                        -87.0293162,
                        39.7793121
                    ],
                    [
                        -87.0296006,
                        39.7793925
                    ],
                    [
                        -87.0298741,
                        39.779578
                    ],
                    [
                        -87.0300244,
                        39.7796214
                    ],
                    [
                        -87.0303784,
                        39.7794647
                    ],
                    [
                        -87.030837,
                        39.779409
                    ],
                    [
                        -87.0311943,
                        39.7794797
                    ],
                    [
                        -87.0318616,
                        39.7792688
                    ],
                    [
                        -87.0321808,
                        39.7791617
                    ],
                    [
                        -87.0324463,
                        39.7791925
                    ],
                    [
                        -87.0326663,
                        39.7791348
                    ],
                    [
                        -87.032956,
                        39.7791328
                    ],
                    [
                        -87.0332967,
                        39.7791121
                    ],
                    [
                        -87.0335112,
                        39.7790606
                    ],
                    [
                        -87.0337311,
                        39.7790112
                    ],
                    [
                        -87.0339591,
                        39.7790132
                    ],
                    [
                        -87.0341871,
                        39.7790359
                    ],
                    [
                        -87.0343856,
                        39.779073
                    ],
                    [
                        -87.0346002,
                        39.7791245
                    ],
                    [
                        -87.0346597,
                        39.779152
                    ],
                    [
                        -87.0347509,
                        39.7791375
                    ],
                    [
                        -87.0348448,
                        39.779154
                    ],
                    [
                        -87.0349521,
                        39.7791643
                    ],
                    [
                        -87.0351827,
                        39.7791581
                    ],
                    [
                        -87.0354987,
                        39.7791493
                    ],
                    [
                        -87.0356334,
                        39.7790613
                    ],
                    [
                        -87.0356248,
                        39.7789535
                    ],
                    [
                        -87.0356677,
                        39.7788586
                    ],
                    [
                        -87.0358179,
                        39.7787061
                    ],
                    [
                        -87.0358774,
                        39.7786531
                    ],
                    [
                        -87.0358796,
                        39.7785865
                    ],
                    [
                        -87.0359279,
                        39.7785432
                    ],
                    [
                        -87.0360056,
                        39.7785123
                    ],
                    [
                        -87.0361049,
                        39.7783907
                    ],
                    [
                        -87.0362095,
                        39.7782444
                    ],
                    [
                        -87.0363168,
                        39.7781495
                    ],
                    [
                        -87.036416,
                        39.7780176
                    ],
                    [
                        -87.0365957,
                        39.7778671
                    ],
                    [
                        -87.0366842,
                        39.7777496
                    ],
                    [
                        -87.0367513,
                        39.77756
                    ],
                    [
                        -87.0367352,
                        39.7774981
                    ],
                    [
                        -87.0366816,
                        39.7774301
                    ],
                    [
                        -87.0367057,
                        39.7773518
                    ],
                    [
                        -87.0367379,
                        39.7772755
                    ],
                    [
                        -87.0368666,
                        39.7771972
                    ],
                    [
                        -87.0370142,
                        39.7771436
                    ],
                    [
                        -87.0371375,
                        39.7770859
                    ],
                    [
                        -87.0372958,
                        39.7770261
                    ],
                    [
                        -87.0374219,
                        39.7769519
                    ],
                    [
                        -87.0375318,
                        39.7769251
                    ],
                    [
                        -87.0375855,
                        39.7768859
                    ],
                    [
                        -87.0376445,
                        39.7769003
                    ],
                    [
                        -87.0378591,
                        39.776956
                    ],
                    [
                        -87.0380656,
                        39.7769622
                    ],
                    [
                        -87.0382265,
                        39.7769931
                    ],
                    [
                        -87.0382963,
                        39.7769374
                    ],
                    [
                        -87.038189,
                        39.7768674
                    ],
                    [
                        -87.0381139,
                        39.7768344
                    ],
                    [
                        -87.0381782,
                        39.7767375
                    ],
                    [
                        -87.0382104,
                        39.7766324
                    ],
                    [
                        -87.0383633,
                        39.7765849
                    ],
                    [
                        -87.0384652,
                        39.7765458
                    ],
                    [
                        -87.0385806,
                        39.7764922
                    ],
                    [
                        -87.038602,
                        39.7764077
                    ],
                    [
                        -87.038653,
                        39.7762799
                    ],
                    [
                        -87.0386932,
                        39.7762366
                    ],
                    [
                        -87.0387549,
                        39.7761582
                    ],
                    [
                        -87.0388273,
                        39.7760943
                    ],
                    [
                        -87.0388944,
                        39.776016
                    ],
                    [
                        -87.0389963,
                        39.7759686
                    ],
                    [
                        -87.0390795,
                        39.7758964
                    ],
                    [
                        -87.0392753,
                        39.7758263
                    ],
                    [
                        -87.0392699,
                        39.7757068
                    ],
                    [
                        -87.0392377,
                        39.7756367
                    ],
                    [
                        -87.0392806,
                        39.7755625
                    ],
                    [
                        -87.0393396,
                        39.7755027
                    ],
                    [
                        -87.0394818,
                        39.7754264
                    ],
                    [
                        -87.0395462,
                        39.7753831
                    ],
                    [
                        -87.039699,
                        39.7753316
                    ],
                    [
                        -87.0398895,
                        39.7752718
                    ],
                    [
                        -87.0400799,
                        39.7752306
                    ],
                    [
                        -87.0401953,
                        39.775177
                    ],
                    [
                        -87.0403964,
                        39.7750945
                    ],
                    [
                        -87.0404662,
                        39.7750698
                    ],
                    [
                        -87.0404742,
                        39.7750389
                    ],
                    [
                        -87.0405627,
                        39.774977
                    ],
                    [
                        -87.0406512,
                        39.7749379
                    ],
                    [
                        -87.0407183,
                        39.7748822
                    ],
                    [
                        -87.0408283,
                        39.7748059
                    ],
                    [
                        -87.040898,
                        39.7747647
                    ],
                    [
                        -87.0409892,
                        39.7746946
                    ],
                    [
                        -87.0411474,
                        39.7745833
                    ],
                    [
                        -87.0412976,
                        39.7745276
                    ],
                    [
                        -87.0414425,
                        39.7744369
                    ],
                    [
                        -87.0415095,
                        39.7743813
                    ],
                    [
                        -87.0416061,
                        39.7743297
                    ],
                    [
                        -87.0417375,
                        39.774239
                    ],
                    [
                        -87.041877,
                        39.7741607
                    ],
                    [
                        -87.0419333,
                        39.7741999
                    ],
                    [
                        -87.0419548,
                        39.7741669
                    ],
                    [
                        -87.0419816,
                        39.7741092
                    ],
                    [
                        -87.0420889,
                        39.7740514
                    ],
                    [
                        -87.042172,
                        39.7740226
                    ],
                    [
                        -87.0422606,
                        39.7739566
                    ],
                    [
                        -87.0423518,
                        39.7739401
                    ],
                    [
                        -87.0423813,
                        39.7739133
                    ],
                    [
                        -87.0424188,
                        39.773868
                    ],
                    [
                        -87.0425127,
                        39.7738391
                    ],
                    [
                        -87.0425636,
                        39.7738061
                    ],
                    [
                        -87.0427144,
                        39.773782
                    ],
                    [
                        -87.0429472,
                        39.7737793
                    ],
                    [
                        -87.0431677,
                        39.7737305
                    ],
                    [
                        -87.0432562,
                        39.7736748
                    ],
                    [
                        -87.0434493,
                        39.7736686
                    ],
                    [
                        -87.043607,
                        39.7736845
                    ],
                    [
                        -87.0437948,
                        39.7737525
                    ],
                    [
                        -87.0438967,
                        39.7737216
                    ],
                    [
                        -87.0438677,
                        39.7735903
                    ],
                    [
                        -87.0438162,
                        39.7734557
                    ],
                    [
                        -87.0438087,
                        39.7733223
                    ],
                    [
                        -87.0438296,
                        39.7732248
                    ],
                    [
                        -87.043908,
                        39.7730852
                    ],
                    [
                        -87.0439611,
                        39.7729857
                    ],
                    [
                        -87.0440255,
                        39.7729382
                    ],
                    [
                        -87.0440716,
                        39.772877
                    ],
                    [
                        -87.0441649,
                        39.7728084
                    ],
                    [
                        -87.0442293,
                        39.7727403
                    ],
                    [
                        -87.0442969,
                        39.7726709
                    ],
                    [
                        -87.0444063,
                        39.7726043
                    ],
                    [
                        -87.0444975,
                        39.7725424
                    ],
                    [
                        -87.044584,
                        39.7724789
                    ],
                    [
                        -87.0446772,
                        39.7723878
                    ],
                    [
                        -87.0448092,
                        39.7722771
                    ],
                    [
                        -87.045024,
                        39.7721175
                    ],
                    [
                        -87.0451016,
                        39.7720277
                    ],
                    [
                        -87.0452383,
                        39.7719225
                    ],
                    [
                        -87.0454122,
                        39.7718271
                    ],
                    [
                        -87.0455495,
                        39.7717308
                    ],
                    [
                        -87.0456643,
                        39.771623
                    ],
                    [
                        -87.0458848,
                        39.7715123
                    ],
                    [
                        -87.0459733,
                        39.7715308
                    ],
                    [
                        -87.0460747,
                        39.7715178
                    ],
                    [
                        -87.046102,
                        39.7714525
                    ],
                    [
                        -87.0462115,
                        39.7713756
                    ],
                    [
                        -87.0464346,
                        39.771267
                    ],
                    [
                        -87.046528,
                        39.7711901
                    ],
                    [
                        -87.046668,
                        39.7710958
                    ],
                    [
                        -87.0468155,
                        39.7709866
                    ],
                    [
                        -87.046904,
                        39.7709062
                    ],
                    [
                        -87.0470188,
                        39.7708973
                    ],
                    [
                        -87.0470327,
                        39.7708361
                    ],
                    [
                        -87.0471669,
                        39.7707083
                    ],
                    [
                        -87.047405,
                        39.7705695
                    ],
                    [
                        -87.0475745,
                        39.7704794
                    ],
                    [
                        -87.0477543,
                        39.7703764
                    ],
                    [
                        -87.0478556,
                        39.7703778
                    ],
                    [
                        -87.0478884,
                        39.7704423
                    ],
                    [
                        -87.0482338,
                        39.7706066
                    ],
                    [
                        -87.0484892,
                        39.7707041
                    ],
                    [
                        -87.0486448,
                        39.7707784
                    ],
                    [
                        -87.0487515,
                        39.7707963
                    ],
                    [
                        -87.0488459,
                        39.7708814
                    ],
                    [
                        -87.048972,
                        39.7710319
                    ],
                    [
                        -87.049031,
                        39.7711515
                    ],
                    [
                        -87.0490149,
                        39.7712505
                    ],
                    [
                        -87.0490685,
                        39.7712566
                    ],
                    [
                        -87.0491565,
                        39.7712581
                    ],
                    [
                        -87.0492429,
                        39.7713123
                    ],
                    [
                        -87.0494199,
                        39.7715185
                    ],
                    [
                        -87.0495111,
                        39.7716009
                    ],
                    [
                        -87.049613,
                        39.7716916
                    ],
                    [
                        -87.049664,
                        39.77177
                    ],
                    [
                        -87.0497471,
                        39.7718339
                    ],
                    [
                        -87.0499349,
                        39.7719411
                    ],
                    [
                        -87.0500529,
                        39.7720524
                    ],
                    [
                        -87.0502138,
                        39.772174
                    ],
                    [
                        -87.0502273,
                        39.7721431
                    ],
                    [
                        -87.0501736,
                        39.7720627
                    ],
                    [
                        -87.0500771,
                        39.7719452
                    ],
                    [
                        -87.0500288,
                        39.7718648
                    ],
                    [
                        -87.0501978,
                        39.7718875
                    ],
                    [
                        -87.0502916,
                        39.7719308
                    ],
                    [
                        -87.0503775,
                        39.7719617
                    ],
                    [
                        -87.0505598,
                        39.7720256
                    ],
                    [
                        -87.0505974,
                        39.7719947
                    ],
                    [
                        -87.0504901,
                        39.771873
                    ],
                    [
                        -87.0503662,
                        39.77179
                    ],
                    [
                        -87.0503211,
                        39.7717226
                    ],
                    [
                        -87.0502702,
                        39.7715906
                    ],
                    [
                        -87.0501436,
                        39.7714519
                    ],
                    [
                        -87.0500073,
                        39.7712463
                    ],
                    [
                        -87.0498646,
                        39.77112
                    ],
                    [
                        -87.0498324,
                        39.7710231
                    ],
                    [
                        -87.0497793,
                        39.7709371
                    ],
                    [
                        -87.0496506,
                        39.7707289
                    ],
                    [
                        -87.0495031,
                        39.7706815
                    ],
                    [
                        -87.0493979,
                        39.7706272
                    ],
                    [
                        -87.0493663,
                        39.7705207
                    ],
                    [
                        -87.0492375,
                        39.7704341
                    ],
                    [
                        -87.0491887,
                        39.7703799
                    ],
                    [
                        -87.0490331,
                        39.7703448
                    ],
                    [
                        -87.0489822,
                        39.7702438
                    ],
                    [
                        -87.048921,
                        39.7701248
                    ],
                    [
                        -87.0488373,
                        39.7700438
                    ],
                    [
                        -87.0487649,
                        39.7699201
                    ],
                    [
                        -87.0488593,
                        39.7698506
                    ],
                    [
                        -87.048921,
                        39.7697847
                    ],
                    [
                        -87.0490444,
                        39.7697228
                    ],
                    [
                        -87.0491324,
                        39.7696624
                    ],
                    [
                        -87.0492402,
                        39.7695641
                    ],
                    [
                        -87.0493818,
                        39.7694109
                    ],
                    [
                        -87.049495,
                        39.7692961
                    ],
                    [
                        -87.0495755,
                        39.7692012
                    ],
                    [
                        -87.0496838,
                        39.7691056
                    ],
                    [
                        -87.0497728,
                        39.7690512
                    ],
                    [
                        -87.0498442,
                        39.7690003
                    ],
                    [
                        -87.0499429,
                        39.7689415
                    ],
                    [
                        -87.0501221,
                        39.7689182
                    ],
                    [
                        -87.0501167,
                        39.7688934
                    ],
                    [
                        -87.0500872,
                        39.7687945
                    ],
                    [
                        -87.0501597,
                        39.7686996
                    ],
                    [
                        -87.0502374,
                        39.768578
                    ],
                    [
                        -87.0503319,
                        39.7684281
                    ],
                    [
                        -87.0504091,
                        39.7683286
                    ],
                    [
                        -87.0505089,
                        39.7682591
                    ],
                    [
                        -87.0506081,
                        39.7681539
                    ],
                    [
                        -87.0507417,
                        39.7680502
                    ],
                    [
                        -87.0508683,
                        39.7679828
                    ],
                    [
                        -87.0509273,
                        39.7679787
                    ],
                    [
                        -87.0510475,
                        39.7679471
                    ],
                    [
                        -87.0511714,
                        39.7679127
                    ],
                    [
                        -87.0511473,
                        39.7678674
                    ],
                    [
                        -87.051225,
                        39.7678653
                    ],
                    [
                        -87.0512755,
                        39.7678606
                    ],
                    [
                        -87.0514262,
                        39.7678364
                    ],
                    [
                        -87.0516086,
                        39.767822
                    ],
                    [
                        -87.0517373,
                        39.7677849
                    ],
                    [
                        -87.0519117,
                        39.7677931
                    ],
                    [
                        -87.052027,
                        39.7678323
                    ],
                    [
                        -87.0521745,
                        39.767787
                    ],
                    [
                        -87.0522416,
                        39.7677127
                    ],
                    [
                        -87.0524508,
                        39.7676158
                    ],
                    [
                        -87.0525474,
                        39.7675396
                    ],
                    [
                        -87.0526412,
                        39.767453
                    ],
                    [
                        -87.0527646,
                        39.7673911
                    ],
                    [
                        -87.0528848,
                        39.7673101
                    ],
                    [
                        -87.0529336,
                        39.767253
                    ],
                    [
                        -87.0530162,
                        39.7671555
                    ],
                    [
                        -87.0531316,
                        39.7670771
                    ],
                    [
                        -87.0531991,
                        39.7670468
                    ],
                    [
                        -87.0532903,
                        39.7670262
                    ],
                    [
                        -87.0533762,
                        39.7670303
                    ],
                    [
                        -87.0534459,
                        39.7670283
                    ],
                    [
                        -87.0535071,
                        39.7671204
                    ],
                    [
                        -87.0536149,
                        39.7671829
                    ],
                    [
                        -87.053668,
                        39.7671328
                    ],
                    [
                        -87.0536921,
                        39.7670318
                    ],
                    [
                        -87.0538128,
                        39.7668895
                    ],
                    [
                        -87.0537275,
                        39.766851
                    ],
                    [
                        -87.0537222,
                        39.7667705
                    ],
                    [
                        -87.053676,
                        39.7667369
                    ],
                    [
                        -87.0537377,
                        39.7666772
                    ],
                    [
                        -87.0537946,
                        39.7665932
                    ],
                    [
                        -87.0539389,
                        39.7665246
                    ],
                    [
                        -87.0540301,
                        39.7664875
                    ],
                    [
                        -87.0540923,
                        39.7664242
                    ],
                    [
                        -87.0541454,
                        39.7663452
                    ],
                    [
                        -87.0540574,
                        39.7663953
                    ],
                    [
                        -87.054132,
                        39.7663164
                    ],
                    [
                        -87.0541889,
                        39.7662324
                    ],
                    [
                        -87.0542527,
                        39.7661803
                    ],
                    [
                        -87.0542801,
                        39.7661046
                    ],
                    [
                        -87.0544142,
                        39.766051
                    ],
                    [
                        -87.0545236,
                        39.7660215
                    ],
                    [
                        -87.0545242,
                        39.7659789
                    ],
                    [
                        -87.0545585,
                        39.7659123
                    ],
                    [
                        -87.0545934,
                        39.7658422
                    ],
                    [
                        -87.0546207,
                        39.7657768
                    ],
                    [
                        -87.0547039,
                        39.7657624
                    ],
                    [
                        -87.0547006,
                        39.7657226
                    ],
                    [
                        -87.0547816,
                        39.7656943
                    ],
                    [
                        -87.0548889,
                        39.7656057
                    ],
                    [
                        -87.0549909,
                        39.7655892
                    ],
                    [
                        -87.0551518,
                        39.765649
                    ],
                    [
                        -87.0552537,
                        39.765717
                    ],
                    [
                        -87.0552993,
                        39.7658366
                    ],
                    [
                        -87.055369,
                        39.765816
                    ],
                    [
                        -87.0554114,
                        39.7657226
                    ],
                    [
                        -87.0553637,
                        39.7656181
                    ],
                    [
                        -87.0552612,
                        39.7654546
                    ],
                    [
                        -87.0552805,
                        39.7653624
                    ],
                    [
                        -87.0553583,
                        39.7652634
                    ],
                    [
                        -87.0554737,
                        39.7651892
                    ],
                    [
                        -87.0556153,
                        39.7651535
                    ],
                    [
                        -87.055589,
                        39.7650696
                    ],
                    [
                        -87.0557494,
                        39.7649268
                    ],
                    [
                        -87.0558277,
                        39.764816
                    ],
                    [
                        -87.0559345,
                        39.7647453
                    ],
                    [
                        -87.056045,
                        39.7646305
                    ],
                    [
                        -87.0561844,
                        39.7645542
                    ],
                    [
                        -87.0563078,
                        39.7644738
                    ],
                    [
                        -87.0564527,
                        39.7644614
                    ],
                    [
                        -87.0565734,
                        39.764515
                    ],
                    [
                        -87.0566967,
                        39.7646243
                    ],
                    [
                        -87.0568705,
                        39.7647103
                    ],
                    [
                        -87.0571795,
                        39.764814
                    ],
                    [
                        -87.0572815,
                        39.7649171
                    ],
                    [
                        -87.0573861,
                        39.7650305
                    ],
                    [
                        -87.0574478,
                        39.7651191
                    ],
                    [
                        -87.0574987,
                        39.7652304
                    ],
                    [
                        -87.0575363,
                        39.7653273
                    ],
                    [
                        -87.0576108,
                        39.7653948
                    ],
                    [
                        -87.0577213,
                        39.7654366
                    ],
                    [
                        -87.0579735,
                        39.7655026
                    ],
                    [
                        -87.0580668,
                        39.7655618
                    ],
                    [
                        -87.058091,
                        39.7656834
                    ],
                    [
                        -87.0581505,
                        39.7655768
                    ],
                    [
                        -87.0582546,
                        39.7655185
                    ],
                    [
                        -87.0583538,
                        39.7654793
                    ],
                    [
                        -87.0584938,
                        39.7655335
                    ],
                    [
                        -87.0585823,
                        39.7656449
                    ],
                    [
                        -87.0586354,
                        39.7655659
                    ],
                    [
                        -87.0585582,
                        39.7653686
                    ],
                    [
                        -87.0584289,
                        39.7651721
                    ],
                    [
                        -87.0583034,
                        39.7650346
                    ],
                    [
                        -87.0581934,
                        39.7649397
                    ],
                    [
                        -87.0580432,
                        39.7648367
                    ],
                    [
                        -87.0579949,
                        39.7647872
                    ],
                    [
                        -87.0579622,
                        39.7645412
                    ],
                    [
                        -87.0579783,
                        39.7643845
                    ],
                    [
                        -87.0579788,
                        39.7642346
                    ],
                    [
                        -87.0580647,
                        39.7641872
                    ],
                    [
                        -87.0581478,
                        39.764179
                    ],
                    [
                        -87.0582202,
                        39.7642161
                    ],
                    [
                        -87.0582819,
                        39.764282
                    ],
                    [
                        -87.0583892,
                        39.7642882
                    ],
                    [
                        -87.0585147,
                        39.7642732
                    ],
                    [
                        -87.0586601,
                        39.7642305
                    ],
                    [
                        -87.0588581,
                        39.7642051
                    ],
                    [
                        -87.0589766,
                        39.7641831
                    ],
                    [
                        -87.0591107,
                        39.7641583
                    ],
                    [
                        -87.0592127,
                        39.764146
                    ],
                    [
                        -87.0593521,
                        39.7641645
                    ],
                    [
                        -87.0593441,
                        39.7641089
                    ],
                    [
                        -87.0592287,
                        39.7640202
                    ],
                    [
                        -87.0590673,
                        39.7639412
                    ],
                    [
                        -87.0589793,
                        39.7638944
                    ],
                    [
                        -87.0588023,
                        39.76388
                    ],
                    [
                        -87.0585636,
                        39.7638449
                    ],
                    [
                        -87.0584509,
                        39.7638326
                    ],
                    [
                        -87.0583806,
                        39.7637701
                    ],
                    [
                        -87.0583356,
                        39.7637027
                    ],
                    [
                        -87.0580834,
                        39.7637192
                    ],
                    [
                        -87.0579064,
                        39.7637027
                    ],
                    [
                        -87.0577187,
                        39.7636779
                    ],
                    [
                        -87.0576275,
                        39.7636326
                    ],
                    [
                        -87.0576489,
                        39.7635254
                    ],
                    [
                        -87.0577294,
                        39.7633769
                    ],
                    [
                        -87.0577938,
                        39.7631872
                    ],
                    [
                        -87.0578581,
                        39.7630718
                    ],
                    [
                        -87.0579547,
                        39.7629068
                    ],
                    [
                        -87.0580795,
                        39.7627166
                    ],
                    [
                        -87.0583348,
                        39.7625539
                    ],
                    [
                        -87.058727,
                        39.7622329
                    ],
                    [
                        -87.0590075,
                        39.7619954
                    ],
                    [
                        -87.0592301,
                        39.7617001
                    ],
                    [
                        -87.0593106,
                        39.7616814
                    ],
                    [
                        -87.0595016,
                        39.761822
                    ],
                    [
                        -87.0595367,
                        39.7617808
                    ],
                    [
                        -87.0594131,
                        39.7616575
                    ],
                    [
                        -87.0593707,
                        39.7614898
                    ],
                    [
                        -87.0594997,
                        39.7612542
                    ],
                    [
                        -87.0596429,
                        39.7609451
                    ],
                    [
                        -87.0599042,
                        39.7607243
                    ],
                    [
                        -87.0600691,
                        39.7607047
                    ],
                    [
                        -87.0601595,
                        39.7606288
                    ],
                    [
                        -87.0602869,
                        39.7602694
                    ],
                    [
                        -87.0605753,
                        39.7602331
                    ],
                    [
                        -87.0607204,
                        39.7602249
                    ],
                    [
                        -87.0604919,
                        39.7600919
                    ],
                    [
                        -87.0603805,
                        39.760015
                    ],
                    [
                        -87.0603935,
                        39.7597642
                    ],
                    [
                        -87.0605224,
                        39.7596245
                    ],
                    [
                        -87.0604857,
                        39.7594762
                    ],
                    [
                        -87.0604253,
                        39.7591488
                    ],
                    [
                        -87.0604839,
                        39.7586804
                    ],
                    [
                        -87.0605941,
                        39.758597
                    ],
                    [
                        -87.0608971,
                        39.7585794
                    ],
                    [
                        -87.0611636,
                        39.7586805
                    ],
                    [
                        -87.0614947,
                        39.7587811
                    ],
                    [
                        -87.0616872,
                        39.758922
                    ],
                    [
                        -87.0618812,
                        39.7589432
                    ],
                    [
                        -87.0613453,
                        39.7584043
                    ],
                    [
                        -87.0608098,
                        39.758397
                    ],
                    [
                        -87.0607127,
                        39.7584236
                    ],
                    [
                        -87.0603651,
                        39.7583706
                    ],
                    [
                        -87.059169,
                        39.7583439
                    ],
                    [
                        -87.0583053,
                        39.7583399
                    ],
                    [
                        -87.0572713,
                        39.7583197
                    ],
                    [
                        -87.056766,
                        39.7583255
                    ],
                    [
                        -87.0565083,
                        39.7582436
                    ],
                    [
                        -87.0564103,
                        39.7580839
                    ],
                    [
                        -87.0564044,
                        39.7579151
                    ],
                    [
                        -87.0565262,
                        39.7577731
                    ],
                    [
                        -87.0567703,
                        39.7577155
                    ],
                    [
                        -87.0578885,
                        39.7577408
                    ],
                    [
                        -87.0590269,
                        39.7577636
                    ],
                    [
                        -87.0597035,
                        39.7578048
                    ],
                    [
                        -87.0602319,
                        39.75781
                    ],
                    [
                        -87.0610672,
                        39.7577865
                    ],
                    [
                        -87.0610795,
                        39.7577195
                    ],
                    [
                        -87.0609416,
                        39.7576736
                    ],
                    [
                        -87.0604028,
                        39.7576803
                    ],
                    [
                        -87.0602191,
                        39.7575933
                    ],
                    [
                        -87.0601145,
                        39.7573951
                    ],
                    [
                        -87.0599825,
                        39.7573797
                    ],
                    [
                        -87.0597744,
                        39.7572611
                    ],
                    [
                        -87.0597154,
                        39.7570705
                    ],
                    [
                        -87.0600574,
                        39.7567581
                    ],
                    [
                        -87.0597905,
                        39.756726
                    ],
                    [
                        -87.0596645,
                        39.7566129
                    ],
                    [
                        -87.0594617,
                        39.7566577
                    ],
                    [
                        -87.0595613,
                        39.7562164
                    ],
                    [
                        -87.0597016,
                        39.7560516
                    ],
                    [
                        -87.0595932,
                        39.7560081
                    ],
                    [
                        -87.0592685,
                        39.7561237
                    ],
                    [
                        -87.0590826,
                        39.7561647
                    ],
                    [
                        -87.0587371,
                        39.7559777
                    ],
                    [
                        -87.0587841,
                        39.7558554
                    ],
                    [
                        -87.0583971,
                        39.7555112
                    ],
                    [
                        -87.058413,
                        39.755401
                    ],
                    [
                        -87.0584699,
                        39.7553437
                    ],
                    [
                        -87.0585825,
                        39.7553684
                    ],
                    [
                        -87.0587113,
                        39.7553066
                    ],
                    [
                        -87.0587649,
                        39.7551663
                    ],
                    [
                        -87.0587595,
                        39.7550055
                    ],
                    [
                        -87.0586705,
                        39.7547329
                    ],
                    [
                        -87.058751,
                        39.7545019
                    ],
                    [
                        -87.0587778,
                        39.7542298
                    ],
                    [
                        -87.0589763,
                        39.7540318
                    ],
                    [
                        -87.058987,
                        39.7539081
                    ],
                    [
                        -87.0589977,
                        39.7537967
                    ],
                    [
                        -87.0591533,
                        39.7538008
                    ],
                    [
                        -87.0593142,
                        39.7536895
                    ],
                    [
                        -87.0595717,
                        39.7535864
                    ],
                    [
                        -87.0598968,
                        39.7534383
                    ],
                    [
                        -87.0600738,
                        39.7535167
                    ],
                    [
                        -87.0602884,
                        39.7536445
                    ],
                    [
                        -87.0603045,
                        39.7535662
                    ],
                    [
                        -87.0601757,
                        39.7533723
                    ],
                    [
                        -87.060135,
                        39.7532565
                    ],
                    [
                        -87.0603581,
                        39.7531909
                    ],
                    [
                        -87.0608463,
                        39.7531785
                    ],
                    [
                        -87.0611467,
                        39.7532321
                    ],
                    [
                        -87.06149,
                        39.7532404
                    ],
                    [
                        -87.0618548,
                        39.7532404
                    ],
                    [
                        -87.0622861,
                        39.7533101
                    ],
                    [
                        -87.0626026,
                        39.7532482
                    ],
                    [
                        -87.0630082,
                        39.7532115
                    ],
                    [
                        -87.0634266,
                        39.7533022
                    ],
                    [
                        -87.0636304,
                        39.7535002
                    ],
                    [
                        -87.0638933,
                        39.7537683
                    ],
                    [
                        -87.0640649,
                        39.7538714
                    ],
                    [
                        -87.0642742,
                        39.7539868
                    ],
                    [
                        -87.0643224,
                        39.7539332
                    ],
                    [
                        -87.0642849,
                        39.75376
                    ],
                    [
                        -87.0641883,
                        39.753595
                    ],
                    [
                        -87.0640596,
                        39.7534466
                    ],
                    [
                        -87.063845,
                        39.7534754
                    ],
                    [
                        -87.0638504,
                        39.7533229
                    ],
                    [
                        -87.0639201,
                        39.7531785
                    ],
                    [
                        -87.0643439,
                        39.7529599
                    ],
                    [
                        -87.0645638,
                        39.7527908
                    ],
                    [
                        -87.0649072,
                        39.7527042
                    ],
                    [
                        -87.0654189,
                        39.7527038
                    ],
                    [
                        -87.0657193,
                        39.7527409
                    ],
                    [
                        -87.065964,
                        39.752762
                    ],
                    [
                        -87.0661968,
                        39.7527533
                    ],
                    [
                        -87.066613,
                        39.752729
                    ],
                    [
                        -87.0670583,
                        39.7528527
                    ],
                    [
                        -87.0672643,
                        39.7529059
                    ],
                    [
                        -87.0675164,
                        39.7528564
                    ],
                    [
                        -87.0678115,
                        39.7527987
                    ],
                    [
                        -87.0679863,
                        39.7527578
                    ],
                    [
                        -87.0682031,
                        39.7526254
                    ],
                    [
                        -87.0685818,
                        39.752498
                    ],
                    [
                        -87.0687535,
                        39.7524032
                    ],
                    [
                        -87.0690539,
                        39.7523743
                    ],
                    [
                        -87.0693725,
                        39.752345
                    ],
                    [
                        -87.0697802,
                        39.7523203
                    ],
                    [
                        -87.070381,
                        39.7522831
                    ],
                    [
                        -87.0707565,
                        39.7522089
                    ],
                    [
                        -87.0709443,
                        39.7521223
                    ],
                    [
                        -87.0712157,
                        39.7520938
                    ],
                    [
                        -87.0715376,
                        39.7520773
                    ],
                    [
                        -87.0718326,
                        39.7521474
                    ],
                    [
                        -87.0719528,
                        39.7522873
                    ],
                    [
                        -87.0719742,
                        39.7524605
                    ],
                    [
                        -87.0719796,
                        39.7526791
                    ],
                    [
                        -87.0719421,
                        39.7528605
                    ],
                    [
                        -87.0719474,
                        39.7530049
                    ],
                    [
                        -87.0718294,
                        39.7531616
                    ],
                    [
                        -87.0717168,
                        39.7533884
                    ],
                    [
                        -87.0718058,
                        39.7533558
                    ],
                    [
                        -87.071956,
                        39.7532527
                    ],
                    [
                        -87.0720526,
                        39.7530713
                    ],
                    [
                        -87.0721491,
                        39.7528651
                    ],
                    [
                        -87.0721813,
                        39.752762
                    ],
                    [
                        -87.0722403,
                        39.7525681
                    ],
                    [
                        -87.0721706,
                        39.7524403
                    ],
                    [
                        -87.0721599,
                        39.7523454
                    ],
                    [
                        -87.072192,
                        39.7522134
                    ],
                    [
                        -87.0721491,
                        39.752098
                    ],
                    [
                        -87.0720633,
                        39.7519825
                    ],
                    [
                        -87.0718165,
                        39.751801
                    ],
                    [
                        -87.0717253,
                        39.7516319
                    ],
                    [
                        -87.0716985,
                        39.7514587
                    ],
                    [
                        -87.0716733,
                        39.7512065
                    ],
                    [
                        -87.0718219,
                        39.7510421
                    ],
                    [
                        -87.0719024,
                        39.7509267
                    ],
                    [
                        -87.0718938,
                        39.7507159
                    ],
                    [
                        -87.0719099,
                        39.7505551
                    ],
                    [
                        -87.0720708,
                        39.7502251
                    ],
                    [
                        -87.0722425,
                        39.7500271
                    ],
                    [
                        -87.0724517,
                        39.7497302
                    ],
                    [
                        -87.0726051,
                        39.749578
                    ],
                    [
                        -87.0727199,
                        39.7495157
                    ],
                    [
                        -87.0730368,
                        39.7495467
                    ],
                    [
                        -87.073548,
                        39.7494954
                    ],
                    [
                        -87.0737941,
                        39.7495918
                    ],
                    [
                        -87.0739976,
                        39.7500182
                    ],
                    [
                        -87.0741853,
                        39.7501025
                    ],
                    [
                        -87.0745116,
                        39.7497582
                    ],
                    [
                        -87.0746425,
                        39.74926
                    ],
                    [
                        -87.0747486,
                        39.7491768
                    ],
                    [
                        -87.0751105,
                        39.7494083
                    ],
                    [
                        -87.0752938,
                        39.7490452
                    ],
                    [
                        -87.0753014,
                        39.7487888
                    ],
                    [
                        -87.075448,
                        39.7486399
                    ],
                    [
                        -87.0753294,
                        39.7485639
                    ],
                    [
                        -87.0752481,
                        39.7485815
                    ],
                    [
                        -87.0749571,
                        39.7485201
                    ],
                    [
                        -87.0748852,
                        39.7483869
                    ],
                    [
                        -87.0749517,
                        39.7483273
                    ],
                    [
                        -87.074399,
                        39.7481564
                    ],
                    [
                        -87.0740687,
                        39.7479561
                    ],
                    [
                        -87.0740052,
                        39.7477314
                    ],
                    [
                        -87.0741703,
                        39.7476972
                    ],
                    [
                        -87.0744499,
                        39.7477314
                    ],
                    [
                        -87.0748946,
                        39.7478193
                    ],
                    [
                        -87.0751169,
                        39.7478047
                    ],
                    [
                        -87.0753837,
                        39.7475409
                    ],
                    [
                        -87.075695,
                        39.7473162
                    ],
                    [
                        -87.0759873,
                        39.7471111
                    ],
                    [
                        -87.0760317,
                        39.7468082
                    ],
                    [
                        -87.0758475,
                        39.7464321
                    ],
                    [
                        -87.0754703,
                        39.7463154
                    ],
                    [
                        -87.0758475,
                        39.7462232
                    ],
                    [
                        -87.0761633,
                        39.745985
                    ],
                    [
                        -87.0760864,
                        39.7459048
                    ],
                    [
                        -87.075939,
                        39.7459535
                    ],
                    [
                        -87.0757654,
                        39.746004
                    ],
                    [
                        -87.0756575,
                        39.7459747
                    ],
                    [
                        -87.0756189,
                        39.7458997
                    ],
                    [
                        -87.0757608,
                        39.7457942
                    ],
                    [
                        -87.0757817,
                        39.7457636
                    ],
                    [
                        -87.0757433,
                        39.7457174
                    ],
                    [
                        -87.075695,
                        39.7456597
                    ],
                    [
                        -87.0755824,
                        39.7456597
                    ],
                    [
                        -87.0754869,
                        39.7455942
                    ],
                    [
                        -87.0753624,
                        39.7455803
                    ],
                    [
                        -87.0752035,
                        39.7457275
                    ],
                    [
                        -87.0750699,
                        39.7458528
                    ],
                    [
                        -87.0749477,
                        39.7458231
                    ],
                    [
                        -87.0748184,
                        39.7457907
                    ],
                    [
                        -87.0746387,
                        39.7457732
                    ],
                    [
                        -87.0745052,
                        39.7456989
                    ],
                    [
                        -87.0742145,
                        39.7459052
                    ],
                    [
                        -87.0740437,
                        39.7459871
                    ],
                    [
                        -87.0738872,
                        39.7459731
                    ],
                    [
                        -87.0737995,
                        39.7458491
                    ],
                    [
                        -87.0737602,
                        39.745763
                    ],
                    [
                        -87.0739073,
                        39.7456704
                    ],
                    [
                        -87.0740865,
                        39.7455129
                    ],
                    [
                        -87.07436,
                        39.7452301
                    ],
                    [
                        -87.0748979,
                        39.7449027
                    ],
                    [
                        -87.0750746,
                        39.7448392
                    ],
                    [
                        -87.0750441,
                        39.7446534
                    ],
                    [
                        -87.0748299,
                        39.7446001
                    ],
                    [
                        -87.074381,
                        39.7447641
                    ],
                    [
                        -87.0742077,
                        39.7448242
                    ],
                    [
                        -87.0739453,
                        39.7448284
                    ],
                    [
                        -87.0739355,
                        39.7445955
                    ],
                    [
                        -87.0738175,
                        39.7445666
                    ],
                    [
                        -87.0736941,
                        39.7445006
                    ],
                    [
                        -87.0734849,
                        39.7444305
                    ],
                    [
                        -87.0732242,
                        39.7443559
                    ],
                    [
                        -87.0730954,
                        39.744294
                    ],
                    [
                        -87.0729828,
                        39.7441703
                    ],
                    [
                        -87.0728862,
                        39.7439723
                    ],
                    [
                        -87.0728111,
                        39.743733
                    ],
                    [
                        -87.0726609,
                        39.7434979
                    ],
                    [
                        -87.0726019,
                        39.7433453
                    ],
                    [
                        -87.072677,
                        39.7432587
                    ],
                    [
                        -87.072809,
                        39.7431397
                    ],
                    [
                        -87.0728304,
                        39.7430448
                    ],
                    [
                        -87.0726856,
                        39.7429706
                    ],
                    [
                        -87.0725268,
                        39.7429081
                    ],
                    [
                        -87.0724785,
                        39.7428503
                    ],
                    [
                        -87.0724892,
                        39.7427472
                    ],
                    [
                        -87.0726877,
                        39.7426441
                    ],
                    [
                        -87.0728916,
                        39.7425657
                    ],
                    [
                        -87.0729806,
                        39.742488
                    ],
                    [
                        -87.0729752,
                        39.742389
                    ],
                    [
                        -87.0728594,
                        39.7423182
                    ],
                    [
                        -87.0727735,
                        39.742277
                    ],
                    [
                        -87.0726823,
                        39.742211
                    ],
                    [
                        -87.0728272,
                        39.7421656
                    ],
                    [
                        -87.0729452,
                        39.7420625
                    ],
                    [
                        -87.0729291,
                        39.7419057
                    ],
                    [
                        -87.0728513,
                        39.7417968
                    ],
                    [
                        -87.0728486,
                        39.7417242
                    ],
                    [
                        -87.0729184,
                        39.7416335
                    ],
                    [
                        -87.0731061,
                        39.7415922
                    ],
                    [
                        -87.0732993,
                        39.7415221
                    ],
                    [
                        -87.073487,
                        39.7414272
                    ],
                    [
                        -87.0736726,
                        39.7413577
                    ],
                    [
                        -87.0737531,
                        39.7412422
                    ],
                    [
                        -87.0736834,
                        39.7411391
                    ],
                    [
                        -87.0737263,
                        39.7410442
                    ],
                    [
                        -87.0737799,
                        39.7409741
                    ],
                    [
                        -87.0739999,
                        39.7410112
                    ],
                    [
                        -87.0742734,
                        39.7410814
                    ],
                    [
                        -87.0744526,
                        39.741155
                    ],
                    [
                        -87.0745792,
                        39.741201
                    ],
                    [
                        -87.074606,
                        39.7410896
                    ],
                    [
                        -87.0745653,
                        39.7409735
                    ],
                    [
                        -87.0745974,
                        39.740891
                    ],
                    [
                        -87.074635,
                        39.740792
                    ],
                    [
                        -87.0747026,
                        39.7406978
                    ],
                    [
                        -87.0746168,
                        39.7407143
                    ],
                    [
                        -87.0745041,
                        39.7407473
                    ],
                    [
                        -87.0743593,
                        39.7407431
                    ],
                    [
                        -87.0742091,
                        39.7406689
                    ],
                    [
                        -87.0739644,
                        39.740627
                    ],
                    [
                        -87.0738411,
                        39.7406105
                    ],
                    [
                        -87.0737585,
                        39.7405493
                    ],
                    [
                        -87.0736512,
                        39.7404461
                    ],
                    [
                        -87.0735085,
                        39.7404125
                    ],
                    [
                        -87.0733958,
                        39.7404084
                    ],
                    [
                        -87.0732027,
                        39.7403919
                    ],
                    [
                        -87.0729559,
                        39.7403383
                    ],
                    [
                        -87.0729538,
                        39.7402523
                    ],
                    [
                        -87.0729967,
                        39.7400955
                    ],
                    [
                        -87.0731308,
                        39.7399676
                    ],
                    [
                        -87.0732435,
                        39.7398975
                    ],
                    [
                        -87.0732596,
                        39.7396706
                    ],
                    [
                        -87.0731276,
                        39.7397814
                    ],
                    [
                        -87.0729667,
                        39.7398061
                    ],
                    [
                        -87.0728701,
                        39.7397773
                    ],
                    [
                        -87.0728036,
                        39.7396789
                    ],
                    [
                        -87.0726909,
                        39.7395593
                    ],
                    [
                        -87.0726534,
                        39.7393736
                    ],
                    [
                        -87.0726534,
                        39.7392375
                    ],
                    [
                        -87.0726909,
                        39.739122
                    ],
                    [
                        -87.0727875,
                        39.7390189
                    ],
                    [
                        -87.0727285,
                        39.7389776
                    ],
                    [
                        -87.072559,
                        39.7390389
                    ],
                    [
                        -87.072398,
                        39.7390843
                    ],
                    [
                        -87.07228,
                        39.7391626
                    ],
                    [
                        -87.0721867,
                        39.7391096
                    ],
                    [
                        -87.0720794,
                        39.7389941
                    ],
                    [
                        -87.0720257,
                        39.7388993
                    ],
                    [
                        -87.0720011,
                        39.7388615
                    ],
                    [
                        -87.0718648,
                        39.7386765
                    ],
                    [
                        -87.0717951,
                        39.7385115
                    ],
                    [
                        -87.071838,
                        39.7383836
                    ],
                    [
                        -87.0720043,
                        39.7381485
                    ],
                    [
                        -87.0721008,
                        39.7379216
                    ],
                    [
                        -87.0721008,
                        39.7378185
                    ],
                    [
                        -87.0721223,
                        39.7377071
                    ],
                    [
                        -87.0720064,
                        39.7377354
                    ],
                    [
                        -87.0719313,
                        39.7377642
                    ],
                    [
                        -87.071867,
                        39.7379292
                    ],
                    [
                        -87.071765,
                        39.738053
                    ],
                    [
                        -87.0717007,
                        39.7381355
                    ],
                    [
                        -87.0715666,
                        39.7381809
                    ],
                    [
                        -87.07147,
                        39.7382386
                    ],
                    [
                        -87.0713734,
                        39.7382964
                    ],
                    [
                        -87.0711803,
                        39.7383253
                    ],
                    [
                        -87.0709818,
                        39.7382758
                    ],
                    [
                        -87.0707919,
                        39.7382021
                    ],
                    [
                        -87.0706149,
                        39.7381114
                    ],
                    [
                        -87.0703059,
                        39.7380489
                    ],
                    [
                        -87.0700162,
                        39.7379911
                    ],
                    [
                        -87.0697158,
                        39.7379251
                    ],
                    [
                        -87.0696064,
                        39.7378804
                    ],
                    [
                        -87.0695957,
                        39.7377649
                    ],
                    [
                        -87.0696332,
                        39.7376782
                    ],
                    [
                        -87.0695635,
                        39.7376576
                    ],
                    [
                        -87.0694905,
                        39.7376652
                    ],
                    [
                        -87.0693671,
                        39.7377684
                    ],
                    [
                        -87.069292,
                        39.7378385
                    ],
                    [
                        -87.0691043,
                        39.7378467
                    ],
                    [
                        -87.0688522,
                        39.7378302
                    ],
                    [
                        -87.0686108,
                        39.7378302
                    ],
                    [
                        -87.068187,
                        39.7378632
                    ],
                    [
                        -87.067731,
                        39.7379581
                    ],
                    [
                        -87.0671785,
                        39.7380901
                    ],
                    [
                        -87.0669478,
                        39.7381561
                    ],
                    [
                        -87.0666259,
                        39.7382634
                    ],
                    [
                        -87.0664811,
                        39.7383253
                    ],
                    [
                        -87.066347,
                        39.7383541
                    ],
                    [
                        -87.0661539,
                        39.7383541
                    ],
                    [
                        -87.0659393,
                        39.73835
                    ],
                    [
                        -87.0657462,
                        39.7383253
                    ],
                    [
                        -87.0656067,
                        39.7382881
                    ],
                    [
                        -87.0654994,
                        39.7382139
                    ],
                    [
                        -87.0654672,
                        39.7381437
                    ],
                    [
                        -87.0654297,
                        39.7379952
                    ],
                    [
                        -87.0654457,
                        39.7378467
                    ],
                    [
                        -87.0655316,
                        39.7377065
                    ],
                    [
                        -87.0656796,
                        39.7375834
                    ],
                    [
                        -87.065803,
                        39.7375173
                    ],
                    [
                        -87.065964,
                        39.7374761
                    ],
                    [
                        -87.0660659,
                        39.7374266
                    ],
                    [
                        -87.0660948,
                        39.7373393
                    ],
                    [
                        -87.0661946,
                        39.7372905
                    ],
                    [
                        -87.066259,
                        39.7371915
                    ],
                    [
                        -87.066288,
                        39.7371042
                    ],
                    [
                        -87.0661485,
                        39.7369887
                    ],
                    [
                        -87.0660788,
                        39.7368608
                    ],
                    [
                        -87.0661431,
                        39.7367412
                    ],
                    [
                        -87.0661592,
                        39.7366669
                    ],
                    [
                        -87.0662536,
                        39.7365892
                    ],
                    [
                        -87.0663148,
                        39.7365143
                    ],
                    [
                        -87.0664274,
                        39.7363576
                    ],
                    [
                        -87.0664811,
                        39.7362668
                    ],
                    [
                        -87.0665615,
                        39.7361554
                    ],
                    [
                        -87.0666581,
                        39.7360358
                    ],
                    [
                        -87.0667257,
                        39.7360034
                    ],
                    [
                        -87.0668169,
                        39.7360034
                    ],
                    [
                        -87.066862,
                        39.7359203
                    ],
                    [
                        -87.066819,
                        39.7358625
                    ],
                    [
                        -87.0667869,
                        39.7357594
                    ],
                    [
                        -87.0668459,
                        39.7356521
                    ],
                    [
                        -87.0669532,
                        39.73545
                    ],
                    [
                        -87.0671302,
                        39.7351942
                    ],
                    [
                        -87.0672482,
                        39.7350581
                    ],
                    [
                        -87.0674145,
                        39.7349096
                    ],
                    [
                        -87.0676398,
                        39.7346827
                    ],
                    [
                        -87.0677524,
                        39.7346084
                    ],
                    [
                        -87.0678383,
                        39.7345136
                    ],
                    [
                        -87.067908,
                        39.7343981
                    ],
                    [
                        -87.0679297,
                        39.7343261
                    ],
                    [
                        -87.0679916,
                        39.73425
                    ],
                    [
                        -87.0681317,
                        39.7341431
                    ],
                    [
                        -87.068292,
                        39.7340891
                    ],
                    [
                        -87.0683427,
                        39.7340126
                    ],
                    [
                        -87.0683642,
                        39.7339053
                    ],
                    [
                        -87.0684608,
                        39.7337527
                    ],
                    [
                        -87.0685788,
                        39.7335506
                    ],
                    [
                        -87.0686861,
                        39.7333195
                    ],
                    [
                        -87.0688228,
                        39.7330801
                    ],
                    [
                        -87.0689167,
                        39.7328162
                    ],
                    [
                        -87.0690538,
                        39.7327938
                    ],
                    [
                        -87.0694025,
                        39.7329051
                    ],
                    [
                        -87.0696487,
                        39.7329747
                    ],
                    [
                        -87.0697833,
                        39.7330825
                    ],
                    [
                        -87.0698745,
                        39.7331939
                    ],
                    [
                        -87.0702071,
                        39.7331527
                    ],
                    [
                        -87.0704324,
                        39.7331032
                    ],
                    [
                        -87.0706792,
                        39.7331857
                    ],
                    [
                        -87.070867,
                        39.7332311
                    ],
                    [
                        -87.0711245,
                        39.7332764
                    ],
                    [
                        -87.0713068,
                        39.7333012
                    ],
                    [
                        -87.0714302,
                        39.7333548
                    ],
                    [
                        -87.0715965,
                        39.7334332
                    ],
                    [
                        -87.0716043,
                        39.7332989
                    ],
                    [
                        -87.0717735,
                        39.7332022
                    ],
                    [
                        -87.0718272,
                        39.733132
                    ],
                    [
                        -87.0716204,
                        39.7330844
                    ],
                    [
                        -87.0713844,
                        39.733072
                    ],
                    [
                        -87.071202,
                        39.7330101
                    ],
                    [
                        -87.070982,
                        39.7329565
                    ],
                    [
                        -87.0709659,
                        39.7328905
                    ],
                    [
                        -87.0710762,
                        39.7327608
                    ],
                    [
                        -87.0709016,
                        39.7328369
                    ],
                    [
                        -87.070687,
                        39.7328781
                    ],
                    [
                        -87.07051,
                        39.7328121
                    ],
                    [
                        -87.0700003,
                        39.7327461
                    ],
                    [
                        -87.0695658,
                        39.732577
                    ],
                    [
                        -87.0694854,
                        39.732478
                    ],
                    [
                        -87.0693781,
                        39.7323336
                    ],
                    [
                        -87.0691098,
                        39.7322593
                    ],
                    [
                        -87.0689543,
                        39.7321149
                    ],
                    [
                        -87.0688524,
                        39.7319499
                    ],
                    [
                        -87.0685788,
                        39.7316199
                    ],
                    [
                        -87.0683642,
                        39.7313063
                    ],
                    [
                        -87.0682301,
                        39.7311702
                    ],
                    [
                        -87.0683159,
                        39.731067
                    ],
                    [
                        -87.0684744,
                        39.7309868
                    ],
                    [
                        -87.0686649,
                        39.7309995
                    ],
                    [
                        -87.0687695,
                        39.7309579
                    ],
                    [
                        -87.0688784,
                        39.7309269
                    ],
                    [
                        -87.0690538,
                        39.7309249
                    ],
                    [
                        -87.0691557,
                        39.7308548
                    ],
                    [
                        -87.0689221,
                        39.73077
                    ],
                    [
                        -87.0687146,
                        39.7307629
                    ],
                    [
                        -87.0685633,
                        39.7308054
                    ],
                    [
                        -87.0684501,
                        39.7307939
                    ],
                    [
                        -87.0683803,
                        39.7307287
                    ],
                    [
                        -87.0682033,
                        39.7307824
                    ],
                    [
                        -87.067994,
                        39.7308319
                    ],
                    [
                        -87.0678492,
                        39.7309061
                    ],
                    [
                        -87.0677205,
                        39.730869
                    ],
                    [
                        -87.0674522,
                        39.7307865
                    ],
                    [
                        -87.0668139,
                        39.7306462
                    ],
                    [
                        -87.0664437,
                        39.7306091
                    ],
                    [
                        -87.0662131,
                        39.7305348
                    ],
                    [
                        -87.065977,
                        39.7305101
                    ],
                    [
                        -87.0657517,
                        39.730539
                    ],
                    [
                        -87.0655532,
                        39.7305926
                    ],
                    [
                        -87.0652153,
                        39.7306297
                    ],
                    [
                        -87.0649202,
                        39.7306875
                    ],
                    [
                        -87.0646842,
                        39.7307329
                    ],
                    [
                        -87.0644696,
                        39.7307164
                    ],
                    [
                        -87.0643033,
                        39.730737
                    ],
                    [
                        -87.0641478,
                        39.7307081
                    ],
                    [
                        -87.0640673,
                        39.7306421
                    ],
                    [
                        -87.0640029,
                        39.7304441
                    ],
                    [
                        -87.0640029,
                        39.7302172
                    ],
                    [
                        -87.064137,
                        39.730114
                    ],
                    [
                        -87.0644106,
                        39.7300769
                    ],
                    [
                        -87.064652,
                        39.7300728
                    ],
                    [
                        -87.0648451,
                        39.7301017
                    ],
                    [
                        -87.0649953,
                        39.7300522
                    ],
                    [
                        -87.0651509,
                        39.7300687
                    ],
                    [
                        -87.065344,
                        39.7300109
                    ],
                    [
                        -87.0654889,
                        39.7299408
                    ],
                    [
                        -87.0656444,
                        39.7299531
                    ],
                    [
                        -87.0657464,
                        39.7298583
                    ],
                    [
                        -87.0660283,
                        39.7298151
                    ],
                    [
                        -87.0663096,
                        39.7296272
                    ],
                    [
                        -87.0668007,
                        39.7294562
                    ],
                    [
                        -87.0669027,
                        39.7293324
                    ],
                    [
                        -87.0670314,
                        39.7291055
                    ],
                    [
                        -87.0672192,
                        39.7290065
                    ],
                    [
                        -87.0673104,
                        39.7288332
                    ],
                    [
                        -87.0674201,
                        39.7285339
                    ],
                    [
                        -87.0675327,
                        39.7283813
                    ],
                    [
                        -87.0676936,
                        39.7283772
                    ],
                    [
                        -87.0681794,
                        39.7284702
                    ],
                    [
                        -87.0684315,
                        39.7286352
                    ],
                    [
                        -87.0685442,
                        39.7288332
                    ],
                    [
                        -87.0685066,
                        39.7290602
                    ],
                    [
                        -87.0684422,
                        39.7292004
                    ],
                    [
                        -87.068391,
                        39.7293013
                    ],
                    [
                        -87.0682277,
                        39.729415
                    ],
                    [
                        -87.0682438,
                        39.7294686
                    ],
                    [
                        -87.0684422,
                        39.7295222
                    ],
                    [
                        -87.0686085,
                        39.7294438
                    ],
                    [
                        -87.0687172,
                        39.7293087
                    ],
                    [
                        -87.0688302,
                        39.7292377
                    ],
                    [
                        -87.0688821,
                        39.7291427
                    ],
                    [
                        -87.0690055,
                        39.728957
                    ],
                    [
                        -87.0690484,
                        39.7288167
                    ],
                    [
                        -87.0691027,
                        39.728749
                    ],
                    [
                        -87.0691742,
                        39.7287361
                    ],
                    [
                        -87.0694132,
                        39.7287384
                    ],
                    [
                        -87.0696278,
                        39.7288126
                    ],
                    [
                        -87.0697726,
                        39.7289323
                    ],
                    [
                        -87.0698477,
                        39.728858
                    ],
                    [
                        -87.0697619,
                        39.7287053
                    ],
                    [
                        -87.0696278,
                        39.7285651
                    ],
                    [
                        -87.0693488,
                        39.7283753
                    ],
                    [
                        -87.0691235,
                        39.7280947
                    ],
                    [
                        -87.0689465,
                        39.7278431
                    ],
                    [
                        -87.0688202,
                        39.7276304
                    ],
                    [
                        -87.0687612,
                        39.7274324
                    ],
                    [
                        -87.0688953,
                        39.727255
                    ],
                    [
                        -87.0689596,
                        39.7270569
                    ],
                    [
                        -87.0689757,
                        39.7268424
                    ],
                    [
                        -87.0691367,
                        39.7267186
                    ],
                    [
                        -87.0693566,
                        39.7265742
                    ],
                    [
                        -87.0696034,
                        39.7264793
                    ],
                    [
                        -87.069834,
                        39.7264298
                    ],
                    [
                        -87.0700218,
                        39.7263225
                    ],
                    [
                        -87.0702149,
                        39.7261988
                    ],
                    [
                        -87.0704078,
                        39.7260933
                    ],
                    [
                        -87.070617,
                        39.725986
                    ],
                    [
                        -87.0707887,
                        39.7259654
                    ],
                    [
                        -87.0709228,
                        39.726052
                    ],
                    [
                        -87.0710462,
                        39.7261634
                    ],
                    [
                        -87.0710816,
                        39.7263249
                    ],
                    [
                        -87.071028,
                        39.726523
                    ],
                    [
                        -87.070985,
                        39.7267128
                    ],
                    [
                        -87.0709743,
                        39.7269768
                    ],
                    [
                        -87.0710226,
                        39.7271996
                    ],
                    [
                        -87.0713305,
                        39.7273393
                    ],
                    [
                        -87.0718455,
                        39.7274424
                    ],
                    [
                        -87.0722478,
                        39.7275291
                    ],
                    [
                        -87.0726126,
                        39.7275703
                    ],
                    [
                        -87.0730042,
                        39.727756
                    ],
                    [
                        -87.0731866,
                        39.7279004
                    ],
                    [
                        -87.0734119,
                        39.7279416
                    ],
                    [
                        -87.0736587,
                        39.7280736
                    ],
                    [
                        -87.0738411,
                        39.7282634
                    ],
                    [
                        -87.073943,
                        39.7284037
                    ],
                    [
                        -87.0741522,
                        39.7284656
                    ],
                    [
                        -87.0743131,
                        39.7285522
                    ],
                    [
                        -87.0745599,
                        39.7287131
                    ],
                    [
                        -87.0747208,
                        39.7288369
                    ],
                    [
                        -87.0748281,
                        39.7290184
                    ],
                    [
                        -87.0750051,
                        39.7292412
                    ],
                    [
                        -87.0752626,
                        39.7293113
                    ],
                    [
                        -87.0755416,
                        39.7293443
                    ],
                    [
                        -87.0756489,
                        39.7295011
                    ],
                    [
                        -87.0757723,
                        39.7297198
                    ],
                    [
                        -87.0758023,
                        39.7300133
                    ],
                    [
                        -87.0757508,
                        39.7301777
                    ],
                    [
                        -87.0756221,
                        39.7302974
                    ],
                    [
                        -87.075518,
                        39.7303186
                    ],
                    [
                        -87.0755073,
                        39.7304383
                    ],
                    [
                        -87.0754322,
                        39.7305166
                    ],
                    [
                        -87.0751929,
                        39.7305449
                    ],
                    [
                        -87.0750856,
                        39.7306398
                    ],
                    [
                        -87.0752634,
                        39.7306319
                    ],
                    [
                        -87.0757293,
                        39.7306893
                    ],
                    [
                        -87.0759332,
                        39.7307347
                    ],
                    [
                        -87.0760941,
                        39.7307924
                    ],
                    [
                        -87.0760759,
                        39.7308879
                    ],
                    [
                        -87.0761746,
                        39.7310276
                    ],
                    [
                        -87.0763822,
                        39.7309866
                    ],
                    [
                        -87.0765458,
                        39.730958
                    ],
                    [
                        -87.0766503,
                        39.7309006
                    ],
                    [
                        -87.0767947,
                        39.7308758
                    ],
                    [
                        -87.0769387,
                        39.7309395
                    ],
                    [
                        -87.076983,
                        39.7308991
                    ],
                    [
                        -87.0770167,
                        39.73092
                    ],
                    [
                        -87.0769884,
                        39.7309638
                    ],
                    [
                        -87.0771075,
                        39.7309959
                    ],
                    [
                        -87.077082,
                        39.7310321
                    ],
                    [
                        -87.077138,
                        39.7311167
                    ],
                    [
                        -87.0772064,
                        39.7312226
                    ],
                    [
                        -87.0772712,
                        39.731291
                    ],
                    [
                        -87.077325,
                        39.7313439
                    ],
                    [
                        -87.0775283,
                        39.7312515
                    ],
                    [
                        -87.0776773,
                        39.7311746
                    ],
                    [
                        -87.0777456,
                        39.7310306
                    ],
                    [
                        -87.0778932,
                        39.7308575
                    ],
                    [
                        -87.0780898,
                        39.7307458
                    ],
                    [
                        -87.0783511,
                        39.7306506
                    ],
                    [
                        -87.0784561,
                        39.7305997
                    ],
                    [
                        -87.0786174,
                        39.7304594
                    ],
                    [
                        -87.0787669,
                        39.7302508
                    ],
                    [
                        -87.0789318,
                        39.7300509
                    ],
                    [
                        -87.0790199,
                        39.7298607
                    ],
                    [
                        -87.0791402,
                        39.7297144
                    ],
                    [
                        -87.0792802,
                        39.7296513
                    ],
                    [
                        -87.0794315,
                        39.729629
                    ],
                    [
                        -87.0796227,
                        39.7296479
                    ],
                    [
                        -87.0799408,
                        39.7296272
                    ],
                    [
                        -87.0800988,
                        39.729592
                    ],
                    [
                        -87.0802092,
                        39.7296189
                    ],
                    [
                        -87.080293,
                        39.7296415
                    ],
                    [
                        -87.080368,
                        39.7296142
                    ],
                    [
                        -87.080505,
                        39.7296153
                    ],
                    [
                        -87.0808018,
                        39.7296477
                    ],
                    [
                        -87.0810244,
                        39.7297117
                    ],
                    [
                        -87.0811626,
                        39.7298248
                    ],
                    [
                        -87.0811741,
                        39.729912
                    ],
                    [
                        -87.0811587,
                        39.7300086
                    ],
                    [
                        -87.0811746,
                        39.7301078
                    ],
                    [
                        -87.0812677,
                        39.730229
                    ],
                    [
                        -87.0813142,
                        39.730351
                    ],
                    [
                        -87.0814671,
                        39.7305429
                    ],
                    [
                        -87.0816897,
                        39.7306691
                    ],
                    [
                        -87.0818815,
                        39.7307376
                    ],
                    [
                        -87.0820977,
                        39.7306981
                    ],
                    [
                        -87.0822456,
                        39.730622
                    ],
                    [
                        -87.0823549,
                        39.730614
                    ],
                    [
                        -87.0825054,
                        39.7307062
                    ],
                    [
                        -87.0825751,
                        39.7308362
                    ],
                    [
                        -87.0826628,
                        39.7310771
                    ],
                    [
                        -87.0827176,
                        39.7313969
                    ],
                    [
                        -87.0827303,
                        39.7316446
                    ],
                    [
                        -87.0828212,
                        39.7318881
                    ],
                    [
                        -87.0830021,
                        39.7321046
                    ],
                    [
                        -87.0830933,
                        39.7323377
                    ],
                    [
                        -87.0831573,
                        39.7325977
                    ],
                    [
                        -87.0831761,
                        39.7328598
                    ],
                    [
                        -87.0831501,
                        39.733122
                    ],
                    [
                        -87.0831119,
                        39.7332992
                    ],
                    [
                        -87.0831278,
                        39.7335754
                    ],
                    [
                        -87.0831262,
                        39.7339069
                    ],
                    [
                        -87.0831278,
                        39.7341322
                    ],
                    [
                        -87.0830952,
                        39.7344129
                    ],
                    [
                        -87.0830504,
                        39.7346169
                    ],
                    [
                        -87.0830197,
                        39.7347638
                    ],
                    [
                        -87.0829625,
                        39.7349408
                    ],
                    [
                        -87.0828843,
                        39.7350993
                    ],
                    [
                        -87.0827947,
                        39.7352379
                    ],
                    [
                        -87.0825674,
                        39.7353511
                    ],
                    [
                        -87.0823336,
                        39.7354133
                    ],
                    [
                        -87.0821029,
                        39.7353863
                    ],
                    [
                        -87.0818973,
                        39.7353867
                    ],
                    [
                        -87.0817623,
                        39.7353782
                    ],
                    [
                        -87.0817754,
                        39.7354398
                    ],
                    [
                        -87.0819982,
                        39.7355016
                    ],
                    [
                        -87.0821143,
                        39.7355907
                    ],
                    [
                        -87.0822294,
                        39.735673
                    ],
                    [
                        -87.0824385,
                        39.7357452
                    ],
                    [
                        -87.0826241,
                        39.7357822
                    ],
                    [
                        -87.0827413,
                        39.735846
                    ],
                    [
                        -87.0827924,
                        39.7359597
                    ],
                    [
                        -87.0827546,
                        39.7360464
                    ],
                    [
                        -87.0827248,
                        39.7361307
                    ],
                    [
                        -87.0827818,
                        39.7362052
                    ],
                    [
                        -87.082832,
                        39.736269
                    ],
                    [
                        -87.082843,
                        39.7363784
                    ],
                    [
                        -87.0828389,
                        39.7365659
                    ],
                    [
                        -87.082752,
                        39.7367332
                    ],
                    [
                        -87.0826594,
                        39.7369038
                    ],
                    [
                        -87.0826029,
                        39.737082
                    ],
                    [
                        -87.0824889,
                        39.7371907
                    ],
                    [
                        -87.0823077,
                        39.7373742
                    ],
                    [
                        -87.0821788,
                        39.7374965
                    ],
                    [
                        -87.0821257,
                        39.73761
                    ],
                    [
                        -87.0819802,
                        39.7376554
                    ],
                    [
                        -87.0816415,
                        39.7376304
                    ],
                    [
                        -87.081523,
                        39.7375952
                    ],
                    [
                        -87.0813125,
                        39.7375982
                    ],
                    [
                        -87.0812017,
                        39.737484
                    ],
                    [
                        -87.081001,
                        39.7373892
                    ],
                    [
                        -87.0807723,
                        39.7373312
                    ],
                    [
                        -87.0806224,
                        39.7372491
                    ],
                    [
                        -87.0804051,
                        39.737183
                    ],
                    [
                        -87.0802923,
                        39.7371148
                    ],
                    [
                        -87.080166,
                        39.7370487
                    ],
                    [
                        -87.0799943,
                        39.7370156
                    ],
                    [
                        -87.080073,
                        39.7371414
                    ],
                    [
                        -87.0800643,
                        39.7372383
                    ],
                    [
                        -87.0800802,
                        39.7373024
                    ],
                    [
                        -87.0801422,
                        39.7373703
                    ],
                    [
                        -87.0802788,
                        39.7374426
                    ],
                    [
                        -87.0803627,
                        39.7375461
                    ],
                    [
                        -87.0804554,
                        39.7376729
                    ],
                    [
                        -87.0804378,
                        39.7377131
                    ],
                    [
                        -87.0803666,
                        39.7377793
                    ],
                    [
                        -87.0802418,
                        39.7377793
                    ],
                    [
                        -87.0800457,
                        39.7378531
                    ],
                    [
                        -87.0799383,
                        39.7379336
                    ],
                    [
                        -87.0799251,
                        39.7380017
                    ],
                    [
                        -87.0799947,
                        39.7380367
                    ],
                    [
                        -87.0801401,
                        39.7380431
                    ],
                    [
                        -87.0802983,
                        39.7380597
                    ],
                    [
                        -87.0805579,
                        39.7381541
                    ],
                    [
                        -87.0807337,
                        39.738206
                    ],
                    [
                        -87.0809279,
                        39.7382554
                    ],
                    [
                        -87.0811131,
                        39.7383543
                    ],
                    [
                        -87.0812182,
                        39.7384824
                    ],
                    [
                        -87.0812182,
                        39.7386267
                    ],
                    [
                        -87.0811215,
                        39.7387503
                    ],
                    [
                        -87.0809728,
                        39.7389358
                    ],
                    [
                        -87.0808807,
                        39.7390419
                    ],
                    [
                        -87.0806417,
                        39.7391157
                    ],
                    [
                        -87.0804507,
                        39.7391815
                    ],
                    [
                        -87.0802129,
                        39.739248
                    ],
                    [
                        -87.0799625,
                        39.7392786
                    ],
                    [
                        -87.0797779,
                        39.7393406
                    ],
                    [
                        -87.0796566,
                        39.7394495
                    ],
                    [
                        -87.0795894,
                        39.7396435
                    ],
                    [
                        -87.0794903,
                        39.7396959
                    ],
                    [
                        -87.0794453,
                        39.7398747
                    ],
                    [
                        -87.0792846,
                        39.7399654
                    ],
                    [
                        -87.0790374,
                        39.7400416
                    ],
                    [
                        -87.0788465,
                        39.740161
                    ],
                    [
                        -87.0787042,
                        39.7402681
                    ],
                    [
                        -87.0785276,
                        39.7403016
                    ],
                    [
                        -87.0784339,
                        39.7403367
                    ],
                    [
                        -87.0783772,
                        39.7403739
                    ],
                    [
                        -87.0784739,
                        39.7403844
                    ],
                    [
                        -87.0785646,
                        39.7404166
                    ],
                    [
                        -87.0787016,
                        39.7404952
                    ],
                    [
                        -87.0788521,
                        39.7405657
                    ],
                    [
                        -87.0789711,
                        39.7406548
                    ],
                    [
                        -87.0790232,
                        39.7406147
                    ],
                    [
                        -87.0791316,
                        39.7406101
                    ],
                    [
                        -87.0792509,
                        39.7406426
                    ],
                    [
                        -87.079326,
                        39.7407344
                    ],
                    [
                        -87.0794654,
                        39.7408912
                    ],
                    [
                        -87.079739,
                        39.7412005
                    ],
                    [
                        -87.0799268,
                        39.7413367
                    ],
                    [
                        -87.0799482,
                        39.741613
                    ],
                    [
                        -87.0799053,
                        39.7419554
                    ],
                    [
                        -87.0798892,
                        39.7422276
                    ],
                    [
                        -87.0798624,
                        39.7425494
                    ],
                    [
                        -87.079798,
                        39.7429041
                    ],
                    [
                        -87.0798678,
                        39.7431227
                    ],
                    [
                        -87.0799214,
                        39.7433125
                    ],
                    [
                        -87.0798678,
                        39.7436466
                    ],
                    [
                        -87.079798,
                        39.7438899
                    ],
                    [
                        -87.0798517,
                        39.7440178
                    ],
                    [
                        -87.0798409,
                        39.7441663
                    ],
                    [
                        -87.079739,
                        39.7443643
                    ],
                    [
                        -87.0797551,
                        39.7445829
                    ],
                    [
                        -87.0797551,
                        39.7447685
                    ],
                    [
                        -87.0797176,
                        39.7448469
                    ],
                    [
                        -87.0797283,
                        39.7449623
                    ],
                    [
                        -87.0798195,
                        39.745247
                    ],
                    [
                        -87.0796961,
                        39.7456017
                    ],
                    [
                        -87.0795405,
                        39.7457584
                    ],
                    [
                        -87.0793367,
                        39.7459481
                    ],
                    [
                        -87.0791704,
                        39.7461956
                    ],
                    [
                        -87.0789236,
                        39.7465008
                    ],
                    [
                        -87.0787788,
                        39.7466081
                    ],
                    [
                        -87.0785588,
                        39.7467153
                    ],
                    [
                        -87.0783818,
                        39.7468679
                    ],
                    [
                        -87.078076,
                        39.746971
                    ],
                    [
                        -87.0778186,
                        39.7470824
                    ],
                    [
                        -87.0776254,
                        39.7472474
                    ],
                    [
                        -87.0774806,
                        39.7474577
                    ],
                    [
                        -87.0773089,
                        39.7478743
                    ],
                    [
                        -87.0771963,
                        39.7483156
                    ],
                    [
                        -87.0771534,
                        39.7484847
                    ],
                    [
                        -87.0771158,
                        39.7487528
                    ],
                    [
                        -87.0771113,
                        39.7490129
                    ],
                    [
                        -87.0770898,
                        39.7492521
                    ],
                    [
                        -87.0772078,
                        39.7495532
                    ],
                    [
                        -87.0773527,
                        39.7499491
                    ],
                    [
                        -87.0774653,
                        39.7503987
                    ],
                    [
                        -87.0774921,
                        39.7506668
                    ],
                    [
                        -87.0774975,
                        39.7510916
                    ],
                    [
                        -87.0775825,
                        39.7513141
                    ],
                    [
                        -87.0777434,
                        39.7515203
                    ],
                    [
                        -87.0782378,
                        39.7517968
                    ],
                    [
                        -87.0783773,
                        39.7519371
                    ],
                    [
                        -87.078414,
                        39.7521389
                    ],
                    [
                        -87.0783604,
                        39.752374
                    ],
                    [
                        -87.0782799,
                        39.752407
                    ],
                    [
                        -87.0781841,
                        39.7525557
                    ],
                    [
                        -87.0782431,
                        39.7527248
                    ],
                    [
                        -87.0782584,
                        39.7529019
                    ],
                    [
                        -87.0782378,
                        39.7530918
                    ],
                    [
                        -87.0783121,
                        39.7533143
                    ],
                    [
                        -87.0782271,
                        39.7534465
                    ],
                    [
                        -87.0783129,
                        39.7537146
                    ],
                    [
                        -87.0784309,
                        39.7539909
                    ],
                    [
                        -87.0785543,
                        39.7541641
                    ],
                    [
                        -87.0786365,
                        39.7544404
                    ],
                    [
                        -87.0787946,
                        39.7547362
                    ],
                    [
                        -87.0791258,
                        39.7550829
                    ],
                    [
                        -87.079657,
                        39.7553647
                    ],
                    [
                        -87.0798274,
                        39.7556844
                    ],
                    [
                        -87.0801688,
                        39.7556518
                    ],
                    [
                        -87.0805472,
                        39.7558751
                    ],
                    [
                        -87.0808051,
                        39.7560858
                    ],
                    [
                        -87.0807795,
                        39.7563155
                    ],
                    [
                        -87.0809503,
                        39.7566043
                    ],
                    [
                        -87.0812672,
                        39.7569355
                    ],
                    [
                        -87.0816298,
                        39.7570863
                    ],
                    [
                        -87.081706,
                        39.756901
                    ],
                    [
                        -87.0817451,
                        39.7568061
                    ],
                    [
                        -87.0802594,
                        39.7554259
                    ],
                    [
                        -87.0796969,
                        39.7551168
                    ],
                    [
                        -87.079342,
                        39.7548774
                    ],
                    [
                        -87.0792348,
                        39.7546382
                    ],
                    [
                        -87.0789221,
                        39.7541249
                    ],
                    [
                        -87.0788508,
                        39.753722
                    ],
                    [
                        -87.0787901,
                        39.7532926
                    ],
                    [
                        -87.0788018,
                        39.7529015
                    ],
                    [
                        -87.0788736,
                        39.7526157
                    ],
                    [
                        -87.0789733,
                        39.7523427
                    ],
                    [
                        -87.0789942,
                        39.7520809
                    ],
                    [
                        -87.0789369,
                        39.7519422
                    ],
                    [
                        -87.07887,
                        39.75171
                    ],
                    [
                        -87.0787305,
                        39.7514832
                    ],
                    [
                        -87.0783765,
                        39.7512728
                    ],
                    [
                        -87.0780339,
                        39.7512236
                    ],
                    [
                        -87.0780113,
                        39.7509782
                    ],
                    [
                        -87.0780391,
                        39.7507992
                    ],
                    [
                        -87.0780224,
                        39.7505799
                    ],
                    [
                        -87.0781511,
                        39.750349
                    ],
                    [
                        -87.0781619,
                        39.7500727
                    ],
                    [
                        -87.0783979,
                        39.7495901
                    ],
                    [
                        -87.0785481,
                        39.7493179
                    ],
                    [
                        -87.0787632,
                        39.7492439
                    ],
                    [
                        -87.0789242,
                        39.7492447
                    ],
                    [
                        -87.0791377,
                        39.7494666
                    ],
                    [
                        -87.0793137,
                        39.7497943
                    ],
                    [
                        -87.0796494,
                        39.7497742
                    ],
                    [
                        -87.0801982,
                        39.7499617
                    ],
                    [
                        -87.0806296,
                        39.7500632
                    ],
                    [
                        -87.081176,
                        39.7500728
                    ],
                    [
                        -87.0814709,
                        39.7499545
                    ],
                    [
                        -87.0814581,
                        39.74981
                    ],
                    [
                        -87.081119,
                        39.7496336
                    ],
                    [
                        -87.0804688,
                        39.7496211
                    ],
                    [
                        -87.0799911,
                        39.7493055
                    ],
                    [
                        -87.0799268,
                        39.7491694
                    ],
                    [
                        -87.0799965,
                        39.7491158
                    ],
                    [
                        -87.080136,
                        39.7489302
                    ],
                    [
                        -87.080077,
                        39.7487322
                    ],
                    [
                        -87.0801789,
                        39.7485425
                    ],
                    [
                        -87.0802594,
                        39.7482373
                    ],
                    [
                        -87.0802701,
                        39.7480723
                    ],
                    [
                        -87.080372,
                        39.7478826
                    ],
                    [
                        -87.0804847,
                        39.747763
                    ],
                    [
                        -87.0806241,
                        39.7475279
                    ],
                    [
                        -87.0808655,
                        39.7473381
                    ],
                    [
                        -87.0809621,
                        39.7470907
                    ],
                    [
                        -87.0809245,
                        39.7469133
                    ],
                    [
                        -87.0809192,
                        39.7467813
                    ],
                    [
                        -87.0810694,
                        39.7465875
                    ],
                    [
                        -87.0812518,
                        39.7463771
                    ],
                    [
                        -87.0813966,
                        39.7461832
                    ],
                    [
                        -87.0815736,
                        39.7460348
                    ],
                    [
                        -87.0819661,
                        39.745969
                    ],
                    [
                        -87.0821323,
                        39.745969
                    ],
                    [
                        -87.0823362,
                        39.7459112
                    ],
                    [
                        -87.0825132,
                        39.7458287
                    ],
                    [
                        -87.0826527,
                        39.7456266
                    ],
                    [
                        -87.0827278,
                        39.7454781
                    ],
                    [
                        -87.08254,
                        39.7455813
                    ],
                    [
                        -87.0821745,
                        39.7455728
                    ],
                    [
                        -87.0818695,
                        39.74554
                    ],
                    [
                        -87.0816756,
                        39.7454738
                    ],
                    [
                        -87.0815897,
                        39.7454243
                    ],
                    [
                        -87.08152,
                        39.7451892
                    ],
                    [
                        -87.0815576,
                        39.7449459
                    ],
                    [
                        -87.0816541,
                        39.7446777
                    ],
                    [
                        -87.0816809,
                        39.7443931
                    ],
                    [
                        -87.0816166,
                        39.7442859
                    ],
                    [
                        -87.0815522,
                        39.7440137
                    ],
                    [
                        -87.0815254,
                        39.7436796
                    ],
                    [
                        -87.0816058,
                        39.7435434
                    ],
                    [
                        -87.0815146,
                        39.7434444
                    ],
                    [
                        -87.081461,
                        39.7432918
                    ],
                    [
                        -87.0814288,
                        39.7429825
                    ],
                    [
                        -87.0814449,
                        39.7428546
                    ],
                    [
                        -87.0813913,
                        39.7427102
                    ],
                    [
                        -87.0814288,
                        39.7425782
                    ],
                    [
                        -87.0815576,
                        39.7424174
                    ],
                    [
                        -87.0817989,
                        39.7423307
                    ],
                    [
                        -87.0818472,
                        39.7422318
                    ],
                    [
                        -87.0820672,
                        39.7420956
                    ],
                    [
                        -87.0823094,
                        39.7417906
                    ],
                    [
                        -87.0823737,
                        39.7414977
                    ],
                    [
                        -87.0823568,
                        39.7413202
                    ],
                    [
                        -87.0824596,
                        39.7411141
                    ],
                    [
                        -87.0827814,
                        39.7410357
                    ],
                    [
                        -87.083065,
                        39.7410644
                    ],
                    [
                        -87.083242,
                        39.7411923
                    ],
                    [
                        -87.083452,
                        39.7413699
                    ],
                    [
                        -87.0835861,
                        39.7415596
                    ],
                    [
                        -87.083655,
                        39.741481
                    ],
                    [
                        -87.0835968,
                        39.7412131
                    ],
                    [
                        -87.0834627,
                        39.7410069
                    ],
                    [
                        -87.0832803,
                        39.7407882
                    ],
                    [
                        -87.0833125,
                        39.7406439
                    ],
                    [
                        -87.083393,
                        39.7404954
                    ],
                    [
                        -87.0835048,
                        39.7402889
                    ],
                    [
                        -87.0837033,
                        39.7400249
                    ],
                    [
                        -87.0838696,
                        39.7398022
                    ],
                    [
                        -87.084085,
                        39.7396085
                    ],
                    [
                        -87.0843479,
                        39.7395837
                    ],
                    [
                        -87.0847502,
                        39.7396456
                    ],
                    [
                        -87.0848889,
                        39.7396124
                    ],
                    [
                        -87.0849318,
                        39.7394433
                    ],
                    [
                        -87.0850552,
                        39.7392618
                    ],
                    [
                        -87.0851525,
                        39.7390392
                    ],
                    [
                        -87.0852536,
                        39.7388617
                    ],
                    [
                        -87.0854637,
                        39.738767
                    ],
                    [
                        -87.085807,
                        39.7387587
                    ],
                    [
                        -87.0861178,
                        39.7388247
                    ],
                    [
                        -87.0864612,
                        39.7389526
                    ],
                    [
                        -87.0869332,
                        39.739097
                    ],
                    [
                        -87.0868581,
                        39.7389609
                    ],
                    [
                        -87.0866918,
                        39.7388454
                    ],
                    [
                        -87.0866167,
                        39.7386597
                    ],
                    [
                        -87.0865041,
                        39.7384287
                    ],
                    [
                        -87.0865679,
                        39.7382718
                    ],
                    [
                        -87.0866275,
                        39.7380946
                    ],
                    [
                        -87.0868045,
                        39.7379337
                    ],
                    [
                        -87.0869971,
                        39.7378056
                    ],
                    [
                        -87.0873028,
                        39.7376695
                    ],
                    [
                        -87.0875501,
                        39.7376738
                    ],
                    [
                        -87.0878607,
                        39.7376571
                    ],
                    [
                        -87.0882899,
                        39.7376778
                    ],
                    [
                        -87.0885206,
                        39.7376283
                    ],
                    [
                        -87.088741,
                        39.7375212
                    ],
                    [
                        -87.0885528,
                        39.7374426
                    ],
                    [
                        -87.0883548,
                        39.7372861
                    ],
                    [
                        -87.0883865,
                        39.7370136
                    ],
                    [
                        -87.0885849,
                        39.7369682
                    ],
                    [
                        -87.0885694,
                        39.7368447
                    ],
                    [
                        -87.0884508,
                        39.7366341
                    ],
                    [
                        -87.0883543,
                        39.7364237
                    ],
                    [
                        -87.0884669,
                        39.7362381
                    ],
                    [
                        -87.0885479,
                        39.736098
                    ],
                    [
                        -87.0887673,
                        39.7357637
                    ],
                    [
                        -87.0888961,
                        39.7354749
                    ],
                    [
                        -87.08902,
                        39.7352977
                    ],
                    [
                        -87.0891697,
                        39.7350789
                    ],
                    [
                        -87.089454,
                        39.7347984
                    ],
                    [
                        -87.089572,
                        39.734687
                    ],
                    [
                        -87.0897329,
                        39.7346952
                    ],
                    [
                        -87.0900494,
                        39.7348396
                    ],
                    [
                        -87.0903021,
                        39.7348893
                    ],
                    [
                        -87.0906615,
                        39.7349017
                    ],
                    [
                        -87.0906454,
                        39.7347738
                    ],
                    [
                        -87.0905167,
                        39.7345717
                    ],
                    [
                        -87.0902055,
                        39.7344644
                    ],
                    [
                        -87.0902002,
                        39.7342994
                    ],
                    [
                        -87.0902753,
                        39.7342458
                    ],
                    [
                        -87.0904088,
                        39.7342786
                    ],
                    [
                        -87.0905751,
                        39.734357
                    ],
                    [
                        -87.0908165,
                        39.7343941
                    ],
                    [
                        -87.0909029,
                        39.7343324
                    ],
                    [
                        -87.0910955,
                        39.734324
                    ],
                    [
                        -87.0911121,
                        39.734254
                    ],
                    [
                        -87.0912516,
                        39.7342293
                    ],
                    [
                        -87.0914817,
                        39.7342249
                    ],
                    [
                        -87.0912677,
                        39.7341344
                    ],
                    [
                        -87.0910853,
                        39.7340478
                    ],
                    [
                        -87.0909238,
                        39.7339197
                    ],
                    [
                        -87.0907361,
                        39.7338248
                    ],
                    [
                        -87.0904786,
                        39.7337794
                    ],
                    [
                        -87.0905596,
                        39.7335898
                    ],
                    [
                        -87.0904362,
                        39.73366
                    ],
                    [
                        -87.0902324,
                        39.7337012
                    ],
                    [
                        -87.0899153,
                        39.7338372
                    ],
                    [
                        -87.0897919,
                        39.7339815
                    ],
                    [
                        -87.0896739,
                        39.7340847
                    ],
                    [
                        -87.0895023,
                        39.7340888
                    ],
                    [
                        -87.0892716,
                        39.7341424
                    ],
                    [
                        -87.0891536,
                        39.7342332
                    ],
                    [
                        -87.0890034,
                        39.7341259
                    ],
                    [
                        -87.0890039,
                        39.7339776
                    ],
                    [
                        -87.088961,
                        39.7338497
                    ],
                    [
                        -87.0889616,
                        39.7340177
                    ],
                    [
                        -87.0889068,
                        39.7340929
                    ],
                    [
                        -87.0888263,
                        39.7342126
                    ],
                    [
                        -87.0886869,
                        39.7343116
                    ],
                    [
                        -87.0883918,
                        39.7343405
                    ],
                    [
                        -87.0881611,
                        39.7342579
                    ],
                    [
                        -87.0879573,
                        39.7343281
                    ],
                    [
                        -87.0877695,
                        39.7343652
                    ],
                    [
                        -87.0876033,
                        39.734324
                    ],
                    [
                        -87.0872599,
                        39.7342538
                    ],
                    [
                        -87.0870454,
                        39.7340228
                    ],
                    [
                        -87.0869971,
                        39.7338372
                    ],
                    [
                        -87.0868683,
                        39.7335649
                    ],
                    [
                        -87.086804,
                        39.7333586
                    ],
                    [
                        -87.0868415,
                        39.7331152
                    ],
                    [
                        -87.0869005,
                        39.7329956
                    ],
                    [
                        -87.0870561,
                        39.7328347
                    ],
                    [
                        -87.0870132,
                        39.7326408
                    ],
                    [
                        -87.0871205,
                        39.7323644
                    ],
                    [
                        -87.0872331,
                        39.7322283
                    ],
                    [
                        -87.0874643,
                        39.7321583
                    ],
                    [
                        -87.0874375,
                        39.7320469
                    ],
                    [
                        -87.0873243,
                        39.7319353
                    ],
                    [
                        -87.0873656,
                        39.7317695
                    ],
                    [
                        -87.0874316,
                        39.7316548
                    ],
                    [
                        -87.0876145,
                        39.7314116
                    ],
                    [
                        -87.0877213,
                        39.7311804
                    ],
                    [
                        -87.0877159,
                        39.7310731
                    ],
                    [
                        -87.0876896,
                        39.7309702
                    ],
                    [
                        -87.0879251,
                        39.7309741
                    ],
                    [
                        -87.0882738,
                        39.7310772
                    ],
                    [
                        -87.0881724,
                        39.7309826
                    ],
                    [
                        -87.0879578,
                        39.7308505
                    ],
                    [
                        -87.0878715,
                        39.7306647
                    ],
                    [
                        -87.0877218,
                        39.7304751
                    ],
                    [
                        -87.0876408,
                        39.7302604
                    ],
                    [
                        -87.0877052,
                        39.7300789
                    ],
                    [
                        -87.0879037,
                        39.729918
                    ],
                    [
                        -87.0881134,
                        39.7298563
                    ],
                    [
                        -87.0880431,
                        39.7297612
                    ],
                    [
                        -87.0877749,
                        39.7296127
                    ],
                    [
                        -87.0875603,
                        39.729394
                    ],
                    [
                        -87.087453,
                        39.7291795
                    ],
                    [
                        -87.087099,
                        39.728738
                    ],
                    [
                        -87.0871205,
                        39.728507
                    ],
                    [
                        -87.0872438,
                        39.7283296
                    ],
                    [
                        -87.0874209,
                        39.7281522
                    ],
                    [
                        -87.0876569,
                        39.7280697
                    ],
                    [
                        -87.0878822,
                        39.7280119
                    ],
                    [
                        -87.0879519,
                        39.7280738
                    ],
                    [
                        -87.0880651,
                        39.7281113
                    ],
                    [
                        -87.0882523,
                        39.7281151
                    ],
                    [
                        -87.0885259,
                        39.7281604
                    ],
                    [
                        -87.0889014,
                        39.7283255
                    ],
                    [
                        -87.0890248,
                        39.7284204
                    ],
                    [
                        -87.0891756,
                        39.7283711
                    ],
                    [
                        -87.0894062,
                        39.7283793
                    ],
                    [
                        -87.0896042,
                        39.7284245
                    ],
                    [
                        -87.090028,
                        39.7286143
                    ],
                    [
                        -87.0904416,
                        39.7285815
                    ],
                    [
                        -87.0907307,
                        39.7285441
                    ],
                    [
                        -87.0909244,
                        39.7285237
                    ],
                    [
                        -87.0907736,
                        39.7284369
                    ],
                    [
                        -87.0906186,
                        39.7283422
                    ],
                    [
                        -87.0904308,
                        39.7282392
                    ],
                    [
                        -87.0901841,
                        39.7283011
                    ],
                    [
                        -87.0897656,
                        39.7281691
                    ],
                    [
                        -87.089476,
                        39.7280371
                    ],
                    [
                        -87.0891589,
                        39.72795
                    ],
                    [
                        -87.0888269,
                        39.7278184
                    ],
                    [
                        -87.0886064,
                        39.7276447
                    ],
                    [
                        -87.0885206,
                        39.7276076
                    ],
                    [
                        -87.0883387,
                        39.7275131
                    ],
                    [
                        -87.0881772,
                        39.7273188
                    ],
                    [
                        -87.0880973,
                        39.7271377
                    ],
                    [
                        -87.0880056,
                        39.7270424
                    ],
                    [
                        -87.0879417,
                        39.7269273
                    ],
                    [
                        -87.0879895,
                        39.7268237
                    ],
                    [
                        -87.0880919,
                        39.7266715
                    ],
                    [
                        -87.0881772,
                        39.726539
                    ],
                    [
                        -87.088269,
                        39.7264363
                    ],
                    [
                        -87.0882904,
                        39.7263249
                    ],
                    [
                        -87.0881295,
                        39.7263496
                    ],
                    [
                        -87.0879578,
                        39.7264033
                    ],
                    [
                        -87.0878988,
                        39.726494
                    ],
                    [
                        -87.0877647,
                        39.7266054
                    ],
                    [
                        -87.0876247,
                        39.7267206
                    ],
                    [
                        -87.0875072,
                        39.7267375
                    ],
                    [
                        -87.0873999,
                        39.726787
                    ],
                    [
                        -87.0872921,
                        39.7268608
                    ],
                    [
                        -87.0870936,
                        39.7268815
                    ],
                    [
                        -87.086981,
                        39.7269475
                    ],
                    [
                        -87.0869059,
                        39.7269887
                    ],
                    [
                        -87.0867449,
                        39.7270341
                    ],
                    [
                        -87.0865572,
                        39.7270877
                    ],
                    [
                        -87.0864714,
                        39.7271373
                    ],
                    [
                        -87.0863909,
                        39.7272074
                    ],
                    [
                        -87.0862997,
                        39.7272693
                    ],
                    [
                        -87.0861978,
                        39.7273023
                    ],
                    [
                        -87.0859296,
                        39.7272775
                    ],
                    [
                        -87.0856721,
                        39.7272321
                    ],
                    [
                        -87.0854199,
                        39.7272239
                    ],
                    [
                        -87.0852322,
                        39.727261
                    ],
                    [
                        -87.0851463,
                        39.7273353
                    ],
                    [
                        -87.084921,
                        39.7273683
                    ],
                    [
                        -87.0846904,
                        39.7273518
                    ],
                    [
                        -87.0845241,
                        39.727294
                    ],
                    [
                        -87.0844597,
                        39.7271991
                    ],
                    [
                        -87.0843041,
                        39.7271166
                    ],
                    [
                        -87.0841861,
                        39.7270259
                    ],
                    [
                        -87.0841816,
                        39.7267581
                    ],
                    [
                        -87.0842137,
                        39.7266467
                    ],
                    [
                        -87.0842237,
                        39.7264276
                    ],
                    [
                        -87.0843095,
                        39.7263038
                    ],
                    [
                        -87.0845624,
                        39.7261557
                    ],
                    [
                        -87.0847065,
                        39.7260811
                    ],
                    [
                        -87.084862,
                        39.725982
                    ],
                    [
                        -87.0849379,
                        39.7258793
                    ],
                    [
                        -87.0849701,
                        39.725772
                    ],
                    [
                        -87.0850667,
                        39.725607
                    ],
                    [
                        -87.0851311,
                        39.725475
                    ],
                    [
                        -87.0852375,
                        39.7253302
                    ],
                    [
                        -87.0852705,
                        39.7252398
                    ],
                    [
                        -87.0852598,
                        39.7251779
                    ],
                    [
                        -87.0850873,
                        39.7252229
                    ],
                    [
                        -87.0849049,
                        39.7252848
                    ],
                    [
                        -87.0847762,
                        39.7253632
                    ],
                    [
                        -87.0846582,
                        39.7253095
                    ],
                    [
                        -87.0845785,
                        39.7251903
                    ],
                    [
                        -87.0846053,
                        39.725083
                    ],
                    [
                        -87.0847019,
                        39.7250005
                    ],
                    [
                        -87.0849433,
                        39.7249551
                    ],
                    [
                        -87.0851463,
                        39.7248887
                    ],
                    [
                        -87.0855111,
                        39.7248722
                    ],
                    [
                        -87.0856514,
                        39.7249427
                    ],
                    [
                        -87.0857694,
                        39.7249675
                    ],
                    [
                        -87.0858223,
                        39.7249382
                    ],
                    [
                        -87.0857909,
                        39.7248437
                    ],
                    [
                        -87.0856085,
                        39.7246663
                    ],
                    [
                        -87.0856782,
                        39.7246292
                    ],
                    [
                        -87.0858062,
                        39.7246659
                    ],
                    [
                        -87.0859515,
                        39.7246704
                    ],
                    [
                        -87.0861388,
                        39.7246164
                    ],
                    [
                        -87.0862353,
                        39.7245627
                    ],
                    [
                        -87.0863914,
                        39.7245714
                    ],
                    [
                        -87.0865685,
                        39.7244765
                    ],
                    [
                        -87.0866859,
                        39.7244183
                    ],
                    [
                        -87.0867669,
                        39.7243569
                    ],
                    [
                        -87.0867348,
                        39.7242991
                    ],
                    [
                        -87.0866972,
                        39.7241547
                    ],
                    [
                        -87.086761,
                        39.7240594
                    ],
                    [
                        -87.0868152,
                        39.7239566
                    ],
                    [
                        -87.0866537,
                        39.7240635
                    ],
                    [
                        -87.0865626,
                        39.724146
                    ],
                    [
                        -87.0864177,
                        39.7241501
                    ],
                    [
                        -87.0862675,
                        39.7241213
                    ],
                    [
                        -87.086128,
                        39.7240965
                    ],
                    [
                        -87.0861554,
                        39.7239979
                    ],
                    [
                        -87.0861715,
                        39.7238865
                    ],
                    [
                        -87.0861715,
                        39.7237792
                    ],
                    [
                        -87.0859939,
                        39.723882
                    ],
                    [
                        -87.0858008,
                        39.723948
                    ],
                    [
                        -87.0855165,
                        39.723981
                    ],
                    [
                        -87.0851946,
                        39.7240181
                    ],
                    [
                        -87.0849264,
                        39.7240429
                    ],
                    [
                        -87.084803,
                        39.7241295
                    ],
                    [
                        -87.0846367,
                        39.7241708
                    ],
                    [
                        -87.0845455,
                        39.7241254
                    ],
                    [
                        -87.0845088,
                        39.7239608
                    ],
                    [
                        -87.0844382,
                        39.7238531
                    ],
                    [
                        -87.0843256,
                        39.7238985
                    ],
                    [
                        -87.084331,
                        39.7240222
                    ],
                    [
                        -87.0842344,
                        39.7241708
                    ],
                    [
                        -87.0840949,
                        39.7242739
                    ],
                    [
                        -87.0840466,
                        39.7244307
                    ],
                    [
                        -87.0840788,
                        39.7245669
                    ],
                    [
                        -87.0838428,
                        39.7246741
                    ],
                    [
                        -87.0837301,
                        39.7248062
                    ],
                    [
                        -87.0835209,
                        39.7249258
                    ],
                    [
                        -87.0834458,
                        39.7250166
                    ],
                    [
                        -87.0835048,
                        39.7251775
                    ],
                    [
                        -87.0834995,
                        39.725326
                    ],
                    [
                        -87.0834136,
                        39.7254044
                    ],
                    [
                        -87.0832742,
                        39.7254415
                    ],
                    [
                        -87.0831132,
                        39.7253879
                    ],
                    [
                        -87.0830497,
                        39.725248
                    ],
                    [
                        -87.0829585,
                        39.7248726
                    ],
                    [
                        -87.0829585,
                        39.7247529
                    ],
                    [
                        -87.0830819,
                        39.7246003
                    ],
                    [
                        -87.083173,
                        39.7244229
                    ],
                    [
                        -87.0831945,
                        39.7243156
                    ],
                    [
                        -87.0832052,
                        39.7239731
                    ],
                    [
                        -87.0830926,
                        39.7238535
                    ],
                    [
                        -87.0829362,
                        39.7237417
                    ],
                    [
                        -87.0829746,
                        39.7236307
                    ],
                    [
                        -87.0829638,
                        39.7235275
                    ],
                    [
                        -87.0829263,
                        39.7234203
                    ],
                    [
                        -87.0828941,
                        39.723346
                    ],
                    [
                        -87.0827493,
                        39.7231686
                    ],
                    [
                        -87.0825883,
                        39.7229953
                    ],
                    [
                        -87.0824167,
                        39.7228302
                    ],
                    [
                        -87.0823147,
                        39.7226858
                    ],
                    [
                        -87.0821216,
                        39.7224919
                    ],
                    [
                        -87.0820304,
                        39.7224053
                    ],
                    [
                        -87.0818472,
                        39.7224007
                    ],
                    [
                        -87.08173,
                        39.7223104
                    ],
                    [
                        -87.0816442,
                        39.7222443
                    ],
                    [
                        -87.0816809,
                        39.7223636
                    ],
                    [
                        -87.0817668,
                        39.7224915
                    ],
                    [
                        -87.0818901,
                        39.7226813
                    ],
                    [
                        -87.081976,
                        39.7228092
                    ],
                    [
                        -87.0820886,
                        39.7230485
                    ],
                    [
                        -87.0821798,
                        39.7231929
                    ],
                    [
                        -87.0821691,
                        39.7233002
                    ],
                    [
                        -87.082035,
                        39.7233373
                    ],
                    [
                        -87.0822335,
                        39.7233951
                    ],
                    [
                        -87.0823032,
                        39.7234694
                    ],
                    [
                        -87.0823676,
                        39.7236055
                    ],
                    [
                        -87.0823944,
                        39.7238077
                    ],
                    [
                        -87.0823837,
                        39.7239521
                    ],
                    [
                        -87.0824266,
                        39.72408
                    ],
                    [
                        -87.0824427,
                        39.724212
                    ],
                    [
                        -87.0823783,
                        39.7242904
                    ],
                    [
                        -87.0824159,
                        39.7244101
                    ],
                    [
                        -87.0823568,
                        39.7246205
                    ],
                    [
                        -87.0823837,
                        39.7247401
                    ],
                    [
                        -87.0823354,
                        39.7248846
                    ],
                    [
                        -87.0820296,
                        39.725062
                    ],
                    [
                        -87.0820725,
                        39.7251404
                    ],
                    [
                        -87.0823568,
                        39.7251816
                    ],
                    [
                        -87.0825017,
                        39.7254044
                    ],
                    [
                        -87.0825017,
                        39.7256272
                    ],
                    [
                        -87.0825446,
                        39.7258335
                    ],
                    [
                        -87.0824856,
                        39.7259697
                    ],
                    [
                        -87.0823193,
                        39.7260646
                    ],
                    [
                        -87.0822549,
                        39.7261759
                    ],
                    [
                        -87.0820779,
                        39.7261677
                    ],
                    [
                        -87.0818204,
                        39.7260563
                    ],
                    [
                        -87.0816273,
                        39.726048
                    ],
                    [
                        -87.0814985,
                        39.7260357
                    ],
                    [
                        -87.0813644,
                        39.7259243
                    ],
                    [
                        -87.0813545,
                        39.7257679
                    ],
                    [
                        -87.0812357,
                        39.7257139
                    ],
                    [
                        -87.0809943,
                        39.7257015
                    ],
                    [
                        -87.0808548,
                        39.7258005
                    ],
                    [
                        -87.0807824,
                        39.7258217
                    ],
                    [
                        -87.0806809,
                        39.7258646
                    ],
                    [
                        -87.0805039,
                        39.7258976
                    ],
                    [
                        -87.0803322,
                        39.7259223
                    ],
                    [
                        -87.0801981,
                        39.7258646
                    ],
                    [
                        -87.080064,
                        39.7257986
                    ],
                    [
                        -87.079887,
                        39.7258027
                    ],
                    [
                        -87.0796777,
                        39.7258604
                    ],
                    [
                        -87.0795919,
                        39.7257078
                    ],
                    [
                        -87.0796002,
                        39.7255945
                    ],
                    [
                        -87.0793505,
                        39.7254932
                    ],
                    [
                        -87.0791145,
                        39.725551
                    ],
                    [
                        -87.0789053,
                        39.7256005
                    ],
                    [
                        -87.078739,
                        39.725452
                    ],
                    [
                        -87.0787795,
                        39.7253181
                    ],
                    [
                        -87.078817,
                        39.7251613
                    ],
                    [
                        -87.0787497,
                        39.7250353
                    ],
                    [
                        -87.0783474,
                        39.7250023
                    ],
                    [
                        -87.0779558,
                        39.7248372
                    ],
                    [
                        -87.0777144,
                        39.7246392
                    ]
                ]
            ]
        }
    }
]