[
    {
        "type": "Feature",
        "id": "relation/418191",
        "properties": {
            "@id": "relation/418191",
            "ele": "220",
            "gnis:feature_id": "431941",
            "name": "Cagles Mill Lake",
            "natural": "water",
            "type": "multipolygon",
            "water": "reservoir",
            "wikidata": "Q1025730",
            "wikipedia": "en:Cagles Mill Lake",
            "@timestamp": "2024-05-24T09:28:14Z",
            "@version": 6,
            "@changeset": 151759334,
            "@user": "Mateusz Konieczny - bot account",
            "@uid": 3199858,
            "@osm3s:version": 0.6,
            "@osm3s:generator": "Overpass API 0.7.62.5 1bd436f1",
            "@osm3s:timestamp_osm_base": "2025-02-16T09:27:05Z",
            "@osm3s:copyright": "The data included in this document is from www.openstreetmap.org. The data is made available under ODbL."
        },
        "geometry": {
            "type": "Polygon",
            "coordinates": [
                [
                    [
                        -86.8816618,
                        39.4701366
                    ],
                    [
                        -86.8826059,
                        39.4700373
                    ],
                    [
                        -86.8837432,
                        39.4699213
                    ],
                    [
                        -86.8843011,
                        39.4698219
                    ],
                    [
                        -86.8845478,
                        39.4698136
                    ],
                    [
                        -86.8847088,
                        39.4699213
                    ],
                    [
                        -86.8847302,
                        39.4697308
                    ],
                    [
                        -86.8847302,
                        39.4694575
                    ],
                    [
                        -86.8848375,
                        39.4693498
                    ],
                    [
                        -86.8853992,
                        39.4691367
                    ],
                    [
                        -86.8854705,
                        39.4691096
                    ],
                    [
                        -86.8860864,
                        39.4688135
                    ],
                    [
                        -86.886125,
                        39.4687949
                    ],
                    [
                        -86.8864683,
                        39.4684636
                    ],
                    [
                        -86.8866722,
                        39.4678921
                    ],
                    [
                        -86.8864683,
                        39.46742
                    ],
                    [
                        -86.8862215,
                        39.4669893
                    ],
                    [
                        -86.8862537,
                        39.4662439
                    ],
                    [
                        -86.886522,
                        39.4657469
                    ],
                    [
                        -86.886758,
                        39.4653825
                    ],
                    [
                        -86.8868009,
                        39.4651009
                    ],
                    [
                        -86.8871764,
                        39.4646122
                    ],
                    [
                        -86.8875197,
                        39.4642478
                    ],
                    [
                        -86.8879274,
                        39.4641732
                    ],
                    [
                        -86.8882493,
                        39.464256
                    ],
                    [
                        -86.8884746,
                        39.46443
                    ],
                    [
                        -86.8884531,
                        39.4645874
                    ],
                    [
                        -86.8883351,
                        39.4649021
                    ],
                    [
                        -86.8878523,
                        39.4651009
                    ],
                    [
                        -86.8874017,
                        39.4654902
                    ],
                    [
                        -86.8870691,
                        39.4658712
                    ],
                    [
                        -86.8869082,
                        39.4664344
                    ],
                    [
                        -86.8869726,
                        39.4669396
                    ],
                    [
                        -86.8870107,
                        39.4669849
                    ],
                    [
                        -86.8872066,
                        39.4672179
                    ],
                    [
                        -86.8873695,
                        39.4674117
                    ],
                    [
                        -86.8879703,
                        39.4677348
                    ],
                    [
                        -86.8887214,
                        39.4678839
                    ],
                    [
                        -86.8890325,
                        39.4679915
                    ],
                    [
                        -86.8889038,
                        39.4681489
                    ],
                    [
                        -86.8887214,
                        39.4684719
                    ],
                    [
                        -86.8887106,
                        39.4687452
                    ],
                    [
                        -86.8888287,
                        39.4690599
                    ],
                    [
                        -86.8887536,
                        39.4693333
                    ],
                    [
                        -86.8886355,
                        39.4696066
                    ],
                    [
                        -86.8888716,
                        39.4697308
                    ],
                    [
                        -86.8890218,
                        39.469706
                    ],
                    [
                        -86.888893,
                        39.4695735
                    ],
                    [
                        -86.8889789,
                        39.4694327
                    ],
                    [
                        -86.8891291,
                        39.469002
                    ],
                    [
                        -86.8890754,
                        39.4686955
                    ],
                    [
                        -86.8892363,
                        39.4684139
                    ],
                    [
                        -86.8894617,
                        39.4680247
                    ],
                    [
                        -86.8897406,
                        39.4678673
                    ],
                    [
                        -86.8900732,
                        39.4678342
                    ],
                    [
                        -86.8901805,
                        39.4679335
                    ],
                    [
                        -86.89032,
                        39.4683642
                    ],
                    [
                        -86.89091,
                        39.4687783
                    ],
                    [
                        -86.8914036,
                        39.4696397
                    ],
                    [
                        -86.8915645,
                        39.4701946
                    ],
                    [
                        -86.8915645,
                        39.4709152
                    ],
                    [
                        -86.8916825,
                        39.471263
                    ],
                    [
                        -86.8919937,
                        39.4715943
                    ],
                    [
                        -86.8923263,
                        39.4716357
                    ],
                    [
                        -86.8926374,
                        39.4718842
                    ],
                    [
                        -86.8931953,
                        39.4720167
                    ],
                    [
                        -86.8933026,
                        39.4722072
                    ],
                    [
                        -86.8930987,
                        39.4725136
                    ],
                    [
                        -86.8928091,
                        39.4727289
                    ],
                    [
                        -86.8929387,
                        39.4728977
                    ],
                    [
                        -86.8932382,
                        39.4728531
                    ],
                    [
                        -86.8933455,
                        39.4730105
                    ],
                    [
                        -86.8932918,
                        39.4733086
                    ],
                    [
                        -86.8938068,
                        39.4732341
                    ],
                    [
                        -86.8939892,
                        39.4731099
                    ],
                    [
                        -86.8941072,
                        39.4728531
                    ],
                    [
                        -86.8944291,
                        39.4726544
                    ],
                    [
                        -86.8946115,
                        39.4724473
                    ],
                    [
                        -86.89459,
                        39.4722817
                    ],
                    [
                        -86.8948368,
                        39.4721243
                    ],
                    [
                        -86.895223,
                        39.4720332
                    ],
                    [
                        -86.8955127,
                        39.4723148
                    ],
                    [
                        -86.8956415,
                        39.4722569
                    ],
                    [
                        -86.8958882,
                        39.4719918
                    ],
                    [
                        -86.8958453,
                        39.471702
                    ],
                    [
                        -86.8958175,
                        39.4714574
                    ],
                    [
                        -86.8958565,
                        39.4713916
                    ],
                    [
                        -86.896017,
                        39.471263
                    ],
                    [
                        -86.8963603,
                        39.4713541
                    ],
                    [
                        -86.8966822,
                        39.4716771
                    ],
                    [
                        -86.8969289,
                        39.4717848
                    ],
                    [
                        -86.8971971,
                        39.4717682
                    ],
                    [
                        -86.8973366,
                        39.4719421
                    ],
                    [
                        -86.8972186,
                        39.4720912
                    ],
                    [
                        -86.8973259,
                        39.4721326
                    ],
                    [
                        -86.897519,
                        39.4720581
                    ],
                    [
                        -86.8978838,
                        39.4721078
                    ],
                    [
                        -86.8982808,
                        39.4725302
                    ],
                    [
                        -86.8986134,
                        39.4730436
                    ],
                    [
                        -86.8987099,
                        39.4736565
                    ],
                    [
                        -86.8986455,
                        39.4744018
                    ],
                    [
                        -86.8983344,
                        39.474642
                    ],
                    [
                        -86.8980662,
                        39.4749816
                    ],
                    [
                        -86.8980917,
                        39.4750592
                    ],
                    [
                        -86.8981698,
                        39.4751007
                    ],
                    [
                        -86.8984472,
                        39.4751213
                    ],
                    [
                        -86.8984859,
                        39.4751793
                    ],
                    [
                        -86.8984267,
                        39.4753402
                    ],
                    [
                        -86.8983666,
                        39.4755033
                    ],
                    [
                        -86.8979267,
                        39.4754288
                    ],
                    [
                        -86.8978516,
                        39.4756689
                    ],
                    [
                        -86.8978516,
                        39.476025
                    ],
                    [
                        -86.8976799,
                        39.4761493
                    ],
                    [
                        -86.8975297,
                        39.4761493
                    ],
                    [
                        -86.8973581,
                        39.4760582
                    ],
                    [
                        -86.8971971,
                        39.4760582
                    ],
                    [
                        -86.8969289,
                        39.476025
                    ],
                    [
                        -86.896768,
                        39.4759174
                    ],
                    [
                        -86.8965749,
                        39.475818
                    ],
                    [
                        -86.8963496,
                        39.4757849
                    ],
                    [
                        -86.8962316,
                        39.4758677
                    ],
                    [
                        -86.8960492,
                        39.4759836
                    ],
                    [
                        -86.8961886,
                        39.4759919
                    ],
                    [
                        -86.8964461,
                        39.4760913
                    ],
                    [
                        -86.8964783,
                        39.4763811
                    ],
                    [
                        -86.8962704,
                        39.4766634
                    ],
                    [
                        -86.8960062,
                        39.4776979
                    ],
                    [
                        -86.8958239,
                        39.4779546
                    ],
                    [
                        -86.8955985,
                        39.4779794
                    ],
                    [
                        -86.8955466,
                        39.4779676
                    ],
                    [
                        -86.8952338,
                        39.4778966
                    ],
                    [
                        -86.8948797,
                        39.4778883
                    ],
                    [
                        -86.8946115,
                        39.477731
                    ],
                    [
                        -86.8945257,
                        39.4778718
                    ],
                    [
                        -86.8941609,
                        39.4780457
                    ],
                    [
                        -86.8942682,
                        39.4782279
                    ],
                    [
                        -86.8945364,
                        39.4784515
                    ],
                    [
                        -86.894869,
                        39.4785508
                    ],
                    [
                        -86.8953732,
                        39.4787247
                    ],
                    [
                        -86.8955985,
                        39.4791222
                    ],
                    [
                        -86.8956737,
                        39.4796274
                    ],
                    [
                        -86.8952981,
                        39.4800249
                    ],
                    [
                        -86.89459,
                        39.4801988
                    ],
                    [
                        -86.8942145,
                        39.4802402
                    ],
                    [
                        -86.894118,
                        39.4801325
                    ],
                    [
                        -86.893839,
                        39.4800746
                    ],
                    [
                        -86.8936888,
                        39.4799172
                    ],
                    [
                        -86.8936995,
                        39.4800828
                    ],
                    [
                        -86.8935923,
                        39.4802485
                    ],
                    [
                        -86.8937425,
                        39.480323
                    ],
                    [
                        -86.894,
                        39.4805466
                    ],
                    [
                        -86.894354,
                        39.4809275
                    ],
                    [
                        -86.8947402,
                        39.4812919
                    ],
                    [
                        -86.8949226,
                        39.4817307
                    ],
                    [
                        -86.8948904,
                        39.4821365
                    ],
                    [
                        -86.8948153,
                        39.4823601
                    ],
                    [
                        -86.8945579,
                        39.4825257
                    ],
                    [
                        -86.8943325,
                        39.4826002
                    ],
                    [
                        -86.8942682,
                        39.4828321
                    ],
                    [
                        -86.8941287,
                        39.4829811
                    ],
                    [
                        -86.8935386,
                        39.4828486
                    ],
                    [
                        -86.8927661,
                        39.4827244
                    ],
                    [
                        -86.8925301,
                        39.482683
                    ],
                    [
                        -86.892455,
                        39.4827907
                    ],
                    [
                        -86.8928842,
                        39.483006
                    ],
                    [
                        -86.8931524,
                        39.4832544
                    ],
                    [
                        -86.8930022,
                        39.48342
                    ],
                    [
                        -86.8928091,
                        39.4834945
                    ],
                    [
                        -86.8926374,
                        39.4834945
                    ],
                    [
                        -86.8924335,
                        39.4833703
                    ],
                    [
                        -86.8922833,
                        39.4833786
                    ],
                    [
                        -86.8924443,
                        39.4836187
                    ],
                    [
                        -86.8923692,
                        39.4836436
                    ],
                    [
                        -86.8921439,
                        39.4837512
                    ],
                    [
                        -86.8919722,
                        39.4839831
                    ],
                    [
                        -86.8918756,
                        39.4843143
                    ],
                    [
                        -86.8915323,
                        39.4845462
                    ],
                    [
                        -86.8913928,
                        39.4844716
                    ],
                    [
                        -86.8911783,
                        39.4844965
                    ],
                    [
                        -86.890953,
                        39.4843888
                    ],
                    [
                        -86.8909208,
                        39.4844634
                    ],
                    [
                        -86.8910817,
                        39.4845793
                    ],
                    [
                        -86.8912748,
                        39.4848111
                    ],
                    [
                        -86.8912641,
                        39.4850927
                    ],
                    [
                        -86.8909422,
                        39.4852831
                    ],
                    [
                        -86.8907384,
                        39.4852997
                    ],
                    [
                        -86.8905345,
                        39.4851589
                    ],
                    [
                        -86.8902663,
                        39.4852583
                    ],
                    [
                        -86.890233,
                        39.4853997
                    ],
                    [
                        -86.8902234,
                        39.4854404
                    ],
                    [
                        -86.89032,
                        39.4857385
                    ],
                    [
                        -86.8903521,
                        39.4860118
                    ],
                    [
                        -86.8900088,
                        39.4861857
                    ],
                    [
                        -86.8898479,
                        39.486343
                    ],
                    [
                        -86.8894724,
                        39.4864672
                    ],
                    [
                        -86.8888394,
                        39.4873366
                    ],
                    [
                        -86.8883351,
                        39.4880156
                    ],
                    [
                        -86.8881849,
                        39.4882143
                    ],
                    [
                        -86.8879918,
                        39.4882557
                    ],
                    [
                        -86.8878201,
                        39.4881564
                    ],
                    [
                        -86.8874768,
                        39.4881232
                    ],
                    [
                        -86.8873695,
                        39.4882723
                    ],
                    [
                        -86.8872837,
                        39.488471
                    ],
                    [
                        -86.8874232,
                        39.4885869
                    ],
                    [
                        -86.8874232,
                        39.4888436
                    ],
                    [
                        -86.8873481,
                        39.4890423
                    ],
                    [
                        -86.8873695,
                        39.4892741
                    ],
                    [
                        -86.8871013,
                        39.489506
                    ],
                    [
                        -86.8867473,
                        39.4896633
                    ],
                    [
                        -86.8864254,
                        39.4897213
                    ],
                    [
                        -86.8862966,
                        39.4901435
                    ],
                    [
                        -86.8859211,
                        39.490425
                    ],
                    [
                        -86.8856851,
                        39.4907148
                    ],
                    [
                        -86.8854813,
                        39.4911868
                    ],
                    [
                        -86.8853847,
                        39.491609
                    ],
                    [
                        -86.8852881,
                        39.4918823
                    ],
                    [
                        -86.8852989,
                        39.4920893
                    ],
                    [
                        -86.8851808,
                        39.4923211
                    ],
                    [
                        -86.8852238,
                        39.4925364
                    ],
                    [
                        -86.8851487,
                        39.4926192
                    ],
                    [
                        -86.8847195,
                        39.4928013
                    ],
                    [
                        -86.8849019,
                        39.4928013
                    ],
                    [
                        -86.8852667,
                        39.4927516
                    ],
                    [
                        -86.8854276,
                        39.4926109
                    ],
                    [
                        -86.885374,
                        39.4924039
                    ],
                    [
                        -86.8854276,
                        39.4922797
                    ],
                    [
                        -86.8855349,
                        39.4921969
                    ],
                    [
                        -86.8856958,
                        39.4923376
                    ],
                    [
                        -86.8857066,
                        39.492081
                    ],
                    [
                        -86.8859104,
                        39.4922466
                    ],
                    [
                        -86.8863503,
                        39.4921058
                    ],
                    [
                        -86.8865971,
                        39.4920147
                    ],
                    [
                        -86.8865649,
                        39.4917912
                    ],
                    [
                        -86.8864147,
                        39.4916587
                    ],
                    [
                        -86.8863503,
                        39.4915428
                    ],
                    [
                        -86.8867151,
                        39.4914186
                    ],
                    [
                        -86.8870369,
                        39.4909384
                    ],
                    [
                        -86.8872837,
                        39.4908722
                    ],
                    [
                        -86.8875519,
                        39.4908804
                    ],
                    [
                        -86.8877343,
                        39.4907976
                    ],
                    [
                        -86.8876914,
                        39.4907066
                    ],
                    [
                        -86.8879274,
                        39.4905078
                    ],
                    [
                        -86.8881206,
                        39.4905161
                    ],
                    [
                        -86.8884424,
                        39.490425
                    ],
                    [
                        -86.8887214,
                        39.4899862
                    ],
                    [
                        -86.8890003,
                        39.4898786
                    ],
                    [
                        -86.8891183,
                        39.4897461
                    ],
                    [
                        -86.8893866,
                        39.4897047
                    ],
                    [
                        -86.8891934,
                        39.4895474
                    ],
                    [
                        -86.8894187,
                        39.489241
                    ],
                    [
                        -86.8898586,
                        39.4891251
                    ],
                    [
                        -86.8900839,
                        39.4891251
                    ],
                    [
                        -86.8899445,
                        39.4889844
                    ],
                    [
                        -86.8901161,
                        39.4888684
                    ],
                    [
                        -86.890556,
                        39.4886532
                    ],
                    [
                        -86.8908886,
                        39.4883882
                    ],
                    [
                        -86.8908028,
                        39.4882309
                    ],
                    [
                        -86.8908993,
                        39.4880073
                    ],
                    [
                        -86.8911246,
                        39.4878666
                    ],
                    [
                        -86.891543,
                        39.4879328
                    ],
                    [
                        -86.8918864,
                        39.4879576
                    ],
                    [
                        -86.8920688,
                        39.4876761
                    ],
                    [
                        -86.8919507,
                        39.4872869
                    ],
                    [
                        -86.8919722,
                        39.4871545
                    ],
                    [
                        -86.8925516,
                        39.4867653
                    ],
                    [
                        -86.8927876,
                        39.4864838
                    ],
                    [
                        -86.8931846,
                        39.486285
                    ],
                    [
                        -86.8934957,
                        39.4862768
                    ],
                    [
                        -86.8944291,
                        39.486343
                    ],
                    [
                        -86.8950406,
                        39.4865086
                    ],
                    [
                        -86.8951265,
                        39.4868398
                    ],
                    [
                        -86.8955664,
                        39.4874194
                    ],
                    [
                        -86.895738,
                        39.4878169
                    ],
                    [
                        -86.8958668,
                        39.488206
                    ],
                    [
                        -86.8963388,
                        39.488529
                    ],
                    [
                        -86.8964676,
                        39.4887525
                    ],
                    [
                        -86.8969397,
                        39.4892245
                    ],
                    [
                        -86.8972722,
                        39.4896881
                    ],
                    [
                        -86.8976048,
                        39.4897627
                    ],
                    [
                        -86.8978516,
                        39.4897378
                    ],
                    [
                        -86.8979804,
                        39.4898372
                    ],
                    [
                        -86.8980984,
                        39.4898041
                    ],
                    [
                        -86.8982915,
                        39.489713
                    ],
                    [
                        -86.8981735,
                        39.4894149
                    ],
                    [
                        -86.8980662,
                        39.4893155
                    ],
                    [
                        -86.898034,
                        39.488943
                    ],
                    [
                        -86.8977121,
                        39.4886614
                    ],
                    [
                        -86.8975727,
                        39.4883882
                    ],
                    [
                        -86.8976799,
                        39.4883054
                    ],
                    [
                        -86.8975834,
                        39.4882392
                    ],
                    [
                        -86.8976263,
                        39.4880322
                    ],
                    [
                        -86.8973903,
                        39.487908
                    ],
                    [
                        -86.8973044,
                        39.487585
                    ],
                    [
                        -86.8973259,
                        39.4874111
                    ],
                    [
                        -86.8972508,
                        39.4873035
                    ],
                    [
                        -86.897122,
                        39.4872538
                    ],
                    [
                        -86.897004,
                        39.4868729
                    ],
                    [
                        -86.8972722,
                        39.4868398
                    ],
                    [
                        -86.8968967,
                        39.4865831
                    ],
                    [
                        -86.8971435,
                        39.4864258
                    ],
                    [
                        -86.8968002,
                        39.4862105
                    ],
                    [
                        -86.896768,
                        39.4858627
                    ],
                    [
                        -86.8969826,
                        39.4857551
                    ],
                    [
                        -86.8970791,
                        39.4856971
                    ],
                    [
                        -86.8969075,
                        39.4856557
                    ],
                    [
                        -86.8966178,
                        39.4856723
                    ],
                    [
                        -86.8966178,
                        39.4855481
                    ],
                    [
                        -86.896489,
                        39.485192
                    ],
                    [
                        -86.8965105,
                        39.4849767
                    ],
                    [
                        -86.8968753,
                        39.4849271
                    ],
                    [
                        -86.8971864,
                        39.4848525
                    ],
                    [
                        -86.8970255,
                        39.4847283
                    ],
                    [
                        -86.8968002,
                        39.4842977
                    ],
                    [
                        -86.8967787,
                        39.4837926
                    ],
                    [
                        -86.8970577,
                        39.4832958
                    ],
                    [
                        -86.8974332,
                        39.4829397
                    ],
                    [
                        -86.8976263,
                        39.4826333
                    ],
                    [
                        -86.8980018,
                        39.4826747
                    ],
                    [
                        -86.898388,
                        39.4827079
                    ],
                    [
                        -86.8986992,
                        39.4826913
                    ],
                    [
                        -86.8986348,
                        39.4824429
                    ],
                    [
                        -86.8987528,
                        39.4822441
                    ],
                    [
                        -86.8992464,
                        39.4820703
                    ],
                    [
                        -86.9000188,
                        39.4818384
                    ],
                    [
                        -86.9005338,
                        39.4817225
                    ],
                    [
                        -86.9009844,
                        39.4816976
                    ],
                    [
                        -86.9013599,
                        39.4816479
                    ],
                    [
                        -86.901714,
                        39.4815982
                    ],
                    [
                        -86.9020251,
                        39.4817887
                    ],
                    [
                        -86.9022612,
                        39.4818384
                    ],
                    [
                        -86.902583,
                        39.4818964
                    ],
                    [
                        -86.9028405,
                        39.4821365
                    ],
                    [
                        -86.90298,
                        39.4824512
                    ],
                    [
                        -86.9032911,
                        39.4826747
                    ],
                    [
                        -86.9036559,
                        39.4828072
                    ],
                    [
                        -86.9040529,
                        39.483006
                    ],
                    [
                        -86.9042031,
                        39.483271
                    ],
                    [
                        -86.9041387,
                        39.4835194
                    ],
                    [
                        -86.9042138,
                        39.4837264
                    ],
                    [
                        -86.9044069,
                        39.4839417
                    ],
                    [
                        -86.9042138,
                        39.4840907
                    ],
                    [
                        -86.903849,
                        39.4842315
                    ],
                    [
                        -86.9041065,
                        39.4842977
                    ],
                    [
                        -86.9044713,
                        39.484422
                    ],
                    [
                        -86.904761,
                        39.4847449
                    ],
                    [
                        -86.9050077,
                        39.4851506
                    ],
                    [
                        -86.9050614,
                        39.485457
                    ],
                    [
                        -86.9052116,
                        39.4855315
                    ],
                    [
                        -86.9051472,
                        39.4856889
                    ],
                    [
                        -86.9050399,
                        39.4860118
                    ],
                    [
                        -86.9050936,
                        39.4861443
                    ],
                    [
                        -86.9052223,
                        39.4859869
                    ],
                    [
                        -86.905512,
                        39.4859373
                    ],
                    [
                        -86.9057802,
                        39.4860532
                    ],
                    [
                        -86.9059948,
                        39.486285
                    ],
                    [
                        -86.906027,
                        39.4866576
                    ],
                    [
                        -86.9063274,
                        39.4868564
                    ],
                    [
                        -86.9066171,
                        39.4871296
                    ],
                    [
                        -86.9066171,
                        39.4875933
                    ],
                    [
                        -86.9065312,
                        39.4877837
                    ],
                    [
                        -86.9062201,
                        39.4879162
                    ],
                    [
                        -86.9066385,
                        39.4880073
                    ],
                    [
                        -86.9067887,
                        39.4887194
                    ],
                    [
                        -86.9063703,
                        39.4889844
                    ],
                    [
                        -86.9062201,
                        39.4892327
                    ],
                    [
                        -86.9067565,
                        39.4890506
                    ],
                    [
                        -86.9070891,
                        39.4891582
                    ],
                    [
                        -86.9071428,
                        39.4893404
                    ],
                    [
                        -86.907014,
                        39.4896136
                    ],
                    [
                        -86.9070999,
                        39.4897875
                    ],
                    [
                        -86.9072608,
                        39.4900525
                    ],
                    [
                        -86.907132,
                        39.4904002
                    ],
                    [
                        -86.9072393,
                        39.4907314
                    ],
                    [
                        -86.9072179,
                        39.4910626
                    ],
                    [
                        -86.9069711,
                        39.4912447
                    ],
                    [
                        -86.9071213,
                        39.4916173
                    ],
                    [
                        -86.9069926,
                        39.4919816
                    ],
                    [
                        -86.9070784,
                        39.4922052
                    ],
                    [
                        -86.9071535,
                        39.4921058
                    ],
                    [
                        -86.9073895,
                        39.4917498
                    ],
                    [
                        -86.907765,
                        39.4911785
                    ],
                    [
                        -86.9080118,
                        39.4910957
                    ],
                    [
                        -86.9079153,
                        39.4909881
                    ],
                    [
                        -86.9079796,
                        39.4909053
                    ],
                    [
                        -86.9078509,
                        39.4908308
                    ],
                    [
                        -86.907808,
                        39.4905575
                    ],
                    [
                        -86.9081835,
                        39.4904747
                    ],
                    [
                        -86.9081191,
                        39.4897875
                    ],
                    [
                        -86.9084839,
                        39.4892907
                    ],
                    [
                        -86.9083659,
                        39.489034
                    ],
                    [
                        -86.9082264,
                        39.4888933
                    ],
                    [
                        -86.9083551,
                        39.4886366
                    ],
                    [
                        -86.9087414,
                        39.48862
                    ],
                    [
                        -86.9092885,
                        39.4884213
                    ],
                    [
                        -86.9096319,
                        39.4880156
                    ],
                    [
                        -86.9102005,
                        39.4877092
                    ],
                    [
                        -86.9106189,
                        39.4876595
                    ],
                    [
                        -86.910812,
                        39.4877506
                    ],
                    [
                        -86.9106296,
                        39.4881398
                    ],
                    [
                        -86.9101683,
                        39.4887111
                    ],
                    [
                        -86.9103078,
                        39.4886614
                    ],
                    [
                        -86.9106296,
                        39.488471
                    ],
                    [
                        -86.9109086,
                        39.4884296
                    ],
                    [
                        -86.911209,
                        39.4882474
                    ],
                    [
                        -86.9115309,
                        39.488322
                    ],
                    [
                        -86.911724,
                        39.4886283
                    ],
                    [
                        -86.9118742,
                        39.4889926
                    ],
                    [
                        -86.9118205,
                        39.4892907
                    ],
                    [
                        -86.9119493,
                        39.4892245
                    ],
                    [
                        -86.912121,
                        39.4890672
                    ],
                    [
                        -86.9122068,
                        39.4885621
                    ],
                    [
                        -86.9121961,
                        39.4881978
                    ],
                    [
                        -86.9120244,
                        39.487999
                    ],
                    [
                        -86.9120351,
                        39.4876513
                    ],
                    [
                        -86.9122926,
                        39.4876678
                    ],
                    [
                        -86.9128291,
                        39.4875767
                    ],
                    [
                        -86.9131509,
                        39.4874525
                    ],
                    [
                        -86.9133333,
                        39.4875436
                    ],
                    [
                        -86.9134084,
                        39.487908
                    ],
                    [
                        -86.913344,
                        39.4884876
                    ],
                    [
                        -86.9134191,
                        39.4887939
                    ],
                    [
                        -86.9134621,
                        39.4886532
                    ],
                    [
                        -86.91402,
                        39.4876844
                    ],
                    [
                        -86.9142131,
                        39.4877423
                    ],
                    [
                        -86.9143096,
                        39.4879245
                    ],
                    [
                        -86.9145671,
                        39.4880239
                    ],
                    [
                        -86.914653,
                        39.4879742
                    ],
                    [
                        -86.9148246,
                        39.4877837
                    ],
                    [
                        -86.9151679,
                        39.487792
                    ],
                    [
                        -86.9156937,
                        39.4878334
                    ],
                    [
                        -86.9161121,
                        39.4880156
                    ],
                    [
                        -86.916391,
                        39.487908
                    ],
                    [
                        -86.9168953,
                        39.4876761
                    ],
                    [
                        -86.9173036,
                        39.4874281
                    ],
                    [
                        -86.9172119,
                        39.4871808
                    ],
                    [
                        -86.9164339,
                        39.4861526
                    ],
                    [
                        -86.9161979,
                        39.4861526
                    ],
                    [
                        -86.9158975,
                        39.4863347
                    ],
                    [
                        -86.9155864,
                        39.4864341
                    ],
                    [
                        -86.9152001,
                        39.4864589
                    ],
                    [
                        -86.9145886,
                        39.4863016
                    ],
                    [
                        -86.9141272,
                        39.4862354
                    ],
                    [
                        -86.9138483,
                        39.4859869
                    ],
                    [
                        -86.9136337,
                        39.4857303
                    ],
                    [
                        -86.9136337,
                        39.4855315
                    ],
                    [
                        -86.9134835,
                        39.4856226
                    ],
                    [
                        -86.9134084,
                        39.4860035
                    ],
                    [
                        -86.9131831,
                        39.4860118
                    ],
                    [
                        -86.9127432,
                        39.4859621
                    ],
                    [
                        -86.9117884,
                        39.4858545
                    ],
                    [
                        -86.9108871,
                        39.4858545
                    ],
                    [
                        -86.9106404,
                        39.4858462
                    ],
                    [
                        -86.9105438,
                        39.4856557
                    ],
                    [
                        -86.9106833,
                        39.4854156
                    ],
                    [
                        -86.910855,
                        39.4852169
                    ],
                    [
                        -86.9107691,
                        39.4851424
                    ],
                    [
                        -86.9104043,
                        39.4853742
                    ],
                    [
                        -86.9099645,
                        39.4857965
                    ],
                    [
                        -86.9095675,
                        39.4860449
                    ],
                    [
                        -86.9090096,
                        39.4860946
                    ],
                    [
                        -86.9085053,
                        39.4860863
                    ],
                    [
                        -86.9084946,
                        39.4857882
                    ],
                    [
                        -86.9086877,
                        39.4854156
                    ],
                    [
                        -86.9088701,
                        39.4852086
                    ],
                    [
                        -86.9088272,
                        39.4850678
                    ],
                    [
                        -86.9086019,
                        39.4853162
                    ],
                    [
                        -86.9083444,
                        39.4854736
                    ],
                    [
                        -86.9080655,
                        39.4855067
                    ],
                    [
                        -86.9077221,
                        39.4852169
                    ],
                    [
                        -86.9076256,
                        39.4848939
                    ],
                    [
                        -86.9072071,
                        39.4844882
                    ],
                    [
                        -86.9070677,
                        39.4843226
                    ],
                    [
                        -86.9071428,
                        39.4841404
                    ],
                    [
                        -86.9070677,
                        39.4837429
                    ],
                    [
                        -86.9071964,
                        39.4833372
                    ],
                    [
                        -86.9070033,
                        39.4831053
                    ],
                    [
                        -86.907014,
                        39.4828735
                    ],
                    [
                        -86.907293,
                        39.4826665
                    ],
                    [
                        -86.9073681,
                        39.4824429
                    ],
                    [
                        -86.9076041,
                        39.4822856
                    ],
                    [
                        -86.9075827,
                        39.4819792
                    ],
                    [
                        -86.9080118,
                        39.4819212
                    ],
                    [
                        -86.9082371,
                        39.4817887
                    ],
                    [
                        -86.9078616,
                        39.4816811
                    ],
                    [
                        -86.9078938,
                        39.4815982
                    ],
                    [
                        -86.9076041,
                        39.4815817
                    ],
                    [
                        -86.9072715,
                        39.4815072
                    ],
                    [
                        -86.9069711,
                        39.481325
                    ],
                    [
                        -86.9068424,
                        39.4811345
                    ],
                    [
                        -86.9069497,
                        39.4809027
                    ],
                    [
                        -86.9069497,
                        39.4806625
                    ],
                    [
                        -86.9068316,
                        39.4804141
                    ],
                    [
                        -86.9065849,
                        39.4805466
                    ],
                    [
                        -86.9063703,
                        39.4805549
                    ],
                    [
                        -86.9061557,
                        39.4804058
                    ],
                    [
                        -86.9060699,
                        39.4801242
                    ],
                    [
                        -86.9060699,
                        39.4796025
                    ],
                    [
                        -86.9062952,
                        39.4790146
                    ],
                    [
                        -86.9065634,
                        39.4786916
                    ],
                    [
                        -86.9066385,
                        39.478261
                    ],
                    [
                        -86.9068316,
                        39.4782444
                    ],
                    [
                        -86.9073252,
                        39.4785426
                    ],
                    [
                        -86.9075934,
                        39.4784846
                    ],
                    [
                        -86.9079796,
                        39.4784846
                    ],
                    [
                        -86.9083981,
                        39.4788655
                    ],
                    [
                        -86.9084195,
                        39.4786668
                    ],
                    [
                        -86.9084624,
                        39.4783024
                    ],
                    [
                        -86.9088594,
                        39.4781119
                    ],
                    [
                        -86.9092349,
                        39.4780871
                    ],
                    [
                        -86.9096104,
                        39.4782279
                    ],
                    [
                        -86.9098572,
                        39.4780208
                    ],
                    [
                        -86.9098464,
                        39.4778635
                    ],
                    [
                        -86.9095138,
                        39.4778304
                    ],
                    [
                        -86.9092349,
                        39.4778055
                    ],
                    [
                        -86.9089881,
                        39.477789
                    ],
                    [
                        -86.9086448,
                        39.4774908
                    ],
                    [
                        -86.9084839,
                        39.4772093
                    ],
                    [
                        -86.9085483,
                        39.4768946
                    ],
                    [
                        -86.9085697,
                        39.4765219
                    ],
                    [
                        -86.908162,
                        39.4765054
                    ],
                    [
                        -86.9081406,
                        39.4760416
                    ],
                    [
                        -86.9080869,
                        39.4754619
                    ],
                    [
                        -86.9079367,
                        39.4752134
                    ],
                    [
                        -86.907529,
                        39.4750478
                    ],
                    [
                        -86.9073574,
                        39.475023
                    ],
                    [
                        -86.9073895,
                        39.4747
                    ],
                    [
                        -86.9077543,
                        39.4742942
                    ],
                    [
                        -86.9075827,
                        39.4739298
                    ],
                    [
                        -86.9074003,
                        39.4734743
                    ],
                    [
                        -86.9074754,
                        39.473201
                    ],
                    [
                        -86.9077329,
                        39.4727538
                    ],
                    [
                        -86.9080762,
                        39.4720332
                    ],
                    [
                        -86.9086234,
                        39.4716688
                    ],
                    [
                        -86.9090632,
                        39.4716523
                    ],
                    [
                        -86.909074,
                        39.4713293
                    ],
                    [
                        -86.9089238,
                        39.4711222
                    ],
                    [
                        -86.9091383,
                        39.4709234
                    ],
                    [
                        -86.9091598,
                        39.4707412
                    ],
                    [
                        -86.9085912,
                        39.4706833
                    ],
                    [
                        -86.9080225,
                        39.4707744
                    ],
                    [
                        -86.9075934,
                        39.4708075
                    ],
                    [
                        -86.9072071,
                        39.4704762
                    ],
                    [
                        -86.9067029,
                        39.4701863
                    ],
                    [
                        -86.9064454,
                        39.4703271
                    ],
                    [
                        -86.906263,
                        39.4707164
                    ],
                    [
                        -86.9059411,
                        39.4705922
                    ],
                    [
                        -86.9059948,
                        39.4701781
                    ],
                    [
                        -86.9062094,
                        39.4694078
                    ],
                    [
                        -86.9063274,
                        39.4691345
                    ],
                    [
                        -86.906263,
                        39.4689688
                    ],
                    [
                        -86.906381,
                        39.4687783
                    ],
                    [
                        -86.9066814,
                        39.4687369
                    ],
                    [
                        -86.9063703,
                        39.4685879
                    ],
                    [
                        -86.9059411,
                        39.4686624
                    ],
                    [
                        -86.9056515,
                        39.4687701
                    ],
                    [
                        -86.9056193,
                        39.4684636
                    ],
                    [
                        -86.9056622,
                        39.4682483
                    ],
                    [
                        -86.9055442,
                        39.4679584
                    ],
                    [
                        -86.9054262,
                        39.4678507
                    ],
                    [
                        -86.9055656,
                        39.4675608
                    ],
                    [
                        -86.9052652,
                        39.4676271
                    ],
                    [
                        -86.9050292,
                        39.4677845
                    ],
                    [
                        -86.9049648,
                        39.4679915
                    ],
                    [
                        -86.9051579,
                        39.4683394
                    ],
                    [
                        -86.9049541,
                        39.4685547
                    ],
                    [
                        -86.9050185,
                        39.4688198
                    ],
                    [
                        -86.9049756,
                        39.469267
                    ],
                    [
                        -86.904997,
                        39.4695569
                    ],
                    [
                        -86.9045571,
                        39.4698385
                    ],
                    [
                        -86.9040851,
                        39.4699793
                    ],
                    [
                        -86.9033555,
                        39.4700538
                    ],
                    [
                        -86.9027118,
                        39.4700538
                    ],
                    [
                        -86.9021002,
                        39.4699213
                    ],
                    [
                        -86.9020037,
                        39.4697391
                    ],
                    [
                        -86.9021539,
                        39.4693333
                    ],
                    [
                        -86.9023899,
                        39.4689937
                    ],
                    [
                        -86.902701,
                        39.4689026
                    ],
                    [
                        -86.9027547,
                        39.4688115
                    ],
                    [
                        -86.9026152,
                        39.4687287
                    ],
                    [
                        -86.9024972,
                        39.468563
                    ],
                    [
                        -86.9024757,
                        39.4684056
                    ],
                    [
                        -86.9025401,
                        39.4682648
                    ],
                    [
                        -86.9025723,
                        39.4679004
                    ],
                    [
                        -86.9026474,
                        39.4676105
                    ],
                    [
                        -86.9027761,
                        39.4674532
                    ],
                    [
                        -86.9029585,
                        39.4672709
                    ],
                    [
                        -86.9027118,
                        39.4673206
                    ],
                    [
                        -86.9026259,
                        39.4673952
                    ],
                    [
                        -86.9024543,
                        39.4673289
                    ],
                    [
                        -86.902347,
                        39.4671384
                    ],
                    [
                        -86.9024543,
                        39.4669396
                    ],
                    [
                        -86.902465,
                        39.4668237
                    ],
                    [
                        -86.902229,
                        39.466774
                    ],
                    [
                        -86.9021539,
                        39.4666001
                    ],
                    [
                        -86.90195,
                        39.4666249
                    ],
                    [
                        -86.9020359,
                        39.4668071
                    ],
                    [
                        -86.9018749,
                        39.4669479
                    ],
                    [
                        -86.90195,
                        39.467213
                    ],
                    [
                        -86.9020788,
                        39.4675029
                    ],
                    [
                        -86.902068,
                        39.4679004
                    ],
                    [
                        -86.9018749,
                        39.4681903
                    ],
                    [
                        -86.9016174,
                        39.4684967
                    ],
                    [
                        -86.9015531,
                        39.4685299
                    ],
                    [
                        -86.9014672,
                        39.4683808
                    ],
                    [
                        -86.9015531,
                        39.4680412
                    ],
                    [
                        -86.9014243,
                        39.4677099
                    ],
                    [
                        -86.9014243,
                        39.4673206
                    ],
                    [
                        -86.9014672,
                        39.4670722
                    ],
                    [
                        -86.9014672,
                        39.4667657
                    ],
                    [
                        -86.9015209,
                        39.4664924
                    ],
                    [
                        -86.9014136,
                        39.4664841
                    ],
                    [
                        -86.9012741,
                        39.4666994
                    ],
                    [
                        -86.9012205,
                        39.4674532
                    ],
                    [
                        -86.9011561,
                        39.4680164
                    ],
                    [
                        -86.9009737,
                        39.4684719
                    ],
                    [
                        -86.9007162,
                        39.4686707
                    ],
                    [
                        -86.9006196,
                        39.4688032
                    ],
                    [
                        -86.9005231,
                        39.4687949
                    ],
                    [
                        -86.9004158,
                        39.4685547
                    ],
                    [
                        -86.9002119,
                        39.4681489
                    ],
                    [
                        -86.9001905,
                        39.4677513
                    ],
                    [
                        -86.9001905,
                        39.4673041
                    ],
                    [
                        -86.9001261,
                        39.4670308
                    ],
                    [
                        -86.8998579,
                        39.4669148
                    ],
                    [
                        -86.8996862,
                        39.4667409
                    ],
                    [
                        -86.8996219,
                        39.4670473
                    ],
                    [
                        -86.899815,
                        39.4671716
                    ],
                    [
                        -86.8998043,
                        39.4674863
                    ],
                    [
                        -86.8997184,
                        39.4678756
                    ],
                    [
                        -86.8995468,
                        39.4684719
                    ],
                    [
                        -86.8993107,
                        39.4690434
                    ],
                    [
                        -86.8989781,
                        39.4694658
                    ],
                    [
                        -86.8984417,
                        39.4697557
                    ],
                    [
                        -86.8982271,
                        39.4698054
                    ],
                    [
                        -86.8979696,
                        39.4696066
                    ],
                    [
                        -86.8977121,
                        39.469267
                    ],
                    [
                        -86.8977121,
                        39.4689854
                    ],
                    [
                        -86.8975619,
                        39.4686955
                    ],
                    [
                        -86.8975941,
                        39.4683642
                    ],
                    [
                        -86.8976799,
                        39.4679335
                    ],
                    [
                        -86.8977765,
                        39.4678259
                    ],
                    [
                        -86.8981091,
                        39.4678093
                    ],
                    [
                        -86.8983344,
                        39.4677265
                    ],
                    [
                        -86.8983988,
                        39.4674532
                    ],
                    [
                        -86.8981735,
                        39.4673703
                    ],
                    [
                        -86.8979911,
                        39.4671716
                    ],
                    [
                        -86.897798,
                        39.4670308
                    ],
                    [
                        -86.8977014,
                        39.4671881
                    ],
                    [
                        -86.8977014,
                        39.4674035
                    ],
                    [
                        -86.8974332,
                        39.4675111
                    ],
                    [
                        -86.8969611,
                        39.4675608
                    ],
                    [
                        -86.896489,
                        39.4675443
                    ],
                    [
                        -86.8961672,
                        39.467478
                    ],
                    [
                        -86.8959526,
                        39.4673703
                    ],
                    [
                        -86.8960062,
                        39.467155
                    ],
                    [
                        -86.8958882,
                        39.4669645
                    ],
                    [
                        -86.8959097,
                        39.4668071
                    ],
                    [
                        -86.8957917,
                        39.4665504
                    ],
                    [
                        -86.8955771,
                        39.4666415
                    ],
                    [
                        -86.89562,
                        39.4668154
                    ],
                    [
                        -86.8955127,
                        39.4670308
                    ],
                    [
                        -86.8953303,
                        39.4673372
                    ],
                    [
                        -86.8949226,
                        39.4674035
                    ],
                    [
                        -86.8944398,
                        39.4673786
                    ],
                    [
                        -86.8939678,
                        39.4672461
                    ],
                    [
                        -86.893721,
                        39.4668899
                    ],
                    [
                        -86.8934206,
                        39.4665338
                    ],
                    [
                        -86.8930129,
                        39.4662936
                    ],
                    [
                        -86.8925623,
                        39.4661528
                    ],
                    [
                        -86.8919829,
                        39.4662025
                    ],
                    [
                        -86.8913821,
                        39.4663681
                    ],
                    [
                        -86.8909744,
                        39.4665007
                    ],
                    [
                        -86.8905024,
                        39.4664841
                    ],
                    [
                        -86.8899123,
                        39.4665255
                    ],
                    [
                        -86.8894402,
                        39.4666415
                    ],
                    [
                        -86.8890325,
                        39.4667243
                    ],
                    [
                        -86.8888394,
                        39.4666829
                    ],
                    [
                        -86.8883566,
                        39.4666083
                    ],
                    [
                        -86.8881742,
                        39.4665255
                    ],
                    [
                        -86.888142,
                        39.466335
                    ],
                    [
                        -86.8883673,
                        39.4661362
                    ],
                    [
                        -86.8888608,
                        39.4660451
                    ],
                    [
                        -86.8893651,
                        39.465896
                    ],
                    [
                        -86.89032,
                        39.4659292
                    ],
                    [
                        -86.8911675,
                        39.4659457
                    ],
                    [
                        -86.8917147,
                        39.465896
                    ],
                    [
                        -86.892337,
                        39.4656641
                    ],
                    [
                        -86.8927769,
                        39.4653659
                    ],
                    [
                        -86.8931953,
                        39.4653245
                    ],
                    [
                        -86.8937425,
                        39.465457
                    ],
                    [
                        -86.8945471,
                        39.465573
                    ],
                    [
                        -86.894751,
                        39.4657304
                    ],
                    [
                        -86.8958024,
                        39.4659457
                    ],
                    [
                        -86.8960921,
                        39.4658381
                    ],
                    [
                        -86.8961994,
                        39.4656393
                    ],
                    [
                        -86.8966607,
                        39.465689
                    ],
                    [
                        -86.8967143,
                        39.4655399
                    ],
                    [
                        -86.8969933,
                        39.465515
                    ],
                    [
                        -86.8974761,
                        39.4657055
                    ],
                    [
                        -86.897755,
                        39.4658546
                    ],
                    [
                        -86.8979482,
                        39.4656972
                    ],
                    [
                        -86.8982486,
                        39.4657635
                    ],
                    [
                        -86.898388,
                        39.4657221
                    ],
                    [
                        -86.8982271,
                        39.4655979
                    ],
                    [
                        -86.8983344,
                        39.4654322
                    ],
                    [
                        -86.8987957,
                        39.4652086
                    ],
                    [
                        -86.8983237,
                        39.4652583
                    ],
                    [
                        -86.8978945,
                        39.4654653
                    ],
                    [
                        -86.8977336,
                        39.4655482
                    ],
                    [
                        -86.8974654,
                        39.4653577
                    ],
                    [
                        -86.897519,
                        39.4650843
                    ],
                    [
                        -86.8977658,
                        39.4649269
                    ],
                    [
                        -86.8980125,
                        39.4647282
                    ],
                    [
                        -86.8981627,
                        39.4646702
                    ],
                    [
                        -86.8979267,
                        39.4645625
                    ],
                    [
                        -86.8980018,
                        39.4642975
                    ],
                    [
                        -86.897755,
                        39.464488
                    ],
                    [
                        -86.8976263,
                        39.4647447
                    ],
                    [
                        -86.8973688,
                        39.4649104
                    ],
                    [
                        -86.8971113,
                        39.4650015
                    ],
                    [
                        -86.8968431,
                        39.4649187
                    ],
                    [
                        -86.8967573,
                        39.4646453
                    ],
                    [
                        -86.8967358,
                        39.4643886
                    ],
                    [
                        -86.89665,
                        39.4642312
                    ],
                    [
                        -86.8968967,
                        39.4638253
                    ],
                    [
                        -86.8973473,
                        39.463436
                    ],
                    [
                        -86.8969611,
                        39.4635354
                    ],
                    [
                        -86.8966071,
                        39.4638999
                    ],
                    [
                        -86.8963496,
                        39.464256
                    ],
                    [
                        -86.895899,
                        39.4642312
                    ],
                    [
                        -86.8955985,
                        39.4639579
                    ],
                    [
                        -86.8954698,
                        39.4636348
                    ],
                    [
                        -86.8955449,
                        39.4634112
                    ],
                    [
                        -86.8959741,
                        39.4632952
                    ],
                    [
                        -86.8960492,
                        39.463171
                    ],
                    [
                        -86.895738,
                        39.463171
                    ],
                    [
                        -86.8953625,
                        39.4631213
                    ],
                    [
                        -86.895223,
                        39.4628976
                    ],
                    [
                        -86.8951479,
                        39.4632124
                    ],
                    [
                        -86.8950192,
                        39.4633698
                    ],
                    [
                        -86.8948153,
                        39.4633283
                    ],
                    [
                        -86.8945686,
                        39.4628811
                    ],
                    [
                        -86.8940429,
                        39.4620942
                    ],
                    [
                        -86.8938712,
                        39.4618705
                    ],
                    [
                        -86.8937532,
                        39.4618043
                    ],
                    [
                        -86.8937854,
                        39.46168
                    ],
                    [
                        -86.893839,
                        39.4615806
                    ],
                    [
                        -86.8937639,
                        39.4612907
                    ],
                    [
                        -86.8938283,
                        39.4610753
                    ],
                    [
                        -86.8940429,
                        39.4608351
                    ],
                    [
                        -86.8943433,
                        39.4607937
                    ],
                    [
                        -86.8944828,
                        39.4608351
                    ],
                    [
                        -86.8946759,
                        39.460628
                    ],
                    [
                        -86.8946437,
                        39.4605204
                    ],
                    [
                        -86.8944398,
                        39.4605783
                    ],
                    [
                        -86.8942682,
                        39.4604707
                    ],
                    [
                        -86.8943647,
                        39.4602304
                    ],
                    [
                        -86.894751,
                        39.4599654
                    ],
                    [
                        -86.895105,
                        39.4597086
                    ],
                    [
                        -86.8951158,
                        39.4595181
                    ],
                    [
                        -86.8947617,
                        39.4594435
                    ],
                    [
                        -86.8944076,
                        39.4596092
                    ],
                    [
                        -86.893957,
                        39.4598411
                    ],
                    [
                        -86.8937639,
                        39.4600896
                    ],
                    [
                        -86.893603,
                        39.4601807
                    ],
                    [
                        -86.893603,
                        39.460363
                    ],
                    [
                        -86.893324,
                        39.4604458
                    ],
                    [
                        -86.8930129,
                        39.4605286
                    ],
                    [
                        -86.892691,
                        39.4603216
                    ],
                    [
                        -86.8922833,
                        39.4602884
                    ],
                    [
                        -86.8918327,
                        39.4601725
                    ],
                    [
                        -86.8911783,
                        39.4596589
                    ],
                    [
                        -86.8907598,
                        39.4593358
                    ],
                    [
                        -86.8903736,
                        39.4591867
                    ],
                    [
                        -86.8902878,
                        39.4590293
                    ],
                    [
                        -86.8904273,
                        39.4587643
                    ],
                    [
                        -86.8903629,
                        39.4582838
                    ],
                    [
                        -86.8904273,
                        39.4581016
                    ],
                    [
                        -86.8906204,
                        39.4580602
                    ],
                    [
                        -86.8906526,
                        39.4578448
                    ],
                    [
                        -86.8902985,
                        39.4572069
                    ],
                    [
                        -86.8902341,
                        39.4568922
                    ],
                    [
                        -86.8902449,
                        39.4566685
                    ],
                    [
                        -86.8899981,
                        39.4565525
                    ],
                    [
                        -86.8898586,
                        39.4566436
                    ],
                    [
                        -86.8896655,
                        39.456478
                    ],
                    [
                        -86.8894402,
                        39.4563537
                    ],
                    [
                        -86.8891612,
                        39.456362
                    ],
                    [
                        -86.8891398,
                        39.4567182
                    ],
                    [
                        -86.8892471,
                        39.4571572
                    ],
                    [
                        -86.8893007,
                        39.4575134
                    ],
                    [
                        -86.8891076,
                        39.4576543
                    ],
                    [
                        -86.8887321,
                        39.4575797
                    ],
                    [
                        -86.8881957,
                        39.4575052
                    ],
                    [
                        -86.8883888,
                        39.4576874
                    ],
                    [
                        -86.8888072,
                        39.4578779
                    ],
                    [
                        -86.889054,
                        39.4580519
                    ],
                    [
                        -86.8890218,
                        39.4583749
                    ],
                    [
                        -86.8887428,
                        39.4586483
                    ],
                    [
                        -86.8884853,
                        39.4586814
                    ],
                    [
                        -86.8879274,
                        39.4585572
                    ],
                    [
                        -86.8875305,
                        39.4583998
                    ],
                    [
                        -86.8868331,
                        39.4581513
                    ],
                    [
                        -86.8863288,
                        39.4581181
                    ],
                    [
                        -86.8856636,
                        39.4582424
                    ],
                    [
                        -86.8851165,
                        39.4584495
                    ],
                    [
                        -86.8847732,
                        39.4586234
                    ],
                    [
                        -86.8843333,
                        39.4586649
                    ],
                    [
                        -86.8835286,
                        39.4586566
                    ],
                    [
                        -86.883078,
                        39.4588388
                    ],
                    [
                        -86.8826274,
                        39.459195
                    ],
                    [
                        -86.882445,
                        39.4595926
                    ],
                    [
                        -86.8822733,
                        39.4597252
                    ],
                    [
                        -86.8818335,
                        39.4596257
                    ],
                    [
                        -86.8817154,
                        39.4593275
                    ],
                    [
                        -86.8819729,
                        39.4588968
                    ],
                    [
                        -86.8816832,
                        39.4586897
                    ],
                    [
                        -86.8814794,
                        39.4584412
                    ],
                    [
                        -86.8817262,
                        39.4581927
                    ],
                    [
                        -86.8819622,
                        39.4580436
                    ],
                    [
                        -86.8819515,
                        39.4578862
                    ],
                    [
                        -86.8816403,
                        39.4579028
                    ],
                    [
                        -86.8813399,
                        39.4578945
                    ],
                    [
                        -86.8813292,
                        39.4577122
                    ],
                    [
                        -86.8813399,
                        39.4575134
                    ],
                    [
                        -86.8811468,
                        39.457472
                    ],
                    [
                        -86.881061,
                        39.4573312
                    ],
                    [
                        -86.8809751,
                        39.457588
                    ],
                    [
                        -86.8808679,
                        39.4578531
                    ],
                    [
                        -86.8807533,
                        39.4578752
                    ],
                    [
                        -86.8806323,
                        39.4578575
                    ],
                    [
                        -86.8805889,
                        39.457704
                    ],
                    [
                        -86.8806747,
                        39.4575052
                    ],
                    [
                        -86.8804602,
                        39.4573561
                    ],
                    [
                        -86.8802241,
                        39.4575466
                    ],
                    [
                        -86.8801061,
                        39.457588
                    ],
                    [
                        -86.8798379,
                        39.4573561
                    ],
                    [
                        -86.8795697,
                        39.4570578
                    ],
                    [
                        -86.8793873,
                        39.456917
                    ],
                    [
                        -86.8791083,
                        39.4570744
                    ],
                    [
                        -86.8789152,
                        39.4574058
                    ],
                    [
                        -86.8783466,
                        39.4573726
                    ],
                    [
                        -86.87825,
                        39.4575052
                    ],
                    [
                        -86.8784539,
                        39.4577454
                    ],
                    [
                        -86.8782929,
                        39.458085
                    ],
                    [
                        -86.8781105,
                        39.4584495
                    ],
                    [
                        -86.8779925,
                        39.458756
                    ],
                    [
                        -86.877778,
                        39.4589382
                    ],
                    [
                        -86.8771986,
                        39.4589879
                    ],
                    [
                        -86.8763617,
                        39.4590542
                    ],
                    [
                        -86.8757395,
                        39.4589631
                    ],
                    [
                        -86.8752889,
                        39.4589796
                    ],
                    [
                        -86.8750957,
                        39.4588637
                    ],
                    [
                        -86.8751708,
                        39.4586649
                    ],
                    [
                        -86.8754069,
                        39.4585986
                    ],
                    [
                        -86.8755678,
                        39.4583087
                    ],
                    [
                        -86.8756107,
                        39.4577785
                    ],
                    [
                        -86.8756,
                        39.4572401
                    ],
                    [
                        -86.8756858,
                        39.4568507
                    ],
                    [
                        -86.8758682,
                        39.4564945
                    ],
                    [
                        -86.8760184,
                        39.4562874
                    ],
                    [
                        -86.8757717,
                        39.4562874
                    ],
                    [
                        -86.8753962,
                        39.4561135
                    ],
                    [
                        -86.8752138,
                        39.4558401
                    ],
                    [
                        -86.8749455,
                        39.4555419
                    ],
                    [
                        -86.8746988,
                        39.4554425
                    ],
                    [
                        -86.8745057,
                        39.455194
                    ],
                    [
                        -86.874216,
                        39.45502
                    ],
                    [
                        -86.8738405,
                        39.4550614
                    ],
                    [
                        -86.8737332,
                        39.4552934
                    ],
                    [
                        -86.8738941,
                        39.4556744
                    ],
                    [
                        -86.8742267,
                        39.456188
                    ],
                    [
                        -86.874216,
                        39.4564034
                    ],
                    [
                        -86.8743233,
                        39.4569087
                    ],
                    [
                        -86.8744413,
                        39.4571075
                    ],
                    [
                        -86.8745164,
                        39.4572235
                    ],
                    [
                        -86.8742696,
                        39.4573395
                    ],
                    [
                        -86.8737117,
                        39.457414
                    ],
                    [
                        -86.8729071,
                        39.4572649
                    ],
                    [
                        -86.8720917,
                        39.4569419
                    ],
                    [
                        -86.871566,
                        39.4567928
                    ],
                    [
                        -86.8712441,
                        39.4567182
                    ],
                    [
                        -86.8713299,
                        39.4564531
                    ],
                    [
                        -86.8712763,
                        39.4563206
                    ],
                    [
                        -86.8711368,
                        39.4563786
                    ],
                    [
                        -86.8708471,
                        39.4564034
                    ],
                    [
                        -86.8706111,
                        39.456246
                    ],
                    [
                        -86.8703321,
                        39.4558484
                    ],
                    [
                        -86.8698923,
                        39.4554839
                    ],
                    [
                        -86.869506,
                        39.4550614
                    ],
                    [
                        -86.8693344,
                        39.4547383
                    ],
                    [
                        -86.8689588,
                        39.454175
                    ],
                    [
                        -86.868755,
                        39.4539182
                    ],
                    [
                        -86.8684224,
                        39.4539431
                    ],
                    [
                        -86.8681113,
                        39.453736
                    ],
                    [
                        -86.8674997,
                        39.4531312
                    ],
                    [
                        -86.8672959,
                        39.4527502
                    ],
                    [
                        -86.8672637,
                        39.4522531
                    ],
                    [
                        -86.8673281,
                        39.4516069
                    ],
                    [
                        -86.8672422,
                        39.4513998
                    ],
                    [
                        -86.8668024,
                        39.4515903
                    ],
                    [
                        -86.8663303,
                        39.4518057
                    ],
                    [
                        -86.8659548,
                        39.4518969
                    ],
                    [
                        -86.8656329,
                        39.4517063
                    ],
                    [
                        -86.8654398,
                        39.4514329
                    ],
                    [
                        -86.8652359,
                        39.4511513
                    ],
                    [
                        -86.8648068,
                        39.4509856
                    ],
                    [
                        -86.864442,
                        39.4507205
                    ],
                    [
                        -86.8640558,
                        39.4502814
                    ],
                    [
                        -86.8640772,
                        39.4498672
                    ],
                    [
                        -86.864206,
                        39.4491713
                    ],
                    [
                        -86.8642703,
                        39.448873
                    ],
                    [
                        -86.8643133,
                        39.4482848
                    ],
                    [
                        -86.8644098,
                        39.4480611
                    ],
                    [
                        -86.8643884,
                        39.4477463
                    ],
                    [
                        -86.8641845,
                        39.4474066
                    ],
                    [
                        -86.8636803,
                        39.4470752
                    ],
                    [
                        -86.8631653,
                        39.4468432
                    ],
                    [
                        -86.8625001,
                        39.4468515
                    ],
                    [
                        -86.861674,
                        39.4470421
                    ],
                    [
                        -86.8611161,
                        39.4474066
                    ],
                    [
                        -86.8608586,
                        39.4480197
                    ],
                    [
                        -86.8606011,
                        39.4484256
                    ],
                    [
                        -86.860247,
                        39.4486328
                    ],
                    [
                        -86.8594102,
                        39.4484836
                    ],
                    [
                        -86.8591527,
                        39.4482848
                    ],
                    [
                        -86.8586806,
                        39.4479617
                    ],
                    [
                        -86.8582407,
                        39.4475226
                    ],
                    [
                        -86.8578545,
                        39.4471001
                    ],
                    [
                        -86.8573932,
                        39.4468267
                    ],
                    [
                        -86.8570713,
                        39.4464953
                    ],
                    [
                        -86.8568675,
                        39.4460893
                    ],
                    [
                        -86.856567,
                        39.4460147
                    ],
                    [
                        -86.8561164,
                        39.445733
                    ],
                    [
                        -86.8558794,
                        39.4455722
                    ],
                    [
                        -86.8556434,
                        39.4454645
                    ],
                    [
                        -86.8554932,
                        39.4452823
                    ],
                    [
                        -86.8552361,
                        39.4450749
                    ],
                    [
                        -86.8552035,
                        39.4449757
                    ],
                    [
                        -86.8552474,
                        39.4447968
                    ],
                    [
                        -86.8552893,
                        39.4445117
                    ],
                    [
                        -86.8551284,
                        39.4443129
                    ],
                    [
                        -86.855064,
                        39.4440726
                    ],
                    [
                        -86.8548933,
                        39.4439766
                    ],
                    [
                        -86.8546037,
                        39.4438192
                    ],
                    [
                        -86.8547646,
                        39.4436452
                    ],
                    [
                        -86.8549245,
                        39.4435589
                    ],
                    [
                        -86.8548387,
                        39.4433849
                    ],
                    [
                        -86.8544642,
                        39.4434049
                    ],
                    [
                        -86.8542711,
                        39.4432723
                    ],
                    [
                        -86.854035,
                        39.4433552
                    ],
                    [
                        -86.8537561,
                        39.4437777
                    ],
                    [
                        -86.8534976,
                        39.4441803
                    ],
                    [
                        -86.8533806,
                        39.4444323
                    ],
                    [
                        -86.8531767,
                        39.4449708
                    ],
                    [
                        -86.8530265,
                        39.4452691
                    ],
                    [
                        -86.8525866,
                        39.4455342
                    ],
                    [
                        -86.8524257,
                        39.4456502
                    ],
                    [
                        -86.8525652,
                        39.4459236
                    ],
                    [
                        -86.8524043,
                        39.4461224
                    ],
                    [
                        -86.8517498,
                        39.4462633
                    ],
                    [
                        -86.8513957,
                        39.4464621
                    ],
                    [
                        -86.8510632,
                        39.4463461
                    ],
                    [
                        -86.850752,
                        39.4465367
                    ],
                    [
                        -86.8500976,
                        39.4471166
                    ],
                    [
                        -86.8493036,
                        39.4474729
                    ],
                    [
                        -86.8488959,
                        39.4476469
                    ],
                    [
                        -86.8488852,
                        39.4474149
                    ],
                    [
                        -86.8486062,
                        39.4473569
                    ],
                    [
                        -86.8483166,
                        39.447506
                    ],
                    [
                        -86.8478552,
                        39.4478208
                    ],
                    [
                        -86.8471257,
                        39.4480528
                    ],
                    [
                        -86.8465141,
                        39.4482682
                    ],
                    [
                        -86.8457631,
                        39.4484174
                    ],
                    [
                        -86.8453876,
                        39.4483262
                    ],
                    [
                        -86.8453018,
                        39.4484505
                    ],
                    [
                        -86.8453983,
                        39.4488482
                    ],
                    [
                        -86.845173,
                        39.4493949
                    ],
                    [
                        -86.8449155,
                        39.4499666
                    ],
                    [
                        -86.8446151,
                        39.4504802
                    ],
                    [
                        -86.8444005,
                        39.4505714
                    ],
                    [
                        -86.8442503,
                        39.4508447
                    ],
                    [
                        -86.8439392,
                        39.4510767
                    ],
                    [
                        -86.8434028,
                        39.4516649
                    ],
                    [
                        -86.8429307,
                        39.4521951
                    ],
                    [
                        -86.8427376,
                        39.4527087
                    ],
                    [
                        -86.8424908,
                        39.4532472
                    ],
                    [
                        -86.8421153,
                        39.4532721
                    ],
                    [
                        -86.8418578,
                        39.4531561
                    ],
                    [
                        -86.841772,
                        39.4533052
                    ],
                    [
                        -86.8419115,
                        39.4536366
                    ],
                    [
                        -86.841654,
                        39.4538105
                    ],
                    [
                        -86.8417934,
                        39.4540591
                    ],
                    [
                        -86.8416432,
                        39.4544733
                    ],
                    [
                        -86.8408493,
                        39.4551111
                    ],
                    [
                        -86.8401412,
                        39.455517
                    ],
                    [
                        -86.8394438,
                        39.455633
                    ],
                    [
                        -86.8389288,
                        39.4555088
                    ],
                    [
                        -86.8381134,
                        39.4552685
                    ],
                    [
                        -86.8377057,
                        39.4550697
                    ],
                    [
                        -86.8373839,
                        39.4547135
                    ],
                    [
                        -86.8373195,
                        39.454349
                    ],
                    [
                        -86.8370406,
                        39.4540176
                    ],
                    [
                        -86.8368474,
                        39.4535869
                    ],
                    [
                        -86.836547,
                        39.4533715
                    ],
                    [
                        -86.8359891,
                        39.4532389
                    ],
                    [
                        -86.8359462,
                        39.4536614
                    ],
                    [
                        -86.8362252,
                        39.4538602
                    ],
                    [
                        -86.8364612,
                        39.4542744
                    ],
                    [
                        -86.8366758,
                        39.4546058
                    ],
                    [
                        -86.8362359,
                        39.4545312
                    ],
                    [
                        -86.8354527,
                        39.4540839
                    ],
                    [
                        -86.8349377,
                        39.4535206
                    ],
                    [
                        -86.8348412,
                        39.4530898
                    ],
                    [
                        -86.8344335,
                        39.4528496
                    ],
                    [
                        -86.8341116,
                        39.4524354
                    ],
                    [
                        -86.8338219,
                        39.4519963
                    ],
                    [
                        -86.8336181,
                        39.4517395
                    ],
                    [
                        -86.8336073,
                        39.4523277
                    ],
                    [
                        -86.8336073,
                        39.4527336
                    ],
                    [
                        -86.8336288,
                        39.4534377
                    ],
                    [
                        -86.8340258,
                        39.4539182
                    ],
                    [
                        -86.8344549,
                        39.4542827
                    ],
                    [
                        -86.834927,
                        39.4545312
                    ],
                    [
                        -86.83556,
                        39.4546721
                    ],
                    [
                        -86.8363861,
                        39.4550449
                    ],
                    [
                        -86.8370084,
                        39.4553762
                    ],
                    [
                        -86.8372659,
                        39.4555088
                    ],
                    [
                        -86.8368904,
                        39.4555585
                    ],
                    [
                        -86.8361393,
                        39.4553596
                    ],
                    [
                        -86.8350235,
                        39.454904
                    ],
                    [
                        -86.8339936,
                        39.4544484
                    ],
                    [
                        -86.8334893,
                        39.4539017
                    ],
                    [
                        -86.8331996,
                        39.4532803
                    ],
                    [
                        -86.8330387,
                        39.4525762
                    ],
                    [
                        -86.8330065,
                        39.4522282
                    ],
                    [
                        -86.833028,
                        39.4516152
                    ],
                    [
                        -86.8332533,
                        39.4509607
                    ],
                    [
                        -86.8336288,
                        39.4502897
                    ],
                    [
                        -86.8340258,
                        39.4499252
                    ],
                    [
                        -86.8342618,
                        39.4496186
                    ],
                    [
                        -86.8342725,
                        39.4490801
                    ],
                    [
                        -86.8339185,
                        39.4486162
                    ],
                    [
                        -86.8327276,
                        39.4482599
                    ],
                    [
                        -86.8316761,
                        39.4480611
                    ],
                    [
                        -86.8305282,
                        39.4479534
                    ],
                    [
                        -86.8296162,
                        39.447912
                    ],
                    [
                        -86.8294875,
                        39.4478126
                    ],
                    [
                        -86.8295089,
                        39.4476054
                    ],
                    [
                        -86.8297557,
                        39.4473983
                    ],
                    [
                        -86.8299273,
                        39.4471829
                    ],
                    [
                        -86.8298952,
                        39.4468101
                    ],
                    [
                        -86.8299595,
                        39.4465698
                    ],
                    [
                        -86.8302814,
                        39.446371
                    ],
                    [
                        -86.830378,
                        39.4462136
                    ],
                    [
                        -86.8300346,
                        39.4462301
                    ],
                    [
                        -86.829863,
                        39.4460147
                    ],
                    [
                        -86.8295411,
                        39.4458076
                    ],
                    [
                        -86.8291334,
                        39.4456999
                    ],
                    [
                        -86.8286721,
                        39.4456585
                    ],
                    [
                        -86.8285004,
                        39.4455756
                    ],
                    [
                        -86.8282215,
                        39.4456833
                    ],
                    [
                        -86.8279532,
                        39.4461639
                    ],
                    [
                        -86.8276528,
                        39.4464621
                    ],
                    [
                        -86.8272881,
                        39.446545
                    ],
                    [
                        -86.8268053,
                        39.4464538
                    ],
                    [
                        -86.8264727,
                        39.4462798
                    ],
                    [
                        -86.8260006,
                        39.4461556
                    ],
                    [
                        -86.8257431,
                        39.4461307
                    ],
                    [
                        -86.8259791,
                        39.4464373
                    ],
                    [
                        -86.826301,
                        39.4467355
                    ],
                    [
                        -86.826537,
                        39.4470172
                    ],
                    [
                        -86.8267731,
                        39.4473072
                    ],
                    [
                        -86.8271271,
                        39.4475143
                    ],
                    [
                        -86.8272988,
                        39.4477463
                    ],
                    [
                        -86.827567,
                        39.4478208
                    ],
                    [
                        -86.8281571,
                        39.4478043
                    ],
                    [
                        -86.8285755,
                        39.4475972
                    ],
                    [
                        -86.8290261,
                        39.4475972
                    ],
                    [
                        -86.8292514,
                        39.44768
                    ],
                    [
                        -86.8292514,
                        39.4478623
                    ],
                    [
                        -86.8286828,
                        39.4479285
                    ],
                    [
                        -86.828318,
                        39.4480942
                    ],
                    [
                        -86.8280283,
                        39.4483511
                    ],
                    [
                        -86.827964,
                        39.4486245
                    ],
                    [
                        -86.8279962,
                        39.4489393
                    ],
                    [
                        -86.8276743,
                        39.4491216
                    ],
                    [
                        -86.8271164,
                        39.4490884
                    ],
                    [
                        -86.8263546,
                        39.4487156
                    ],
                    [
                        -86.8257324,
                        39.4480528
                    ],
                    [
                        -86.8248097,
                        39.4469675
                    ],
                    [
                        -86.8239299,
                        39.4460479
                    ],
                    [
                        -86.8237046,
                        39.4457082
                    ],
                    [
                        -86.822739,
                        39.4447057
                    ],
                    [
                        -86.8218914,
                        39.4439931
                    ],
                    [
                        -86.8210975,
                        39.4434795
                    ],
                    [
                        -86.8205718,
                        39.4430983
                    ],
                    [
                        -86.8204752,
                        39.4428995
                    ],
                    [
                        -86.8205396,
                        39.4427089
                    ],
                    [
                        -86.8207327,
                        39.4427006
                    ],
                    [
                        -86.8205182,
                        39.4425515
                    ],
                    [
                        -86.8201534,
                        39.4424106
                    ],
                    [
                        -86.8199603,
                        39.4423692
                    ],
                    [
                        -86.8197671,
                        39.4424603
                    ],
                    [
                        -86.8197451,
                        39.4425076
                    ],
                    [
                        -86.8196082,
                        39.4427058
                    ],
                    [
                        -86.8199817,
                        39.4428995
                    ],
                    [
                        -86.8204344,
                        39.4433065
                    ],
                    [
                        -86.8206543,
                        39.4435675
                    ],
                    [
                        -86.8213872,
                        39.4440843
                    ],
                    [
                        -86.822503,
                        39.4450288
                    ],
                    [
                        -86.8233613,
                        39.4461059
                    ],
                    [
                        -86.824123,
                        39.4470006
                    ],
                    [
                        -86.8250565,
                        39.448028
                    ],
                    [
                        -86.8254105,
                        39.4485582
                    ],
                    [
                        -86.8251423,
                        39.4486079
                    ],
                    [
                        -86.8249599,
                        39.4483842
                    ],
                    [
                        -86.8246702,
                        39.4480197
                    ],
                    [
                        -86.8242732,
                        39.4476883
                    ],
                    [
                        -86.8239621,
                        39.4474977
                    ],
                    [
                        -86.8235973,
                        39.4475723
                    ],
                    [
                        -86.8231896,
                        39.4475309
                    ],
                    [
                        -86.8229751,
                        39.4474397
                    ],
                    [
                        -86.8228785,
                        39.4476469
                    ],
                    [
                        -86.8227927,
                        39.4478043
                    ],
                    [
                        -86.8230072,
                        39.448028
                    ],
                    [
                        -86.8229107,
                        39.4482102
                    ],
                    [
                        -86.8226961,
                        39.4481357
                    ],
                    [
                        -86.8226639,
                        39.4483925
                    ],
                    [
                        -86.8228678,
                        39.4486245
                    ],
                    [
                        -86.8231253,
                        39.4487239
                    ],
                    [
                        -86.8235759,
                        39.4487322
                    ],
                    [
                        -86.8241552,
                        39.4488316
                    ],
                    [
                        -86.8244986,
                        39.4490801
                    ],
                    [
                        -86.8250565,
                        39.4493121
                    ],
                    [
                        -86.8253783,
                        39.4493867
                    ],
                    [
                        -86.8257109,
                        39.4493287
                    ],
                    [
                        -86.8256465,
                        39.4491795
                    ],
                    [
                        -86.8254427,
                        39.4490801
                    ],
                    [
                        -86.8252067,
                        39.4487156
                    ],
                    [
                        -86.8256036,
                        39.448699
                    ],
                    [
                        -86.8261293,
                        39.4490967
                    ],
                    [
                        -86.8267409,
                        39.4493204
                    ],
                    [
                        -86.8274168,
                        39.4494447
                    ],
                    [
                        -86.8277816,
                        39.4493535
                    ],
                    [
                        -86.8282644,
                        39.4490801
                    ],
                    [
                        -86.8282858,
                        39.4488979
                    ],
                    [
                        -86.8282429,
                        39.4487736
                    ],
                    [
                        -86.8283717,
                        39.4485665
                    ],
                    [
                        -86.8286077,
                        39.4484174
                    ],
                    [
                        -86.8292514,
                        39.4483179
                    ],
                    [
                        -86.8301419,
                        39.4483345
                    ],
                    [
                        -86.8313543,
                        39.4484339
                    ],
                    [
                        -86.8323413,
                        39.4485913
                    ],
                    [
                        -86.8333713,
                        39.4488564
                    ],
                    [
                        -86.8338112,
                        39.449105
                    ],
                    [
                        -86.8339721,
                        39.4494944
                    ],
                    [
                        -86.8337575,
                        39.4498009
                    ],
                    [
                        -86.8333606,
                        39.4500246
                    ],
                    [
                        -86.8329529,
                        39.4503063
                    ],
                    [
                        -86.8325774,
                        39.4507785
                    ],
                    [
                        -86.8324164,
                        39.4514744
                    ],
                    [
                        -86.8324057,
                        39.4520708
                    ],
                    [
                        -86.8324164,
                        39.4524354
                    ],
                    [
                        -86.8321375,
                        39.4524685
                    ],
                    [
                        -86.8319122,
                        39.452543
                    ],
                    [
                        -86.8316118,
                        39.4528413
                    ],
                    [
                        -86.8315581,
                        39.4531478
                    ],
                    [
                        -86.8315903,
                        39.4533715
                    ],
                    [
                        -86.8319014,
                        39.4534212
                    ],
                    [
                        -86.8322448,
                        39.4535703
                    ],
                    [
                        -86.8323199,
                        39.4536531
                    ],
                    [
                        -86.8325345,
                        39.453504
                    ],
                    [
                        -86.83291,
                        39.4540094
                    ],
                    [
                        -86.8331567,
                        39.4544153
                    ],
                    [
                        -86.8333391,
                        39.4546886
                    ],
                    [
                        -86.8338434,
                        39.4551857
                    ],
                    [
                        -86.8343154,
                        39.4554839
                    ],
                    [
                        -86.8350879,
                        39.4557987
                    ],
                    [
                        -86.8360535,
                        39.4561798
                    ],
                    [
                        -86.8365363,
                        39.4562129
                    ],
                    [
                        -86.8371908,
                        39.4560555
                    ],
                    [
                        -86.8374804,
                        39.4559644
                    ],
                    [
                        -86.8375985,
                        39.4557407
                    ],
                    [
                        -86.837695,
                        39.4556662
                    ],
                    [
                        -86.8380705,
                        39.4557656
                    ],
                    [
                        -86.8385533,
                        39.4559892
                    ],
                    [
                        -86.8386177,
                        39.4562212
                    ],
                    [
                        -86.8387464,
                        39.4563537
                    ],
                    [
                        -86.8388645,
                        39.456246
                    ],
                    [
                        -86.8389932,
                        39.4561632
                    ],
                    [
                        -86.8394331,
                        39.4561798
                    ],
                    [
                        -86.8400768,
                        39.4560886
                    ],
                    [
                        -86.8405811,
                        39.4558484
                    ],
                    [
                        -86.840978,
                        39.4556993
                    ],
                    [
                        -86.8416003,
                        39.4552768
                    ],
                    [
                        -86.8420724,
                        39.4549123
                    ],
                    [
                        -86.8425445,
                        39.4546058
                    ],
                    [
                        -86.8426625,
                        39.4545395
                    ],
                    [
                        -86.8427268,
                        39.4547135
                    ],
                    [
                        -86.8429843,
                        39.4551774
                    ],
                    [
                        -86.84292,
                        39.4560224
                    ],
                    [
                        -86.8425981,
                        39.4570578
                    ],
                    [
                        -86.8422548,
                        39.4576211
                    ],
                    [
                        -86.8417505,
                        39.4580105
                    ],
                    [
                        -86.8412785,
                        39.4583998
                    ],
                    [
                        -86.8411282,
                        39.4589631
                    ],
                    [
                        -86.841654,
                        39.4592861
                    ],
                    [
                        -86.8421797,
                        39.4595263
                    ],
                    [
                        -86.8424479,
                        39.4599074
                    ],
                    [
                        -86.8428878,
                        39.4603795
                    ],
                    [
                        -86.8431131,
                        39.4608848
                    ],
                    [
                        -86.843156,
                        39.4611996
                    ],
                    [
                        -86.8433169,
                        39.4615972
                    ],
                    [
                        -86.8434886,
                        39.46168
                    ],
                    [
                        -86.8439499,
                        39.4615226
                    ],
                    [
                        -86.8442611,
                        39.4611168
                    ],
                    [
                        -86.8444756,
                        39.4607689
                    ],
                    [
                        -86.8444113,
                        39.4604044
                    ],
                    [
                        -86.8447331,
                        39.4601642
                    ],
                    [
                        -86.8448833,
                        39.4598246
                    ],
                    [
                        -86.8450979,
                        39.4596009
                    ],
                    [
                        -86.8450121,
                        39.4591536
                    ],
                    [
                        -86.8448833,
                        39.4588968
                    ],
                    [
                        -86.8451623,
                        39.4588637
                    ],
                    [
                        -86.8454949,
                        39.4592364
                    ],
                    [
                        -86.8454198,
                        39.4604375
                    ],
                    [
                        -86.8452589,
                        39.4610422
                    ],
                    [
                        -86.8453232,
                        39.4614646
                    ],
                    [
                        -86.8453125,
                        39.4620776
                    ],
                    [
                        -86.8451837,
                        39.4625829
                    ],
                    [
                        -86.8449799,
                        39.4630881
                    ],
                    [
                        -86.8447975,
                        39.463436
                    ],
                    [
                        -86.8443791,
                        39.4636514
                    ],
                    [
                        -86.8429414,
                        39.4638253
                    ],
                    [
                        -86.8425123,
                        39.4639579
                    ],
                    [
                        -86.8421368,
                        39.4638833
                    ],
                    [
                        -86.8417934,
                        39.4636348
                    ],
                    [
                        -86.8414823,
                        39.4634029
                    ],
                    [
                        -86.8412875,
                        39.4634029
                    ],
                    [
                        -86.8411215,
                        39.4634132
                    ],
                    [
                        -86.8409918,
                        39.4635042
                    ],
                    [
                        -86.8408761,
                        39.4636845
                    ],
                    [
                        -86.8408309,
                        39.4639582
                    ],
                    [
                        -86.8408708,
                        39.4641484
                    ],
                    [
                        -86.8409995,
                        39.4645459
                    ],
                    [
                        -86.8413321,
                        39.4653245
                    ],
                    [
                        -86.8417612,
                        39.4661279
                    ],
                    [
                        -86.8418368,
                        39.4661655
                    ],
                    [
                        -86.84189,
                        39.4661197
                    ],
                    [
                        -86.8415145,
                        39.465134
                    ],
                    [
                        -86.8411712,
                        39.4642892
                    ],
                    [
                        -86.8410961,
                        39.4638916
                    ],
                    [
                        -86.8413106,
                        39.4635603
                    ],
                    [
                        -86.8415252,
                        39.4636348
                    ],
                    [
                        -86.8418364,
                        39.463991
                    ],
                    [
                        -86.8422226,
                        39.4641566
                    ],
                    [
                        -86.8424315,
                        39.4642001
                    ],
                    [
                        -86.842704,
                        39.4641409
                    ],
                    [
                        -86.8444677,
                        39.4638643
                    ],
                    [
                        -86.8448577,
                        39.4636507
                    ],
                    [
                        -86.8451559,
                        39.4633651
                    ],
                    [
                        -86.8451945,
                        39.4630136
                    ],
                    [
                        -86.8455056,
                        39.4623924
                    ],
                    [
                        -86.8456129,
                        39.4618457
                    ],
                    [
                        -86.8456129,
                        39.4614481
                    ],
                    [
                        -86.8457202,
                        39.461357
                    ],
                    [
                        -86.8459348,
                        39.4615392
                    ],
                    [
                        -86.8460099,
                        39.462061
                    ],
                    [
                        -86.8460742,
                        39.4625663
                    ],
                    [
                        -86.8463425,
                        39.4633366
                    ],
                    [
                        -86.8466321,
                        39.4635603
                    ],
                    [
                        -86.8471042,
                        39.4635271
                    ],
                    [
                        -86.8473832,
                        39.4634277
                    ],
                    [
                        -86.8476621,
                        39.4629722
                    ],
                    [
                        -86.8478874,
                        39.462558
                    ],
                    [
                        -86.8483702,
                        39.4623427
                    ],
                    [
                        -86.8487135,
                        39.4620113
                    ],
                    [
                        -86.8487886,
                        39.461622
                    ],
                    [
                        -86.8484882,
                        39.4613156
                    ],
                    [
                        -86.8481127,
                        39.4608683
                    ],
                    [
                        -86.847984,
                        39.4602967
                    ],
                    [
                        -86.8478445,
                        39.4598991
                    ],
                    [
                        -86.8475656,
                        39.4596092
                    ],
                    [
                        -86.8472115,
                        39.4593275
                    ],
                    [
                        -86.8469647,
                        39.4592033
                    ],
                    [
                        -86.8468682,
                        39.4588554
                    ],
                    [
                        -86.8465356,
                        39.4586317
                    ],
                    [
                        -86.8460635,
                        39.4585737
                    ],
                    [
                        -86.8453769,
                        39.4585903
                    ],
                    [
                        -86.8447224,
                        39.4585737
                    ],
                    [
                        -86.8440143,
                        39.458524
                    ],
                    [
                        -86.8437461,
                        39.4582673
                    ],
                    [
                        -86.8437461,
                        39.4578862
                    ],
                    [
                        -86.8440572,
                        39.4575466
                    ],
                    [
                        -86.8443469,
                        39.4572235
                    ],
                    [
                        -86.8444971,
                        39.456859
                    ],
                    [
                        -86.8446688,
                        39.4562046
                    ],
                    [
                        -86.844701,
                        39.4554922
                    ],
                    [
                        -86.84454,
                        39.4548378
                    ],
                    [
                        -86.8445507,
                        39.4543904
                    ],
                    [
                        -86.8445615,
                        39.454175
                    ],
                    [
                        -86.8444649,
                        39.4538851
                    ],
                    [
                        -86.8444756,
                        39.4534377
                    ],
                    [
                        -86.8446258,
                        39.4531147
                    ],
                    [
                        -86.8448833,
                        39.4526259
                    ],
                    [
                        -86.8450979,
                        39.4522448
                    ],
                    [
                        -86.8454198,
                        39.4521703
                    ],
                    [
                        -86.8457095,
                        39.4522448
                    ],
                    [
                        -86.8458811,
                        39.4518223
                    ],
                    [
                        -86.8459991,
                        39.4515158
                    ],
                    [
                        -86.8461064,
                        39.4513087
                    ],
                    [
                        -86.8460099,
                        39.4510436
                    ],
                    [
                        -86.8457953,
                        39.4507536
                    ],
                    [
                        -86.8457309,
                        39.4504471
                    ],
                    [
                        -86.8459133,
                        39.4499997
                    ],
                    [
                        -86.8461172,
                        39.4494364
                    ],
                    [
                        -86.8463961,
                        39.4491464
                    ],
                    [
                        -86.8468467,
                        39.4489973
                    ],
                    [
                        -86.847866,
                        39.4487487
                    ],
                    [
                        -86.8484668,
                        39.448989
                    ],
                    [
                        -86.8488852,
                        39.4497346
                    ],
                    [
                        -86.8498508,
                        39.449834
                    ],
                    [
                        -86.8502585,
                        39.4501737
                    ],
                    [
                        -86.8504838,
                        39.4504057
                    ],
                    [
                        -86.8510632,
                        39.4506708
                    ],
                    [
                        -86.8513421,
                        39.4505796
                    ],
                    [
                        -86.8514601,
                        39.4503311
                    ],
                    [
                        -86.8512885,
                        39.4499417
                    ],
                    [
                        -86.8512026,
                        39.4495358
                    ],
                    [
                        -86.8514172,
                        39.4492624
                    ],
                    [
                        -86.8522326,
                        39.4490636
                    ],
                    [
                        -86.852415,
                        39.4487902
                    ],
                    [
                        -86.8525974,
                        39.4486576
                    ],
                    [
                        -86.8528549,
                        39.4488316
                    ],
                    [
                        -86.8531338,
                        39.449047
                    ],
                    [
                        -86.8532304,
                        39.4489144
                    ],
                    [
                        -86.8530051,
                        39.4485582
                    ],
                    [
                        -86.8531016,
                        39.4484008
                    ],
                    [
                        -86.853681,
                        39.4481522
                    ],
                    [
                        -86.8539063,
                        39.44797
                    ],
                    [
                        -86.8540243,
                        39.4478457
                    ],
                    [
                        -86.8542389,
                        39.4479534
                    ],
                    [
                        -86.8544213,
                        39.4478457
                    ],
                    [
                        -86.8544856,
                        39.447622
                    ],
                    [
                        -86.8548933,
                        39.4473403
                    ],
                    [
                        -86.8555693,
                        39.4471332
                    ],
                    [
                        -86.8561593,
                        39.4471415
                    ],
                    [
                        -86.8568031,
                        39.44739
                    ],
                    [
                        -86.8573073,
                        39.4477629
                    ],
                    [
                        -86.8575326,
                        39.4480031
                    ],
                    [
                        -86.8575541,
                        39.448086
                    ],
                    [
                        -86.8577901,
                        39.4480694
                    ],
                    [
                        -86.8579725,
                        39.4482599
                    ],
                    [
                        -86.8582193,
                        39.4486328
                    ],
                    [
                        -86.8584446,
                        39.4488233
                    ],
                    [
                        -86.8589059,
                        39.449105
                    ],
                    [
                        -86.8593995,
                        39.4493535
                    ],
                    [
                        -86.8598286,
                        39.4495524
                    ],
                    [
                        -86.8603651,
                        39.4494529
                    ],
                    [
                        -86.8609015,
                        39.4493701
                    ],
                    [
                        -86.8612877,
                        39.4494529
                    ],
                    [
                        -86.8617276,
                        39.4497926
                    ],
                    [
                        -86.8617598,
                        39.4502068
                    ],
                    [
                        -86.8619744,
                        39.4504885
                    ],
                    [
                        -86.8620924,
                        39.4507288
                    ],
                    [
                        -86.8619207,
                        39.4508447
                    ],
                    [
                        -86.8621568,
                        39.4510601
                    ],
                    [
                        -86.8621568,
                        39.4513501
                    ],
                    [
                        -86.862028,
                        39.4515655
                    ],
                    [
                        -86.8623177,
                        39.4516318
                    ],
                    [
                        -86.8625108,
                        39.4517892
                    ],
                    [
                        -86.8627683,
                        39.4522945
                    ],
                    [
                        -86.8626396,
                        39.4524851
                    ],
                    [
                        -86.8629829,
                        39.4526756
                    ],
                    [
                        -86.8632404,
                        39.453065
                    ],
                    [
                        -86.8636159,
                        39.4533715
                    ],
                    [
                        -86.8641416,
                        39.4538105
                    ],
                    [
                        -86.863927,
                        39.4539099
                    ],
                    [
                        -86.863809,
                        39.4539099
                    ],
                    [
                        -86.8638734,
                        39.4540591
                    ],
                    [
                        -86.8641845,
                        39.4541585
                    ],
                    [
                        -86.8649141,
                        39.454407
                    ],
                    [
                        -86.8655042,
                        39.4549123
                    ],
                    [
                        -86.8660191,
                        39.4554839
                    ],
                    [
                        -86.8663517,
                        39.4561135
                    ],
                    [
                        -86.8665234,
                        39.4569004
                    ],
                    [
                        -86.8665019,
                        39.4580353
                    ],
                    [
                        -86.8665127,
                        39.4587311
                    ],
                    [
                        -86.8665234,
                        39.4590625
                    ],
                    [
                        -86.8662874,
                        39.4592447
                    ],
                    [
                        -86.866105,
                        39.4592116
                    ],
                    [
                        -86.8658368,
                        39.4593938
                    ],
                    [
                        -86.8652038,
                        39.4597831
                    ],
                    [
                        -86.8651072,
                        39.4600813
                    ],
                    [
                        -86.8652789,
                        39.4602801
                    ],
                    [
                        -86.8656329,
                        39.4601973
                    ],
                    [
                        -86.8660299,
                        39.4600482
                    ],
                    [
                        -86.8662981,
                        39.4599322
                    ],
                    [
                        -86.8666307,
                        39.459924
                    ],
                    [
                        -86.866856,
                        39.45975
                    ],
                    [
                        -86.8670706,
                        39.4595512
                    ],
                    [
                        -86.867253,
                        39.4592778
                    ],
                    [
                        -86.8673388,
                        39.4589962
                    ],
                    [
                        -86.8674675,
                        39.4589217
                    ],
                    [
                        -86.8678109,
                        39.459079
                    ],
                    [
                        -86.8684331,
                        39.4595429
                    ],
                    [
                        -86.8687228,
                        39.4593441
                    ],
                    [
                        -86.8691091,
                        39.4593938
                    ],
                    [
                        -86.8693987,
                        39.4597252
                    ],
                    [
                        -86.8698279,
                        39.4599405
                    ],
                    [
                        -86.8702678,
                        39.4597914
                    ],
                    [
                        -86.8702678,
                        39.4599405
                    ],
                    [
                        -86.8700425,
                        39.4602222
                    ],
                    [
                        -86.8696562,
                        39.4602139
                    ],
                    [
                        -86.8693987,
                        39.4601145
                    ],
                    [
                        -86.8689052,
                        39.4603381
                    ],
                    [
                        -86.8685082,
                        39.4606695
                    ],
                    [
                        -86.8683258,
                        39.4612741
                    ],
                    [
                        -86.8683162,
                        39.4614388
                    ],
                    [
                        -86.8682829,
                        39.4620113
                    ],
                    [
                        -86.8684009,
                        39.4627154
                    ],
                    [
                        -86.8691734,
                        39.4630799
                    ],
                    [
                        -86.8696455,
                        39.4632538
                    ],
                    [
                        -86.8691949,
                        39.4633118
                    ],
                    [
                        -86.8681542,
                        39.4633615
                    ],
                    [
                        -86.8674461,
                        39.4635437
                    ],
                    [
                        -86.8672315,
                        39.4637259
                    ],
                    [
                        -86.8672637,
                        39.464049
                    ],
                    [
                        -86.8670169,
                        39.4641401
                    ],
                    [
                        -86.86662,
                        39.4642312
                    ],
                    [
                        -86.8667487,
                        39.4644217
                    ],
                    [
                        -86.8665878,
                        39.4645377
                    ],
                    [
                        -86.8668238,
                        39.4645625
                    ],
                    [
                        -86.8674461,
                        39.4643968
                    ],
                    [
                        -86.8676285,
                        39.4641401
                    ],
                    [
                        -86.8678216,
                        39.4637591
                    ],
                    [
                        -86.8682293,
                        39.4637259
                    ],
                    [
                        -86.8684868,
                        39.4638419
                    ],
                    [
                        -86.8687443,
                        39.4639247
                    ],
                    [
                        -86.868991,
                        39.4646702
                    ],
                    [
                        -86.8688623,
                        39.4649684
                    ],
                    [
                        -86.8684546,
                        39.4650346
                    ],
                    [
                        -86.8681113,
                        39.4649766
                    ],
                    [
                        -86.8676607,
                        39.4650678
                    ],
                    [
                        -86.8672852,
                        39.4649601
                    ],
                    [
                        -86.8668882,
                        39.4650843
                    ],
                    [
                        -86.8664698,
                        39.4655647
                    ],
                    [
                        -86.8671349,
                        39.4653328
                    ],
                    [
                        -86.8674354,
                        39.4653825
                    ],
                    [
                        -86.8675963,
                        39.4653162
                    ],
                    [
                        -86.8679396,
                        39.465515
                    ],
                    [
                        -86.8679074,
                        39.4657469
                    ],
                    [
                        -86.8672852,
                        39.465954
                    ],
                    [
                        -86.8670491,
                        39.4663019
                    ],
                    [
                        -86.8670491,
                        39.4665835
                    ],
                    [
                        -86.8673173,
                        39.4665007
                    ],
                    [
                        -86.8675105,
                        39.4661776
                    ],
                    [
                        -86.8677572,
                        39.4661694
                    ],
                    [
                        -86.8679933,
                        39.4660037
                    ],
                    [
                        -86.8682507,
                        39.4659706
                    ],
                    [
                        -86.8687014,
                        39.4658049
                    ],
                    [
                        -86.868991,
                        39.4659292
                    ],
                    [
                        -86.8690876,
                        39.4662936
                    ],
                    [
                        -86.868991,
                        39.4664096
                    ],
                    [
                        -86.8692163,
                        39.4666912
                    ],
                    [
                        -86.8693665,
                        39.4670473
                    ],
                    [
                        -86.8694524,
                        39.4674283
                    ],
                    [
                        -86.8695919,
                        39.4672875
                    ],
                    [
                        -86.8696777,
                        39.4669314
                    ],
                    [
                        -86.8698064,
                        39.4668734
                    ],
                    [
                        -86.8700746,
                        39.4669811
                    ],
                    [
                        -86.8702892,
                        39.4670225
                    ],
                    [
                        -86.8704072,
                        39.4666994
                    ],
                    [
                        -86.8704287,
                        39.4661859
                    ],
                    [
                        -86.8704716,
                        39.4657801
                    ],
                    [
                        -86.8704931,
                        39.4654322
                    ],
                    [
                        -86.8703214,
                        39.4651506
                    ],
                    [
                        -86.8704823,
                        39.4648607
                    ],
                    [
                        -86.8711583,
                        39.4647199
                    ],
                    [
                        -86.8715552,
                        39.4648938
                    ],
                    [
                        -86.871405,
                        39.4651423
                    ],
                    [
                        -86.8713728,
                        39.4653328
                    ],
                    [
                        -86.8718986,
                        39.4656641
                    ],
                    [
                        -86.871802,
                        39.4654653
                    ],
                    [
                        -86.8716303,
                        39.4652748
                    ],
                    [
                        -86.8718664,
                        39.4650512
                    ],
                    [
                        -86.8720917,
                        39.4648938
                    ],
                    [
                        -86.8717376,
                        39.4646039
                    ],
                    [
                        -86.8717483,
                        39.4644631
                    ],
                    [
                        -86.8723062,
                        39.4645625
                    ],
                    [
                        -86.8727998,
                        39.4647116
                    ],
                    [
                        -86.8736366,
                        39.4647861
                    ],
                    [
                        -86.8740872,
                        39.4647861
                    ],
                    [
                        -86.8746988,
                        39.4645956
                    ],
                    [
                        -86.8750421,
                        39.4642975
                    ],
                    [
                        -86.8753747,
                        39.464049
                    ],
                    [
                        -86.8757717,
                        39.464049
                    ],
                    [
                        -86.8761043,
                        39.4641981
                    ],
                    [
                        -86.8762437,
                        39.4649352
                    ],
                    [
                        -86.8760399,
                        39.4652334
                    ],
                    [
                        -86.8762759,
                        39.4665007
                    ],
                    [
                        -86.8760399,
                        39.4666994
                    ],
                    [
                        -86.8756858,
                        39.4667326
                    ],
                    [
                        -86.8753532,
                        39.4670473
                    ],
                    [
                        -86.8754176,
                        39.4672213
                    ],
                    [
                        -86.8755249,
                        39.4673703
                    ],
                    [
                        -86.8755785,
                        39.4676437
                    ],
                    [
                        -86.8757395,
                        39.4672378
                    ],
                    [
                        -86.8760399,
                        39.4670225
                    ],
                    [
                        -86.8764154,
                        39.4669065
                    ],
                    [
                        -86.876866,
                        39.4665835
                    ],
                    [
                        -86.8771235,
                        39.4665338
                    ],
                    [
                        -86.8774775,
                        39.4667988
                    ],
                    [
                        -86.8774346,
                        39.4671798
                    ],
                    [
                        -86.8776814,
                        39.4677182
                    ],
                    [
                        -86.8782178,
                        39.4682151
                    ],
                    [
                        -86.8787543,
                        39.4685961
                    ],
                    [
                        -86.8791191,
                        39.4689191
                    ],
                    [
                        -86.8798272,
                        39.4694823
                    ],
                    [
                        -86.8802134,
                        39.4698219
                    ],
                    [
                        -86.880428,
                        39.469971
                    ],
                    [
                        -86.8804172,
                        39.4701532
                    ],
                    [
                        -86.8806855,
                        39.4701201
                    ],
                    [
                        -86.880943,
                        39.4700373
                    ],
                    [
                        -86.8809787,
                        39.470044
                    ],
                    [
                        -86.8812594,
                        39.4700965
                    ],
                    [
                        -86.881297,
                        39.4701035
                    ],
                    [
                        -86.8816618,
                        39.4701366
                    ]
                ],
                [
                    [
                        -86.8633867,
                        39.4484434
                    ],
                    [
                        -86.8633224,
                        39.4487582
                    ],
                    [
                        -86.8633009,
                        39.4490813
                    ],
                    [
                        -86.8630005,
                        39.4492884
                    ],
                    [
                        -86.8625713,
                        39.4493713
                    ],
                    [
                        -86.8620564,
                        39.4492553
                    ],
                    [
                        -86.8614341,
                        39.4491061
                    ],
                    [
                        -86.8613161,
                        39.4490564
                    ],
                    [
                        -86.8614126,
                        39.4487748
                    ],
                    [
                        -86.8615199,
                        39.4485676
                    ],
                    [
                        -86.8618096,
                        39.4479794
                    ],
                    [
                        -86.86211,
                        39.4476812
                    ],
                    [
                        -86.8627323,
                        39.4475569
                    ],
                    [
                        -86.8631507,
                        39.4476729
                    ],
                    [
                        -86.8634297,
                        39.4479794
                    ],
                    [
                        -86.8634297,
                        39.4481948
                    ],
                    [
                        -86.8633867,
                        39.4484434
                    ]
                ]
            ]
        }
    }
]