[
    {
        "type": "Feature",
        "id": "relation/30831",
        "properties": {
            "@id": "relation/30831",
            "ele": "193",
            "gnis:feature_id": "1061031;1048404;1079318",
            "name": "William H. Harsha Lake",
            "natural": "water",
            "old_name": "East Fork Lake",
            "operator": "United States Army Corps of Engineers",
            "type": "multipolygon",
            "water": "reservoir",
            "wikidata": "Q34907654",
            "@timestamp": "2024-08-11T20:20:15Z",
            "@version": 13,
            "@changeset": 155120469,
            "@user": "Mateusz Konieczny - bot account",
            "@uid": 3199858,
            "@osm3s:version": 0.6,
            "@osm3s:generator": "Overpass API 0.7.62.5 1bd436f1",
            "@osm3s:timestamp_osm_base": "2025-02-16T09:31:13Z",
            "@osm3s:copyright": "The data included in this document is from www.openstreetmap.org. The data is made available under ODbL."
        },
        "geometry": {
            "type": "Polygon",
            "coordinates": [
                [
                    [
                        -84.0893602,
                        39.0219697
                    ],
                    [
                        -84.0900332,
                        39.022206
                    ],
                    [
                        -84.0913172,
                        39.0225565
                    ],
                    [
                        -84.0918751,
                        39.021943
                    ],
                    [
                        -84.0920897,
                        39.0217963
                    ],
                    [
                        -84.0928621,
                        39.0217296
                    ],
                    [
                        -84.0936174,
                        39.021743
                    ],
                    [
                        -84.093943,
                        39.0218443
                    ],
                    [
                        -84.0951286,
                        39.0231121
                    ],
                    [
                        -84.0962525,
                        39.0236634
                    ],
                    [
                        -84.0968962,
                        39.0236767
                    ],
                    [
                        -84.0975056,
                        39.0235034
                    ],
                    [
                        -84.0982723,
                        39.0238202
                    ],
                    [
                        -84.0983124,
                        39.0238368
                    ],
                    [
                        -84.0994282,
                        39.0238101
                    ],
                    [
                        -84.0994191,
                        39.0238811
                    ],
                    [
                        -84.0993681,
                        39.0242769
                    ],
                    [
                        -84.0990248,
                        39.0247236
                    ],
                    [
                        -84.0988102,
                        39.025057
                    ],
                    [
                        -84.0985355,
                        39.025257
                    ],
                    [
                        -84.0985699,
                        39.0254371
                    ],
                    [
                        -84.0988102,
                        39.0256238
                    ],
                    [
                        -84.0991535,
                        39.0256771
                    ],
                    [
                        -84.0994797,
                        39.0253571
                    ],
                    [
                        -84.0997372,
                        39.025057
                    ],
                    [
                        -84.1000118,
                        39.0248236
                    ],
                    [
                        -84.1000805,
                        39.0248903
                    ],
                    [
                        -84.1000805,
                        39.0250903
                    ],
                    [
                        -84.1002007,
                        39.025257
                    ],
                    [
                        -84.1004839,
                        39.0253571
                    ],
                    [
                        -84.1009131,
                        39.0254904
                    ],
                    [
                        -84.1010246,
                        39.0257438
                    ],
                    [
                        -84.1008701,
                        39.0258572
                    ],
                    [
                        -84.1005955,
                        39.0258905
                    ],
                    [
                        -84.1004238,
                        39.0261572
                    ],
                    [
                        -84.1008272,
                        39.0260905
                    ],
                    [
                        -84.1011105,
                        39.0263239
                    ],
                    [
                        -84.101428,
                        39.0265706
                    ],
                    [
                        -84.1013851,
                        39.0266906
                    ],
                    [
                        -84.1011276,
                        39.026904
                    ],
                    [
                        -84.1011276,
                        39.027124
                    ],
                    [
                        -84.1013165,
                        39.0276508
                    ],
                    [
                        -84.1014452,
                        39.0281575
                    ],
                    [
                        -84.1013165,
                        39.0282375
                    ],
                    [
                        -84.1013422,
                        39.0286243
                    ],
                    [
                        -84.1016169,
                        39.0287176
                    ],
                    [
                        -84.1016169,
                        39.0290243
                    ],
                    [
                        -84.1015997,
                        39.0293577
                    ],
                    [
                        -84.1012306,
                        39.029451
                    ],
                    [
                        -84.1012735,
                        39.0296711
                    ],
                    [
                        -84.1013765,
                        39.0298511
                    ],
                    [
                        -84.1017199,
                        39.0299711
                    ],
                    [
                        -84.1020889,
                        39.0297844
                    ],
                    [
                        -84.1024323,
                        39.0291043
                    ],
                    [
                        -84.1025782,
                        39.0284909
                    ],
                    [
                        -84.1024065,
                        39.0279575
                    ],
                    [
                        -84.1024323,
                        39.0275841
                    ],
                    [
                        -84.1029043,
                        39.0276908
                    ],
                    [
                        -84.102664,
                        39.0273174
                    ],
                    [
                        -84.1023722,
                        39.0273574
                    ],
                    [
                        -84.1022606,
                        39.0270907
                    ],
                    [
                        -84.1023893,
                        39.0269373
                    ],
                    [
                        -84.1023035,
                        39.0266373
                    ],
                    [
                        -84.1026297,
                        39.0261439
                    ],
                    [
                        -84.1025953,
                        39.0259705
                    ],
                    [
                        -84.1029129,
                        39.0257705
                    ],
                    [
                        -84.102355,
                        39.0255038
                    ],
                    [
                        -84.1020546,
                        39.0249903
                    ],
                    [
                        -84.1020117,
                        39.0247036
                    ],
                    [
                        -84.1023378,
                        39.0243702
                    ],
                    [
                        -84.1027413,
                        39.0241702
                    ],
                    [
                        -84.102973,
                        39.0239034
                    ],
                    [
                        -84.1034279,
                        39.0236767
                    ],
                    [
                        -84.1036854,
                        39.0231366
                    ],
                    [
                        -84.1038914,
                        39.0229232
                    ],
                    [
                        -84.1041746,
                        39.0219764
                    ],
                    [
                        -84.104475,
                        39.0219563
                    ],
                    [
                        -84.1043034,
                        39.021823
                    ],
                    [
                        -84.104875,
                        39.020976
                    ],
                    [
                        -84.1053763,
                        39.0206427
                    ],
                    [
                        -84.1056938,
                        39.0203359
                    ],
                    [
                        -84.1058912,
                        39.020356
                    ],
                    [
                        -84.1066895,
                        39.0198558
                    ],
                    [
                        -84.1072388,
                        39.0197891
                    ],
                    [
                        -84.1078396,
                        39.0197891
                    ],
                    [
                        -84.1084404,
                        39.0196891
                    ],
                    [
                        -84.1088524,
                        39.0196891
                    ],
                    [
                        -84.1089554,
                        39.0198025
                    ],
                    [
                        -84.1089554,
                        39.0200559
                    ],
                    [
                        -84.1087666,
                        39.0208227
                    ],
                    [
                        -84.1089211,
                        39.0208694
                    ],
                    [
                        -84.109067,
                        39.0207227
                    ],
                    [
                        -84.1093245,
                        39.0207894
                    ],
                    [
                        -84.109539,
                        39.0212028
                    ],
                    [
                        -84.1100111,
                        39.0214429
                    ],
                    [
                        -84.1100712,
                        39.0217896
                    ],
                    [
                        -84.1102944,
                        39.0216429
                    ],
                    [
                        -84.1102944,
                        39.0211095
                    ],
                    [
                        -84.1100369,
                        39.0210028
                    ],
                    [
                        -84.1100369,
                        39.0208227
                    ],
                    [
                        -84.109436,
                        39.0203226
                    ],
                    [
                        -84.1097279,
                        39.0195757
                    ],
                    [
                        -84.1102686,
                        39.0194557
                    ],
                    [
                        -84.1105518,
                        39.0197091
                    ],
                    [
                        -84.1105003,
                        39.0199225
                    ],
                    [
                        -84.1106978,
                        39.0199759
                    ],
                    [
                        -84.111084,
                        39.0202026
                    ],
                    [
                        -84.1119423,
                        39.0203093
                    ],
                    [
                        -84.1112986,
                        39.0200892
                    ],
                    [
                        -84.1111527,
                        39.0197091
                    ],
                    [
                        -84.1109982,
                        39.0195224
                    ],
                    [
                        -84.1114702,
                        39.019389
                    ],
                    [
                        -84.1110411,
                        39.0192557
                    ],
                    [
                        -84.1113844,
                        39.0189356
                    ],
                    [
                        -84.1116676,
                        39.0189356
                    ],
                    [
                        -84.1117964,
                        39.0184688
                    ],
                    [
                        -84.1119251,
                        39.0183021
                    ],
                    [
                        -84.1122685,
                        39.0184688
                    ],
                    [
                        -84.11238,
                        39.0180887
                    ],
                    [
                        -84.1132383,
                        39.0175018
                    ],
                    [
                        -84.1140967,
                        39.0170684
                    ],
                    [
                        -84.1148434,
                        39.0162881
                    ],
                    [
                        -84.1152296,
                        39.015848
                    ],
                    [
                        -84.1156588,
                        39.014821
                    ],
                    [
                        -84.1164742,
                        39.013047
                    ],
                    [
                        -84.1168175,
                        39.0132204
                    ],
                    [
                        -84.1172896,
                        39.0139807
                    ],
                    [
                        -84.1177874,
                        39.0150677
                    ],
                    [
                        -84.1181908,
                        39.0159547
                    ],
                    [
                        -84.118577,
                        39.0165549
                    ],
                    [
                        -84.118989,
                        39.0169817
                    ],
                    [
                        -84.1195641,
                        39.0173351
                    ],
                    [
                        -84.1201992,
                        39.0176485
                    ],
                    [
                        -84.1208687,
                        39.0178353
                    ],
                    [
                        -84.121727,
                        39.0179353
                    ],
                    [
                        -84.1226883,
                        39.0178686
                    ],
                    [
                        -84.1236324,
                        39.0177686
                    ],
                    [
                        -84.1243706,
                        39.0177019
                    ],
                    [
                        -84.1250744,
                        39.0177686
                    ],
                    [
                        -84.1253748,
                        39.0178686
                    ],
                    [
                        -84.1252461,
                        39.018222
                    ],
                    [
                        -84.1250916,
                        39.0191823
                    ],
                    [
                        -84.1250057,
                        39.0201559
                    ],
                    [
                        -84.1248598,
                        39.0211695
                    ],
                    [
                        -84.1250916,
                        39.0215563
                    ],
                    [
                        -84.125289,
                        39.0224765
                    ],
                    [
                        -84.1253491,
                        39.0229032
                    ],
                    [
                        -84.1253319,
                        39.0235434
                    ],
                    [
                        -84.1249886,
                        39.0239568
                    ],
                    [
                        -84.1245165,
                        39.0242769
                    ],
                    [
                        -84.1237011,
                        39.0249703
                    ],
                    [
                        -84.1235981,
                        39.0246903
                    ],
                    [
                        -84.1232548,
                        39.0244769
                    ],
                    [
                        -84.1227999,
                        39.0247436
                    ],
                    [
                        -84.1224995,
                        39.0245902
                    ],
                    [
                        -84.1220017,
                        39.0247436
                    ],
                    [
                        -84.1219845,
                        39.0250903
                    ],
                    [
                        -84.1220875,
                        39.0253904
                    ],
                    [
                        -84.1223965,
                        39.0255704
                    ],
                    [
                        -84.1229458,
                        39.0255704
                    ],
                    [
                        -84.1225424,
                        39.0260238
                    ],
                    [
                        -84.1223965,
                        39.0263039
                    ],
                    [
                        -84.122139,
                        39.0263439
                    ],
                    [
                        -84.1221132,
                        39.0265039
                    ],
                    [
                        -84.1218128,
                        39.0267706
                    ],
                    [
                        -84.1214867,
                        39.0265906
                    ],
                    [
                        -84.1211262,
                        39.0260772
                    ],
                    [
                        -84.1210404,
                        39.0256104
                    ],
                    [
                        -84.1211948,
                        39.0247569
                    ],
                    [
                        -84.1209374,
                        39.0249236
                    ],
                    [
                        -84.1207829,
                        39.0251904
                    ],
                    [
                        -84.1203537,
                        39.025037
                    ],
                    [
                        -84.1207399,
                        39.0253571
                    ],
                    [
                        -84.1206799,
                        39.0255438
                    ],
                    [
                        -84.1203709,
                        39.0255571
                    ],
                    [
                        -84.1204825,
                        39.0257438
                    ],
                    [
                        -84.1206541,
                        39.0258105
                    ],
                    [
                        -84.1204825,
                        39.0262906
                    ],
                    [
                        -84.1206541,
                        39.0265439
                    ],
                    [
                        -84.1202679,
                        39.026704
                    ],
                    [
                        -84.1198216,
                        39.026624
                    ],
                    [
                        -84.1196499,
                        39.0267906
                    ],
                    [
                        -84.1191521,
                        39.0266773
                    ],
                    [
                        -84.1189633,
                        39.0261572
                    ],
                    [
                        -84.1187229,
                        39.0260772
                    ],
                    [
                        -84.1187916,
                        39.0256104
                    ],
                    [
                        -84.1183624,
                        39.0258371
                    ],
                    [
                        -84.1184826,
                        39.0260372
                    ],
                    [
                        -84.1187058,
                        39.0262572
                    ],
                    [
                        -84.1186543,
                        39.0265573
                    ],
                    [
                        -84.1179333,
                        39.0265239
                    ],
                    [
                        -84.1177702,
                        39.0263439
                    ],
                    [
                        -84.1176672,
                        39.0265439
                    ],
                    [
                        -84.1170664,
                        39.0265706
                    ],
                    [
                        -84.1166544,
                        39.026704
                    ],
                    [
                        -84.1163368,
                        39.0264906
                    ],
                    [
                        -84.1160536,
                        39.0266373
                    ],
                    [
                        -84.1164827,
                        39.0268373
                    ],
                    [
                        -84.1166201,
                        39.0269707
                    ],
                    [
                        -84.1162939,
                        39.0271707
                    ],
                    [
                        -84.1161652,
                        39.0274374
                    ],
                    [
                        -84.1167059,
                        39.027144
                    ],
                    [
                        -84.1172381,
                        39.026904
                    ],
                    [
                        -84.1180277,
                        39.0270374
                    ],
                    [
                        -84.118268,
                        39.0272774
                    ],
                    [
                        -84.1183109,
                        39.0270907
                    ],
                    [
                        -84.118783,
                        39.027144
                    ],
                    [
                        -84.1188517,
                        39.0272374
                    ],
                    [
                        -84.119298,
                        39.0273707
                    ],
                    [
                        -84.1194697,
                        39.0276241
                    ],
                    [
                        -84.1198301,
                        39.0274908
                    ],
                    [
                        -84.1199417,
                        39.0273441
                    ],
                    [
                        -84.1211434,
                        39.0275708
                    ],
                    [
                        -84.1212034,
                        39.0276908
                    ],
                    [
                        -84.1210833,
                        39.0279908
                    ],
                    [
                        -84.1208,
                        39.0280575
                    ],
                    [
                        -84.1207399,
                        39.0282109
                    ],
                    [
                        -84.1203966,
                        39.0283109
                    ],
                    [
                        -84.1203537,
                        39.0284776
                    ],
                    [
                        -84.11971,
                        39.0287109
                    ],
                    [
                        -84.1194782,
                        39.0286643
                    ],
                    [
                        -84.1187658,
                        39.028891
                    ],
                    [
                        -84.1187058,
                        39.0289976
                    ],
                    [
                        -84.1191092,
                        39.0289976
                    ],
                    [
                        -84.1191521,
                        39.029111
                    ],
                    [
                        -84.1193924,
                        39.029291
                    ],
                    [
                        -84.1195984,
                        39.029131
                    ],
                    [
                        -84.1199932,
                        39.0291777
                    ],
                    [
                        -84.1199932,
                        39.0293444
                    ],
                    [
                        -84.1202507,
                        39.0298644
                    ],
                    [
                        -84.1206112,
                        39.029311
                    ],
                    [
                        -84.1208258,
                        39.0294644
                    ],
                    [
                        -84.1212978,
                        39.0301311
                    ],
                    [
                        -84.1217098,
                        39.0305978
                    ],
                    [
                        -84.1216841,
                        39.0307979
                    ],
                    [
                        -84.1220532,
                        39.0310779
                    ],
                    [
                        -84.1222248,
                        39.0311112
                    ],
                    [
                        -84.1224136,
                        39.0309112
                    ],
                    [
                        -84.1229115,
                        39.0310446
                    ],
                    [
                        -84.1234264,
                        39.0313446
                    ],
                    [
                        -84.123744,
                        39.0313779
                    ],
                    [
                        -84.1242161,
                        39.0312112
                    ],
                    [
                        -84.1246882,
                        39.0312646
                    ],
                    [
                        -84.1252632,
                        39.0313779
                    ],
                    [
                        -84.1263447,
                        39.0311112
                    ],
                    [
                        -84.1265764,
                        39.0309445
                    ],
                    [
                        -84.1269798,
                        39.0309979
                    ],
                    [
                        -84.127924,
                        39.0307979
                    ],
                    [
                        -84.1282244,
                        39.0306778
                    ],
                    [
                        -84.1292544,
                        39.0306645
                    ],
                    [
                        -84.1302672,
                        39.0304112
                    ],
                    [
                        -84.1308422,
                        39.0304645
                    ],
                    [
                        -84.1311426,
                        39.0307445
                    ],
                    [
                        -84.1310568,
                        39.0309112
                    ],
                    [
                        -84.1309538,
                        39.0311312
                    ],
                    [
                        -84.1312456,
                        39.0313112
                    ],
                    [
                        -84.1310139,
                        39.0317113
                    ],
                    [
                        -84.1308165,
                        39.0317313
                    ],
                    [
                        -84.1310997,
                        39.0320247
                    ],
                    [
                        -84.1312714,
                        39.0322647
                    ],
                    [
                        -84.1310568,
                        39.0325447
                    ],
                    [
                        -84.1308851,
                        39.0327114
                    ],
                    [
                        -84.1308422,
                        39.0328447
                    ],
                    [
                        -84.1305246,
                        39.0330781
                    ],
                    [
                        -84.1301813,
                        39.0330247
                    ],
                    [
                        -84.1296835,
                        39.0329981
                    ],
                    [
                        -84.129941,
                        39.0330914
                    ],
                    [
                        -84.1300097,
                        39.0331581
                    ],
                    [
                        -84.1302259,
                        39.0332574
                    ],
                    [
                        -84.1305022,
                        39.0333341
                    ],
                    [
                        -84.1308351,
                        39.0336526
                    ],
                    [
                        -84.1311459,
                        39.0336714
                    ],
                    [
                        -84.1313275,
                        39.0337797
                    ],
                    [
                        -84.1314816,
                        39.0337508
                    ],
                    [
                        -84.131556,
                        39.0337368
                    ],
                    [
                        -84.1317572,
                        39.0338633
                    ],
                    [
                        -84.131784,
                        39.0340133
                    ],
                    [
                        -84.1317263,
                        39.0341982
                    ],
                    [
                        -84.1316147,
                        39.0345315
                    ],
                    [
                        -84.1314369,
                        39.0347922
                    ],
                    [
                        -84.1314427,
                        39.0348329
                    ],
                    [
                        -84.1314602,
                        39.0349568
                    ],
                    [
                        -84.1318979,
                        39.0350115
                    ],
                    [
                        -84.1318947,
                        39.0351048
                    ],
                    [
                        -84.1318722,
                        39.0357582
                    ],
                    [
                        -84.1318293,
                        39.0362916
                    ],
                    [
                        -84.1318979,
                        39.0365783
                    ],
                    [
                        -84.1321297,
                        39.0368783
                    ],
                    [
                        -84.1325674,
                        39.0367383
                    ],
                    [
                        -84.1330567,
                        39.0368049
                    ],
                    [
                        -84.1333399,
                        39.0368049
                    ],
                    [
                        -84.1336317,
                        39.0370049
                    ],
                    [
                        -84.133915,
                        39.0373249
                    ],
                    [
                        -84.1346617,
                        39.0375116
                    ],
                    [
                        -84.1349878,
                        39.0374249
                    ],
                    [
                        -84.1353483,
                        39.0372249
                    ],
                    [
                        -84.1358032,
                        39.0372916
                    ],
                    [
                        -84.1361208,
                        39.0375249
                    ],
                    [
                        -84.1360607,
                        39.0378916
                    ],
                    [
                        -84.135829,
                        39.0381583
                    ],
                    [
                        -84.1356058,
                        39.0385316
                    ],
                    [
                        -84.1356917,
                        39.0387116
                    ],
                    [
                        -84.1356058,
                        39.0388783
                    ],
                    [
                        -84.1350737,
                        39.0389583
                    ],
                    [
                        -84.1347733,
                        39.0388916
                    ],
                    [
                        -84.1347132,
                        39.0389983
                    ],
                    [
                        -84.1342325,
                        39.0391116
                    ],
                    [
                        -84.1338549,
                        39.0390449
                    ],
                    [
                        -84.1338549,
                        39.0392649
                    ],
                    [
                        -84.1333742,
                        39.0394783
                    ],
                    [
                        -84.1329279,
                        39.0393316
                    ],
                    [
                        -84.1325159,
                        39.0392783
                    ],
                    [
                        -84.1322584,
                        39.0394649
                    ],
                    [
                        -84.1326876,
                        39.0397983
                    ],
                    [
                        -84.1321983,
                        39.0399316
                    ],
                    [
                        -84.1320524,
                        39.0403316
                    ],
                    [
                        -84.1317091,
                        39.0404449
                    ],
                    [
                        -84.1313143,
                        39.0408116
                    ],
                    [
                        -84.13134,
                        39.0409982
                    ],
                    [
                        -84.1308251,
                        39.0410916
                    ],
                    [
                        -84.1304388,
                        39.0416649
                    ],
                    [
                        -84.1309967,
                        39.0414782
                    ],
                    [
                        -84.1316404,
                        39.0412916
                    ],
                    [
                        -84.1321554,
                        39.0410649
                    ],
                    [
                        -84.1324558,
                        39.0406916
                    ],
                    [
                        -84.1330996,
                        39.0405583
                    ],
                    [
                        -84.1338549,
                        39.0402916
                    ],
                    [
                        -84.134284,
                        39.0402449
                    ],
                    [
                        -84.1349707,
                        39.0399983
                    ],
                    [
                        -84.1348591,
                        39.0405116
                    ],
                    [
                        -84.134902,
                        39.0407982
                    ],
                    [
                        -84.1350565,
                        39.0411116
                    ],
                    [
                        -84.1349878,
                        39.0413782
                    ],
                    [
                        -84.1347132,
                        39.0416115
                    ],
                    [
                        -84.1344729,
                        39.0419315
                    ],
                    [
                        -84.1343184,
                        39.0422248
                    ],
                    [
                        -84.1333571,
                        39.0425582
                    ],
                    [
                        -84.133872,
                        39.0426782
                    ],
                    [
                        -84.1344299,
                        39.0427981
                    ],
                    [
                        -84.1344042,
                        39.0430781
                    ],
                    [
                        -84.1341982,
                        39.0437314
                    ],
                    [
                        -84.1339407,
                        39.0440781
                    ],
                    [
                        -84.1339407,
                        39.0442247
                    ],
                    [
                        -84.1332541,
                        39.0441981
                    ],
                    [
                        -84.1339579,
                        39.044378
                    ],
                    [
                        -84.133975,
                        39.0450913
                    ],
                    [
                        -84.1341467,
                        39.0452246
                    ],
                    [
                        -84.1339579,
                        39.0456246
                    ],
                    [
                        -84.1343441,
                        39.0459312
                    ],
                    [
                        -84.1340437,
                        39.0460645
                    ],
                    [
                        -84.1338892,
                        39.0464245
                    ],
                    [
                        -84.1335116,
                        39.0467578
                    ],
                    [
                        -84.1335287,
                        39.0471777
                    ],
                    [
                        -84.1332026,
                        39.047511
                    ],
                    [
                        -84.1327562,
                        39.0475777
                    ],
                    [
                        -84.1333571,
                        39.0477777
                    ],
                    [
                        -84.1339579,
                        39.0474644
                    ],
                    [
                        -84.1340609,
                        39.047491
                    ],
                    [
                        -84.1346445,
                        39.0470444
                    ],
                    [
                        -84.1344729,
                        39.0469978
                    ],
                    [
                        -84.1351423,
                        39.0466645
                    ],
                    [
                        -84.1353741,
                        39.045278
                    ],
                    [
                        -84.13552,
                        39.044958
                    ],
                    [
                        -84.1354342,
                        39.0446647
                    ],
                    [
                        -84.1352625,
                        39.0444914
                    ],
                    [
                        -84.1352282,
                        39.0442447
                    ],
                    [
                        -84.1356316,
                        39.0439447
                    ],
                    [
                        -84.1355715,
                        39.0436914
                    ],
                    [
                        -84.1358633,
                        39.0434648
                    ],
                    [
                        -84.1362581,
                        39.0430115
                    ],
                    [
                        -84.1359491,
                        39.0426115
                    ],
                    [
                        -84.1362324,
                        39.0422248
                    ],
                    [
                        -84.1361895,
                        39.0420115
                    ],
                    [
                        -84.1366873,
                        39.0418382
                    ],
                    [
                        -84.1370649,
                        39.0415449
                    ],
                    [
                        -84.1372881,
                        39.0415249
                    ],
                    [
                        -84.1372023,
                        39.0414116
                    ],
                    [
                        -84.136919,
                        39.0413716
                    ],
                    [
                        -84.1367474,
                        39.0410382
                    ],
                    [
                        -84.1364641,
                        39.0407582
                    ],
                    [
                        -84.13655,
                        39.0404116
                    ],
                    [
                        -84.1365328,
                        39.0402249
                    ],
                    [
                        -84.1368075,
                        39.0399249
                    ],
                    [
                        -84.1368761,
                        39.0395449
                    ],
                    [
                        -84.1369791,
                        39.0391916
                    ],
                    [
                        -84.1372366,
                        39.0391449
                    ],
                    [
                        -84.1375628,
                        39.0393583
                    ],
                    [
                        -84.1377173,
                        39.0394116
                    ],
                    [
                        -84.1376915,
                        39.0388249
                    ],
                    [
                        -84.1382923,
                        39.0388116
                    ],
                    [
                        -84.137949,
                        39.0382583
                    ],
                    [
                        -84.1378374,
                        39.0379449
                    ],
                    [
                        -84.1383181,
                        39.0377249
                    ],
                    [
                        -84.1385927,
                        39.0372783
                    ],
                    [
                        -84.1388502,
                        39.0370916
                    ],
                    [
                        -84.1390219,
                        39.0368249
                    ],
                    [
                        -84.1396656,
                        39.0367716
                    ],
                    [
                        -84.1400261,
                        39.0372116
                    ],
                    [
                        -84.1400519,
                        39.0376583
                    ],
                    [
                        -84.1402493,
                        39.0372583
                    ],
                    [
                        -84.1402836,
                        39.0368249
                    ],
                    [
                        -84.1405926,
                        39.0364116
                    ],
                    [
                        -84.1408844,
                        39.0363716
                    ],
                    [
                        -84.1410818,
                        39.0364916
                    ],
                    [
                        -84.1412964,
                        39.0365716
                    ],
                    [
                        -84.1414509,
                        39.0365249
                    ],
                    [
                        -84.1416569,
                        39.0360382
                    ],
                    [
                        -84.1418114,
                        39.0357249
                    ],
                    [
                        -84.1426869,
                        39.0353049
                    ],
                    [
                        -84.14291,
                        39.0351915
                    ],
                    [
                        -84.1425839,
                        39.0342915
                    ],
                    [
                        -84.1423864,
                        39.0342915
                    ],
                    [
                        -84.1423521,
                        39.0338515
                    ],
                    [
                        -84.1425839,
                        39.0331181
                    ],
                    [
                        -84.142498,
                        39.0329181
                    ],
                    [
                        -84.1425409,
                        39.032638
                    ],
                    [
                        -84.1426954,
                        39.0324914
                    ],
                    [
                        -84.1426697,
                        39.0323047
                    ],
                    [
                        -84.1428671,
                        39.0315846
                    ],
                    [
                        -84.1430559,
                        39.0312046
                    ],
                    [
                        -84.1431418,
                        39.0309845
                    ],
                    [
                        -84.1431589,
                        39.0302511
                    ],
                    [
                        -84.1430559,
                        39.0296711
                    ],
                    [
                        -84.1427984,
                        39.0287976
                    ],
                    [
                        -84.1426268,
                        39.0280908
                    ],
                    [
                        -84.1423693,
                        39.0272441
                    ],
                    [
                        -84.1423092,
                        39.0265573
                    ],
                    [
                        -84.1424294,
                        39.0264773
                    ],
                    [
                        -84.1423693,
                        39.0262639
                    ],
                    [
                        -84.1425667,
                        39.0247569
                    ],
                    [
                        -84.1429701,
                        39.0242102
                    ],
                    [
                        -84.1433392,
                        39.0239568
                    ],
                    [
                        -84.143528,
                        39.0237434
                    ],
                    [
                        -84.144455,
                        39.0233033
                    ],
                    [
                        -84.1447125,
                        39.0230032
                    ],
                    [
                        -84.1452446,
                        39.0224898
                    ],
                    [
                        -84.1454849,
                        39.022023
                    ],
                    [
                        -84.1458454,
                        39.0218897
                    ],
                    [
                        -84.1460343,
                        39.0216029
                    ],
                    [
                        -84.1468754,
                        39.0211361
                    ],
                    [
                        -84.1474762,
                        39.0209028
                    ],
                    [
                        -84.1484375,
                        39.0204026
                    ],
                    [
                        -84.1487637,
                        39.0202226
                    ],
                    [
                        -84.1493816,
                        39.0196691
                    ],
                    [
                        -84.1498795,
                        39.0193357
                    ],
                    [
                        -84.1500293,
                        39.0191819
                    ],
                    [
                        -84.1501198,
                        39.019089
                    ],
                    [
                        -84.1506004,
                        39.018871
                    ],
                    [
                        -84.1506873,
                        39.0189339
                    ],
                    [
                        -84.1507715,
                        39.0189948
                    ],
                    [
                        -84.1506958,
                        39.0191115
                    ],
                    [
                        -84.1508509,
                        39.0195823
                    ],
                    [
                        -84.150857,
                        39.0197282
                    ],
                    [
                        -84.1508175,
                        39.0198814
                    ],
                    [
                        -84.1508755,
                        39.0200837
                    ],
                    [
                        -84.1508581,
                        39.02035
                    ],
                    [
                        -84.1507653,
                        39.0204786
                    ],
                    [
                        -84.1502657,
                        39.0208894
                    ],
                    [
                        -84.1500592,
                        39.021007
                    ],
                    [
                        -84.1497507,
                        39.0211828
                    ],
                    [
                        -84.1500585,
                        39.0213617
                    ],
                    [
                        -84.1511926,
                        39.0221243
                    ],
                    [
                        -84.1515649,
                        39.0223746
                    ],
                    [
                        -84.1524546,
                        39.0229412
                    ],
                    [
                        -84.1526874,
                        39.0229758
                    ],
                    [
                        -84.1529049,
                        39.0229135
                    ],
                    [
                        -84.1531839,
                        39.0227832
                    ],
                    [
                        -84.1536484,
                        39.0223659
                    ],
                    [
                        -84.1538963,
                        39.022023
                    ],
                    [
                        -84.1541023,
                        39.0216896
                    ],
                    [
                        -84.1546173,
                        39.0211695
                    ],
                    [
                        -84.1549864,
                        39.0206227
                    ],
                    [
                        -84.1553726,
                        39.0200492
                    ],
                    [
                        -84.155776,
                        39.0192357
                    ],
                    [
                        -84.1558619,
                        39.0185555
                    ],
                    [
                        -84.1560593,
                        39.018102
                    ],
                    [
                        -84.1569777,
                        39.0180553
                    ],
                    [
                        -84.1576643,
                        39.0182087
                    ],
                    [
                        -84.1580763,
                        39.0184088
                    ],
                    [
                        -84.1585226,
                        39.0184554
                    ],
                    [
                        -84.1590376,
                        39.0184088
                    ],
                    [
                        -84.1594067,
                        39.0183221
                    ],
                    [
                        -84.1597929,
                        39.018102
                    ],
                    [
                        -84.1600332,
                        39.017942
                    ],
                    [
                        -84.1602221,
                        39.017922
                    ],
                    [
                        -84.1603766,
                        39.018122
                    ],
                    [
                        -84.1603766,
                        39.0182754
                    ],
                    [
                        -84.1606941,
                        39.0185421
                    ],
                    [
                        -84.161252,
                        39.0186222
                    ],
                    [
                        -84.161438,
                        39.0185828
                    ],
                    [
                        -84.1615215,
                        39.0185651
                    ],
                    [
                        -84.1617241,
                        39.0185221
                    ],
                    [
                        -84.1622992,
                        39.018102
                    ],
                    [
                        -84.1624966,
                        39.0178086
                    ],
                    [
                        -84.1624461,
                        39.0176944
                    ],
                    [
                        -84.1621062,
                        39.0169311
                    ],
                    [
                        -84.1622391,
                        39.0177819
                    ],
                    [
                        -84.1619644,
                        39.0180487
                    ],
                    [
                        -84.1612778,
                        39.0183154
                    ],
                    [
                        -84.1607971,
                        39.0176219
                    ],
                    [
                        -84.1599903,
                        39.0172884
                    ],
                    [
                        -84.1589775,
                        39.0176485
                    ],
                    [
                        -84.1589047,
                        39.0176228
                    ],
                    [
                        -84.1578446,
                        39.0172484
                    ],
                    [
                        -84.1563725,
                        39.0169216
                    ],
                    [
                        -84.1561583,
                        39.0167243
                    ],
                    [
                        -84.156086,
                        39.0162931
                    ],
                    [
                        -84.1562491,
                        39.016077
                    ],
                    [
                        -84.1560303,
                        39.0162068
                    ],
                    [
                        -84.1558363,
                        39.0163769
                    ],
                    [
                        -84.1556668,
                        39.0165962
                    ],
                    [
                        -84.1554667,
                        39.0167205
                    ],
                    [
                        -84.155196,
                        39.0166794
                    ],
                    [
                        -84.1542997,
                        39.0160881
                    ],
                    [
                        -84.1533213,
                        39.015768
                    ],
                    [
                        -84.153553,
                        39.0148543
                    ],
                    [
                        -84.1534184,
                        39.0142526
                    ],
                    [
                        -84.1533814,
                        39.0140874
                    ],
                    [
                        -84.1530724,
                        39.0138023
                    ],
                    [
                        -84.1526947,
                        39.0134538
                    ],
                    [
                        -84.152516,
                        39.0119132
                    ],
                    [
                        -84.1509009,
                        39.0108062
                    ],
                    [
                        -84.1507587,
                        39.0105858
                    ],
                    [
                        -84.1508346,
                        39.0103076
                    ],
                    [
                        -84.1503687,
                        39.0105061
                    ],
                    [
                        -84.1496391,
                        39.010306
                    ],
                    [
                        -84.1492529,
                        39.0097058
                    ],
                    [
                        -84.1488237,
                        39.009459
                    ],
                    [
                        -84.1486866,
                        39.0094253
                    ],
                    [
                        -84.1485663,
                        39.009439
                    ],
                    [
                        -84.1483088,
                        39.0090188
                    ],
                    [
                        -84.1487791,
                        39.0085525
                    ],
                    [
                        -84.1487394,
                        39.0084528
                    ],
                    [
                        -84.1486691,
                        39.0084616
                    ],
                    [
                        -84.1482143,
                        39.0089091
                    ],
                    [
                        -84.1480084,
                        39.0091522
                    ],
                    [
                        -84.1479654,
                        39.0094723
                    ],
                    [
                        -84.1487208,
                        39.0097724
                    ],
                    [
                        -84.1495962,
                        39.0107062
                    ],
                    [
                        -84.1502657,
                        39.0109396
                    ],
                    [
                        -84.150815,
                        39.0114731
                    ],
                    [
                        -84.1514845,
                        39.0120733
                    ],
                    [
                        -84.1513128,
                        39.0131537
                    ],
                    [
                        -84.1515017,
                        39.0139273
                    ],
                    [
                        -84.1518965,
                        39.0144409
                    ],
                    [
                        -84.1518107,
                        39.014841
                    ],
                    [
                        -84.1514845,
                        39.0152211
                    ],
                    [
                        -84.1507549,
                        39.0153545
                    ],
                    [
                        -84.1494074,
                        39.0156879
                    ],
                    [
                        -84.1483259,
                        39.0160881
                    ],
                    [
                        -84.1474934,
                        39.016008
                    ],
                    [
                        -84.1471263,
                        39.0158179
                    ],
                    [
                        -84.1467466,
                        39.0156212
                    ],
                    [
                        -84.1470213,
                        39.0149544
                    ],
                    [
                        -84.1468955,
                        39.0142114
                    ],
                    [
                        -84.1468926,
                        39.0141941
                    ],
                    [
                        -84.1467883,
                        39.0140463
                    ],
                    [
                        -84.1465492,
                        39.0137073
                    ],
                    [
                        -84.145885,
                        39.0128989
                    ],
                    [
                        -84.1458368,
                        39.0128403
                    ],
                    [
                        -84.145236,
                        39.0122868
                    ],
                    [
                        -84.145122,
                        39.0122646
                    ],
                    [
                        -84.1448791,
                        39.0122174
                    ],
                    [
                        -84.1447087,
                        39.0118974
                    ],
                    [
                        -84.1445494,
                        39.0121534
                    ],
                    [
                        -84.1451502,
                        39.0126069
                    ],
                    [
                        -84.1457768,
                        39.0133738
                    ],
                    [
                        -84.1460343,
                        39.013874
                    ],
                    [
                        -84.1460085,
                        39.0142741
                    ],
                    [
                        -84.1456734,
                        39.014895
                    ],
                    [
                        -84.1456067,
                        39.0154529
                    ],
                    [
                        -84.1454654,
                        39.0162009
                    ],
                    [
                        -84.1455746,
                        39.0163649
                    ],
                    [
                        -84.1459398,
                        39.0165816
                    ],
                    [
                        -84.1466007,
                        39.0168883
                    ],
                    [
                        -84.1467724,
                        39.017115
                    ],
                    [
                        -84.1461514,
                        39.0175964
                    ],
                    [
                        -84.1457147,
                        39.0179114
                    ],
                    [
                        -84.1452822,
                        39.0180463
                    ],
                    [
                        -84.1451157,
                        39.0181777
                    ],
                    [
                        -84.1449134,
                        39.0182687
                    ],
                    [
                        -84.1446789,
                        39.0182225
                    ],
                    [
                        -84.1442576,
                        39.0177686
                    ],
                    [
                        -84.1441929,
                        39.0174863
                    ],
                    [
                        -84.1440353,
                        39.0175787
                    ],
                    [
                        -84.1439632,
                        39.0174856
                    ],
                    [
                        -84.1438759,
                        39.016908
                    ],
                    [
                        -84.1437224,
                        39.0168126
                    ],
                    [
                        -84.1436869,
                        39.0169018
                    ],
                    [
                        -84.1435099,
                        39.0169059
                    ],
                    [
                        -84.1435934,
                        39.0170926
                    ],
                    [
                        -84.1435298,
                        39.0172959
                    ],
                    [
                        -84.1434841,
                        39.0174507
                    ],
                    [
                        -84.1435685,
                        39.0176479
                    ],
                    [
                        -84.1437863,
                        39.017797
                    ],
                    [
                        -84.14394,
                        39.018102
                    ],
                    [
                        -84.1436825,
                        39.0182887
                    ],
                    [
                        -84.1431734,
                        39.0180761
                    ],
                    [
                        -84.1433392,
                        39.0183154
                    ],
                    [
                        -84.1430388,
                        39.0184021
                    ],
                    [
                        -84.1427984,
                        39.0182887
                    ],
                    [
                        -84.1424379,
                        39.0183687
                    ],
                    [
                        -84.1421805,
                        39.0187155
                    ],
                    [
                        -84.1416655,
                        39.0189689
                    ],
                    [
                        -84.1411076,
                        39.0189689
                    ],
                    [
                        -84.1408344,
                        39.0186897
                    ],
                    [
                        -84.1406183,
                        39.0184688
                    ],
                    [
                        -84.1405062,
                        39.0184618
                    ],
                    [
                        -84.1402222,
                        39.0182484
                    ],
                    [
                        -84.1395888,
                        39.0179066
                    ],
                    [
                        -84.1387817,
                        39.01759
                    ],
                    [
                        -84.1383885,
                        39.0174125
                    ],
                    [
                        -84.1381807,
                        39.0177086
                    ],
                    [
                        -84.1383746,
                        39.0180686
                    ],
                    [
                        -84.1383782,
                        39.0180753
                    ],
                    [
                        -84.1386356,
                        39.0183287
                    ],
                    [
                        -84.1384382,
                        39.0183954
                    ],
                    [
                        -84.1379233,
                        39.0182087
                    ],
                    [
                        -84.137509,
                        39.0179658
                    ],
                    [
                        -84.1367049,
                        39.0178968
                    ],
                    [
                        -84.1366069,
                        39.0184392
                    ],
                    [
                        -84.1365753,
                        39.0189391
                    ],
                    [
                        -84.1363977,
                        39.0194125
                    ],
                    [
                        -84.1355161,
                        39.0197572
                    ],
                    [
                        -84.135,
                        39.019882
                    ],
                    [
                        -84.134422,
                        39.0199023
                    ],
                    [
                        -84.1337404,
                        39.0198412
                    ],
                    [
                        -84.133212,
                        39.0196772
                    ],
                    [
                        -84.1327464,
                        39.0194107
                    ],
                    [
                        -84.132273,
                        39.0190564
                    ],
                    [
                        -84.1319495,
                        39.0188008
                    ],
                    [
                        -84.131844,
                        39.0184578
                    ],
                    [
                        -84.1318001,
                        39.0183049
                    ],
                    [
                        -84.1317554,
                        39.0183051
                    ],
                    [
                        -84.1315117,
                        39.0183087
                    ],
                    [
                        -84.1311941,
                        39.0182087
                    ],
                    [
                        -84.130971,
                        39.0178086
                    ],
                    [
                        -84.1307821,
                        39.0174418
                    ],
                    [
                        -84.1305075,
                        39.0172884
                    ],
                    [
                        -84.1303965,
                        39.0171405
                    ],
                    [
                        -84.1302071,
                        39.0168883
                    ],
                    [
                        -84.1295633,
                        39.0166482
                    ],
                    [
                        -84.1293488,
                        39.0163682
                    ],
                    [
                        -84.1294346,
                        39.0159814
                    ],
                    [
                        -84.1298037,
                        39.0157813
                    ],
                    [
                        -84.1301642,
                        39.0154345
                    ],
                    [
                        -84.1306963,
                        39.0147676
                    ],
                    [
                        -84.1311512,
                        39.0140674
                    ],
                    [
                        -84.1314516,
                        39.0131671
                    ],
                    [
                        -84.1314361,
                        39.0131041
                    ],
                    [
                        -84.1314087,
                        39.0122334
                    ],
                    [
                        -84.131074,
                        39.0116198
                    ],
                    [
                        -84.1309592,
                        39.0115294
                    ],
                    [
                        -84.1304388,
                        39.0111196
                    ],
                    [
                        -84.1296406,
                        39.0107995
                    ],
                    [
                        -84.1289282,
                        39.0106661
                    ],
                    [
                        -84.1287984,
                        39.0106872
                    ],
                    [
                        -84.1279841,
                        39.0108195
                    ],
                    [
                        -84.1270399,
                        39.0109729
                    ],
                    [
                        -84.1256666,
                        39.0113197
                    ],
                    [
                        -84.124362,
                        39.0118199
                    ],
                    [
                        -84.1242833,
                        39.0119972
                    ],
                    [
                        -84.1239328,
                        39.0127869
                    ],
                    [
                        -84.1237731,
                        39.0129548
                    ],
                    [
                        -84.1233492,
                        39.0134005
                    ],
                    [
                        -84.1231604,
                        39.0142675
                    ],
                    [
                        -84.1230917,
                        39.0147743
                    ],
                    [
                        -84.12264,
                        39.0155378
                    ],
                    [
                        -84.1226025,
                        39.0156012
                    ],
                    [
                        -84.1223021,
                        39.0157346
                    ],
                    [
                        -84.1218557,
                        39.0156212
                    ],
                    [
                        -84.1217184,
                        39.0154879
                    ],
                    [
                        -84.1210833,
                        39.0151344
                    ],
                    [
                        -84.1204138,
                        39.0146876
                    ],
                    [
                        -84.1203108,
                        39.0143075
                    ],
                    [
                        -84.1204567,
                        39.0137206
                    ],
                    [
                        -84.1202593,
                        39.0129737
                    ],
                    [
                        -84.1203108,
                        39.0123735
                    ],
                    [
                        -84.1201936,
                        39.012196
                    ],
                    [
                        -84.119813,
                        39.0116198
                    ],
                    [
                        -84.1191092,
                        39.0109663
                    ],
                    [
                        -84.1184569,
                        39.0106995
                    ],
                    [
                        -84.1178818,
                        39.0103193
                    ],
                    [
                        -84.1173668,
                        39.0103393
                    ],
                    [
                        -84.1163626,
                        39.0101859
                    ],
                    [
                        -84.115814,
                        39.0101859
                    ],
                    [
                        -84.1151781,
                        39.0101859
                    ],
                    [
                        -84.113616,
                        39.0105394
                    ],
                    [
                        -84.1135722,
                        39.0105599
                    ],
                    [
                        -84.1127319,
                        39.0109529
                    ],
                    [
                        -84.1121912,
                        39.0116999
                    ],
                    [
                        -84.112071,
                        39.0122868
                    ],
                    [
                        -84.1118307,
                        39.0125402
                    ],
                    [
                        -84.1119337,
                        39.0128203
                    ],
                    [
                        -84.1118307,
                        39.0134872
                    ],
                    [
                        -84.112217,
                        39.0143008
                    ],
                    [
                        -84.112174,
                        39.0146743
                    ],
                    [
                        -84.1119166,
                        39.0148343
                    ],
                    [
                        -84.1115303,
                        39.0148343
                    ],
                    [
                        -84.1110754,
                        39.0146543
                    ],
                    [
                        -84.1103287,
                        39.0141007
                    ],
                    [
                        -84.109642,
                        39.0134338
                    ],
                    [
                        -84.1085393,
                        39.0133142
                    ],
                    [
                        -84.108482,
                        39.013308
                    ],
                    [
                        -84.1084699,
                        39.0132747
                    ],
                    [
                        -84.1083578,
                        39.0129667
                    ],
                    [
                        -84.1083288,
                        39.012887
                    ],
                    [
                        -84.108037,
                        39.0124535
                    ],
                    [
                        -84.1077538,
                        39.0127202
                    ],
                    [
                        -84.1073504,
                        39.0127202
                    ],
                    [
                        -84.1067839,
                        39.0124535
                    ],
                    [
                        -84.1067495,
                        39.0127536
                    ],
                    [
                        -84.1065779,
                        39.012907
                    ],
                    [
                        -84.1059942,
                        39.0130404
                    ],
                    [
                        -84.1050501,
                        39.0130204
                    ],
                    [
                        -84.104475,
                        39.0127736
                    ],
                    [
                        -84.1039343,
                        39.0127936
                    ],
                    [
                        -84.1035738,
                        39.013087
                    ],
                    [
                        -84.1031017,
                        39.0132404
                    ],
                    [
                        -84.1028872,
                        39.0131404
                    ],
                    [
                        -84.1026726,
                        39.0124602
                    ],
                    [
                        -84.102458,
                        39.013087
                    ],
                    [
                        -84.1025009,
                        39.0133738
                    ],
                    [
                        -84.1026983,
                        39.0134872
                    ],
                    [
                        -84.1024408,
                        39.0136206
                    ],
                    [
                        -84.1017885,
                        39.0136072
                    ],
                    [
                        -84.101428,
                        39.0134872
                    ],
                    [
                        -84.1008701,
                        39.0125402
                    ],
                    [
                        -84.100441,
                        39.0121267
                    ],
                    [
                        -84.1000719,
                        39.0116065
                    ],
                    [
                        -84.0999861,
                        39.011073
                    ],
                    [
                        -84.1000977,
                        39.0103727
                    ],
                    [
                        -84.1003981,
                        39.010326
                    ],
                    [
                        -84.1002092,
                        39.0101526
                    ],
                    [
                        -84.1003981,
                        39.0094323
                    ],
                    [
                        -84.1005697,
                        39.008632
                    ],
                    [
                        -84.1004152,
                        39.0075515
                    ],
                    [
                        -84.1002971,
                        39.0071721
                    ],
                    [
                        -84.1002865,
                        39.007138
                    ],
                    [
                        -84.10009,
                        39.00691
                    ],
                    [
                        -84.1000533,
                        39.0068472
                    ],
                    [
                        -84.0998958,
                        39.006578
                    ],
                    [
                        -84.1002944,
                        39.0061383
                    ],
                    [
                        -84.0997558,
                        39.0061092
                    ],
                    [
                        -84.0997372,
                        39.0054706
                    ],
                    [
                        -84.0995655,
                        39.0050037
                    ],
                    [
                        -84.0997114,
                        39.0047369
                    ],
                    [
                        -84.0996126,
                        39.0046967
                    ],
                    [
                        -84.0993509,
                        39.0045902
                    ],
                    [
                        -84.0994196,
                        39.0042833
                    ],
                    [
                        -84.099338,
                        39.0039504
                    ],
                    [
                        -84.0992823,
                        39.0037231
                    ],
                    [
                        -84.099308,
                        39.0032161
                    ],
                    [
                        -84.0992651,
                        39.0026025
                    ],
                    [
                        -84.0995998,
                        39.0024157
                    ],
                    [
                        -84.099514,
                        39.0022156
                    ],
                    [
                        -84.0996335,
                        39.0020763
                    ],
                    [
                        -84.0998402,
                        39.0018354
                    ],
                    [
                        -84.1005697,
                        39.000348
                    ],
                    [
                        -84.100956,
                        39.0000812
                    ],
                    [
                        -84.101428,
                        39.0001279
                    ],
                    [
                        -84.1019173,
                        39.000348
                    ],
                    [
                        -84.1012821,
                        38.9997143
                    ],
                    [
                        -84.1013851,
                        38.9993474
                    ],
                    [
                        -84.1023121,
                        38.9984469
                    ],
                    [
                        -84.1025438,
                        38.9984269
                    ],
                    [
                        -84.1025438,
                        38.9981935
                    ],
                    [
                        -84.1035481,
                        38.9977732
                    ],
                    [
                        -84.1044321,
                        38.9972262
                    ],
                    [
                        -84.1049214,
                        38.9965592
                    ],
                    [
                        -84.1051377,
                        38.9965638
                    ],
                    [
                        -84.1050329,
                        38.9964124
                    ],
                    [
                        -84.1051803,
                        38.9962351
                    ],
                    [
                        -84.1057539,
                        38.9955452
                    ],
                    [
                        -84.1060972,
                        38.9949582
                    ],
                    [
                        -84.1061354,
                        38.9945644
                    ],
                    [
                        -84.1056938,
                        38.9944112
                    ],
                    [
                        -84.1053505,
                        38.9941577
                    ],
                    [
                        -84.1055014,
                        38.9938762
                    ],
                    [
                        -84.1049471,
                        38.9940777
                    ],
                    [
                        -84.1046381,
                        38.9941244
                    ],
                    [
                        -84.104539,
                        38.9940859
                    ],
                    [
                        -84.1043463,
                        38.994011
                    ],
                    [
                        -84.103591,
                        38.9936574
                    ],
                    [
                        -84.1034193,
                        38.9937241
                    ],
                    [
                        -84.1031447,
                        38.9934906
                    ],
                    [
                        -84.1027498,
                        38.9934773
                    ],
                    [
                        -84.102561,
                        38.9932371
                    ],
                    [
                        -84.1023207,
                        38.9931904
                    ],
                    [
                        -84.10184,
                        38.9926968
                    ],
                    [
                        -84.101531,
                        38.9926968
                    ],
                    [
                        -84.1011705,
                        38.9918762
                    ],
                    [
                        -84.1011629,
                        38.9920992
                    ],
                    [
                        -84.1011534,
                        38.9923766
                    ],
                    [
                        -84.1013045,
                        38.9927215
                    ],
                    [
                        -84.1015568,
                        38.9932972
                    ],
                    [
                        -84.101943,
                        38.9936574
                    ],
                    [
                        -84.1024151,
                        38.9937641
                    ],
                    [
                        -84.1028013,
                        38.9941777
                    ],
                    [
                        -84.1034021,
                        38.994578
                    ],
                    [
                        -84.103591,
                        38.9949115
                    ],
                    [
                        -84.1031876,
                        38.9951116
                    ],
                    [
                        -84.1028442,
                        38.9953451
                    ],
                    [
                        -84.1024586,
                        38.9957056
                    ],
                    [
                        -84.1018495,
                        38.9962749
                    ],
                    [
                        -84.1014563,
                        38.996646
                    ],
                    [
                        -84.1008272,
                        38.9972529
                    ],
                    [
                        -84.1005097,
                        38.9973863
                    ],
                    [
                        -84.100441,
                        38.9975664
                    ],
                    [
                        -84.0999947,
                        38.9979333
                    ],
                    [
                        -84.0996685,
                        38.9981001
                    ],
                    [
                        -84.0993681,
                        38.9984002
                    ],
                    [
                        -84.0991364,
                        38.998567
                    ],
                    [
                        -84.0989132,
                        38.9985203
                    ],
                    [
                        -84.0988274,
                        38.9982335
                    ],
                    [
                        -84.098939,
                        38.9979467
                    ],
                    [
                        -84.0987072,
                        38.9976998
                    ],
                    [
                        -84.098793,
                        38.99792
                    ],
                    [
                        -84.0985355,
                        38.9984002
                    ],
                    [
                        -84.0987244,
                        38.9990673
                    ],
                    [
                        -84.0982266,
                        38.9996143
                    ],
                    [
                        -84.0977802,
                        38.9999478
                    ],
                    [
                        -84.0971966,
                        39.0001479
                    ],
                    [
                        -84.0965099,
                        39.0002679
                    ],
                    [
                        -84.0960808,
                        39.0002546
                    ],
                    [
                        -84.0957031,
                        39.0001212
                    ],
                    [
                        -84.0947933,
                        39.0005348
                    ],
                    [
                        -84.0939608,
                        39.0009817
                    ],
                    [
                        -84.093729,
                        39.0012285
                    ],
                    [
                        -84.0934029,
                        39.0013485
                    ],
                    [
                        -84.0930424,
                        39.0012018
                    ],
                    [
                        -84.0924416,
                        39.0006815
                    ],
                    [
                        -84.0922871,
                        39.000348
                    ],
                    [
                        -84.0921154,
                        39.0006682
                    ],
                    [
                        -84.0922699,
                        39.0008483
                    ],
                    [
                        -84.0922699,
                        39.0011484
                    ],
                    [
                        -84.0925446,
                        39.0014686
                    ],
                    [
                        -84.0923042,
                        39.0016153
                    ],
                    [
                        -84.0922012,
                        39.0014686
                    ],
                    [
                        -84.0916691,
                        39.0017821
                    ],
                    [
                        -84.0911026,
                        39.0019355
                    ],
                    [
                        -84.0911713,
                        39.0015153
                    ],
                    [
                        -84.0908966,
                        39.0011818
                    ],
                    [
                        -84.0910168,
                        39.0016287
                    ],
                    [
                        -84.0906735,
                        39.0018955
                    ],
                    [
                        -84.0905533,
                        39.0017487
                    ],
                    [
                        -84.0904675,
                        39.0012485
                    ],
                    [
                        -84.0902701,
                        39.0017621
                    ],
                    [
                        -84.0901241,
                        39.0020022
                    ],
                    [
                        -84.089798,
                        39.0020489
                    ],
                    [
                        -84.089246,
                        39.0020253
                    ],
                    [
                        -84.08916,
                        39.0021645
                    ],
                    [
                        -84.0890754,
                        39.0022018
                    ],
                    [
                        -84.088665,
                        39.0020689
                    ],
                    [
                        -84.0883907,
                        39.0019465
                    ],
                    [
                        -84.088253,
                        39.0018413
                    ],
                    [
                        -84.0885534,
                        39.0014152
                    ],
                    [
                        -84.0888109,
                        39.0011351
                    ],
                    [
                        -84.0889225,
                        39.0007482
                    ],
                    [
                        -84.0888109,
                        39.0003346
                    ],
                    [
                        -84.0886135,
                        39.0000478
                    ],
                    [
                        -84.0884075,
                        38.9999478
                    ],
                    [
                        -84.0884676,
                        38.9996276
                    ],
                    [
                        -84.0888538,
                        38.9994675
                    ],
                    [
                        -84.0884075,
                        38.9993808
                    ],
                    [
                        -84.0884075,
                        38.9995342
                    ],
                    [
                        -84.0882101,
                        38.9996676
                    ],
                    [
                        -84.0879097,
                        38.9995342
                    ],
                    [
                        -84.0875664,
                        38.9995342
                    ],
                    [
                        -84.0867767,
                        38.999134
                    ],
                    [
                        -84.0864754,
                        38.9990432
                    ],
                    [
                        -84.0859356,
                        38.9988805
                    ],
                    [
                        -84.085206,
                        38.9987604
                    ],
                    [
                        -84.0849915,
                        38.9987604
                    ],
                    [
                        -84.0846481,
                        38.9984002
                    ],
                    [
                        -84.0842018,
                        38.9982668
                    ],
                    [
                        -84.083704,
                        38.9978933
                    ],
                    [
                        -84.083189,
                        38.9978799
                    ],
                    [
                        -84.0829315,
                        38.9974264
                    ],
                    [
                        -84.0826912,
                        38.9965458
                    ],
                    [
                        -84.0826912,
                        38.9963124
                    ],
                    [
                        -84.0822277,
                        38.9957454
                    ],
                    [
                        -84.0813437,
                        38.9952917
                    ],
                    [
                        -84.0809403,
                        38.9952651
                    ],
                    [
                        -84.0802279,
                        38.9955319
                    ],
                    [
                        -84.079773,
                        38.9953985
                    ],
                    [
                        -84.078537,
                        38.9955986
                    ],
                    [
                        -84.0782967,
                        38.9955452
                    ],
                    [
                        -84.0779533,
                        38.9958921
                    ],
                    [
                        -84.0777388,
                        38.9960122
                    ],
                    [
                        -84.0775671,
                        38.9960122
                    ],
                    [
                        -84.0771637,
                        38.9963791
                    ],
                    [
                        -84.0769663,
                        38.9964258
                    ],
                    [
                        -84.0769405,
                        38.9966926
                    ],
                    [
                        -84.0767517,
                        38.9969327
                    ],
                    [
                        -84.0765629,
                        38.996746
                    ],
                    [
                        -84.0764942,
                        38.9964458
                    ],
                    [
                        -84.0762367,
                        38.9963591
                    ],
                    [
                        -84.0753355,
                        38.9962924
                    ],
                    [
                        -84.0749664,
                        38.9959988
                    ],
                    [
                        -84.0749064,
                        38.9956119
                    ],
                    [
                        -84.0746746,
                        38.9954652
                    ],
                    [
                        -84.0745373,
                        38.9950449
                    ],
                    [
                        -84.0743914,
                        38.9948115
                    ],
                    [
                        -84.072958,
                        38.9943578
                    ],
                    [
                        -84.0743055,
                        38.9948915
                    ],
                    [
                        -84.0743055,
                        38.9952117
                    ],
                    [
                        -84.074606,
                        38.9958654
                    ],
                    [
                        -84.074563,
                        38.996179
                    ],
                    [
                        -84.0750523,
                        38.9966259
                    ],
                    [
                        -84.0757218,
                        38.9969594
                    ],
                    [
                        -84.0753098,
                        38.9970461
                    ],
                    [
                        -84.0748463,
                        38.9969794
                    ],
                    [
                        -84.0749064,
                        38.9971996
                    ],
                    [
                        -84.0749493,
                        38.997333
                    ],
                    [
                        -84.075078,
                        38.9975131
                    ],
                    [
                        -84.0748463,
                        38.9976798
                    ],
                    [
                        -84.0744515,
                        38.9976131
                    ],
                    [
                        -84.0749922,
                        38.9978132
                    ],
                    [
                        -84.0752068,
                        38.9977599
                    ],
                    [
                        -84.0757647,
                        38.9978666
                    ],
                    [
                        -84.0760651,
                        38.9980934
                    ],
                    [
                        -84.0760479,
                        38.9982468
                    ],
                    [
                        -84.0763397,
                        38.9986471
                    ],
                    [
                        -84.0766659,
                        38.9988272
                    ],
                    [
                        -84.0770092,
                        38.9987604
                    ],
                    [
                        -84.0771122,
                        38.9988272
                    ],
                    [
                        -84.0772667,
                        38.998627
                    ],
                    [
                        -84.077507,
                        38.9986137
                    ],
                    [
                        -84.0776529,
                        38.9984269
                    ],
                    [
                        -84.0778847,
                        38.998467
                    ],
                    [
                        -84.0783396,
                        38.9981134
                    ],
                    [
                        -84.078537,
                        38.9976932
                    ],
                    [
                        -84.0788288,
                        38.9971595
                    ],
                    [
                        -84.0792837,
                        38.9972929
                    ],
                    [
                        -84.0794983,
                        38.9971462
                    ],
                    [
                        -84.079773,
                        38.9971462
                    ],
                    [
                        -84.0800991,
                        38.9966125
                    ],
                    [
                        -84.0803995,
                        38.9963591
                    ],
                    [
                        -84.0808888,
                        38.9961456
                    ],
                    [
                        -84.0811463,
                        38.9961456
                    ],
                    [
                        -84.0813007,
                        38.9962256
                    ],
                    [
                        -84.0814295,
                        38.9963791
                    ],
                    [
                        -84.0814896,
                        38.9966259
                    ],
                    [
                        -84.0814896,
                        38.9968794
                    ],
                    [
                        -84.0813694,
                        38.9971795
                    ],
                    [
                        -84.0814724,
                        38.9974464
                    ],
                    [
                        -84.0814724,
                        38.9977465
                    ],
                    [
                        -84.0815754,
                        38.99792
                    ],
                    [
                        -84.0814467,
                        38.9981668
                    ],
                    [
                        -84.0815153,
                        38.9984336
                    ],
                    [
                        -84.0816612,
                        38.9991473
                    ],
                    [
                        -84.0819187,
                        38.9994141
                    ],
                    [
                        -84.0819616,
                        38.9998811
                    ],
                    [
                        -84.0822723,
                        39.0002586
                    ],
                    [
                        -84.0824337,
                        39.0004547
                    ],
                    [
                        -84.0831633,
                        39.001035
                    ],
                    [
                        -84.0831461,
                        39.0012551
                    ],
                    [
                        -84.0832491,
                        39.0015019
                    ],
                    [
                        -84.0834637,
                        39.0016553
                    ],
                    [
                        -84.0837469,
                        39.0015486
                    ],
                    [
                        -84.0841074,
                        39.0016687
                    ],
                    [
                        -84.0843477,
                        39.0019355
                    ],
                    [
                        -84.0844336,
                        39.0022557
                    ],
                    [
                        -84.0842362,
                        39.0025892
                    ],
                    [
                        -84.0847511,
                        39.0026825
                    ],
                    [
                        -84.0853777,
                        39.0028293
                    ],
                    [
                        -84.0856352,
                        39.0030427
                    ],
                    [
                        -84.0856094,
                        39.0031761
                    ],
                    [
                        -84.0866051,
                        39.0034963
                    ],
                    [
                        -84.0871372,
                        39.0035763
                    ],
                    [
                        -84.0878668,
                        39.0035296
                    ],
                    [
                        -84.0886822,
                        39.0036163
                    ],
                    [
                        -84.089283,
                        39.0036964
                    ],
                    [
                        -84.0912743,
                        39.0037964
                    ],
                    [
                        -84.0917292,
                        39.0038831
                    ],
                    [
                        -84.0925875,
                        39.0039098
                    ],
                    [
                        -84.0936346,
                        39.0040365
                    ],
                    [
                        -84.0941753,
                        39.0042166
                    ],
                    [
                        -84.0946303,
                        39.0043834
                    ],
                    [
                        -84.0948212,
                        39.0045367
                    ],
                    [
                        -84.0951452,
                        39.0047969
                    ],
                    [
                        -84.0955229,
                        39.0053172
                    ],
                    [
                        -84.0957632,
                        39.0057173
                    ],
                    [
                        -84.0956774,
                        39.0059308
                    ],
                    [
                        -84.0958319,
                        39.0061042
                    ],
                    [
                        -84.0960035,
                        39.0061175
                    ],
                    [
                        -84.0962782,
                        39.0064377
                    ],
                    [
                        -84.0965786,
                        39.0066178
                    ],
                    [
                        -84.0970078,
                        39.0066511
                    ],
                    [
                        -84.097497,
                        39.0067712
                    ],
                    [
                        -84.097909,
                        39.0069979
                    ],
                    [
                        -84.0981665,
                        39.007198
                    ],
                    [
                        -84.098424,
                        39.0073314
                    ],
                    [
                        -84.098836,
                        39.0081184
                    ],
                    [
                        -84.0987673,
                        39.0083852
                    ],
                    [
                        -84.0989648,
                        39.0084466
                    ],
                    [
                        -84.0989819,
                        39.0084519
                    ],
                    [
                        -84.0991106,
                        39.0086186
                    ],
                    [
                        -84.0991106,
                        39.008732
                    ],
                    [
                        -84.098939,
                        39.0088521
                    ],
                    [
                        -84.0990248,
                        39.0090855
                    ],
                    [
                        -84.0988703,
                        39.0094523
                    ],
                    [
                        -84.0984669,
                        39.0095057
                    ],
                    [
                        -84.0980978,
                        39.0096657
                    ],
                    [
                        -84.0978232,
                        39.0096524
                    ],
                    [
                        -84.0971365,
                        39.0083852
                    ],
                    [
                        -84.0963812,
                        39.0081051
                    ],
                    [
                        -84.0958061,
                        39.0082652
                    ],
                    [
                        -84.0951624,
                        39.0085186
                    ],
                    [
                        -84.0949736,
                        39.0089321
                    ],
                    [
                        -84.0944328,
                        39.0091989
                    ],
                    [
                        -84.0940037,
                        39.0092189
                    ],
                    [
                        -84.0926046,
                        39.009439
                    ],
                    [
                        -84.0906735,
                        39.0100726
                    ],
                    [
                        -84.0905876,
                        39.0101859
                    ],
                    [
                        -84.0908022,
                        39.0101859
                    ],
                    [
                        -84.0914717,
                        39.0099659
                    ],
                    [
                        -84.0922442,
                        39.0098992
                    ],
                    [
                        -84.0932913,
                        39.0098992
                    ],
                    [
                        -84.093311,
                        39.0099014
                    ],
                    [
                        -84.0942354,
                        39.0100059
                    ],
                    [
                        -84.0948362,
                        39.0102193
                    ],
                    [
                        -84.0950508,
                        39.0104994
                    ],
                    [
                        -84.0954542,
                        39.0111196
                    ],
                    [
                        -84.0956774,
                        39.0112997
                    ],
                    [
                        -84.0954542,
                        39.0115665
                    ],
                    [
                        -84.0957804,
                        39.0114531
                    ],
                    [
                        -84.095995,
                        39.0115198
                    ],
                    [
                        -84.096055,
                        39.0116532
                    ],
                    [
                        -84.0962525,
                        39.0116532
                    ],
                    [
                        -84.0965099,
                        39.0118333
                    ],
                    [
                        -84.0969992,
                        39.0119533
                    ],
                    [
                        -84.0965529,
                        39.0126869
                    ],
                    [
                        -84.0962954,
                        39.0127869
                    ],
                    [
                        -84.0964241,
                        39.0130337
                    ],
                    [
                        -84.0962095,
                        39.0136739
                    ],
                    [
                        -84.0955658,
                        39.0140741
                    ],
                    [
                        -84.0951109,
                        39.0141408
                    ],
                    [
                        -84.0944243,
                        39.0141007
                    ],
                    [
                        -84.0943642,
                        39.0143208
                    ],
                    [
                        -84.0947332,
                        39.0143875
                    ],
                    [
                        -84.0950251,
                        39.0142341
                    ],
                    [
                        -84.0955057,
                        39.0143675
                    ],
                    [
                        -84.0958233,
                        39.0143208
                    ],
                    [
                        -84.0964842,
                        39.0145009
                    ],
                    [
                        -84.0966105,
                        39.014869
                    ],
                    [
                        -84.0966215,
                        39.014901
                    ],
                    [
                        -84.0966902,
                        39.0152611
                    ],
                    [
                        -84.097035,
                        39.0157483
                    ],
                    [
                        -84.0970678,
                        39.0157946
                    ],
                    [
                        -84.0973768,
                        39.016008
                    ],
                    [
                        -84.0973253,
                        39.0164082
                    ],
                    [
                        -84.0974627,
                        39.0165082
                    ],
                    [
                        -84.0973253,
                        39.0167749
                    ],
                    [
                        -84.0969648,
                        39.0167283
                    ],
                    [
                        -84.0968962,
                        39.016975
                    ],
                    [
                        -84.096726,
                        39.017151
                    ],
                    [
                        -84.0961237,
                        39.0178419
                    ],
                    [
                        -84.0959778,
                        39.0175752
                    ],
                    [
                        -84.0955057,
                        39.0175085
                    ],
                    [
                        -84.0956946,
                        39.0178086
                    ],
                    [
                        -84.0954628,
                        39.0184088
                    ],
                    [
                        -84.0951624,
                        39.0186088
                    ],
                    [
                        -84.0949049,
                        39.0188889
                    ],
                    [
                        -84.0943041,
                        39.0190356
                    ],
                    [
                        -84.0941324,
                        39.019289
                    ],
                    [
                        -84.0935917,
                        39.0195691
                    ],
                    [
                        -84.092948,
                        39.0197024
                    ],
                    [
                        -84.0920897,
                        39.0198091
                    ],
                    [
                        -84.0913172,
                        39.0200559
                    ],
                    [
                        -84.0903044,
                        39.0207227
                    ],
                    [
                        -84.0897722,
                        39.0212895
                    ],
                    [
                        -84.0893602,
                        39.0219697
                    ]
                ],
                [
                    [
                        -84.1324129,
                        39.0315246
                    ],
                    [
                        -84.1327734,
                        39.0318446
                    ],
                    [
                        -84.1327992,
                        39.032538
                    ],
                    [
                        -84.1327391,
                        39.0332914
                    ],
                    [
                        -84.1325699,
                        39.0336647
                    ],
                    [
                        -84.1322605,
                        39.0337243
                    ],
                    [
                        -84.1323687,
                        39.0336079
                    ],
                    [
                        -84.1324816,
                        39.0333114
                    ],
                    [
                        -84.1326532,
                        39.0324047
                    ],
                    [
                        -84.13237,
                        39.0319113
                    ],
                    [
                        -84.1324129,
                        39.0315246
                    ]
                ]
            ]
        }
    }
]