[
    {
        "type": "Feature",
        "id": "relation/3208511",
        "properties": {
            "@id": "relation/3208511",
            "ele": "220",
            "gnis:feature_id": "493295",
            "name": "Green River Lake",
            "natural": "water",
            "type": "multipolygon",
            "water": "reservoir",
            "wikidata": "Q5603135",
            "wikipedia": "en:Green River Lake",
            "@timestamp": "2024-08-14T12:32:39Z",
            "@version": 11,
            "@changeset": 155238330,
            "@user": "Mateusz Konieczny - bot account",
            "@uid": 3199858,
            "@osm3s:version": 0.6,
            "@osm3s:generator": "Overpass API 0.7.62.5 1bd436f1",
            "@osm3s:timestamp_osm_base": "2025-02-16T09:35:25Z",
            "@osm3s:copyright": "The data included in this document is from www.openstreetmap.org. The data is made available under ODbL."
        },
        "geometry": {
            "type": "Polygon",
            "coordinates": [
                [
                    [
                        -85.2354115,
                        37.2044506
                    ],
                    [
                        -85.2358315,
                        37.2047451
                    ],
                    [
                        -85.2356234,
                        37.2048368
                    ],
                    [
                        -85.2345193,
                        37.2047865
                    ],
                    [
                        -85.2322405,
                        37.2050115
                    ],
                    [
                        -85.2320249,
                        37.2051388
                    ],
                    [
                        -85.2317907,
                        37.2049316
                    ],
                    [
                        -85.2312034,
                        37.2045644
                    ],
                    [
                        -85.2305603,
                        37.2044164
                    ],
                    [
                        -85.2299432,
                        37.2044786
                    ],
                    [
                        -85.2292443,
                        37.2046858
                    ],
                    [
                        -85.2288019,
                        37.2046177
                    ],
                    [
                        -85.2290324,
                        37.204822
                    ],
                    [
                        -85.2273951,
                        37.2057631
                    ],
                    [
                        -85.227311,
                        37.2057579
                    ],
                    [
                        -85.2272183,
                        37.2056688
                    ],
                    [
                        -85.2270857,
                        37.2059291
                    ],
                    [
                        -85.2267519,
                        37.2061741
                    ],
                    [
                        -85.2264312,
                        37.2061657
                    ],
                    [
                        -85.2263471,
                        37.2063081
                    ],
                    [
                        -85.2267808,
                        37.2064149
                    ],
                    [
                        -85.2263944,
                        37.2071748
                    ],
                    [
                        -85.226213,
                        37.2073674
                    ],
                    [
                        -85.2261683,
                        37.2076375
                    ],
                    [
                        -85.2258109,
                        37.2084079
                    ],
                    [
                        -85.2254271,
                        37.2089187
                    ],
                    [
                        -85.2248777,
                        37.2091616
                    ],
                    [
                        -85.2249329,
                        37.209574
                    ],
                    [
                        -85.2247331,
                        37.2099571
                    ],
                    [
                        -85.2242994,
                        37.2105454
                    ],
                    [
                        -85.2241522,
                        37.2106773
                    ],
                    [
                        -85.2240208,
                        37.2106919
                    ],
                    [
                        -85.2232532,
                        37.2105579
                    ],
                    [
                        -85.2228668,
                        37.2104344
                    ],
                    [
                        -85.2216682,
                        37.2102125
                    ],
                    [
                        -85.2204932,
                        37.2104198
                    ],
                    [
                        -85.2199727,
                        37.2107987
                    ],
                    [
                        -85.2195022,
                        37.2109201
                    ],
                    [
                        -85.2190474,
                        37.2113597
                    ],
                    [
                        -85.2185447,
                        37.211868
                    ],
                    [
                        -85.2184016,
                        37.2122588
                    ],
                    [
                        -85.2183889,
                        37.2127355
                    ],
                    [
                        -85.2184592,
                        37.2131642
                    ],
                    [
                        -85.2186328,
                        37.213523
                    ],
                    [
                        -85.2188641,
                        37.214017
                    ],
                    [
                        -85.2189948,
                        37.2142113
                    ],
                    [
                        -85.2190877,
                        37.2145521
                    ],
                    [
                        -85.2190286,
                        37.2146105
                    ],
                    [
                        -85.2189485,
                        37.2145309
                    ],
                    [
                        -85.2188403,
                        37.2142604
                    ],
                    [
                        -85.2185366,
                        37.2136311
                    ],
                    [
                        -85.2182205,
                        37.2126848
                    ],
                    [
                        -85.2182669,
                        37.2120893
                    ],
                    [
                        -85.218173,
                        37.2120871
                    ],
                    [
                        -85.2178551,
                        37.2124024
                    ],
                    [
                        -85.2161488,
                        37.2126318
                    ],
                    [
                        -85.2155318,
                        37.2130966
                    ],
                    [
                        -85.2148701,
                        37.2131529
                    ],
                    [
                        -85.214331,
                        37.2133571
                    ],
                    [
                        -85.2141972,
                        37.2137479
                    ],
                    [
                        -85.2144128,
                        37.2142246
                    ],
                    [
                        -85.2143087,
                        37.2144762
                    ],
                    [
                        -85.2142864,
                        37.2146982
                    ],
                    [
                        -85.2145466,
                        37.2149558
                    ],
                    [
                        -85.2141005,
                        37.2153525
                    ],
                    [
                        -85.2133273,
                        37.2157048
                    ],
                    [
                        -85.2129705,
                        37.2152133
                    ],
                    [
                        -85.212398,
                        37.215314
                    ],
                    [
                        -85.2119816,
                        37.215166
                    ],
                    [
                        -85.2116136,
                        37.2151512
                    ],
                    [
                        -85.2114129,
                        37.2152459
                    ],
                    [
                        -85.211108,
                        37.2152045
                    ],
                    [
                        -85.2111452,
                        37.2156633
                    ],
                    [
                        -85.2115281,
                        37.215687
                    ],
                    [
                        -85.2119482,
                        37.2157877
                    ],
                    [
                        -85.2122679,
                        37.2159653
                    ],
                    [
                        -85.2125653,
                        37.2163087
                    ],
                    [
                        -85.2126396,
                        37.216584
                    ],
                    [
                        -85.2123236,
                        37.2167468
                    ],
                    [
                        -85.2125541,
                        37.2168948
                    ],
                    [
                        -85.2127474,
                        37.2168978
                    ],
                    [
                        -85.2126545,
                        37.217478
                    ],
                    [
                        -85.2124351,
                        37.2175728
                    ],
                    [
                        -85.2124463,
                        37.2179813
                    ],
                    [
                        -85.2123571,
                        37.2182211
                    ],
                    [
                        -85.2120002,
                        37.218375
                    ],
                    [
                        -85.2109482,
                        37.2183898
                    ],
                    [
                        -85.2097177,
                        37.2182921
                    ],
                    [
                        -85.2087593,
                        37.2180947
                    ],
                    [
                        -85.2076062,
                        37.217706
                    ],
                    [
                        -85.2072144,
                        37.2175479
                    ],
                    [
                        -85.2054235,
                        37.2165285
                    ],
                    [
                        -85.2044994,
                        37.2159252
                    ],
                    [
                        -85.2035539,
                        37.2155402
                    ],
                    [
                        -85.2028286,
                        37.2154717
                    ],
                    [
                        -85.2011309,
                        37.2154717
                    ],
                    [
                        -85.2005668,
                        37.215583
                    ],
                    [
                        -85.200051,
                        37.2158482
                    ],
                    [
                        -85.1992989,
                        37.2164087
                    ],
                    [
                        -85.1986488,
                        37.2171403
                    ],
                    [
                        -85.1978107,
                        37.2183725
                    ],
                    [
                        -85.1978375,
                        37.2187532
                    ],
                    [
                        -85.1975743,
                        37.2196046
                    ],
                    [
                        -85.1971338,
                        37.2204432
                    ],
                    [
                        -85.197598,
                        37.2204926
                    ],
                    [
                        -85.1979772,
                        37.220533
                    ],
                    [
                        -85.1980095,
                        37.2198143
                    ],
                    [
                        -85.1983318,
                        37.2193094
                    ],
                    [
                        -85.1984876,
                        37.2189158
                    ],
                    [
                        -85.1986058,
                        37.2178976
                    ],
                    [
                        -85.1987186,
                        37.2175553
                    ],
                    [
                        -85.1992989,
                        37.2169521
                    ],
                    [
                        -85.2001209,
                        37.2162846
                    ],
                    [
                        -85.2008623,
                        37.2158696
                    ],
                    [
                        -85.2016144,
                        37.2157883
                    ],
                    [
                        -85.2024418,
                        37.2158568
                    ],
                    [
                        -85.2034034,
                        37.2164173
                    ],
                    [
                        -85.2041932,
                        37.2166141
                    ],
                    [
                        -85.2046767,
                        37.2168237
                    ],
                    [
                        -85.2049292,
                        37.2171104
                    ],
                    [
                        -85.2050958,
                        37.217427
                    ],
                    [
                        -85.2045639,
                        37.2173371
                    ],
                    [
                        -85.203296,
                        37.2173927
                    ],
                    [
                        -85.2032315,
                        37.2174783
                    ],
                    [
                        -85.2035807,
                        37.2175254
                    ],
                    [
                        -85.2043221,
                        37.2175211
                    ],
                    [
                        -85.2044457,
                        37.2175682
                    ],
                    [
                        -85.204435,
                        37.2177393
                    ],
                    [
                        -85.2040267,
                        37.2179275
                    ],
                    [
                        -85.2035378,
                        37.2179746
                    ],
                    [
                        -85.2034625,
                        37.2180516
                    ],
                    [
                        -85.2038225,
                        37.2181029
                    ],
                    [
                        -85.204263,
                        37.2180773
                    ],
                    [
                        -85.2051817,
                        37.2177906
                    ],
                    [
                        -85.2055686,
                        37.2178462
                    ],
                    [
                        -85.2062283,
                        37.2181422
                    ],
                    [
                        -85.2072581,
                        37.2189107
                    ],
                    [
                        -85.2074106,
                        37.219411
                    ],
                    [
                        -85.2075604,
                        37.2195219
                    ],
                    [
                        -85.2076919,
                        37.2192059
                    ],
                    [
                        -85.2078259,
                        37.2191598
                    ],
                    [
                        -85.2082044,
                        37.219298
                    ],
                    [
                        -85.2085067,
                        37.2196245
                    ],
                    [
                        -85.2085724,
                        37.2199552
                    ],
                    [
                        -85.2076866,
                        37.2203655
                    ],
                    [
                        -85.2077996,
                        37.2204346
                    ],
                    [
                        -85.2083385,
                        37.2203069
                    ],
                    [
                        -85.2090745,
                        37.2205434
                    ],
                    [
                        -85.2085172,
                        37.2207213
                    ],
                    [
                        -85.2084699,
                        37.2208993
                    ],
                    [
                        -85.2091481,
                        37.2209495
                    ],
                    [
                        -85.2097395,
                        37.2208595
                    ],
                    [
                        -85.2096449,
                        37.2210583
                    ],
                    [
                        -85.2096475,
                        37.2211672
                    ],
                    [
                        -85.2099787,
                        37.221096
                    ],
                    [
                        -85.2101549,
                        37.221186
                    ],
                    [
                        -85.2103362,
                        37.2210814
                    ],
                    [
                        -85.211046,
                        37.2213645
                    ],
                    [
                        -85.2110407,
                        37.2210547
                    ],
                    [
                        -85.2115349,
                        37.2209835
                    ],
                    [
                        -85.2122499,
                        37.2213435
                    ],
                    [
                        -85.2132435,
                        37.2216994
                    ],
                    [
                        -85.2132908,
                        37.221624
                    ],
                    [
                        -85.2134538,
                        37.2216324
                    ],
                    [
                        -85.2138481,
                        37.2217747
                    ],
                    [
                        -85.2148417,
                        37.221804
                    ],
                    [
                        -85.2147943,
                        37.2209751
                    ],
                    [
                        -85.2150993,
                        37.2208872
                    ],
                    [
                        -85.2162243,
                        37.2209123
                    ],
                    [
                        -85.2185795,
                        37.2204393
                    ],
                    [
                        -85.2194785,
                        37.2199578
                    ],
                    [
                        -85.2196257,
                        37.2196983
                    ],
                    [
                        -85.219426,
                        37.2195141
                    ],
                    [
                        -85.2194628,
                        37.2191038
                    ],
                    [
                        -85.219631,
                        37.2189363
                    ],
                    [
                        -85.2195994,
                        37.2179651
                    ],
                    [
                        -85.2193892,
                        37.2177306
                    ],
                    [
                        -85.2193576,
                        37.2173455
                    ],
                    [
                        -85.2197309,
                        37.2169812
                    ],
                    [
                        -85.2196888,
                        37.216349
                    ],
                    [
                        -85.2194365,
                        37.215742
                    ],
                    [
                        -85.2194365,
                        37.215361
                    ],
                    [
                        -85.2197624,
                        37.215248
                    ],
                    [
                        -85.219836,
                        37.2150763
                    ],
                    [
                        -85.2203092,
                        37.2149507
                    ],
                    [
                        -85.2206246,
                        37.2149968
                    ],
                    [
                        -85.2215814,
                        37.2141971
                    ],
                    [
                        -85.2217496,
                        37.2141427
                    ],
                    [
                        -85.224189,
                        37.2124345
                    ],
                    [
                        -85.2254297,
                        37.2117227
                    ],
                    [
                        -85.2256505,
                        37.2117353
                    ],
                    [
                        -85.2259134,
                        37.2122628
                    ],
                    [
                        -85.2259449,
                        37.2119865
                    ],
                    [
                        -85.2258345,
                        37.2115929
                    ],
                    [
                        -85.2272382,
                        37.209893
                    ],
                    [
                        -85.2279321,
                        37.2091603
                    ],
                    [
                        -85.2281634,
                        37.2092273
                    ],
                    [
                        -85.2281634,
                        37.2090054
                    ],
                    [
                        -85.2286156,
                        37.2087081
                    ],
                    [
                        -85.2290835,
                        37.2082559
                    ],
                    [
                        -85.2293831,
                        37.2082266
                    ],
                    [
                        -85.2294304,
                        37.2080926
                    ],
                    [
                        -85.2305502,
                        37.2077785
                    ],
                    [
                        -85.2314965,
                        37.2076571
                    ],
                    [
                        -85.2317068,
                        37.2075441
                    ],
                    [
                        -85.2321274,
                        37.2076655
                    ],
                    [
                        -85.2326163,
                        37.2076153
                    ],
                    [
                        -85.2333365,
                        37.2078623
                    ],
                    [
                        -85.2340568,
                        37.2079879
                    ],
                    [
                        -85.2346351,
                        37.2080088
                    ],
                    [
                        -85.2348296,
                        37.2080884
                    ],
                    [
                        -85.2348138,
                        37.2079418
                    ],
                    [
                        -85.2350557,
                        37.2078832
                    ],
                    [
                        -85.2353816,
                        37.2079628
                    ],
                    [
                        -85.2363962,
                        37.2077618
                    ],
                    [
                        -85.237863,
                        37.2072217
                    ],
                    [
                        -85.2382783,
                        37.2078916
                    ],
                    [
                        -85.2382678,
                        37.2070877
                    ],
                    [
                        -85.2396715,
                        37.2065894
                    ],
                    [
                        -85.2410226,
                        37.2061832
                    ],
                    [
                        -85.2412276,
                        37.2060367
                    ],
                    [
                        -85.2418322,
                        37.2060283
                    ],
                    [
                        -85.2419058,
                        37.2061791
                    ],
                    [
                        -85.2418217,
                        37.2067904
                    ],
                    [
                        -85.2419584,
                        37.2067736
                    ],
                    [
                        -85.2421949,
                        37.2061791
                    ],
                    [
                        -85.2424683,
                        37.2060116
                    ],
                    [
                        -85.2431465,
                        37.2059948
                    ],
                    [
                        -85.2445029,
                        37.2060559
                    ],
                    [
                        -85.2464622,
                        37.2062681
                    ],
                    [
                        -85.2468097,
                        37.205348
                    ],
                    [
                        -85.2471493,
                        37.2053449
                    ],
                    [
                        -85.2473402,
                        37.2053804
                    ],
                    [
                        -85.2474937,
                        37.2055416
                    ],
                    [
                        -85.2475981,
                        37.2058088
                    ],
                    [
                        -85.2476806,
                        37.2062642
                    ],
                    [
                        -85.24886,
                        37.2063781
                    ],
                    [
                        -85.2496408,
                        37.2065226
                    ],
                    [
                        -85.2512848,
                        37.2069255
                    ],
                    [
                        -85.2531048,
                        37.2075429
                    ],
                    [
                        -85.2538745,
                        37.2077137
                    ],
                    [
                        -85.253902,
                        37.2078626
                    ],
                    [
                        -85.2540505,
                        37.2079064
                    ],
                    [
                        -85.2541989,
                        37.2078889
                    ],
                    [
                        -85.2543584,
                        37.2078013
                    ],
                    [
                        -85.25458,
                        37.2077889
                    ],
                    [
                        -85.2547122,
                        37.2078477
                    ],
                    [
                        -85.2549999,
                        37.2078416
                    ],
                    [
                        -85.2560574,
                        37.2080026
                    ],
                    [
                        -85.2576126,
                        37.2084918
                    ],
                    [
                        -85.2578537,
                        37.20869
                    ],
                    [
                        -85.2580908,
                        37.2089749
                    ],
                    [
                        -85.2581647,
                        37.2092721
                    ],
                    [
                        -85.2580908,
                        37.2093805
                    ],
                    [
                        -85.2578925,
                        37.2094084
                    ],
                    [
                        -85.2576981,
                        37.2093743
                    ],
                    [
                        -85.2572821,
                        37.2094332
                    ],
                    [
                        -85.2572316,
                        37.209622
                    ],
                    [
                        -85.2573404,
                        37.2096375
                    ],
                    [
                        -85.2575154,
                        37.2095818
                    ],
                    [
                        -85.2577565,
                        37.2096716
                    ],
                    [
                        -85.2583785,
                        37.2096809
                    ],
                    [
                        -85.2584952,
                        37.2097954
                    ],
                    [
                        -85.2587518,
                        37.2103559
                    ],
                    [
                        -85.2589345,
                        37.2111145
                    ],
                    [
                        -85.2588723,
                        37.2114273
                    ],
                    [
                        -85.2587868,
                        37.2115171
                    ],
                    [
                        -85.2585924,
                        37.2115171
                    ],
                    [
                        -85.2581686,
                        37.2114087
                    ],
                    [
                        -85.2581025,
                        37.2117493
                    ],
                    [
                        -85.2584835,
                        37.2117276
                    ],
                    [
                        -85.2588217,
                        37.2117864
                    ],
                    [
                        -85.2589151,
                        37.2119444
                    ],
                    [
                        -85.2589267,
                        37.2123686
                    ],
                    [
                        -85.2588451,
                        37.2128175
                    ],
                    [
                        -85.2586857,
                        37.2131736
                    ],
                    [
                        -85.2585146,
                        37.2133903
                    ],
                    [
                        -85.258398,
                        37.2134554
                    ],
                    [
                        -85.2582308,
                        37.2133965
                    ],
                    [
                        -85.2580869,
                        37.212994
                    ],
                    [
                        -85.2578731,
                        37.2131395
                    ],
                    [
                        -85.2577448,
                        37.2135328
                    ],
                    [
                        -85.2577409,
                        37.2140344
                    ],
                    [
                        -85.2573754,
                        37.2145917
                    ],
                    [
                        -85.2571383,
                        37.2148797
                    ],
                    [
                        -85.2568817,
                        37.2150716
                    ],
                    [
                        -85.2566717,
                        37.2152017
                    ],
                    [
                        -85.2564093,
                        37.2152125
                    ],
                    [
                        -85.2560399,
                        37.2154571
                    ],
                    [
                        -85.2558902,
                        37.2154556
                    ],
                    [
                        -85.254998,
                        37.2149416
                    ],
                    [
                        -85.2544673,
                        37.2148936
                    ],
                    [
                        -85.2542456,
                        37.2147899
                    ],
                    [
                        -85.2541582,
                        37.2148084
                    ],
                    [
                        -85.2538219,
                        37.2151862
                    ],
                    [
                        -85.2533125,
                        37.2153131
                    ],
                    [
                        -85.2525039,
                        37.2156073
                    ],
                    [
                        -85.2518546,
                        37.2161491
                    ],
                    [
                        -85.2514891,
                        37.2162296
                    ],
                    [
                        -85.2513919,
                        37.2161491
                    ],
                    [
                        -85.2514386,
                        37.2160655
                    ],
                    [
                        -85.2513997,
                        37.2160005
                    ],
                    [
                        -85.2512131,
                        37.2161986
                    ],
                    [
                        -85.2504238,
                        37.2161925
                    ],
                    [
                        -85.2495957,
                        37.2163287
                    ],
                    [
                        -85.2484915,
                        37.2164278
                    ],
                    [
                        -85.2484721,
                        37.2161955
                    ],
                    [
                        -85.2482582,
                        37.2162172
                    ],
                    [
                        -85.2479083,
                        37.2165454
                    ],
                    [
                        -85.2474573,
                        37.2166011
                    ],
                    [
                        -85.2470802,
                        37.2165268
                    ],
                    [
                        -85.2463881,
                        37.2161181
                    ],
                    [
                        -85.2457583,
                        37.2159943
                    ],
                    [
                        -85.2448676,
                        37.215995
                    ],
                    [
                        -85.244436,
                        37.2161527
                    ],
                    [
                        -85.2433446,
                        37.2166956
                    ],
                    [
                        -85.2430971,
                        37.2172189
                    ],
                    [
                        -85.2431714,
                        37.2173743
                    ],
                    [
                        -85.2431741,
                        37.2175517
                    ],
                    [
                        -85.2430614,
                        37.2176721
                    ],
                    [
                        -85.2430916,
                        37.2177969
                    ],
                    [
                        -85.2432538,
                        37.2178822
                    ],
                    [
                        -85.2432154,
                        37.218018
                    ],
                    [
                        -85.2433336,
                        37.2181121
                    ],
                    [
                        -85.2434215,
                        37.2181077
                    ],
                    [
                        -85.2436442,
                        37.2179348
                    ],
                    [
                        -85.2437817,
                        37.2179348
                    ],
                    [
                        -85.2437075,
                        37.2180486
                    ],
                    [
                        -85.2439384,
                        37.2180202
                    ],
                    [
                        -85.2441913,
                        37.2179107
                    ],
                    [
                        -85.2447604,
                        37.2176217
                    ],
                    [
                        -85.2449721,
                        37.2173262
                    ],
                    [
                        -85.245148,
                        37.2172167
                    ],
                    [
                        -85.2453707,
                        37.2171357
                    ],
                    [
                        -85.2456594,
                        37.2171247
                    ],
                    [
                        -85.2458793,
                        37.2172057
                    ],
                    [
                        -85.2459288,
                        37.2170831
                    ],
                    [
                        -85.2460278,
                        37.2170591
                    ],
                    [
                        -85.2462395,
                        37.2170831
                    ],
                    [
                        -85.2463879,
                        37.2171576
                    ],
                    [
                        -85.2466683,
                        37.2176458
                    ],
                    [
                        -85.2469927,
                        37.2178209
                    ],
                    [
                        -85.2480347,
                        37.2179304
                    ],
                    [
                        -85.248535,
                        37.2178932
                    ],
                    [
                        -85.2492031,
                        37.2177706
                    ],
                    [
                        -85.2492663,
                        37.2177772
                    ],
                    [
                        -85.249357,
                        37.2178779
                    ],
                    [
                        -85.2494588,
                        37.2177574
                    ],
                    [
                        -85.2502065,
                        37.2175122
                    ],
                    [
                        -85.2519275,
                        37.2174816
                    ],
                    [
                        -85.2527935,
                        37.2173108
                    ],
                    [
                        -85.2532526,
                        37.2171444
                    ],
                    [
                        -85.2541351,
                        37.2167285
                    ],
                    [
                        -85.2545035,
                        37.2166978
                    ],
                    [
                        -85.255287,
                        37.2168007
                    ],
                    [
                        -85.2559303,
                        37.2167744
                    ],
                    [
                        -85.256164,
                        37.2167372
                    ],
                    [
                        -85.2564499,
                        37.2164679
                    ],
                    [
                        -85.2567139,
                        37.2163191
                    ],
                    [
                        -85.2572225,
                        37.2162709
                    ],
                    [
                        -85.2572802,
                        37.2163891
                    ],
                    [
                        -85.2573104,
                        37.2167307
                    ],
                    [
                        -85.257239,
                        37.2170131
                    ],
                    [
                        -85.2569668,
                        37.2175363
                    ],
                    [
                        -85.2568403,
                        37.2175889
                    ],
                    [
                        -85.2568486,
                        37.2177137
                    ],
                    [
                        -85.2563345,
                        37.2184361
                    ],
                    [
                        -85.256186,
                        37.21862
                    ],
                    [
                        -85.2561145,
                        37.2185959
                    ],
                    [
                        -85.256087,
                        37.2187076
                    ],
                    [
                        -85.256131,
                        37.2187864
                    ],
                    [
                        -85.2558011,
                        37.2193359
                    ],
                    [
                        -85.2557126,
                        37.2193354
                    ],
                    [
                        -85.2557181,
                        37.2194679
                    ],
                    [
                        -85.2556384,
                        37.2195729
                    ],
                    [
                        -85.2553703,
                        37.2195587
                    ],
                    [
                        -85.255259,
                        37.2195729
                    ],
                    [
                        -85.2552301,
                        37.2196211
                    ],
                    [
                        -85.2554226,
                        37.2197525
                    ],
                    [
                        -85.2554652,
                        37.2198532
                    ],
                    [
                        -85.2551604,
                        37.2204902
                    ],
                    [
                        -85.2550379,
                        37.2204995
                    ],
                    [
                        -85.2550379,
                        37.2207348
                    ],
                    [
                        -85.2544178,
                        37.2217564
                    ],
                    [
                        -85.2542409,
                        37.2219902
                    ],
                    [
                        -85.2540459,
                        37.2219134
                    ],
                    [
                        -85.2539079,
                        37.2220047
                    ],
                    [
                        -85.2538904,
                        37.2221131
                    ],
                    [
                        -85.2539993,
                        37.2222292
                    ],
                    [
                        -85.253939,
                        37.2223669
                    ],
                    [
                        -85.253188,
                        37.2234912
                    ],
                    [
                        -85.2523715,
                        37.2244763
                    ],
                    [
                        -85.2517556,
                        37.2254045
                    ],
                    [
                        -85.2511343,
                        37.2258948
                    ],
                    [
                        -85.2510683,
                        37.2264027
                    ],
                    [
                        -85.2509584,
                        37.2267398
                    ],
                    [
                        -85.250568,
                        37.2270244
                    ],
                    [
                        -85.250469,
                        37.2274403
                    ],
                    [
                        -85.25059,
                        37.2278387
                    ],
                    [
                        -85.2499852,
                        37.2282152
                    ],
                    [
                        -85.2499192,
                        37.2284166
                    ],
                    [
                        -85.2499797,
                        37.2285348
                    ],
                    [
                        -85.2501171,
                        37.2285873
                    ],
                    [
                        -85.2500401,
                        37.2288982
                    ],
                    [
                        -85.2497267,
                        37.2292966
                    ],
                    [
                        -85.2494133,
                        37.2295111
                    ],
                    [
                        -85.2494573,
                        37.2300145
                    ],
                    [
                        -85.2493858,
                        37.230124
                    ],
                    [
                        -85.2489845,
                        37.2300058
                    ],
                    [
                        -85.2488415,
                        37.2303429
                    ],
                    [
                        -85.2490504,
                        37.2307106
                    ],
                    [
                        -85.248902,
                        37.2312666
                    ],
                    [
                        -85.248693,
                        37.2316781
                    ],
                    [
                        -85.2486436,
                        37.2334642
                    ],
                    [
                        -85.248858,
                        37.2339064
                    ],
                    [
                        -85.2491965,
                        37.2360098
                    ],
                    [
                        -85.2494647,
                        37.2367558
                    ],
                    [
                        -85.2494259,
                        37.2380001
                    ],
                    [
                        -85.2494997,
                        37.2385356
                    ],
                    [
                        -85.2492081,
                        37.2388234
                    ],
                    [
                        -85.2489321,
                        37.2389906
                    ],
                    [
                        -85.2484886,
                        37.2391324
                    ],
                    [
                        -85.2482769,
                        37.2393644
                    ],
                    [
                        -85.2482742,
                        37.2395001
                    ],
                    [
                        -85.2485408,
                        37.2395111
                    ],
                    [
                        -85.2490687,
                        37.2393448
                    ],
                    [
                        -85.2494233,
                        37.2392813
                    ],
                    [
                        -85.249613,
                        37.2393032
                    ],
                    [
                        -85.2502206,
                        37.2401786
                    ],
                    [
                        -85.2504873,
                        37.2408637
                    ],
                    [
                        -85.2503993,
                        37.2413605
                    ],
                    [
                        -85.2500529,
                        37.2415181
                    ],
                    [
                        -85.2499732,
                        37.2417566
                    ],
                    [
                        -85.2501161,
                        37.2419733
                    ],
                    [
                        -85.2502811,
                        37.2420608
                    ],
                    [
                        -85.2508144,
                        37.2420214
                    ],
                    [
                        -85.2513395,
                        37.2423629
                    ],
                    [
                        -85.2517464,
                        37.2423716
                    ],
                    [
                        -85.2519361,
                        37.2422381
                    ],
                    [
                        -85.2515155,
                        37.241575
                    ],
                    [
                        -85.2512268,
                        37.2412861
                    ],
                    [
                        -85.251246,
                        37.2410344
                    ],
                    [
                        -85.2513368,
                        37.2407849
                    ],
                    [
                        -85.2519063,
                        37.2407855
                    ],
                    [
                        -85.2530358,
                        37.2406164
                    ],
                    [
                        -85.2538468,
                        37.2405791
                    ],
                    [
                        -85.2542289,
                        37.2406273
                    ],
                    [
                        -85.2575114,
                        37.2398766
                    ],
                    [
                        -85.258229,
                        37.2396096
                    ],
                    [
                        -85.2648512,
                        37.2383484
                    ],
                    [
                        -85.2649523,
                        37.2384103
                    ],
                    [
                        -85.2662819,
                        37.237977
                    ],
                    [
                        -85.2671839,
                        37.2377418
                    ],
                    [
                        -85.2683114,
                        37.2374818
                    ],
                    [
                        -85.2691279,
                        37.2373703
                    ],
                    [
                        -85.2693223,
                        37.2373827
                    ],
                    [
                        -85.2694389,
                        37.2374384
                    ],
                    [
                        -85.2694702,
                        37.2378788
                    ],
                    [
                        -85.2693419,
                        37.2382379
                    ],
                    [
                        -85.2679423,
                        37.2402993
                    ],
                    [
                        -85.2669703,
                        37.2411226
                    ],
                    [
                        -85.2668148,
                        37.2414507
                    ],
                    [
                        -85.2665115,
                        37.2418933
                    ],
                    [
                        -85.265905,
                        37.242664
                    ],
                    [
                        -85.2656834,
                        37.2428776
                    ],
                    [
                        -85.2648902,
                        37.2430354
                    ],
                    [
                        -85.2643615,
                        37.2432738
                    ],
                    [
                        -85.2643693,
                        37.243379
                    ],
                    [
                        -85.2642798,
                        37.243543
                    ],
                    [
                        -85.264828,
                        37.2434656
                    ],
                    [
                        -85.2653801,
                        37.2436637
                    ],
                    [
                        -85.2660605,
                        37.2435275
                    ],
                    [
                        -85.266356,
                        37.2432985
                    ],
                    [
                        -85.2666204,
                        37.2432088
                    ],
                    [
                        -85.2668964,
                        37.2437009
                    ],
                    [
                        -85.2672774,
                        37.243639
                    ],
                    [
                        -85.2674213,
                        37.2434099
                    ],
                    [
                        -85.267433,
                        37.2432304
                    ],
                    [
                        -85.2673396,
                        37.243088
                    ],
                    [
                        -85.2670131,
                        37.2430911
                    ],
                    [
                        -85.267223,
                        37.2428931
                    ],
                    [
                        -85.2672774,
                        37.2425309
                    ],
                    [
                        -85.2673707,
                        37.2423452
                    ],
                    [
                        -85.2675457,
                        37.2421812
                    ],
                    [
                        -85.2676818,
                        37.2421255
                    ],
                    [
                        -85.2682766,
                        37.2422926
                    ],
                    [
                        -85.2684866,
                        37.2423112
                    ],
                    [
                        -85.2683194,
                        37.2420698
                    ],
                    [
                        -85.2681328,
                        37.2419181
                    ],
                    [
                        -85.2680278,
                        37.2417293
                    ],
                    [
                        -85.2680822,
                        37.2416179
                    ],
                    [
                        -85.2684905,
                        37.2413455
                    ],
                    [
                        -85.2687121,
                        37.2411257
                    ],
                    [
                        -85.2689648,
                        37.2410731
                    ],
                    [
                        -85.269132,
                        37.2411784
                    ],
                    [
                        -85.2692097,
                        37.2413857
                    ],
                    [
                        -85.2694197,
                        37.2413919
                    ],
                    [
                        -85.2693847,
                        37.2408224
                    ],
                    [
                        -85.2695363,
                        37.2405098
                    ],
                    [
                        -85.2696374,
                        37.2404696
                    ],
                    [
                        -85.2698395,
                        37.2400486
                    ],
                    [
                        -85.2703912,
                        37.2391777
                    ],
                    [
                        -85.270842,
                        37.2390814
                    ],
                    [
                        -85.270798,
                        37.2388013
                    ],
                    [
                        -85.2718757,
                        37.2376413
                    ],
                    [
                        -85.2723156,
                        37.2376194
                    ],
                    [
                        -85.27264,
                        37.2375231
                    ],
                    [
                        -85.2726235,
                        37.2372823
                    ],
                    [
                        -85.2731898,
                        37.2369058
                    ],
                    [
                        -85.2743335,
                        37.2364637
                    ],
                    [
                        -85.2748888,
                        37.2361267
                    ],
                    [
                        -85.276038,
                        37.2352293
                    ],
                    [
                        -85.276159,
                        37.2352905
                    ],
                    [
                        -85.2764669,
                        37.2355882
                    ],
                    [
                        -85.2768188,
                        37.2360785
                    ],
                    [
                        -85.2770607,
                        37.235864
                    ],
                    [
                        -85.2767088,
                        37.2352161
                    ],
                    [
                        -85.2767528,
                        37.2348265
                    ],
                    [
                        -85.2771652,
                        37.2343056
                    ],
                    [
                        -85.2781439,
                        37.2325326
                    ],
                    [
                        -85.2785288,
                        37.2325326
                    ],
                    [
                        -85.2784133,
                        37.2322043
                    ],
                    [
                        -85.2789081,
                        37.2303262
                    ],
                    [
                        -85.2791171,
                        37.2300942
                    ],
                    [
                        -85.2801728,
                        37.2294594
                    ],
                    [
                        -85.2802003,
                        37.2293762
                    ],
                    [
                        -85.2800243,
                        37.2292011
                    ],
                    [
                        -85.2796779,
                        37.2293018
                    ],
                    [
                        -85.2787487,
                        37.2298009
                    ],
                    [
                        -85.2783968,
                        37.2296082
                    ],
                    [
                        -85.2782099,
                        37.22942
                    ],
                    [
                        -85.2772256,
                        37.2286933
                    ],
                    [
                        -85.2766208,
                        37.2283343
                    ],
                    [
                        -85.2763019,
                        37.2282073
                    ],
                    [
                        -85.2761315,
                        37.2280409
                    ],
                    [
                        -85.276038,
                        37.2276863
                    ],
                    [
                        -85.2757301,
                        37.2253528
                    ],
                    [
                        -85.2757081,
                        37.2242583
                    ],
                    [
                        -85.2757906,
                        37.223619
                    ],
                    [
                        -85.2762029,
                        37.22157
                    ],
                    [
                        -85.2764889,
                        37.2208476
                    ],
                    [
                        -85.2767693,
                        37.220633
                    ],
                    [
                        -85.2765438,
                        37.2205805
                    ],
                    [
                        -85.2769287,
                        37.2186058
                    ],
                    [
                        -85.2772256,
                        37.2178133
                    ],
                    [
                        -85.277605,
                        37.2173097
                    ],
                    [
                        -85.2781439,
                        37.2169419
                    ],
                    [
                        -85.2786552,
                        37.2167755
                    ],
                    [
                        -85.2791556,
                        37.2167974
                    ],
                    [
                        -85.2800243,
                        37.2170514
                    ],
                    [
                        -85.2806181,
                        37.2173754
                    ],
                    [
                        -85.2806951,
                        37.2175637
                    ],
                    [
                        -85.2806181,
                        37.2177607
                    ],
                    [
                        -85.279524,
                        37.2181854
                    ],
                    [
                        -85.2794415,
                        37.2186408
                    ],
                    [
                        -85.279447,
                        37.2189298
                    ],
                    [
                        -85.279304,
                        37.2192407
                    ],
                    [
                        -85.2795185,
                        37.2193195
                    ],
                    [
                        -85.2796944,
                        37.2191794
                    ],
                    [
                        -85.2799363,
                        37.2183912
                    ],
                    [
                        -85.2800463,
                        37.218308
                    ],
                    [
                        -85.2814154,
                        37.2180453
                    ],
                    [
                        -85.2817096,
                        37.2181438
                    ],
                    [
                        -85.2825921,
                        37.2189626
                    ],
                    [
                        -85.2827083,
                        37.2191753
                    ],
                    [
                        -85.2827472,
                        37.2195933
                    ],
                    [
                        -85.2830466,
                        37.2196738
                    ],
                    [
                        -85.2832604,
                        37.219841
                    ],
                    [
                        -85.2835014,
                        37.2204323
                    ],
                    [
                        -85.2837736,
                        37.2206645
                    ],
                    [
                        -85.2839719,
                        37.2209432
                    ],
                    [
                        -85.2841468,
                        37.221324
                    ],
                    [
                        -85.2844151,
                        37.222454
                    ],
                    [
                        -85.2844073,
                        37.2228193
                    ],
                    [
                        -85.2841702,
                        37.2232404
                    ],
                    [
                        -85.2842674,
                        37.2233828
                    ],
                    [
                        -85.2842129,
                        37.2235561
                    ],
                    [
                        -85.2837425,
                        37.2238812
                    ],
                    [
                        -85.2837308,
                        37.2239834
                    ],
                    [
                        -85.2839369,
                        37.2242558
                    ],
                    [
                        -85.2839758,
                        37.2244725
                    ],
                    [
                        -85.2839447,
                        37.2246861
                    ],
                    [
                        -85.2837153,
                        37.2255994
                    ],
                    [
                        -85.2835831,
                        37.2258904
                    ],
                    [
                        -85.2833148,
                        37.2268315
                    ],
                    [
                        -85.2830271,
                        37.2273547
                    ],
                    [
                        -85.2827316,
                        37.2277695
                    ],
                    [
                        -85.2823467,
                        37.228107
                    ],
                    [
                        -85.2809199,
                        37.2288066
                    ],
                    [
                        -85.2805933,
                        37.2288252
                    ],
                    [
                        -85.280325,
                        37.228949
                    ],
                    [
                        -85.2803017,
                        37.2291007
                    ],
                    [
                        -85.2804689,
                        37.2292245
                    ],
                    [
                        -85.2807838,
                        37.2292988
                    ],
                    [
                        -85.2814349,
                        37.2293677
                    ],
                    [
                        -85.2819187,
                        37.2292451
                    ],
                    [
                        -85.2820644,
                        37.229267
                    ],
                    [
                        -85.2821552,
                        37.2294115
                    ],
                    [
                        -85.2821249,
                        37.2298702
                    ],
                    [
                        -85.2819655,
                        37.2307545
                    ],
                    [
                        -85.281674,
                        37.2318402
                    ],
                    [
                        -85.281762,
                        37.2329828
                    ],
                    [
                        -85.281729,
                        37.2335607
                    ],
                    [
                        -85.2815256,
                        37.2344362
                    ],
                    [
                        -85.2812892,
                        37.2361128
                    ],
                    [
                        -85.2813002,
                        37.2370802
                    ],
                    [
                        -85.2811792,
                        37.2376362
                    ],
                    [
                        -85.2811847,
                        37.2383234
                    ],
                    [
                        -85.2813551,
                        37.2389187
                    ],
                    [
                        -85.281817,
                        37.2398073
                    ],
                    [
                        -85.2820864,
                        37.2409673
                    ],
                    [
                        -85.2822734,
                        37.2414182
                    ],
                    [
                        -85.2823778,
                        37.2419259
                    ],
                    [
                        -85.2823801,
                        37.2423337
                    ],
                    [
                        -85.2823024,
                        37.2425009
                    ],
                    [
                        -85.280926,
                        37.2424328
                    ],
                    [
                        -85.2809494,
                        37.2426061
                    ],
                    [
                        -85.2821468,
                        37.2430147
                    ],
                    [
                        -85.2823335,
                        37.243318
                    ],
                    [
                        -85.2821702,
                        37.2437018
                    ],
                    [
                        -85.2814392,
                        37.2443765
                    ],
                    [
                        -85.2810193,
                        37.2448655
                    ],
                    [
                        -85.2803895,
                        37.245404
                    ],
                    [
                        -85.2803895,
                        37.2455588
                    ],
                    [
                        -85.2804906,
                        37.2456393
                    ],
                    [
                        -85.281307,
                        37.2451936
                    ],
                    [
                        -85.2817425,
                        37.2451688
                    ],
                    [
                        -85.2818825,
                        37.2447974
                    ],
                    [
                        -85.2825045,
                        37.2442094
                    ],
                    [
                        -85.2826911,
                        37.2441475
                    ],
                    [
                        -85.2841997,
                        37.2452988
                    ],
                    [
                        -85.2855293,
                        37.2458497
                    ],
                    [
                        -85.2859026,
                        37.246184
                    ],
                    [
                        -85.2859881,
                        37.2463944
                    ],
                    [
                        -85.285817,
                        37.2466544
                    ],
                    [
                        -85.2858948,
                        37.2467534
                    ],
                    [
                        -85.2862447,
                        37.2468339
                    ],
                    [
                        -85.2863303,
                        37.2467534
                    ],
                    [
                        -85.2865946,
                        37.2467225
                    ],
                    [
                        -85.2871623,
                        37.2468463
                    ],
                    [
                        -85.2884764,
                        37.2473415
                    ],
                    [
                        -85.2890829,
                        37.2477562
                    ],
                    [
                        -85.2897827,
                        37.24814
                    ],
                    [
                        -85.2902104,
                        37.2484309
                    ],
                    [
                        -85.2904981,
                        37.2487156
                    ],
                    [
                        -85.2904515,
                        37.2490932
                    ],
                    [
                        -85.2891451,
                        37.2495636
                    ],
                    [
                        -85.2888807,
                        37.2494058
                    ],
                    [
                        -85.2887874,
                        37.2494769
                    ],
                    [
                        -85.2887408,
                        37.2496936
                    ],
                    [
                        -85.2884958,
                        37.2497833
                    ],
                    [
                        -85.2870076,
                        37.2500789
                    ],
                    [
                        -85.2860729,
                        37.2501839
                    ],
                    [
                        -85.2852262,
                        37.2503327
                    ],
                    [
                        -85.2847588,
                        37.2504947
                    ],
                    [
                        -85.2843684,
                        37.2506916
                    ],
                    [
                        -85.2838736,
                        37.2508054
                    ],
                    [
                        -85.2830983,
                        37.2508754
                    ],
                    [
                        -85.2829443,
                        37.2510286
                    ],
                    [
                        -85.2827299,
                        37.2510592
                    ],
                    [
                        -85.2826144,
                        37.2511468
                    ],
                    [
                        -85.2826034,
                        37.2512168
                    ],
                    [
                        -85.2830213,
                        37.2513656
                    ],
                    [
                        -85.2835601,
                        37.2513131
                    ],
                    [
                        -85.2841045,
                        37.2513919
                    ],
                    [
                        -85.28411,
                        37.251637
                    ],
                    [
                        -85.2842859,
                        37.2517464
                    ],
                    [
                        -85.2845938,
                        37.2516457
                    ],
                    [
                        -85.2847808,
                        37.2511862
                    ],
                    [
                        -85.2853306,
                        37.2509017
                    ],
                    [
                        -85.2864523,
                        37.2507879
                    ],
                    [
                        -85.2872166,
                        37.250928
                    ],
                    [
                        -85.2878764,
                        37.2508535
                    ],
                    [
                        -85.2886516,
                        37.2508842
                    ],
                    [
                        -85.2887561,
                        37.2510724
                    ],
                    [
                        -85.2887781,
                        37.2515407
                    ],
                    [
                        -85.2884812,
                        37.2523285
                    ],
                    [
                        -85.2885967,
                        37.2524204
                    ],
                    [
                        -85.2888771,
                        37.2522672
                    ],
                    [
                        -85.2897073,
                        37.2507091
                    ],
                    [
                        -85.2904056,
                        37.2505822
                    ],
                    [
                        -85.2911094,
                        37.2505165
                    ],
                    [
                        -85.2914613,
                        37.2506303
                    ],
                    [
                        -85.2919287,
                        37.2508579
                    ],
                    [
                        -85.2925995,
                        37.2512868
                    ],
                    [
                        -85.2948868,
                        37.2516764
                    ],
                    [
                        -85.2953487,
                        37.2518295
                    ],
                    [
                        -85.2955521,
                        37.2519696
                    ],
                    [
                        -85.2955155,
                        37.2520962
                    ],
                    [
                        -85.2952472,
                        37.252285
                    ],
                    [
                        -85.2944891,
                        37.2525945
                    ],
                    [
                        -85.2945474,
                        37.2528328
                    ],
                    [
                        -85.2956516,
                        37.2525388
                    ],
                    [
                        -85.2959471,
                        37.2525326
                    ],
                    [
                        -85.2959743,
                        37.252678
                    ],
                    [
                        -85.2957838,
                        37.2531206
                    ],
                    [
                        -85.2953755,
                        37.2536807
                    ],
                    [
                        -85.294909,
                        37.2542099
                    ],
                    [
                        -85.294388,
                        37.254572
                    ],
                    [
                        -85.293902,
                        37.2550578
                    ],
                    [
                        -85.2937932,
                        37.2552311
                    ],
                    [
                        -85.2937932,
                        37.2553302
                    ],
                    [
                        -85.2938554,
                        37.2554013
                    ],
                    [
                        -85.2943919,
                        37.2551507
                    ],
                    [
                        -85.2955194,
                        37.2544451
                    ],
                    [
                        -85.2969813,
                        37.2531268
                    ],
                    [
                        -85.2972573,
                        37.253133
                    ],
                    [
                        -85.2974789,
                        37.2532165
                    ],
                    [
                        -85.2977705,
                        37.2532165
                    ],
                    [
                        -85.2979221,
                        37.2531856
                    ],
                    [
                        -85.2979999,
                        37.2530896
                    ],
                    [
                        -85.2986142,
                        37.2530154
                    ],
                    [
                        -85.3010908,
                        37.2527183
                    ],
                    [
                        -85.3016584,
                        37.2526749
                    ],
                    [
                        -85.3018956,
                        37.2527183
                    ],
                    [
                        -85.3019034,
                        37.2528111
                    ],
                    [
                        -85.3014174,
                        37.253625
                    ],
                    [
                        -85.3009858,
                        37.2538447
                    ],
                    [
                        -85.3010053,
                        37.2540273
                    ],
                    [
                        -85.3009508,
                        37.2541635
                    ],
                    [
                        -85.3007448,
                        37.2543863
                    ],
                    [
                        -85.3004376,
                        37.2549588
                    ],
                    [
                        -85.3001966,
                        37.2552714
                    ],
                    [
                        -85.3000216,
                        37.2553982
                    ],
                    [
                        -85.2997689,
                        37.2557541
                    ],
                    [
                        -85.299489,
                        37.2559583
                    ],
                    [
                        -85.2990846,
                        37.2563575
                    ],
                    [
                        -85.2986725,
                        37.2570538
                    ],
                    [
                        -85.2986453,
                        37.2572147
                    ],
                    [
                        -85.2985637,
                        37.2573323
                    ],
                    [
                        -85.2981593,
                        37.2576325
                    ],
                    [
                        -85.2981049,
                        37.2577563
                    ],
                    [
                        -85.2979843,
                        37.2578584
                    ],
                    [
                        -85.2979532,
                        37.2579327
                    ],
                    [
                        -85.2979921,
                        37.2579791
                    ],
                    [
                        -85.2984392,
                        37.2580688
                    ],
                    [
                        -85.2987308,
                        37.2577563
                    ],
                    [
                        -85.299105,
                        37.2575771
                    ],
                    [
                        -85.2993813,
                        37.2575311
                    ],
                    [
                        -85.2993909,
                        37.2574381
                    ],
                    [
                        -85.2993002,
                        37.2572532
                    ],
                    [
                        -85.2993648,
                        37.2571558
                    ],
                    [
                        -85.2997904,
                        37.2567619
                    ],
                    [
                        -85.3003155,
                        37.2561754
                    ],
                    [
                        -85.3015224,
                        37.2551273
                    ],
                    [
                        -85.3016021,
                        37.255101
                    ],
                    [
                        -85.3021712,
                        37.2552258
                    ],
                    [
                        -85.3022235,
                        37.2551579
                    ],
                    [
                        -85.30202,
                        37.2547115
                    ],
                    [
                        -85.3020558,
                        37.2544117
                    ],
                    [
                        -85.3025094,
                        37.25402
                    ],
                    [
                        -85.3027211,
                        37.2537378
                    ],
                    [
                        -85.3028063,
                        37.2536962
                    ],
                    [
                        -85.3031664,
                        37.2536984
                    ],
                    [
                        -85.302996,
                        37.2533833
                    ],
                    [
                        -85.3032489,
                        37.2529675
                    ],
                    [
                        -85.3035156,
                        37.252764
                    ],
                    [
                        -85.3057864,
                        37.2523985
                    ],
                    [
                        -85.3061438,
                        37.2524248
                    ],
                    [
                        -85.306306,
                        37.2524883
                    ],
                    [
                        -85.3069246,
                        37.2532717
                    ],
                    [
                        -85.3069631,
                        37.253357
                    ],
                    [
                        -85.3068091,
                        37.2534686
                    ],
                    [
                        -85.3068119,
                        37.2535693
                    ],
                    [
                        -85.3069548,
                        37.2535408
                    ],
                    [
                        -85.307172,
                        37.2535977
                    ],
                    [
                        -85.3077686,
                        37.2541885
                    ],
                    [
                        -85.3078675,
                        37.254891
                    ],
                    [
                        -85.3077878,
                        37.2551338
                    ],
                    [
                        -85.3074029,
                        37.2554139
                    ],
                    [
                        -85.3073644,
                        37.2554949
                    ],
                    [
                        -85.3075019,
                        37.255543
                    ],
                    [
                        -85.3081782,
                        37.2552389
                    ],
                    [
                        -85.3084641,
                        37.2551689
                    ],
                    [
                        -85.3083102,
                        37.2540354
                    ],
                    [
                        -85.3085301,
                        37.2538319
                    ],
                    [
                        -85.3084256,
                        37.2537421
                    ],
                    [
                        -85.3080627,
                        37.2537093
                    ],
                    [
                        -85.3078181,
                        37.2534817
                    ],
                    [
                        -85.3075926,
                        37.253125
                    ],
                    [
                        -85.3073479,
                        37.2525539
                    ],
                    [
                        -85.3070978,
                        37.2523198
                    ],
                    [
                        -85.3071335,
                        37.2522147
                    ],
                    [
                        -85.3079693,
                        37.2518011
                    ],
                    [
                        -85.3097865,
                        37.2504947
                    ],
                    [
                        -85.3099679,
                        37.2504203
                    ],
                    [
                        -85.310416,
                        37.2504575
                    ],
                    [
                        -85.3103061,
                        37.250173
                    ],
                    [
                        -85.3111336,
                        37.2494684
                    ],
                    [
                        -85.311271,
                        37.2494049
                    ],
                    [
                        -85.3113783,
                        37.2494509
                    ],
                    [
                        -85.3115542,
                        37.2494246
                    ],
                    [
                        -85.3116807,
                        37.2490132
                    ],
                    [
                        -85.3128243,
                        37.2480831
                    ],
                    [
                        -85.3140312,
                        37.2471924
                    ],
                    [
                        -85.3141907,
                        37.2471749
                    ],
                    [
                        -85.3149137,
                        37.2475885
                    ],
                    [
                        -85.3150374,
                        37.247536
                    ],
                    [
                        -85.3146058,
                        37.247002
                    ],
                    [
                        -85.3146223,
                        37.2468051
                    ],
                    [
                        -85.3150787,
                        37.2462842
                    ],
                    [
                        -85.3158897,
                        37.2464659
                    ],
                    [
                        -85.3159502,
                        37.2463893
                    ],
                    [
                        -85.3159282,
                        37.2462973
                    ],
                    [
                        -85.3153563,
                        37.2459844
                    ],
                    [
                        -85.3156402,
                        37.2447861
                    ],
                    [
                        -85.3157006,
                        37.2437969
                    ],
                    [
                        -85.3158711,
                        37.2433242
                    ],
                    [
                        -85.316245,
                        37.2433942
                    ],
                    [
                        -85.3167618,
                        37.2435737
                    ],
                    [
                        -85.3167013,
                        37.2434292
                    ],
                    [
                        -85.3160195,
                        37.2429434
                    ],
                    [
                        -85.3159096,
                        37.2427858
                    ],
                    [
                        -85.3156237,
                        37.2410481
                    ],
                    [
                        -85.3150793,
                        37.2398662
                    ],
                    [
                        -85.3144085,
                        37.2387106
                    ],
                    [
                        -85.3121047,
                        37.235642
                    ],
                    [
                        -85.3118573,
                        37.2350247
                    ],
                    [
                        -85.3115879,
                        37.2342981
                    ],
                    [
                        -85.3115879,
                        37.2338078
                    ],
                    [
                        -85.3120057,
                        37.2338691
                    ],
                    [
                        -85.3120002,
                        37.2336896
                    ],
                    [
                        -85.3116099,
                        37.2332868
                    ],
                    [
                        -85.3118023,
                        37.2330942
                    ],
                    [
                        -85.3119343,
                        37.2328578
                    ],
                    [
                        -85.3127315,
                        37.2324988
                    ],
                    [
                        -85.312715,
                        37.2323587
                    ],
                    [
                        -85.3130669,
                        37.2318334
                    ],
                    [
                        -85.3131054,
                        37.2315357
                    ],
                    [
                        -85.3128305,
                        37.2314088
                    ],
                    [
                        -85.3126435,
                        37.2315489
                    ],
                    [
                        -85.3120442,
                        37.2315138
                    ],
                    [
                        -85.3119617,
                        37.2313081
                    ],
                    [
                        -85.3120057,
                        37.2311111
                    ],
                    [
                        -85.3122312,
                        37.2310367
                    ],
                    [
                        -85.3136882,
                        37.2310454
                    ],
                    [
                        -85.3138642,
                        37.2310016
                    ],
                    [
                        -85.3140181,
                        37.2305901
                    ],
                    [
                        -85.31459,
                        37.2303362
                    ],
                    [
                        -85.3150408,
                        37.2299991
                    ],
                    [
                        -85.3154202,
                        37.2295526
                    ],
                    [
                        -85.3159811,
                        37.2291235
                    ],
                    [
                        -85.3166849,
                        37.2287383
                    ],
                    [
                        -85.3177021,
                        37.2277926
                    ],
                    [
                        -85.3181144,
                        37.2275081
                    ],
                    [
                        -85.3186698,
                        37.2276087
                    ],
                    [
                        -85.3188072,
                        37.2275737
                    ],
                    [
                        -85.3186423,
                        37.2273286
                    ],
                    [
                        -85.3185928,
                        37.2270746
                    ],
                    [
                        -85.3186643,
                        37.2268119
                    ],
                    [
                        -85.319566,
                        37.2259232
                    ],
                    [
                        -85.3203468,
                        37.2253234
                    ],
                    [
                        -85.3205447,
                        37.2252402
                    ],
                    [
                        -85.3207976,
                        37.2248199
                    ],
                    [
                        -85.3217818,
                        37.2240756
                    ],
                    [
                        -85.3220293,
                        37.2237998
                    ],
                    [
                        -85.3235853,
                        37.2225914
                    ],
                    [
                        -85.3240252,
                        37.2223681
                    ],
                    [
                        -85.3241736,
                        37.2221404
                    ],
                    [
                        -85.324773,
                        37.2216938
                    ],
                    [
                        -85.3250534,
                        37.2215537
                    ],
                    [
                        -85.3252293,
                        37.2230204
                    ],
                    [
                        -85.3252898,
                        37.2232218
                    ],
                    [
                        -85.3253888,
                        37.2232218
                    ],
                    [
                        -85.3256197,
                        37.2222455
                    ],
                    [
                        -85.3257792,
                        37.2218558
                    ],
                    [
                        -85.3258122,
                        37.2209714
                    ],
                    [
                        -85.3273517,
                        37.2196535
                    ],
                    [
                        -85.3275386,
                        37.2195747
                    ],
                    [
                        -85.3278026,
                        37.2196053
                    ],
                    [
                        -85.3282039,
                        37.2198812
                    ],
                    [
                        -85.3283249,
                        37.2200388
                    ],
                    [
                        -85.3283744,
                        37.2206999
                    ],
                    [
                        -85.3282259,
                        37.2209889
                    ],
                    [
                        -85.3282699,
                        37.2211509
                    ],
                    [
                        -85.3289836,
                        37.2204746
                    ],
                    [
                        -85.3294151,
                        37.2206325
                    ],
                    [
                        -85.3298817,
                        37.2210226
                    ],
                    [
                        -85.3303288,
                        37.2214839
                    ],
                    [
                        -85.3310003,
                        37.2223585
                    ],
                    [
                        -85.3308628,
                        37.2228402
                    ],
                    [
                        -85.3309288,
                        37.2227701
                    ],
                    [
                        -85.3310992,
                        37.2227701
                    ],
                    [
                        -85.3313302,
                        37.222919
                    ],
                    [
                        -85.3312312,
                        37.2235845
                    ],
                    [
                        -85.3309508,
                        37.2239391
                    ],
                    [
                        -85.3309563,
                        37.2242237
                    ],
                    [
                        -85.3309068,
                        37.2242981
                    ],
                    [
                        -85.3305879,
                        37.2242456
                    ],
                    [
                        -85.3297906,
                        37.2238997
                    ],
                    [
                        -85.3293947,
                        37.2238734
                    ],
                    [
                        -85.3291143,
                        37.2239041
                    ],
                    [
                        -85.3288614,
                        37.2240486
                    ],
                    [
                        -85.3287294,
                        37.2242149
                    ],
                    [
                        -85.328405,
                        37.22432
                    ],
                    [
                        -85.328438,
                        37.2244207
                    ],
                    [
                        -85.3283665,
                        37.224714
                    ],
                    [
                        -85.3283775,
                        37.2248542
                    ],
                    [
                        -85.3284545,
                        37.2249111
                    ],
                    [
                        -85.3285865,
                        37.2247184
                    ],
                    [
                        -85.3288669,
                        37.2244645
                    ],
                    [
                        -85.3291803,
                        37.2244207
                    ],
                    [
                        -85.3294717,
                        37.2244514
                    ],
                    [
                        -85.330082,
                        37.2247359
                    ],
                    [
                        -85.3309508,
                        37.2255371
                    ],
                    [
                        -85.3311872,
                        37.2258786
                    ],
                    [
                        -85.3312697,
                        37.2261457
                    ],
                    [
                        -85.3312092,
                        37.2263602
                    ],
                    [
                        -85.3305934,
                        37.2268155
                    ],
                    [
                        -85.3304504,
                        37.2270563
                    ],
                    [
                        -85.3304559,
                        37.2271658
                    ],
                    [
                        -85.3307363,
                        37.2270388
                    ],
                    [
                        -85.3310497,
                        37.22696
                    ],
                    [
                        -85.3312257,
                        37.2269425
                    ],
                    [
                        -85.3313192,
                        37.2270432
                    ],
                    [
                        -85.3312202,
                        37.2279626
                    ],
                    [
                        -85.3311377,
                        37.2282515
                    ],
                    [
                        -85.3308023,
                        37.2283041
                    ],
                    [
                        -85.3309288,
                        37.2285186
                    ],
                    [
                        -85.3309618,
                        37.2288032
                    ],
                    [
                        -85.3308573,
                        37.2300465
                    ],
                    [
                        -85.3308408,
                        37.2300946
                    ],
                    [
                        -85.3307308,
                        37.2301209
                    ],
                    [
                        -85.3304944,
                        37.230064
                    ],
                    [
                        -85.3304119,
                        37.2301384
                    ],
                    [
                        -85.3306154,
                        37.2305237
                    ],
                    [
                        -85.3305934,
                        37.2307119
                    ],
                    [
                        -85.3304229,
                        37.2308476
                    ],
                    [
                        -85.3292352,
                        37.2309006
                    ],
                    [
                        -85.328928,
                        37.2311328
                    ],
                    [
                        -85.3284576,
                        37.2310771
                    ],
                    [
                        -85.3281504,
                        37.2310863
                    ],
                    [
                        -85.3278938,
                        37.2311978
                    ],
                    [
                        -85.3274739,
                        37.2314733
                    ],
                    [
                        -85.3273573,
                        37.2313804
                    ],
                    [
                        -85.3271551,
                        37.2314052
                    ],
                    [
                        -85.3270929,
                        37.2315662
                    ],
                    [
                        -85.3266691,
                        37.2315383
                    ],
                    [
                        -85.3261754,
                        37.2316064
                    ],
                    [
                        -85.3255455,
                        37.2317736
                    ],
                    [
                        -85.3253628,
                        37.2317674
                    ],
                    [
                        -85.3250867,
                        37.2315507
                    ],
                    [
                        -85.3250595,
                        37.2317859
                    ],
                    [
                        -85.3241886,
                        37.2319438
                    ],
                    [
                        -85.3239515,
                        37.2320955
                    ],
                    [
                        -85.3239281,
                        37.2323184
                    ],
                    [
                        -85.3235471,
                        37.2328168
                    ],
                    [
                        -85.3235393,
                        37.2330582
                    ],
                    [
                        -85.3237026,
                        37.2330768
                    ],
                    [
                        -85.3239865,
                        37.2325505
                    ],
                    [
                        -85.3242897,
                        37.2322286
                    ],
                    [
                        -85.3248574,
                        37.2321141
                    ],
                    [
                        -85.3252112,
                        37.2321791
                    ],
                    [
                        -85.325425,
                        37.2322719
                    ],
                    [
                        -85.3255183,
                        37.2324515
                    ],
                    [
                        -85.3256349,
                        37.2325351
                    ],
                    [
                        -85.3256933,
                        37.2324855
                    ],
                    [
                        -85.3255766,
                        37.2322348
                    ],
                    [
                        -85.3256894,
                        37.2321543
                    ],
                    [
                        -85.3263931,
                        37.232046
                    ],
                    [
                        -85.3269763,
                        37.2320862
                    ],
                    [
                        -85.327404,
                        37.2321636
                    ],
                    [
                        -85.327956,
                        37.2320986
                    ],
                    [
                        -85.3282826,
                        37.2318571
                    ],
                    [
                        -85.3288153,
                        37.2318571
                    ],
                    [
                        -85.3295967,
                        37.2317209
                    ],
                    [
                        -85.3303549,
                        37.2317859
                    ],
                    [
                        -85.3305065,
                        37.2318788
                    ],
                    [
                        -85.3305921,
                        37.2326775
                    ],
                    [
                        -85.3307398,
                        37.2333399
                    ],
                    [
                        -85.3311869,
                        37.2347452
                    ],
                    [
                        -85.330561,
                        37.2346276
                    ],
                    [
                        -85.3305571,
                        37.2347514
                    ],
                    [
                        -85.3313619,
                        37.2353891
                    ],
                    [
                        -85.3320345,
                        37.2368222
                    ],
                    [
                        -85.3323222,
                        37.2377849
                    ],
                    [
                        -85.3322755,
                        37.237983
                    ],
                    [
                        -85.3319567,
                        37.2377632
                    ],
                    [
                        -85.3315835,
                        37.2376487
                    ],
                    [
                        -85.3314707,
                        37.2375125
                    ],
                    [
                        -85.3312219,
                        37.2368006
                    ],
                    [
                        -85.330942,
                        37.236556
                    ],
                    [
                        -85.330526,
                        37.2363951
                    ],
                    [
                        -85.3304988,
                        37.2364694
                    ],
                    [
                        -85.3308448,
                        37.2368253
                    ],
                    [
                        -85.3309498,
                        37.2370203
                    ],
                    [
                        -85.3309536,
                        37.2374908
                    ],
                    [
                        -85.3308214,
                        37.2377323
                    ],
                    [
                        -85.3305843,
                        37.2378839
                    ],
                    [
                        -85.3302616,
                        37.2379861
                    ],
                    [
                        -85.3307942,
                        37.2379706
                    ],
                    [
                        -85.3310508,
                        37.2380016
                    ],
                    [
                        -85.3312593,
                        37.2380874
                    ],
                    [
                        -85.331622,
                        37.2383254
                    ],
                    [
                        -85.3320852,
                        37.2389525
                    ],
                    [
                        -85.3321571,
                        37.239184
                    ],
                    [
                        -85.3319949,
                        37.2395758
                    ],
                    [
                        -85.3318437,
                        37.2397596
                    ],
                    [
                        -85.3316183,
                        37.2398537
                    ],
                    [
                        -85.3313186,
                        37.2398975
                    ],
                    [
                        -85.3308447,
                        37.2398467
                    ],
                    [
                        -85.3303782,
                        37.2396517
                    ],
                    [
                        -85.3299738,
                        37.2393701
                    ],
                    [
                        -85.3295228,
                        37.2388501
                    ],
                    [
                        -85.3286169,
                        37.2381691
                    ],
                    [
                        -85.3278157,
                        37.2377824
                    ],
                    [
                        -85.3277227,
                        37.2378658
                    ],
                    [
                        -85.327802,
                        37.2379181
                    ],
                    [
                        -85.3278212,
                        37.2380626
                    ],
                    [
                        -85.3284031,
                        37.2384817
                    ],
                    [
                        -85.3292123,
                        37.2393648
                    ],
                    [
                        -85.329215,
                        37.2395465
                    ],
                    [
                        -85.3290528,
                        37.2397085
                    ],
                    [
                        -85.3289264,
                        37.2397566
                    ],
                    [
                        -85.3288989,
                        37.2398704
                    ],
                    [
                        -85.3291931,
                        37.2397347
                    ],
                    [
                        -85.3294157,
                        37.2397544
                    ],
                    [
                        -85.3306116,
                        37.2406102
                    ],
                    [
                        -85.3312137,
                        37.2407984
                    ],
                    [
                        -85.3313567,
                        37.2409166
                    ],
                    [
                        -85.3314391,
                        37.2412821
                    ],
                    [
                        -85.3312412,
                        37.2415228
                    ],
                    [
                        -85.3310927,
                        37.2415819
                    ],
                    [
                        -85.3307243,
                        37.2415228
                    ],
                    [
                        -85.3307134,
                        37.241687
                    ],
                    [
                        -85.3308756,
                        37.2420043
                    ],
                    [
                        -85.3307298,
                        37.2422604
                    ],
                    [
                        -85.3305429,
                        37.2423895
                    ],
                    [
                        -85.3302048,
                        37.2424946
                    ],
                    [
                        -85.3296192,
                        37.242906
                    ],
                    [
                        -85.3292205,
                        37.2429739
                    ],
                    [
                        -85.3289429,
                        37.2429607
                    ],
                    [
                        -85.328448,
                        37.2427944
                    ],
                    [
                        -85.3284508,
                        37.2429148
                    ],
                    [
                        -85.328569,
                        37.2430986
                    ],
                    [
                        -85.3285992,
                        37.243265
                    ],
                    [
                        -85.3284178,
                        37.2435276
                    ],
                    [
                        -85.3282363,
                        37.2436129
                    ],
                    [
                        -85.3282336,
                        37.243683
                    ],
                    [
                        -85.328514,
                        37.2437005
                    ],
                    [
                        -85.3288109,
                        37.2435713
                    ],
                    [
                        -85.3289126,
                        37.243637
                    ],
                    [
                        -85.3289181,
                        37.2437508
                    ],
                    [
                        -85.3288794,
                        37.24379
                    ],
                    [
                        -85.328602,
                        37.2437639
                    ],
                    [
                        -85.3279614,
                        37.244136
                    ],
                    [
                        -85.3272026,
                        37.244775
                    ],
                    [
                        -85.3270624,
                        37.245042
                    ],
                    [
                        -85.3272026,
                        37.2454622
                    ],
                    [
                        -85.3273374,
                        37.2455585
                    ],
                    [
                        -85.3273951,
                        37.2456833
                    ],
                    [
                        -85.3273841,
                        37.2457971
                    ],
                    [
                        -85.3275061,
                        37.2461131
                    ],
                    [
                        -85.3276782,
                        37.2469985
                    ],
                    [
                        -85.3276618,
                        37.2472239
                    ],
                    [
                        -85.3274501,
                        37.2477776
                    ],
                    [
                        -85.3275903,
                        37.2480665
                    ],
                    [
                        -85.3275188,
                        37.2481037
                    ],
                    [
                        -85.3274556,
                        37.2485808
                    ],
                    [
                        -85.3270707,
                        37.2498566
                    ],
                    [
                        -85.3266583,
                        37.2507363
                    ],
                    [
                        -85.3264329,
                        37.2508173
                    ],
                    [
                        -85.3258418,
                        37.2507472
                    ],
                    [
                        -85.3246212,
                        37.250117
                    ],
                    [
                        -85.3243957,
                        37.2500492
                    ],
                    [
                        -85.3242445,
                        37.2501214
                    ],
                    [
                        -85.3242253,
                        37.2502089
                    ],
                    [
                        -85.3243077,
                        37.2502045
                    ],
                    [
                        -85.324338,
                        37.2502833
                    ],
                    [
                        -85.3246129,
                        37.2503315
                    ],
                    [
                        -85.3255531,
                        37.2510339
                    ],
                    [
                        -85.3255861,
                        37.2512112
                    ],
                    [
                        -85.3255064,
                        37.2513206
                    ],
                    [
                        -85.3253772,
                        37.2513884
                    ],
                    [
                        -85.3254542,
                        37.2514388
                    ],
                    [
                        -85.3255971,
                        37.2514409
                    ],
                    [
                        -85.3258445,
                        37.251325
                    ],
                    [
                        -85.3260067,
                        37.2513184
                    ],
                    [
                        -85.3264714,
                        37.2515635
                    ],
                    [
                        -85.3265456,
                        37.2516992
                    ],
                    [
                        -85.3266104,
                        37.252134
                    ],
                    [
                        -85.326495,
                        37.2525236
                    ],
                    [
                        -85.326308,
                        37.2527599
                    ],
                    [
                        -85.3261156,
                        37.2529087
                    ],
                    [
                        -85.3261046,
                        37.2530225
                    ],
                    [
                        -85.326253,
                        37.2532019
                    ],
                    [
                        -85.326297,
                        37.2535039
                    ],
                    [
                        -85.3260881,
                        37.2540072
                    ],
                    [
                        -85.3259286,
                        37.2542567
                    ],
                    [
                        -85.3254888,
                        37.2547118
                    ],
                    [
                        -85.324554,
                        37.2548912
                    ],
                    [
                        -85.3240757,
                        37.2550619
                    ],
                    [
                        -85.3238583,
                        37.255029
                    ],
                    [
                        -85.3237513,
                        37.2548838
                    ],
                    [
                        -85.3235836,
                        37.2548882
                    ],
                    [
                        -85.3234626,
                        37.2549319
                    ],
                    [
                        -85.3235121,
                        37.2550676
                    ],
                    [
                        -85.3226461,
                        37.2551319
                    ],
                    [
                        -85.3220935,
                        37.2550435
                    ],
                    [
                        -85.3215347,
                        37.2548317
                    ],
                    [
                        -85.3211382,
                        37.2547961
                    ],
                    [
                        -85.3210099,
                        37.254858
                    ],
                    [
                        -85.320416,
                        37.2548842
                    ],
                    [
                        -85.3195808,
                        37.2547897
                    ],
                    [
                        -85.3194158,
                        37.2550216
                    ],
                    [
                        -85.3198117,
                        37.254921
                    ],
                    [
                        -85.3200316,
                        37.2550041
                    ],
                    [
                        -85.3207629,
                        37.2551092
                    ],
                    [
                        -85.3219446,
                        37.2555101
                    ],
                    [
                        -85.3220436,
                        37.2556851
                    ],
                    [
                        -85.3219831,
                        37.256044
                    ],
                    [
                        -85.3220546,
                        37.2560615
                    ],
                    [
                        -85.3223849,
                        37.2555949
                    ],
                    [
                        -85.3232234,
                        37.255679
                    ],
                    [
                        -85.3238612,
                        37.255819
                    ],
                    [
                        -85.3248949,
                        37.2556527
                    ],
                    [
                        -85.3251808,
                        37.2556746
                    ],
                    [
                        -85.3253701,
                        37.2578076
                    ],
                    [
                        -85.3251062,
                        37.2590899
                    ],
                    [
                        -85.3249302,
                        37.2596194
                    ],
                    [
                        -85.3247982,
                        37.2597638
                    ],
                    [
                        -85.3250127,
                        37.2600132
                    ],
                    [
                        -85.3251336,
                        37.2606828
                    ],
                    [
                        -85.3249687,
                        37.2613436
                    ],
                    [
                        -85.3248477,
                        37.2623413
                    ],
                    [
                        -85.3249137,
                        37.2625776
                    ],
                    [
                        -85.3248147,
                        37.2628533
                    ],
                    [
                        -85.3244409,
                        37.2630458
                    ],
                    [
                        -85.3240175,
                        37.263199
                    ],
                    [
                        -85.3237426,
                        37.2632471
                    ],
                    [
                        -85.3233907,
                        37.263234
                    ],
                    [
                        -85.3228518,
                        37.2631377
                    ],
                    [
                        -85.3225824,
                        37.2622139
                    ],
                    [
                        -85.322484,
                        37.2625938
                    ],
                    [
                        -85.3223918,
                        37.2626955
                    ],
                    [
                        -85.3222275,
                        37.2626801
                    ],
                    [
                        -85.3219437,
                        37.2625605
                    ],
                    [
                        -85.320991,
                        37.2620939
                    ],
                    [
                        -85.320702,
                        37.2618906
                    ],
                    [
                        -85.3206266,
                        37.2613806
                    ],
                    [
                        -85.3205303,
                        37.2612556
                    ],
                    [
                        -85.3204151,
                        37.2614839
                    ],
                    [
                        -85.3201743,
                        37.2615606
                    ],
                    [
                        -85.3197722,
                        37.2615606
                    ],
                    [
                        -85.3191817,
                        37.2613556
                    ],
                    [
                        -85.3192278,
                        37.2609939
                    ],
                    [
                        -85.3189744,
                        37.2612523
                    ],
                    [
                        -85.317253,
                        37.2607458
                    ],
                    [
                        -85.317158,
                        37.2609135
                    ],
                    [
                        -85.3185861,
                        37.2614934
                    ],
                    [
                        -85.3186238,
                        37.2615901
                    ],
                    [
                        -85.3190259,
                        37.2618034
                    ],
                    [
                        -85.3190761,
                        37.2619001
                    ],
                    [
                        -85.3199347,
                        37.2621401
                    ],
                    [
                        -85.3205168,
                        37.2624767
                    ],
                    [
                        -85.3210152,
                        37.2628733
                    ],
                    [
                        -85.3211785,
                        37.2631533
                    ],
                    [
                        -85.3210529,
                        37.2632867
                    ],
                    [
                        -85.3204875,
                        37.2631833
                    ],
                    [
                        -85.3196834,
                        37.2628833
                    ],
                    [
                        -85.3187997,
                        37.2626334
                    ],
                    [
                        -85.3183651,
                        37.2626118
                    ],
                    [
                        -85.3166485,
                        37.2626801
                    ],
                    [
                        -85.3154744,
                        37.2628034
                    ],
                    [
                        -85.3148462,
                        37.2628267
                    ],
                    [
                        -85.3136443,
                        37.26308
                    ],
                    [
                        -85.3127397,
                        37.2631033
                    ],
                    [
                        -85.3116703,
                        37.2632265
                    ],
                    [
                        -85.3109933,
                        37.26305
                    ],
                    [
                        -85.3107587,
                        37.2631867
                    ],
                    [
                        -85.3104991,
                        37.2634533
                    ],
                    [
                        -85.3090417,
                        37.2640599
                    ],
                    [
                        -85.3087736,
                        37.2640533
                    ],
                    [
                        -85.3084093,
                        37.2639199
                    ],
                    [
                        -85.3082836,
                        37.2639966
                    ],
                    [
                        -85.3084386,
                        37.2644599
                    ],
                    [
                        -85.308359,
                        37.2646399
                    ],
                    [
                        -85.3078481,
                        37.2651232
                    ],
                    [
                        -85.3075214,
                        37.2653698
                    ],
                    [
                        -85.3060263,
                        37.2660764
                    ],
                    [
                        -85.3054693,
                        37.2662264
                    ],
                    [
                        -85.3049755,
                        37.2663004
                    ],
                    [
                        -85.3046778,
                        37.266263
                    ],
                    [
                        -85.3042548,
                        37.2660997
                    ],
                    [
                        -85.3040663,
                        37.2658764
                    ],
                    [
                        -85.3040621,
                        37.2655131
                    ],
                    [
                        -85.3036768,
                        37.2656998
                    ],
                    [
                        -85.3034339,
                        37.2659497
                    ],
                    [
                        -85.3032371,
                        37.2660064
                    ],
                    [
                        -85.3029272,
                        37.2659697
                    ],
                    [
                        -85.3029565,
                        37.2660597
                    ],
                    [
                        -85.3031324,
                        37.266143
                    ],
                    [
                        -85.3034507,
                        37.266183
                    ],
                    [
                        -85.3035127,
                        37.2661633
                    ],
                    [
                        -85.3035304,
                        37.2660561
                    ],
                    [
                        -85.3035882,
                        37.2660549
                    ],
                    [
                        -85.3036901,
                        37.2668651
                    ],
                    [
                        -85.303531,
                        37.2672401
                    ],
                    [
                        -85.303219,
                        37.26774
                    ],
                    [
                        -85.3029802,
                        37.26785
                    ],
                    [
                        -85.3025049,
                        37.2678733
                    ],
                    [
                        -85.3022526,
                        37.2677768
                    ],
                    [
                        -85.3014589,
                        37.2676401
                    ],
                    [
                        -85.3006187,
                        37.2675653
                    ],
                    [
                        -85.3002152,
                        37.2675718
                    ],
                    [
                        -85.3002062,
                        37.2676886
                    ],
                    [
                        -85.3013307,
                        37.2679836
                    ],
                    [
                        -85.3016762,
                        37.2680336
                    ],
                    [
                        -85.302118,
                        37.2682785
                    ],
                    [
                        -85.3030373,
                        37.2686068
                    ],
                    [
                        -85.3031546,
                        37.2688484
                    ],
                    [
                        -85.3031797,
                        37.26935
                    ],
                    [
                        -85.3030478,
                        37.2702799
                    ],
                    [
                        -85.3018688,
                        37.2697116
                    ],
                    [
                        -85.301829,
                        37.26977
                    ],
                    [
                        -85.3025682,
                        37.2705082
                    ],
                    [
                        -85.3026855,
                        37.2707381
                    ],
                    [
                        -85.3026373,
                        37.2708798
                    ],
                    [
                        -85.3015799,
                        37.2710814
                    ],
                    [
                        -85.3012532,
                        37.2710597
                    ],
                    [
                        -85.3001036,
                        37.2707365
                    ],
                    [
                        -85.2987236,
                        37.2705915
                    ],
                    [
                        -85.2985394,
                        37.2706198
                    ],
                    [
                        -85.2985645,
                        37.2707981
                    ],
                    [
                        -85.2999591,
                        37.2710764
                    ],
                    [
                        -85.3004763,
                        37.271298
                    ],
                    [
                        -85.3006889,
                        37.2715514
                    ],
                    [
                        -85.300609,
                        37.2718861
                    ],
                    [
                        -85.2999012,
                        37.2726095
                    ],
                    [
                        -85.3000581,
                        37.2726284
                    ],
                    [
                        -85.3003395,
                        37.2725506
                    ],
                    [
                        -85.3006149,
                        37.2723809
                    ],
                    [
                        -85.300914,
                        37.2721005
                    ],
                    [
                        -85.3011154,
                        37.2718177
                    ],
                    [
                        -85.3013996,
                        37.27174
                    ],
                    [
                        -85.3023443,
                        37.2717282
                    ],
                    [
                        -85.3030343,
                        37.2716433
                    ],
                    [
                        -85.3035081,
                        37.2716622
                    ],
                    [
                        -85.3038737,
                        37.2720421
                    ],
                    [
                        -85.3042004,
                        37.2721221
                    ],
                    [
                        -85.3050338,
                        37.2733585
                    ],
                    [
                        -85.3049752,
                        37.2734918
                    ],
                    [
                        -85.3045485,
                        37.2737022
                    ],
                    [
                        -85.3042998,
                        37.2737058
                    ],
                    [
                        -85.3042643,
                        37.273747
                    ],
                    [
                        -85.3043575,
                        37.2738919
                    ],
                    [
                        -85.3043457,
                        37.2739638
                    ],
                    [
                        -85.3041562,
                        37.2741559
                    ],
                    [
                        -85.3037756,
                        37.2743621
                    ],
                    [
                        -85.3034321,
                        37.2744422
                    ],
                    [
                        -85.3028206,
                        37.2744021
                    ],
                    [
                        -85.3027984,
                        37.2745152
                    ],
                    [
                        -85.3034055,
                        37.2746767
                    ],
                    [
                        -85.3035135,
                        37.2748334
                    ],
                    [
                        -85.3034765,
                        37.2750195
                    ],
                    [
                        -85.3035772,
                        37.2750384
                    ],
                    [
                        -85.3037194,
                        37.2747697
                    ],
                    [
                        -85.3052428,
                        37.2740746
                    ],
                    [
                        -85.3056574,
                        37.2739713
                    ],
                    [
                        -85.3059391,
                        37.274189
                    ],
                    [
                        -85.3066615,
                        37.2749971
                    ],
                    [
                        -85.3066196,
                        37.2751021
                    ],
                    [
                        -85.3066594,
                        37.2751654
                    ],
                    [
                        -85.3069023,
                        37.2752054
                    ],
                    [
                        -85.3071159,
                        37.275382
                    ],
                    [
                        -85.3070657,
                        37.2756536
                    ],
                    [
                        -85.3067411,
                        37.2758952
                    ],
                    [
                        -85.306762,
                        37.2759652
                    ],
                    [
                        -85.3068626,
                        37.2760152
                    ],
                    [
                        -85.3069798,
                        37.2760019
                    ],
                    [
                        -85.3075368,
                        37.2757636
                    ],
                    [
                        -85.3076415,
                        37.2757603
                    ],
                    [
                        -85.3078279,
                        37.2759019
                    ],
                    [
                        -85.3079535,
                        37.2760702
                    ],
                    [
                        -85.3080457,
                        37.2763434
                    ],
                    [
                        -85.3083304,
                        37.2763951
                    ],
                    [
                        -85.308655,
                        37.2765217
                    ],
                    [
                        -85.3089817,
                        37.27677
                    ],
                    [
                        -85.3097959,
                        37.277936
                    ],
                    [
                        -85.3100694,
                        37.2783592
                    ],
                    [
                        -85.3101261,
                        37.2784745
                    ],
                    [
                        -85.3100857,
                        37.2786257
                    ],
                    [
                        -85.3099544,
                        37.2787136
                    ],
                    [
                        -85.3098936,
                        37.2787067
                    ],
                    [
                        -85.3095236,
                        37.2784068
                    ],
                    [
                        -85.3092794,
                        37.2782013
                    ],
                    [
                        -85.3089929,
                        37.2779398
                    ],
                    [
                        -85.3082604,
                        37.2775586
                    ],
                    [
                        -85.3077298,
                        37.2774316
                    ],
                    [
                        -85.3073788,
                        37.2773653
                    ],
                    [
                        -85.3069145,
                        37.2773167
                    ],
                    [
                        -85.30628,
                        37.2773584
                    ],
                    [
                        -85.3060978,
                        37.2773883
                    ],
                    [
                        -85.3059345,
                        37.2774117
                    ],
                    [
                        -85.3055827,
                        37.277495
                    ],
                    [
                        -85.3050152,
                        37.277615
                    ],
                    [
                        -85.3044605,
                        37.277775
                    ],
                    [
                        -85.3041294,
                        37.2778332
                    ],
                    [
                        -85.3038781,
                        37.2778832
                    ],
                    [
                        -85.3033798,
                        37.2779365
                    ],
                    [
                        -85.302739,
                        37.2780098
                    ],
                    [
                        -85.3023684,
                        37.2780482
                    ],
                    [
                        -85.3020438,
                        37.2782664
                    ],
                    [
                        -85.301736,
                        37.2783164
                    ],
                    [
                        -85.3013653,
                        37.2783098
                    ],
                    [
                        -85.301045,
                        37.2783131
                    ],
                    [
                        -85.3006848,
                        37.2783981
                    ],
                    [
                        -85.2994221,
                        37.2789579
                    ],
                    [
                        -85.2985382,
                        37.2790044
                    ],
                    [
                        -85.2984095,
                        37.2791068
                    ],
                    [
                        -85.2982495,
                        37.2791562
                    ],
                    [
                        -85.2980191,
                        37.2792195
                    ],
                    [
                        -85.2978558,
                        37.2792512
                    ],
                    [
                        -85.2978411,
                        37.2793062
                    ],
                    [
                        -85.2978851,
                        37.2793361
                    ],
                    [
                        -85.2981887,
                        37.2793361
                    ],
                    [
                        -85.2983458,
                        37.2793261
                    ],
                    [
                        -85.2986243,
                        37.2794311
                    ],
                    [
                        -85.298708,
                        37.2795261
                    ],
                    [
                        -85.298667,
                        37.2797898
                    ],
                    [
                        -85.2985217,
                        37.2800459
                    ],
                    [
                        -85.2983625,
                        37.2802092
                    ],
                    [
                        -85.2980777,
                        37.2803658
                    ],
                    [
                        -85.2976275,
                        37.2803575
                    ],
                    [
                        -85.2973239,
                        37.2801942
                    ],
                    [
                        -85.2966769,
                        37.2796494
                    ],
                    [
                        -85.296369,
                        37.2795594
                    ],
                    [
                        -85.2961617,
                        37.2795444
                    ],
                    [
                        -85.2961261,
                        37.279666
                    ],
                    [
                        -85.2959607,
                        37.2797077
                    ],
                    [
                        -85.2960047,
                        37.279836
                    ],
                    [
                        -85.2962015,
                        37.2798976
                    ],
                    [
                        -85.2961617,
                        37.2800793
                    ],
                    [
                        -85.2959293,
                        37.2801442
                    ],
                    [
                        -85.2961073,
                        37.2801909
                    ],
                    [
                        -85.2962637,
                        37.2803361
                    ],
                    [
                        -85.2964821,
                        37.2805858
                    ],
                    [
                        -85.2966706,
                        37.2808157
                    ],
                    [
                        -85.2966224,
                        37.280939
                    ],
                    [
                        -85.2962637,
                        37.2811556
                    ],
                    [
                        -85.2957241,
                        37.2813155
                    ],
                    [
                        -85.2954686,
                        37.2813322
                    ],
                    [
                        -85.2953849,
                        37.2813555
                    ],
                    [
                        -85.2952613,
                        37.2812722
                    ],
                    [
                        -85.295232,
                        37.2813489
                    ],
                    [
                        -85.295343,
                        37.2814272
                    ],
                    [
                        -85.2955063,
                        37.2814338
                    ],
                    [
                        -85.295544,
                        37.2814738
                    ],
                    [
                        -85.2956403,
                        37.2814455
                    ],
                    [
                        -85.2957429,
                        37.2814888
                    ],
                    [
                        -85.2958016,
                        37.2815838
                    ],
                    [
                        -85.2961994,
                        37.2816171
                    ],
                    [
                        -85.2966496,
                        37.2814888
                    ],
                    [
                        -85.2970538,
                        37.2814938
                    ],
                    [
                        -85.2977197,
                        37.2813355
                    ],
                    [
                        -85.2978872,
                        37.2813522
                    ],
                    [
                        -85.2979511,
                        37.2815625
                    ],
                    [
                        -85.2978416,
                        37.2817604
                    ],
                    [
                        -85.2977646,
                        37.281897
                    ],
                    [
                        -85.2976076,
                        37.2820926
                    ],
                    [
                        -85.2975987,
                        37.2825002
                    ],
                    [
                        -85.2973914,
                        37.2828466
                    ],
                    [
                        -85.2971338,
                        37.283054
                    ],
                    [
                        -85.2969591,
                        37.2832307
                    ],
                    [
                        -85.2969976,
                        37.2835134
                    ],
                    [
                        -85.296968,
                        37.283848
                    ],
                    [
                        -85.2968702,
                        37.2841897
                    ],
                    [
                        -85.2967755,
                        37.2844206
                    ],
                    [
                        -85.2966126,
                        37.2845124
                    ],
                    [
                        -85.2964586,
                        37.28447
                    ],
                    [
                        -85.2963431,
                        37.2843711
                    ],
                    [
                        -85.2959611,
                        37.2841355
                    ],
                    [
                        -85.2957272,
                        37.2836996
                    ],
                    [
                        -85.2952948,
                        37.2835346
                    ],
                    [
                        -85.2953155,
                        37.2836807
                    ],
                    [
                        -85.2953955,
                        37.2838032
                    ],
                    [
                        -85.2952445,
                        37.2838551
                    ],
                    [
                        -85.2954577,
                        37.2841708
                    ],
                    [
                        -85.2953688,
                        37.2842344
                    ],
                    [
                        -85.2954695,
                        37.2843004
                    ],
                    [
                        -85.2956768,
                        37.2843499
                    ],
                    [
                        -85.2957242,
                        37.2845337
                    ],
                    [
                        -85.2955465,
                        37.284741
                    ],
                    [
                        -85.2952889,
                        37.284814
                    ],
                    [
                        -85.2949394,
                        37.2847928
                    ],
                    [
                        -85.2946463,
                        37.2846067
                    ],
                    [
                        -85.2945308,
                        37.2845761
                    ],
                    [
                        -85.2945041,
                        37.2847646
                    ],
                    [
                        -85.2943857,
                        37.2847905
                    ],
                    [
                        -85.2944656,
                        37.2848777
                    ],
                    [
                        -85.2947499,
                        37.2849813
                    ],
                    [
                        -85.2951112,
                        37.2851533
                    ],
                    [
                        -85.2954577,
                        37.2852052
                    ],
                    [
                        -85.2956265,
                        37.2853112
                    ],
                    [
                        -85.2951408,
                        37.285363
                    ],
                    [
                        -85.2945041,
                        37.2854101
                    ],
                    [
                        -85.294282,
                        37.2854054
                    ],
                    [
                        -85.2938822,
                        37.2854455
                    ],
                    [
                        -85.293672,
                        37.2854149
                    ],
                    [
                        -85.2934943,
                        37.2854738
                    ],
                    [
                        -85.2933521,
                        37.2854832
                    ],
                    [
                        -85.2931508,
                        37.2855774
                    ],
                    [
                        -85.2928694,
                        37.2856222
                    ],
                    [
                        -85.2925851,
                        37.2856811
                    ],
                    [
                        -85.2923482,
                        37.28574
                    ],
                    [
                        -85.2921735,
                        37.2857164
                    ],
                    [
                        -85.2920669,
                        37.2853465
                    ],
                    [
                        -85.2919368,
                        37.2853479
                    ],
                    [
                        -85.2918359,
                        37.2853489
                    ],
                    [
                        -85.2917175,
                        37.2849813
                    ],
                    [
                        -85.2916612,
                        37.2846538
                    ],
                    [
                        -85.2914213,
                        37.2844677
                    ],
                    [
                        -85.2912436,
                        37.2843852
                    ],
                    [
                        -85.2911489,
                        37.2844606
                    ],
                    [
                        -85.2913236,
                        37.2846727
                    ],
                    [
                        -85.2914361,
                        37.2849837
                    ],
                    [
                        -85.2914272,
                        37.285158
                    ],
                    [
                        -85.2914184,
                        37.2853206
                    ],
                    [
                        -85.2912584,
                        37.2853937
                    ],
                    [
                        -85.2910423,
                        37.2853889
                    ],
                    [
                        -85.2909297,
                        37.2854785
                    ],
                    [
                        -85.2912377,
                        37.2855185
                    ],
                    [
                        -85.2912318,
                        37.285667
                    ],
                    [
                        -85.2913631,
                        37.2858711
                    ],
                    [
                        -85.2914223,
                        37.2858793
                    ],
                    [
                        -85.2914712,
                        37.285811
                    ],
                    [
                        -85.2914993,
                        37.2857132
                    ],
                    [
                        -85.2915526,
                        37.285765
                    ],
                    [
                        -85.2915156,
                        37.2858711
                    ],
                    [
                        -85.2913882,
                        37.28599
                    ],
                    [
                        -85.2911568,
                        37.2861067
                    ],
                    [
                        -85.2909811,
                        37.286188
                    ],
                    [
                        -85.2904139,
                        37.286539
                    ],
                    [
                        -85.2900882,
                        37.286711
                    ],
                    [
                        -85.2897326,
                        37.2867408
                    ],
                    [
                        -85.2894374,
                        37.2866941
                    ],
                    [
                        -85.2891986,
                        37.2866525
                    ],
                    [
                        -85.2888301,
                        37.2865425
                    ],
                    [
                        -85.2882249,
                        37.2863826
                    ],
                    [
                        -85.2876784,
                        37.2862526
                    ],
                    [
                        -85.2870439,
                        37.2861843
                    ],
                    [
                        -85.2868178,
                        37.2862076
                    ],
                    [
                        -85.2862084,
                        37.2865592
                    ],
                    [
                        -85.286089,
                        37.2867708
                    ],
                    [
                        -85.285955,
                        37.2866891
                    ],
                    [
                        -85.2858922,
                        37.286914
                    ],
                    [
                        -85.2857666,
                        37.2872706
                    ],
                    [
                        -85.2854273,
                        37.2875471
                    ],
                    [
                        -85.2850881,
                        37.2876371
                    ],
                    [
                        -85.2848452,
                        37.2874955
                    ],
                    [
                        -85.2846358,
                        37.2872339
                    ],
                    [
                        -85.2845646,
                        37.2867224
                    ],
                    [
                        -85.2843615,
                        37.2864142
                    ],
                    [
                        -85.2842777,
                        37.2862026
                    ],
                    [
                        -85.284307,
                        37.2860794
                    ],
                    [
                        -85.2841458,
                        37.2859144
                    ],
                    [
                        -85.2841538,
                        37.2858071
                    ],
                    [
                        -85.2841496,
                        37.2856672
                    ],
                    [
                        -85.2841748,
                        37.2854439
                    ],
                    [
                        -85.2841119,
                        37.2849841
                    ],
                    [
                        -85.2839402,
                        37.284381
                    ],
                    [
                        -85.283689,
                        37.2847642
                    ],
                    [
                        -85.2836136,
                        37.2854406
                    ],
                    [
                        -85.2834921,
                        37.2857704
                    ],
                    [
                        -85.2832157,
                        37.2857871
                    ],
                    [
                        -85.2830775,
                        37.2857438
                    ],
                    [
                        -85.2830733,
                        37.2858538
                    ],
                    [
                        -85.2833204,
                        37.2859637
                    ],
                    [
                        -85.2835047,
                        37.2861636
                    ],
                    [
                        -85.2835675,
                        37.2864868
                    ],
                    [
                        -85.2835591,
                        37.2866934
                    ],
                    [
                        -85.2837978,
                        37.2868834
                    ],
                    [
                        -85.2838439,
                        37.2872099
                    ],
                    [
                        -85.2837267,
                        37.2872432
                    ],
                    [
                        -85.2837602,
                        37.2874165
                    ],
                    [
                        -85.2837727,
                        37.287713
                    ],
                    [
                        -85.2836303,
                        37.287773
                    ],
                    [
                        -85.2833462,
                        37.2878139
                    ],
                    [
                        -85.2827215,
                        37.287683
                    ],
                    [
                        -85.2824786,
                        37.2874531
                    ],
                    [
                        -85.2823655,
                        37.2873032
                    ],
                    [
                        -85.2820389,
                        37.2873532
                    ],
                    [
                        -85.2819091,
                        37.2872199
                    ],
                    [
                        -85.2817332,
                        37.2871966
                    ],
                    [
                        -85.2813395,
                        37.2868667
                    ],
                    [
                        -85.2810254,
                        37.2867134
                    ],
                    [
                        -85.280594,
                        37.2865435
                    ],
                    [
                        -85.2803427,
                        37.2865668
                    ],
                    [
                        -85.2801627,
                        37.2865268
                    ],
                    [
                        -85.2798946,
                        37.2863336
                    ],
                    [
                        -85.2795386,
                        37.286077
                    ],
                    [
                        -85.2791324,
                        37.2857771
                    ],
                    [
                        -85.2788937,
                        37.2854506
                    ],
                    [
                        -85.2788323,
                        37.2851945
                    ],
                    [
                        -85.2786902,
                        37.2850107
                    ],
                    [
                        -85.278548,
                        37.2846667
                    ],
                    [
                        -85.2784947,
                        37.2842756
                    ],
                    [
                        -85.2784651,
                        37.2840399
                    ],
                    [
                        -85.2784473,
                        37.2838326
                    ],
                    [
                        -85.2782906,
                        37.2834644
                    ],
                    [
                        -85.2781315,
                        37.2830778
                    ],
                    [
                        -85.2779891,
                        37.2827113
                    ],
                    [
                        -85.2777545,
                        37.2822181
                    ],
                    [
                        -85.2772855,
                        37.2821248
                    ],
                    [
                        -85.2770175,
                        37.2816716
                    ],
                    [
                        -85.2767662,
                        37.2818316
                    ],
                    [
                        -85.2769002,
                        37.2820382
                    ],
                    [
                        -85.2767662,
                        37.2822848
                    ],
                    [
                        -85.2769844,
                        37.2826356
                    ],
                    [
                        -85.276866,
                        37.2829995
                    ],
                    [
                        -85.2769666,
                        37.2832011
                    ],
                    [
                        -85.2771384,
                        37.283564
                    ],
                    [
                        -85.2771443,
                        37.2840352
                    ],
                    [
                        -85.2772687,
                        37.2840399
                    ],
                    [
                        -85.2772093,
                        37.2843653
                    ],
                    [
                        -85.277245,
                        37.2846902
                    ],
                    [
                        -85.2770673,
                        37.2851473
                    ],
                    [
                        -85.2770022,
                        37.2854159
                    ],
                    [
                        -85.2772213,
                        37.2859673
                    ],
                    [
                        -85.276823,
                        37.2859701
                    ],
                    [
                        -85.2762855,
                        37.2857269
                    ],
                    [
                        -85.2757051,
                        37.2855714
                    ],
                    [
                        -85.2753734,
                        37.2855337
                    ],
                    [
                        -85.2751365,
                        37.2854254
                    ],
                    [
                        -85.2747812,
                        37.2852604
                    ],
                    [
                        -85.2745383,
                        37.2848976
                    ],
                    [
                        -85.2742244,
                        37.2845442
                    ],
                    [
                        -85.2739579,
                        37.2843698
                    ],
                    [
                        -85.2736558,
                        37.2843651
                    ],
                    [
                        -85.2734003,
                        37.2844275
                    ],
                    [
                        -85.27326,
                        37.2844558
                    ],
                    [
                        -85.2731323,
                        37.2844678
                    ],
                    [
                        -85.2726967,
                        37.2844975
                    ],
                    [
                        -85.2722465,
                        37.2844375
                    ],
                    [
                        -85.2717113,
                        37.2842075
                    ],
                    [
                        -85.2714477,
                        37.2840096
                    ],
                    [
                        -85.2711604,
                        37.2838423
                    ],
                    [
                        -85.270814,
                        37.2838588
                    ],
                    [
                        -85.2706007,
                        37.28388
                    ],
                    [
                        -85.2702543,
                        37.2836986
                    ],
                    [
                        -85.2698367,
                        37.2836255
                    ],
                    [
                        -85.2694014,
                        37.2838093
                    ],
                    [
                        -85.2691171,
                        37.2840025
                    ],
                    [
                        -85.2690371,
                        37.2841604
                    ],
                    [
                        -85.2684538,
                        37.2839955
                    ],
                    [
                        -85.268362,
                        37.2839295
                    ],
                    [
                        -85.2686137,
                        37.283708
                    ],
                    [
                        -85.2683146,
                        37.2837104
                    ],
                    [
                        -85.2680184,
                        37.2839813
                    ],
                    [
                        -85.2678733,
                        37.2839413
                    ],
                    [
                        -85.2679059,
                        37.2836632
                    ],
                    [
                        -85.2671419,
                        37.2837763
                    ],
                    [
                        -85.2671271,
                        37.2834064
                    ],
                    [
                        -85.2674617,
                        37.2830129
                    ],
                    [
                        -85.2673906,
                        37.282954
                    ],
                    [
                        -85.2672574,
                        37.2831378
                    ],
                    [
                        -85.2669464,
                        37.2834182
                    ],
                    [
                        -85.2668487,
                        37.2836609
                    ],
                    [
                        -85.2664104,
                        37.2837127
                    ],
                    [
                        -85.2658685,
                        37.2836491
                    ],
                    [
                        -85.265522,
                        37.2837292
                    ],
                    [
                        -85.2651554,
                        37.2837534
                    ],
                    [
                        -85.2645987,
                        37.2835366
                    ],
                    [
                        -85.2641248,
                        37.2832162
                    ],
                    [
                        -85.2637872,
                        37.2829334
                    ],
                    [
                        -85.2633312,
                        37.2828015
                    ],
                    [
                        -85.2629818,
                        37.2828109
                    ],
                    [
                        -85.2629107,
                        37.2830607
                    ],
                    [
                        -85.2633786,
                        37.2830512
                    ],
                    [
                        -85.2638169,
                        37.2832303
                    ],
                    [
                        -85.2640301,
                        37.2837393
                    ],
                    [
                        -85.2645572,
                        37.2841681
                    ],
                    [
                        -85.2647193,
                        37.2842836
                    ],
                    [
                        -85.2648308,
                        37.2844275
                    ],
                    [
                        -85.2645351,
                        37.2843869
                    ],
                    [
                        -85.2643634,
                        37.2843969
                    ],
                    [
                        -85.2643592,
                        37.2845835
                    ],
                    [
                        -85.2645058,
                        37.2847734
                    ],
                    [
                        -85.2644471,
                        37.2849934
                    ],
                    [
                        -85.2643424,
                        37.2850833
                    ],
                    [
                        -85.2644011,
                        37.2852066
                    ],
                    [
                        -85.2648952,
                        37.2853499
                    ],
                    [
                        -85.2650083,
                        37.2855198
                    ],
                    [
                        -85.2648324,
                        37.2857398
                    ],
                    [
                        -85.2646481,
                        37.2858197
                    ],
                    [
                        -85.2647738,
                        37.2863395
                    ],
                    [
                        -85.2649874,
                        37.2865628
                    ],
                    [
                        -85.265737,
                        37.2867194
                    ],
                    [
                        -85.2662312,
                        37.2866994
                    ],
                    [
                        -85.2663401,
                        37.2866261
                    ],
                    [
                        -85.2665663,
                        37.2866328
                    ],
                    [
                        -85.2668175,
                        37.2863729
                    ],
                    [
                        -85.2670102,
                        37.2864395
                    ],
                    [
                        -85.2674248,
                        37.2867294
                    ],
                    [
                        -85.267919,
                        37.286826
                    ],
                    [
                        -85.2680362,
                        37.286756
                    ],
                    [
                        -85.2682624,
                        37.286766
                    ],
                    [
                        -85.2686519,
                        37.2871559
                    ],
                    [
                        -85.2689911,
                        37.2872325
                    ],
                    [
                        -85.2692298,
                        37.2874191
                    ],
                    [
                        -85.2694267,
                        37.2880922
                    ],
                    [
                        -85.2697156,
                        37.288522
                    ],
                    [
                        -85.2701596,
                        37.2889985
                    ],
                    [
                        -85.2710307,
                        37.2896415
                    ],
                    [
                        -85.2713573,
                        37.2899747
                    ],
                    [
                        -85.271772,
                        37.2906544
                    ],
                    [
                        -85.2719227,
                        37.2911009
                    ],
                    [
                        -85.2717552,
                        37.2917939
                    ],
                    [
                        -85.2718683,
                        37.2926535
                    ],
                    [
                        -85.2717594,
                        37.2934465
                    ],
                    [
                        -85.2719814,
                        37.2940429
                    ],
                    [
                        -85.2721573,
                        37.2948658
                    ],
                    [
                        -85.271973,
                        37.2953622
                    ],
                    [
                        -85.2718934,
                        37.2953755
                    ],
                    [
                        -85.2719269,
                        37.2955821
                    ],
                    [
                        -85.2717845,
                        37.2959786
                    ],
                    [
                        -85.271772,
                        37.2962617
                    ],
                    [
                        -85.2715458,
                        37.2963717
                    ],
                    [
                        -85.2711438,
                        37.2964616
                    ],
                    [
                        -85.2710935,
                        37.2965549
                    ],
                    [
                        -85.2712359,
                        37.2966782
                    ],
                    [
                        -85.2720609,
                        37.2970313
                    ],
                    [
                        -85.2720944,
                        37.2974245
                    ],
                    [
                        -85.2719688,
                        37.2977809
                    ],
                    [
                        -85.2716044,
                        37.2983107
                    ],
                    [
                        -85.2713322,
                        37.2989137
                    ],
                    [
                        -85.2713783,
                        37.2994067
                    ],
                    [
                        -85.270369,
                        37.3014589
                    ],
                    [
                        -85.2702559,
                        37.301852
                    ],
                    [
                        -85.2701386,
                        37.3023717
                    ],
                    [
                        -85.2701638,
                        37.3026249
                    ],
                    [
                        -85.2702308,
                        37.3029547
                    ],
                    [
                        -85.2705761,
                        37.3036976
                    ],
                    [
                        -85.2705782,
                        37.3038525
                    ],
                    [
                        -85.270084,
                        37.3037892
                    ],
                    [
                        -85.2700798,
                        37.3038675
                    ],
                    [
                        -85.270172,
                        37.3039241
                    ],
                    [
                        -85.2701573,
                        37.3040274
                    ],
                    [
                        -85.2706829,
                        37.3040574
                    ],
                    [
                        -85.2707436,
                        37.3041007
                    ],
                    [
                        -85.2710467,
                        37.3050524
                    ],
                    [
                        -85.27118,
                        37.3056931
                    ],
                    [
                        -85.2712481,
                        37.3064634
                    ],
                    [
                        -85.2712125,
                        37.3066471
                    ],
                    [
                        -85.271331,
                        37.3074762
                    ],
                    [
                        -85.2713191,
                        37.3076953
                    ],
                    [
                        -85.2714021,
                        37.3079968
                    ],
                    [
                        -85.2714998,
                        37.3082111
                    ],
                    [
                        -85.2719766,
                        37.3084184
                    ],
                    [
                        -85.2722964,
                        37.3087128
                    ],
                    [
                        -85.2723379,
                        37.3094666
                    ],
                    [
                        -85.2736379,
                        37.3104794
                    ],
                    [
                        -85.2738985,
                        37.3106184
                    ],
                    [
                        -85.2741443,
                        37.3106867
                    ],
                    [
                        -85.2749291,
                        37.3107644
                    ],
                    [
                        -85.2753229,
                        37.3110188
                    ],
                    [
                        -85.2762972,
                        37.3114168
                    ],
                    [
                        -85.2772745,
                        37.3116264
                    ],
                    [
                        -85.2778964,
                        37.3116947
                    ],
                    [
                        -85.278921,
                        37.3117089
                    ],
                    [
                        -85.2793918,
                        37.31161
                    ],
                    [
                        -85.2799012,
                        37.3113556
                    ],
                    [
                        -85.2801588,
                        37.3113556
                    ],
                    [
                        -85.2804579,
                        37.3112496
                    ],
                    [
                        -85.2806564,
                        37.311113
                    ],
                    [
                        -85.2808785,
                        37.3110753
                    ],
                    [
                        -85.2809081,
                        37.3111695
                    ],
                    [
                        -85.2808074,
                        37.3111719
                    ],
                    [
                        -85.2807215,
                        37.3112378
                    ],
                    [
                        -85.2807304,
                        37.3113367
                    ],
                    [
                        -85.280763,
                        37.3114545
                    ],
                    [
                        -85.2810028,
                        37.3117654
                    ],
                    [
                        -85.2811805,
                        37.3118243
                    ],
                    [
                        -85.2815773,
                        37.3116712
                    ],
                    [
                        -85.2817313,
                        37.3116523
                    ],
                    [
                        -85.2817787,
                        37.3117678
                    ],
                    [
                        -85.2820778,
                        37.3118149
                    ],
                    [
                        -85.2822881,
                        37.3116194
                    ],
                    [
                        -85.2821459,
                        37.3115087
                    ],
                    [
                        -85.2819031,
                        37.3114215
                    ],
                    [
                        -85.2818587,
                        37.3112755
                    ],
                    [
                        -85.281989,
                        37.3111601
                    ],
                    [
                        -85.2820038,
                        37.3109834
                    ],
                    [
                        -85.2818024,
                        37.3105972
                    ],
                    [
                        -85.2819386,
                        37.3104323
                    ],
                    [
                        -85.2826227,
                        37.3102156
                    ],
                    [
                        -85.2827945,
                        37.3103381
                    ],
                    [
                        -85.2829159,
                        37.3102226
                    ],
                    [
                        -85.2835082,
                        37.3102156
                    ],
                    [
                        -85.2848674,
                        37.3103051
                    ],
                    [
                        -85.2857529,
                        37.3102603
                    ],
                    [
                        -85.2859483,
                        37.3103192
                    ],
                    [
                        -85.28636,
                        37.3101944
                    ],
                    [
                        -85.2868012,
                        37.3102085
                    ],
                    [
                        -85.2869848,
                        37.3102415
                    ],
                    [
                        -85.2869759,
                        37.310298
                    ],
                    [
                        -85.2872276,
                        37.3101967
                    ],
                    [
                        -85.2879828,
                        37.3103663
                    ],
                    [
                        -85.288199,
                        37.3105453
                    ],
                    [
                        -85.2883737,
                        37.3108562
                    ],
                    [
                        -85.2887113,
                        37.3122765
                    ],
                    [
                        -85.2887439,
                        37.3133882
                    ],
                    [
                        -85.2885751,
                        37.3140194
                    ],
                    [
                        -85.2886876,
                        37.3142408
                    ],
                    [
                        -85.288886,
                        37.3150322
                    ],
                    [
                        -85.2888505,
                        37.3152324
                    ],
                    [
                        -85.2889897,
                        37.3160449
                    ],
                    [
                        -85.2889097,
                        37.3165348
                    ],
                    [
                        -85.2887616,
                        37.3170176
                    ],
                    [
                        -85.2887557,
                        37.3173473
                    ],
                    [
                        -85.288581,
                        37.3177077
                    ],
                    [
                        -85.2891229,
                        37.3182187
                    ],
                    [
                        -85.2893361,
                        37.3188004
                    ],
                    [
                        -85.2895138,
                        37.3188028
                    ],
                    [
                        -85.2894872,
                        37.3193892
                    ],
                    [
                        -85.2893687,
                        37.3198484
                    ],
                    [
                        -85.2891792,
                        37.3203006
                    ],
                    [
                        -85.2885839,
                        37.3208564
                    ],
                    [
                        -85.2883204,
                        37.3210542
                    ],
                    [
                        -85.2879176,
                        37.3211885
                    ],
                    [
                        -85.2874438,
                        37.3211861
                    ],
                    [
                        -85.2864488,
                        37.3209388
                    ],
                    [
                        -85.2860135,
                        37.3206704
                    ],
                    [
                        -85.2853768,
                        37.3204466
                    ],
                    [
                        -85.2838487,
                        37.3202182
                    ],
                    [
                        -85.2834667,
                        37.3200604
                    ],
                    [
                        -85.2827441,
                        37.3198885
                    ],
                    [
                        -85.2815003,
                        37.3197095
                    ],
                    [
                        -85.2806001,
                        37.3196812
                    ],
                    [
                        -85.2790898,
                        37.319733
                    ],
                    [
                        -85.2781096,
                        37.320051
                    ],
                    [
                        -85.2764986,
                        37.3203925
                    ],
                    [
                        -85.2761047,
                        37.3205432
                    ],
                    [
                        -85.2761112,
                        37.3205849
                    ],
                    [
                        -85.2762023,
                        37.3207154
                    ],
                    [
                        -85.2764941,
                        37.3206936
                    ],
                    [
                        -85.2808611,
                        37.3198743
                    ],
                    [
                        -85.2818093,
                        37.3199904
                    ],
                    [
                        -85.2820372,
                        37.3201644
                    ],
                    [
                        -85.2815877,
                        37.3205554
                    ],
                    [
                        -85.2806879,
                        37.3204326
                    ],
                    [
                        -85.2803143,
                        37.32044
                    ],
                    [
                        -85.2800537,
                        37.3206755
                    ],
                    [
                        -85.2799649,
                        37.3209228
                    ],
                    [
                        -85.2799234,
                        37.3210947
                    ],
                    [
                        -85.2802551,
                        37.3210264
                    ],
                    [
                        -85.2805453,
                        37.3208616
                    ],
                    [
                        -85.2807023,
                        37.3209157
                    ],
                    [
                        -85.2810132,
                        37.320904
                    ],
                    [
                        -85.2812988,
                        37.3209402
                    ],
                    [
                        -85.2813242,
                        37.3210759
                    ],
                    [
                        -85.2812076,
                        37.3212592
                    ],
                    [
                        -85.2809432,
                        37.3215419
                    ],
                    [
                        -85.2799996,
                        37.322267
                    ],
                    [
                        -85.2796258,
                        37.3224663
                    ],
                    [
                        -85.2792201,
                        37.3228216
                    ],
                    [
                        -85.2795665,
                        37.3230971
                    ],
                    [
                        -85.2803506,
                        37.322702
                    ],
                    [
                        -85.2809158,
                        37.3221473
                    ],
                    [
                        -85.2815495,
                        37.3216978
                    ],
                    [
                        -85.2819871,
                        37.3214658
                    ],
                    [
                        -85.2821239,
                        37.3214586
                    ],
                    [
                        -85.28237,
                        37.3217341
                    ],
                    [
                        -85.2826754,
                        37.3219624
                    ],
                    [
                        -85.2830629,
                        37.3220857
                    ],
                    [
                        -85.2833455,
                        37.3219914
                    ],
                    [
                        -85.2835279,
                        37.3218211
                    ],
                    [
                        -85.2838059,
                        37.3217522
                    ],
                    [
                        -85.2841706,
                        37.3217341
                    ],
                    [
                        -85.2845216,
                        37.3213933
                    ],
                    [
                        -85.2849501,
                        37.3213027
                    ],
                    [
                        -85.2851051,
                        37.3214622
                    ],
                    [
                        -85.2858664,
                        37.3217812
                    ],
                    [
                        -85.2862037,
                        37.3219008
                    ],
                    [
                        -85.2866732,
                        37.3219987
                    ],
                    [
                        -85.2870197,
                        37.3219806
                    ],
                    [
                        -85.2875622,
                        37.3218356
                    ],
                    [
                        -85.2882414,
                        37.3217884
                    ],
                    [
                        -85.2888705,
                        37.3214332
                    ],
                    [
                        -85.289299,
                        37.3211178
                    ],
                    [
                        -85.2896454,
                        37.3204508
                    ],
                    [
                        -85.2900693,
                        37.319055
                    ],
                    [
                        -85.2903201,
                        37.3184206
                    ],
                    [
                        -85.2905617,
                        37.3178587
                    ],
                    [
                        -85.2908671,
                        37.3174309
                    ],
                    [
                        -85.291136,
                        37.3168001
                    ],
                    [
                        -85.2913685,
                        37.3159481
                    ],
                    [
                        -85.2912044,
                        37.3156218
                    ],
                    [
                        -85.2911406,
                        37.3151977
                    ],
                    [
                        -85.2912546,
                        37.3151143
                    ],
                    [
                        -85.2923349,
                        37.3153717
                    ],
                    [
                        -85.292654,
                        37.3152956
                    ],
                    [
                        -85.2934928,
                        37.3146394
                    ],
                    [
                        -85.2933515,
                        37.3146394
                    ],
                    [
                        -85.2929959,
                        37.3148605
                    ],
                    [
                        -85.2927042,
                        37.3149656
                    ],
                    [
                        -85.291911,
                        37.3149511
                    ],
                    [
                        -85.2917925,
                        37.3148605
                    ],
                    [
                        -85.2918244,
                        37.3145958
                    ],
                    [
                        -85.291642,
                        37.3142188
                    ],
                    [
                        -85.2915554,
                        37.3138599
                    ],
                    [
                        -85.2913412,
                        37.3134901
                    ],
                    [
                        -85.2911999,
                        37.3128955
                    ],
                    [
                        -85.2912591,
                        37.3125075
                    ],
                    [
                        -85.2909947,
                        37.3118803
                    ],
                    [
                        -85.2906528,
                        37.3114851
                    ],
                    [
                        -85.2903064,
                        37.3114162
                    ],
                    [
                        -85.2901605,
                        37.3110355
                    ],
                    [
                        -85.2894585,
                        37.3102488
                    ],
                    [
                        -85.2876944,
                        37.3091212
                    ],
                    [
                        -85.2870744,
                        37.308842
                    ],
                    [
                        -85.2856749,
                        37.3084758
                    ],
                    [
                        -85.2851416,
                        37.3083561
                    ],
                    [
                        -85.2849681,
                        37.3083419
                    ],
                    [
                        -85.2844832,
                        37.3082726
                    ],
                    [
                        -85.2836392,
                        37.3083221
                    ],
                    [
                        -85.2827454,
                        37.3085021
                    ],
                    [
                        -85.2822444,
                        37.3084187
                    ],
                    [
                        -85.2810894,
                        37.3087696
                    ],
                    [
                        -85.2806956,
                        37.3087107
                    ],
                    [
                        -85.280361,
                        37.3084776
                    ],
                    [
                        -85.2797361,
                        37.3081619
                    ],
                    [
                        -85.2788507,
                        37.3072221
                    ],
                    [
                        -85.2786789,
                        37.3067345
                    ],
                    [
                        -85.2786463,
                        37.3060067
                    ],
                    [
                        -85.278978,
                        37.3046334
                    ],
                    [
                        -85.279293,
                        37.3039166
                    ],
                    [
                        -85.2794522,
                        37.3038899
                    ],
                    [
                        -85.2794312,
                        37.3036901
                    ],
                    [
                        -85.2796699,
                        37.303217
                    ],
                    [
                        -85.2798458,
                        37.3031537
                    ],
                    [
                        -85.2800762,
                        37.3026973
                    ],
                    [
                        -85.280495,
                        37.3015047
                    ],
                    [
                        -85.2808133,
                        37.3001588
                    ],
                    [
                        -85.28096,
                        37.2999768
                    ],
                    [
                        -85.2806224,
                        37.2986953
                    ],
                    [
                        -85.2799413,
                        37.297018
                    ],
                    [
                        -85.279826,
                        37.2967393
                    ],
                    [
                        -85.279352,
                        37.2954701
                    ],
                    [
                        -85.279248,
                        37.2949597
                    ],
                    [
                        -85.2795081,
                        37.2944171
                    ],
                    [
                        -85.2799359,
                        37.2941227
                    ],
                    [
                        -85.2808954,
                        37.2939848
                    ],
                    [
                        -85.2816816,
                        37.2940768
                    ],
                    [
                        -85.2820631,
                        37.2942147
                    ],
                    [
                        -85.2822134,
                        37.2941871
                    ],
                    [
                        -85.2826007,
                        37.2941549
                    ],
                    [
                        -85.2835661,
                        37.294017
                    ],
                    [
                        -85.2847271,
                        37.2938388
                    ],
                    [
                        -85.2850393,
                        37.2937078
                    ],
                    [
                        -85.285389,
                        37.2935744
                    ],
                    [
                        -85.285626,
                        37.2935261
                    ],
                    [
                        -85.2857647,
                        37.293333
                    ],
                    [
                        -85.2862734,
                        37.2929835
                    ],
                    [
                        -85.286889,
                        37.2926386
                    ],
                    [
                        -85.2870596,
                        37.2925811
                    ],
                    [
                        -85.2872012,
                        37.2926938
                    ],
                    [
                        -85.287233,
                        37.2928455
                    ],
                    [
                        -85.2872966,
                        37.293087
                    ],
                    [
                        -85.2871434,
                        37.2933077
                    ],
                    [
                        -85.2872243,
                        37.2934204
                    ],
                    [
                        -85.2873544,
                        37.2936043
                    ],
                    [
                        -85.2873573,
                        37.2938894
                    ],
                    [
                        -85.2877041,
                        37.2938848
                    ],
                    [
                        -85.2877879,
                        37.2937814
                    ],
                    [
                        -85.2878082,
                        37.2936043
                    ],
                    [
                        -85.2878197,
                        37.2934319
                    ],
                    [
                        -85.287733,
                        37.2932249
                    ],
                    [
                        -85.2877475,
                        37.292857
                    ],
                    [
                        -85.2878486,
                        37.2925995
                    ],
                    [
                        -85.2878197,
                        37.2923833
                    ],
                    [
                        -85.287794,
                        37.2921613
                    ],
                    [
                        -85.2880025,
                        37.2919987
                    ],
                    [
                        -85.2882048,
                        37.2918751
                    ],
                    [
                        -85.2883403,
                        37.291769
                    ],
                    [
                        -85.288501,
                        37.2918296
                    ],
                    [
                        -85.2887089,
                        37.2918498
                    ],
                    [
                        -85.2889251,
                        37.2919666
                    ],
                    [
                        -85.2891303,
                        37.2921574
                    ],
                    [
                        -85.2893413,
                        37.2922195
                    ],
                    [
                        -85.2895783,
                        37.2922149
                    ],
                    [
                        -85.2897604,
                        37.2922862
                    ],
                    [
                        -85.2899448,
                        37.2924811
                    ],
                    [
                        -85.2901766,
                        37.2925506
                    ],
                    [
                        -85.290298,
                        37.292477
                    ],
                    [
                        -85.290324,
                        37.2922678
                    ],
                    [
                        -85.2905341,
                        37.2920566
                    ],
                    [
                        -85.2908284,
                        37.2920078
                    ],
                    [
                        -85.2914824,
                        37.2920208
                    ],
                    [
                        -85.2919892,
                        37.2920631
                    ],
                    [
                        -85.2925206,
                        37.2920046
                    ],
                    [
                        -85.2929539,
                        37.2916794
                    ],
                    [
                        -85.2931623,
                        37.291494
                    ],
                    [
                        -85.2936406,
                        37.2913574
                    ],
                    [
                        -85.2937673,
                        37.291403
                    ],
                    [
                        -85.293849,
                        37.2912696
                    ],
                    [
                        -85.2942782,
                        37.2911721
                    ],
                    [
                        -85.2947033,
                        37.2911493
                    ],
                    [
                        -85.2948954,
                        37.2913835
                    ],
                    [
                        -85.2953328,
                        37.2914745
                    ],
                    [
                        -85.2956108,
                        37.2914843
                    ],
                    [
                        -85.2961217,
                        37.2913184
                    ],
                    [
                        -85.2966653,
                        37.291003
                    ],
                    [
                        -85.2974338,
                        37.2906388
                    ],
                    [
                        -85.2981041,
                        37.2901152
                    ],
                    [
                        -85.2985456,
                        37.2893087
                    ],
                    [
                        -85.298848,
                        37.2888502
                    ],
                    [
                        -85.2991423,
                        37.2886128
                    ],
                    [
                        -85.2993508,
                        37.2888405
                    ],
                    [
                        -85.2995184,
                        37.288899
                    ],
                    [
                        -85.2995061,
                        37.2886161
                    ],
                    [
                        -85.299502,
                        37.2882649
                    ],
                    [
                        -85.2996492,
                        37.2878096
                    ],
                    [
                        -85.3001683,
                        37.2870388
                    ],
                    [
                        -85.3003809,
                        37.286473
                    ],
                    [
                        -85.3007896,
                        37.2860795
                    ],
                    [
                        -85.3015049,
                        37.2854551
                    ],
                    [
                        -85.3020322,
                        37.2847884
                    ],
                    [
                        -85.3024941,
                        37.2841705
                    ],
                    [
                        -85.3032176,
                        37.2835591
                    ],
                    [
                        -85.3035446,
                        37.2832794
                    ],
                    [
                        -85.303565,
                        37.2834062
                    ],
                    [
                        -85.3034914,
                        37.2836566
                    ],
                    [
                        -85.3034383,
                        37.2841217
                    ],
                    [
                        -85.3035037,
                        37.2844567
                    ],
                    [
                        -85.3036509,
                        37.2848827
                    ],
                    [
                        -85.3039452,
                        37.2853087
                    ],
                    [
                        -85.3042844,
                        37.2857933
                    ],
                    [
                        -85.3044561,
                        37.2859787
                    ],
                    [
                        -85.3040146,
                        37.2860697
                    ],
                    [
                        -85.3040106,
                        37.286138
                    ],
                    [
                        -85.3045665,
                        37.2862128
                    ],
                    [
                        -85.3048444,
                        37.2864925
                    ],
                    [
                        -85.3054044,
                        37.2868795
                    ],
                    [
                        -85.3055434,
                        37.2871657
                    ],
                    [
                        -85.3055679,
                        37.2872079
                    ],
                    [
                        -85.3059112,
                        37.2872535
                    ],
                    [
                        -85.3061688,
                        37.2874486
                    ],
                    [
                        -85.3067655,
                        37.2879299
                    ],
                    [
                        -85.3062546,
                        37.2881738
                    ],
                    [
                        -85.3059685,
                        37.2883722
                    ],
                    [
                        -85.3058172,
                        37.2885673
                    ],
                    [
                        -85.305527,
                        37.2887494
                    ],
                    [
                        -85.3055475,
                        37.2890128
                    ],
                    [
                        -85.3056496,
                        37.2891396
                    ],
                    [
                        -85.3056864,
                        37.289299
                    ],
                    [
                        -85.3059449,
                        37.2895599
                    ],
                    [
                        -85.3055297,
                        37.2906295
                    ],
                    [
                        -85.3054577,
                        37.2909052
                    ],
                    [
                        -85.305423,
                        37.2912547
                    ],
                    [
                        -85.305608,
                        37.2915122
                    ],
                    [
                        -85.3054808,
                        37.2917054
                    ],
                    [
                        -85.3051918,
                        37.2916686
                    ],
                    [
                        -85.3049028,
                        37.2918341
                    ],
                    [
                        -85.3046947,
                        37.2920825
                    ],
                    [
                        -85.3044519,
                        37.2922756
                    ],
                    [
                        -85.3044981,
                        37.2924596
                    ],
                    [
                        -85.3047871,
                        37.292432
                    ],
                    [
                        -85.3052496,
                        37.2925607
                    ],
                    [
                        -85.3052727,
                        37.2928091
                    ],
                    [
                        -85.3048796,
                        37.2933149
                    ],
                    [
                        -85.3042207,
                        37.2942071
                    ],
                    [
                        -85.3041397,
                        37.2947681
                    ],
                    [
                        -85.3041513,
                        37.2955591
                    ],
                    [
                        -85.3044172,
                        37.2963684
                    ],
                    [
                        -85.3050299,
                        37.2973985
                    ],
                    [
                        -85.3057352,
                        37.2978491
                    ],
                    [
                        -85.3061167,
                        37.298309
                    ],
                    [
                        -85.3057814,
                        37.298686
                    ],
                    [
                        -85.3068104,
                        37.2987412
                    ],
                    [
                        -85.3077815,
                        37.2990723
                    ],
                    [
                        -85.3082555,
                        37.2988332
                    ],
                    [
                        -85.3090417,
                        37.2985021
                    ],
                    [
                        -85.31014,
                        37.2979503
                    ],
                    [
                        -85.3118163,
                        37.2972421
                    ],
                    [
                        -85.3120707,
                        37.2973433
                    ],
                    [
                        -85.3122904,
                        37.2971226
                    ],
                    [
                        -85.312695,
                        37.2969018
                    ],
                    [
                        -85.3132268,
                        37.2969938
                    ],
                    [
                        -85.3137586,
                        37.2974996
                    ],
                    [
                        -85.3140881,
                        37.2975962
                    ],
                    [
                        -85.313822,
                        37.2970598
                    ],
                    [
                        -85.3135523,
                        37.296611
                    ],
                    [
                        -85.3142063,
                        37.2963509
                    ],
                    [
                        -85.3149992,
                        37.2959282
                    ],
                    [
                        -85.3159148,
                        37.2953754
                    ],
                    [
                        -85.3169367,
                        37.2951218
                    ],
                    [
                        -85.3174517,
                        37.2950372
                    ],
                    [
                        -85.3180322,
                        37.2950632
                    ],
                    [
                        -85.3186044,
                        37.2950893
                    ],
                    [
                        -85.3191603,
                        37.2949852
                    ],
                    [
                        -85.31952,
                        37.2950632
                    ],
                    [
                        -85.3201658,
                        37.29546
                    ],
                    [
                        -85.3203457,
                        37.2958111
                    ],
                    [
                        -85.3203457,
                        37.2963834
                    ],
                    [
                        -85.3198388,
                        37.2968452
                    ],
                    [
                        -85.3192666,
                        37.2973004
                    ],
                    [
                        -85.3196753,
                        37.2973329
                    ],
                    [
                        -85.3201658,
                        37.2970728
                    ],
                    [
                        -85.3207217,
                        37.2966241
                    ],
                    [
                        -85.3211223,
                        37.2962729
                    ],
                    [
                        -85.3215719,
                        37.2962208
                    ],
                    [
                        -85.3222831,
                        37.2965395
                    ],
                    [
                        -85.3227246,
                        37.2971963
                    ],
                    [
                        -85.3231006,
                        37.2975215
                    ],
                    [
                        -85.3233949,
                        37.2980222
                    ],
                    [
                        -85.3235911,
                        37.2986075
                    ],
                    [
                        -85.3233704,
                        37.2990367
                    ],
                    [
                        -85.3232723,
                        37.2993489
                    ],
                    [
                        -85.3227491,
                        37.2998756
                    ],
                    [
                        -85.3227409,
                        37.3000447
                    ],
                    [
                        -85.3231824,
                        37.2998691
                    ],
                    [
                        -85.3236157,
                        37.299518
                    ],
                    [
                        -85.3239508,
                        37.2993359
                    ],
                    [
                        -85.3241716,
                        37.2996675
                    ],
                    [
                        -85.3244086,
                        37.3000122
                    ],
                    [
                        -85.3244168,
                        37.3002788
                    ],
                    [
                        -85.3245558,
                        37.3005324
                    ],
                    [
                        -85.3245394,
                        37.3010006
                    ],
                    [
                        -85.3246457,
                        37.3010396
                    ],
                    [
                        -85.3248583,
                        37.3005454
                    ],
                    [
                        -85.3256349,
                        37.3008706
                    ],
                    [
                        -85.3264279,
                        37.3013648
                    ],
                    [
                        -85.3270165,
                        37.302053
                    ],
                    [
                        -85.3278667,
                        37.3024822
                    ],
                    [
                        -85.3292401,
                        37.3033535
                    ],
                    [
                        -85.3312838,
                        37.3038998
                    ],
                    [
                        -85.3314473,
                        37.3035226
                    ],
                    [
                        -85.330123,
                        37.3029113
                    ],
                    [
                        -85.3274906,
                        37.3007784
                    ],
                    [
                        -85.3267549,
                        37.3001671
                    ],
                    [
                        -85.3258556,
                        37.2996859
                    ],
                    [
                        -85.3250381,
                        37.2982032
                    ],
                    [
                        -85.3247438,
                        37.2968766
                    ],
                    [
                        -85.3246294,
                        37.295836
                    ],
                    [
                        -85.3251035,
                        37.2953288
                    ],
                    [
                        -85.3266404,
                        37.2946394
                    ],
                    [
                        -85.3275397,
                        37.2950166
                    ],
                    [
                        -85.3295344,
                        37.2960441
                    ],
                    [
                        -85.3286515,
                        37.2950816
                    ],
                    [
                        -85.3277686,
                        37.2945223
                    ],
                    [
                        -85.3276214,
                        37.2940671
                    ],
                    [
                        -85.3292728,
                        37.2926493
                    ],
                    [
                        -85.331104,
                        37.2915957
                    ],
                    [
                        -85.3315454,
                        37.2917908
                    ],
                    [
                        -85.3315291,
                        37.2914396
                    ],
                    [
                        -85.3335238,
                        37.2895796
                    ],
                    [
                        -85.3342105,
                        37.2894105
                    ],
                    [
                        -85.3361888,
                        37.2894885
                    ],
                    [
                        -85.3363523,
                        37.2897356
                    ],
                    [
                        -85.3365976,
                        37.2896056
                    ],
                    [
                        -85.3367774,
                        37.2895405
                    ],
                    [
                        -85.3369082,
                        37.2900869
                    ],
                    [
                        -85.337366,
                        37.2897096
                    ],
                    [
                        -85.3384288,
                        37.2898917
                    ],
                    [
                        -85.3385105,
                        37.2896056
                    ],
                    [
                        -85.3392299,
                        37.2893974
                    ],
                    [
                        -85.3392299,
                        37.2892153
                    ],
                    [
                        -85.3379219,
                        37.2892674
                    ],
                    [
                        -85.3367774,
                        37.2889942
                    ],
                    [
                        -85.3355839,
                        37.288617
                    ],
                    [
                        -85.3344457,
                        37.2885223
                    ],
                    [
                        -85.334492,
                        37.2873725
                    ],
                    [
                        -85.3340411,
                        37.2864067
                    ],
                    [
                        -85.3332202,
                        37.2852937
                    ],
                    [
                        -85.332041,
                        37.2846038
                    ],
                    [
                        -85.3309658,
                        37.2842727
                    ],
                    [
                        -85.3295091,
                        37.2840243
                    ],
                    [
                        -85.3290698,
                        37.2837667
                    ],
                    [
                        -85.3288963,
                        37.2833804
                    ],
                    [
                        -85.3296363,
                        37.2830584
                    ],
                    [
                        -85.3304687,
                        37.2832976
                    ],
                    [
                        -85.3303531,
                        37.2830676
                    ],
                    [
                        -85.3306652,
                        37.2829573
                    ],
                    [
                        -85.3322838,
                        37.2827825
                    ],
                    [
                        -85.3331855,
                        37.2824881
                    ],
                    [
                        -85.3336711,
                        37.282111
                    ],
                    [
                        -85.3331509,
                        37.2820374
                    ],
                    [
                        -85.3324572,
                        37.2822398
                    ],
                    [
                        -85.3312201,
                        37.2823226
                    ],
                    [
                        -85.3297634,
                        37.2823134
                    ],
                    [
                        -85.3289888,
                        37.2823501
                    ],
                    [
                        -85.3291623,
                        37.2817154
                    ],
                    [
                        -85.328272,
                        37.281789
                    ],
                    [
                        -85.3274165,
                        37.2807311
                    ],
                    [
                        -85.3268731,
                        37.2804184
                    ],
                    [
                        -85.325902,
                        37.2794893
                    ],
                    [
                        -85.324295,
                        37.2786521
                    ],
                    [
                        -85.322318,
                        37.2778794
                    ],
                    [
                        -85.3209694,
                        37.2775023
                    ],
                    [
                        -85.320607,
                        37.277401
                    ],
                    [
                        -85.319289,
                        37.2771159
                    ],
                    [
                        -85.3181444,
                        37.2772079
                    ],
                    [
                        -85.3171039,
                        37.2767203
                    ],
                    [
                        -85.3161328,
                        37.2762879
                    ],
                    [
                        -85.3150576,
                        37.27523
                    ],
                    [
                        -85.3146183,
                        37.27408
                    ],
                    [
                        -85.3146645,
                        37.27339
                    ],
                    [
                        -85.3138784,
                        37.2730404
                    ],
                    [
                        -85.3135084,
                        37.272148
                    ],
                    [
                        -85.3126413,
                        37.271918
                    ],
                    [
                        -85.3125373,
                        37.2713476
                    ],
                    [
                        -85.3123639,
                        37.2707772
                    ],
                    [
                        -85.3127107,
                        37.2703816
                    ],
                    [
                        -85.3135893,
                        37.2701608
                    ],
                    [
                        -85.3140055,
                        37.2704828
                    ],
                    [
                        -85.3144333,
                        37.2706116
                    ],
                    [
                        -85.3147223,
                        37.2707864
                    ],
                    [
                        -85.314942,
                        37.2707956
                    ],
                    [
                        -85.3151501,
                        37.27063
                    ],
                    [
                        -85.3149536,
                        37.2703632
                    ],
                    [
                        -85.314942,
                        37.27017
                    ],
                    [
                        -85.3153813,
                        37.2701056
                    ],
                    [
                        -85.3162831,
                        37.2704644
                    ],
                    [
                        -85.3169421,
                        37.2704828
                    ],
                    [
                        -85.3179363,
                        37.2706944
                    ],
                    [
                        -85.3186647,
                        37.2708416
                    ],
                    [
                        -85.3188034,
                        37.2711452
                    ],
                    [
                        -85.3190115,
                        37.271826
                    ],
                    [
                        -85.3196358,
                        37.2728564
                    ],
                    [
                        -85.3194046,
                        37.2720008
                    ],
                    [
                        -85.3194509,
                        37.2710164
                    ],
                    [
                        -85.3205607,
                        37.2711084
                    ],
                    [
                        -85.3219943,
                        37.2710348
                    ],
                    [
                        -85.3230695,
                        37.2708232
                    ],
                    [
                        -85.3232545,
                        37.2710072
                    ],
                    [
                        -85.3226996,
                        37.2712648
                    ],
                    [
                        -85.3231967,
                        37.2712464
                    ],
                    [
                        -85.3233701,
                        37.2714212
                    ],
                    [
                        -85.3237516,
                        37.2720652
                    ],
                    [
                        -85.3244337,
                        37.2723596
                    ],
                    [
                        -85.3249077,
                        37.2727092
                    ],
                    [
                        -85.3253239,
                        37.2728932
                    ],
                    [
                        -85.3251621,
                        37.272654
                    ],
                    [
                        -85.3245262,
                        37.2722584
                    ],
                    [
                        -85.3238904,
                        37.2716512
                    ],
                    [
                        -85.3237169,
                        37.270952
                    ],
                    [
                        -85.3240175,
                        37.2705748
                    ],
                    [
                        -85.3250696,
                        37.2699124
                    ],
                    [
                        -85.3262026,
                        37.2688911
                    ],
                    [
                        -85.3266882,
                        37.2680815
                    ],
                    [
                        -85.327035,
                        37.2680539
                    ],
                    [
                        -85.3269772,
                        37.2683391
                    ],
                    [
                        -85.3269078,
                        37.2689095
                    ],
                    [
                        -85.3269541,
                        37.2694524
                    ],
                    [
                        -85.3271853,
                        37.2691119
                    ],
                    [
                        -85.3272315,
                        37.2687347
                    ],
                    [
                        -85.3274281,
                        37.2684587
                    ],
                    [
                        -85.328168,
                        37.2685323
                    ],
                    [
                        -85.3285611,
                        37.2691856
                    ],
                    [
                        -85.3288385,
                        37.2688911
                    ],
                    [
                        -85.3311508,
                        37.269296
                    ],
                    [
                        -85.331382,
                        37.2702436
                    ],
                    [
                        -85.3310699,
                        37.2714856
                    ],
                    [
                        -85.3305265,
                        37.2717156
                    ],
                    [
                        -85.3307808,
                        37.271918
                    ],
                    [
                        -85.3309542,
                        37.2722216
                    ],
                    [
                        -85.3311161,
                        37.272884
                    ],
                    [
                        -85.3313011,
                        37.2732612
                    ],
                    [
                        -85.3314051,
                        37.2728288
                    ],
                    [
                        -85.331382,
                        37.2719456
                    ],
                    [
                        -85.331856,
                        37.2709152
                    ],
                    [
                        -85.332989,
                        37.270998
                    ],
                    [
                        -85.3335902,
                        37.271274
                    ],
                    [
                        -85.3345151,
                        37.2718168
                    ],
                    [
                        -85.3356018,
                        37.2728656
                    ],
                    [
                        -85.3359602,
                        37.2730956
                    ],
                    [
                        -85.3365845,
                        37.2731324
                    ],
                    [
                        -85.336203,
                        37.2728196
                    ],
                    [
                        -85.3351509,
                        37.271872
                    ],
                    [
                        -85.3345035,
                        37.2708784
                    ],
                    [
                        -85.3348619,
                        37.2705472
                    ],
                    [
                        -85.3335208,
                        37.2706668
                    ],
                    [
                        -85.3330237,
                        37.2701148
                    ],
                    [
                        -85.3323416,
                        37.2697836
                    ],
                    [
                        -85.3324225,
                        37.2693144
                    ],
                    [
                        -85.334122,
                        37.2686151
                    ],
                    [
                        -85.3355093,
                        37.2675479
                    ],
                    [
                        -85.3367117,
                        37.266269
                    ],
                    [
                        -85.3381453,
                        37.2642816
                    ],
                    [
                        -85.3384343,
                        37.2638859
                    ],
                    [
                        -85.3388736,
                        37.264162
                    ],
                    [
                        -85.3387349,
                        37.2647416
                    ],
                    [
                        -85.3385731,
                        37.2654041
                    ],
                    [
                        -85.3390239,
                        37.2648889
                    ],
                    [
                        -85.3393939,
                        37.2643092
                    ],
                    [
                        -85.3400876,
                        37.2641436
                    ],
                    [
                        -85.3396829,
                        37.2640608
                    ],
                    [
                        -85.3392783,
                        37.2637939
                    ],
                    [
                        -85.3390702,
                        37.2628278
                    ],
                    [
                        -85.3397292,
                        37.2611256
                    ],
                    [
                        -85.3401338,
                        37.2603895
                    ],
                    [
                        -85.3406194,
                        37.2592393
                    ],
                    [
                        -85.3411974,
                        37.259635
                    ],
                    [
                        -85.3413362,
                        37.2594601
                    ],
                    [
                        -85.341394,
                        37.2590368
                    ],
                    [
                        -85.34092,
                        37.2585216
                    ],
                    [
                        -85.341105,
                        37.2568744
                    ],
                    [
                        -85.3412153,
                        37.2572235
                    ],
                    [
                        -85.3413443,
                        37.257227
                    ],
                    [
                        -85.341579,
                        37.2572333
                    ],
                    [
                        -85.3422033,
                        37.2572793
                    ],
                    [
                        -85.3426079,
                        37.2575646
                    ],
                    [
                        -85.3434056,
                        37.2586228
                    ],
                    [
                        -85.3439259,
                        37.2587332
                    ],
                    [
                        -85.3440463,
                        37.2578958
                    ],
                    [
                        -85.3451216,
                        37.2573793
                    ],
                    [
                        -85.3434006,
                        37.2541959
                    ],
                    [
                        -85.3427283,
                        37.2542703
                    ],
                    [
                        -85.342474,
                        37.2532396
                    ],
                    [
                        -85.3423584,
                        37.2538286
                    ],
                    [
                        -85.3417803,
                        37.2543255
                    ],
                    [
                        -85.3412485,
                        37.2543255
                    ],
                    [
                        -85.3414335,
                        37.2545463
                    ],
                    [
                        -85.3401809,
                        37.2551721
                    ],
                    [
                        -85.3378686,
                        37.2532948
                    ],
                    [
                        -85.3378686,
                        37.2521905
                    ],
                    [
                        -85.3387473,
                        37.2505341
                    ],
                    [
                        -85.3410517,
                        37.2482926
                    ],
                    [
                        -85.3376816,
                        37.2433734
                    ],
                    [
                        -85.3368261,
                        37.2424025
                    ],
                    [
                        -85.3370573,
                        37.2431387
                    ],
                    [
                        -85.3373116,
                        37.2438198
                    ],
                    [
                        -85.3361497,
                        37.2450024
                    ],
                    [
                        -85.3358202,
                        37.2452555
                    ],
                    [
                        -85.3354618,
                        37.245412
                    ],
                    [
                        -85.3356006,
                        37.2456237
                    ],
                    [
                        -85.3353173,
                        37.2461436
                    ],
                    [
                        -85.3347682,
                        37.2467281
                    ],
                    [
                        -85.3344271,
                        37.2469765
                    ],
                    [
                        -85.3342363,
                        37.2473539
                    ],
                    [
                        -85.3341381,
                        37.2474229
                    ],
                    [
                        -85.3350456,
                        37.2441879
                    ],
                    [
                        -85.3353809,
                        37.242361
                    ],
                    [
                        -85.3358029,
                        37.2397886
                    ],
                    [
                        -85.3360919,
                        37.2379938
                    ],
                    [
                        -85.3363405,
                        37.2367696
                    ],
                    [
                        -85.3365833,
                        37.2363324
                    ],
                    [
                        -85.336537,
                        37.2361115
                    ],
                    [
                        -85.3367451,
                        37.2358446
                    ],
                    [
                        -85.3367047,
                        37.2355822
                    ],
                    [
                        -85.336774,
                        37.2353015
                    ],
                    [
                        -85.3368896,
                        37.2352831
                    ],
                    [
                        -85.3370977,
                        37.2352049
                    ],
                    [
                        -85.3372596,
                        37.2347861
                    ],
                    [
                        -85.3373001,
                        37.2343396
                    ],
                    [
                        -85.3373868,
                        37.233838
                    ],
                    [
                        -85.3375082,
                        37.2331936
                    ],
                    [
                        -85.3372423,
                        37.2324803
                    ],
                    [
                        -85.3373463,
                        37.2320522
                    ],
                    [
                        -85.3375544,
                        37.2317071
                    ],
                    [
                        -85.3379417,
                        37.2318773
                    ],
                    [
                        -85.3381093,
                        37.2318451
                    ],
                    [
                        -85.337803,
                        37.2315368
                    ],
                    [
                        -85.3376238,
                        37.2310535
                    ],
                    [
                        -85.3376064,
                        37.229843
                    ],
                    [
                        -85.3372769,
                        37.2282183
                    ],
                    [
                        -85.3367409,
                        37.2262392
                    ],
                    [
                        -85.3368227,
                        37.2259788
                    ],
                    [
                        -85.3372396,
                        37.2258617
                    ],
                    [
                        -85.3385067,
                        37.2257886
                    ],
                    [
                        -85.3387668,
                        37.2258208
                    ],
                    [
                        -85.3391426,
                        37.2261016
                    ],
                    [
                        -85.339368,
                        37.2263409
                    ],
                    [
                        -85.3393044,
                        37.2260648
                    ],
                    [
                        -85.3389518,
                        37.2256965
                    ],
                    [
                        -85.3389345,
                        37.2255584
                    ],
                    [
                        -85.3391715,
                        37.2252823
                    ],
                    [
                        -85.33942,
                        37.2250475
                    ],
                    [
                        -85.3397322,
                        37.2248358
                    ],
                    [
                        -85.339894,
                        37.2247207
                    ],
                    [
                        -85.3393911,
                        37.224914
                    ],
                    [
                        -85.3389576,
                        37.225204
                    ],
                    [
                        -85.3384258,
                        37.2254388
                    ],
                    [
                        -85.3377263,
                        37.2254526
                    ],
                    [
                        -85.3365471,
                        37.2252915
                    ],
                    [
                        -85.3364719,
                        37.2251304
                    ],
                    [
                        -85.336917,
                        37.223349
                    ],
                    [
                        -85.3369486,
                        37.2222224
                    ],
                    [
                        -85.3370059,
                        37.2214738
                    ],
                    [
                        -85.33748,
                        37.2213241
                    ],
                    [
                        -85.337153,
                        37.220966
                    ],
                    [
                        -85.337104,
                        37.2206406
                    ],
                    [
                        -85.3371367,
                        37.2200286
                    ],
                    [
                        -85.3374064,
                        37.2193386
                    ],
                    [
                        -85.3372593,
                        37.2188113
                    ],
                    [
                        -85.3371694,
                        37.2185964
                    ],
                    [
                        -85.3375372,
                        37.2183816
                    ],
                    [
                        -85.3377988,
                        37.2181017
                    ],
                    [
                        -85.3378561,
                        37.2177306
                    ],
                    [
                        -85.3379542,
                        37.217366
                    ],
                    [
                        -85.3374391,
                        37.2180105
                    ],
                    [
                        -85.3367524,
                        37.2185183
                    ],
                    [
                        -85.3367034,
                        37.2188829
                    ],
                    [
                        -85.3369486,
                        37.2193321
                    ],
                    [
                        -85.3367758,
                        37.21953
                    ],
                    [
                        -85.3367035,
                        37.2198273
                    ],
                    [
                        -85.3365598,
                        37.2201037
                    ],
                    [
                        -85.3361229,
                        37.2191696
                    ],
                    [
                        -85.3353748,
                        37.2181878
                    ],
                    [
                        -85.3348361,
                        37.2173155
                    ],
                    [
                        -85.3336989,
                        37.2166006
                    ],
                    [
                        -85.3324959,
                        37.2160239
                    ],
                    [
                        -85.331251,
                        37.215838
                    ],
                    [
                        -85.3294735,
                        37.215695
                    ],
                    [
                        -85.3290246,
                        37.2155806
                    ],
                    [
                        -85.3290844,
                        37.2152565
                    ],
                    [
                        -85.3293657,
                        37.2150659
                    ],
                    [
                        -85.3288929,
                        37.2148561
                    ],
                    [
                        -85.3287852,
                        37.2145749
                    ],
                    [
                        -85.3286415,
                        37.2144796
                    ],
                    [
                        -85.3285338,
                        37.2152184
                    ],
                    [
                        -85.3282345,
                        37.2154662
                    ],
                    [
                        -85.3281687,
                        37.215614
                    ],
                    [
                        -85.3282226,
                        37.2157999
                    ],
                    [
                        -85.3279712,
                        37.2160001
                    ],
                    [
                        -85.3267622,
                        37.2163861
                    ],
                    [
                        -85.3254515,
                        37.2165863
                    ],
                    [
                        -85.3246734,
                        37.2168628
                    ],
                    [
                        -85.3234105,
                        37.2169724
                    ],
                    [
                        -85.322806,
                        37.2167817
                    ],
                    [
                        -85.322435,
                        37.2162193
                    ],
                    [
                        -85.321627,
                        37.2157617
                    ],
                    [
                        -85.3215133,
                        37.2153375
                    ],
                    [
                        -85.321202,
                        37.2149944
                    ],
                    [
                        -85.3209806,
                        37.2147417
                    ],
                    [
                        -85.3209507,
                        37.2137265
                    ],
                    [
                        -85.3210165,
                        37.2128638
                    ],
                    [
                        -85.321627,
                        37.2126445
                    ],
                    [
                        -85.3220639,
                        37.2125778
                    ],
                    [
                        -85.3225487,
                        37.2123156
                    ],
                    [
                        -85.3225786,
                        37.2121631
                    ],
                    [
                        -85.3213995,
                        37.2124777
                    ],
                    [
                        -85.321214,
                        37.212287
                    ],
                    [
                        -85.3212499,
                        37.2117484
                    ],
                    [
                        -85.32122,
                        37.2107522
                    ],
                    [
                        -85.3211482,
                        37.2101611
                    ],
                    [
                        -85.3208968,
                        37.2097798
                    ],
                    [
                        -85.3210584,
                        37.2089122
                    ],
                    [
                        -85.3211302,
                        37.2083211
                    ],
                    [
                        -85.3208729,
                        37.2080447
                    ],
                    [
                        -85.3207831,
                        37.2083593
                    ],
                    [
                        -85.3208429,
                        37.2089075
                    ],
                    [
                        -85.3205975,
                        37.2095653
                    ],
                    [
                        -85.3204958,
                        37.2100038
                    ],
                    [
                        -85.3205616,
                        37.2105424
                    ],
                    [
                        -85.3205317,
                        37.2113718
                    ],
                    [
                        -85.3204599,
                        37.2120678
                    ],
                    [
                        -85.3201666,
                        37.2126731
                    ],
                    [
                        -85.3199751,
                        37.2132117
                    ],
                    [
                        -85.3198374,
                        37.213288
                    ],
                    [
                        -85.3193706,
                        37.213064
                    ],
                    [
                        -85.3188319,
                        37.2128018
                    ],
                    [
                        -85.3186105,
                        37.213002
                    ],
                    [
                        -85.3189816,
                        37.213288
                    ],
                    [
                        -85.3192449,
                        37.2135072
                    ],
                    [
                        -85.3191671,
                        37.2137694
                    ],
                    [
                        -85.3195262,
                        37.2138218
                    ],
                    [
                        -85.3197417,
                        37.2139744
                    ],
                    [
                        -85.3198434,
                        37.2143461
                    ],
                    [
                        -85.3198913,
                        37.2147465
                    ],
                    [
                        -85.3196519,
                        37.2150897
                    ],
                    [
                        -85.3200589,
                        37.215247
                    ],
                    [
                        -85.3202923,
                        37.2156617
                    ],
                    [
                        -85.3206993,
                        37.2161097
                    ],
                    [
                        -85.3208609,
                        37.2165101
                    ],
                    [
                        -85.3211242,
                        37.2170105
                    ],
                    [
                        -85.3213696,
                        37.2175539
                    ],
                    [
                        -85.3213636,
                        37.2179685
                    ],
                    [
                        -85.3209028,
                        37.2180686
                    ],
                    [
                        -85.3203581,
                        37.2179256
                    ],
                    [
                        -85.3195801,
                        37.2178732
                    ],
                    [
                        -85.3190235,
                        37.217735
                    ],
                    [
                        -85.3188379,
                        37.2177445
                    ],
                    [
                        -85.3188559,
                        37.2178637
                    ],
                    [
                        -85.3185746,
                        37.2180686
                    ],
                    [
                        -85.3189935,
                        37.2180686
                    ],
                    [
                        -85.3197536,
                        37.2182783
                    ],
                    [
                        -85.3201846,
                        37.2184594
                    ],
                    [
                        -85.3203821,
                        37.2187073
                    ],
                    [
                        -85.3201247,
                        37.2191648
                    ],
                    [
                        -85.3196698,
                        37.219732
                    ],
                    [
                        -85.3191851,
                        37.2203325
                    ],
                    [
                        -85.3189995,
                        37.2203992
                    ],
                    [
                        -85.3184489,
                        37.220404
                    ],
                    [
                        -85.3178324,
                        37.2203277
                    ],
                    [
                        -85.3176648,
                        37.220118
                    ],
                    [
                        -85.3175571,
                        37.2200275
                    ],
                    [
                        -85.3174374,
                        37.220099
                    ],
                    [
                        -85.3173177,
                        37.2202086
                    ],
                    [
                        -85.3175212,
                        37.2203373
                    ],
                    [
                        -85.3177606,
                        37.2207805
                    ],
                    [
                        -85.3182454,
                        37.2208472
                    ],
                    [
                        -85.3185267,
                        37.2210093
                    ],
                    [
                        -85.3182693,
                        37.2214335
                    ],
                    [
                        -85.3179701,
                        37.2218052
                    ],
                    [
                        -85.317593,
                        37.2221579
                    ],
                    [
                        -85.3172519,
                        37.2221865
                    ],
                    [
                        -85.3166055,
                        37.222034
                    ],
                    [
                        -85.3164379,
                        37.2217718
                    ],
                    [
                        -85.3161446,
                        37.2215621
                    ],
                    [
                        -85.3157855,
                        37.2211713
                    ],
                    [
                        -85.3153905,
                        37.2209092
                    ],
                    [
                        -85.3150374,
                        37.2206113
                    ],
                    [
                        -85.3147561,
                        37.2204874
                    ],
                    [
                        -85.3149237,
                        37.2208997
                    ],
                    [
                        -85.3147591,
                        37.2209283
                    ],
                    [
                        -85.3144897,
                        37.2209569
                    ],
                    [
                        -85.3145047,
                        37.2210593
                    ],
                    [
                        -85.3149177,
                        37.2212309
                    ],
                    [
                        -85.3152768,
                        37.2215574
                    ],
                    [
                        -85.3152528,
                        37.2217194
                    ],
                    [
                        -85.3153965,
                        37.2217289
                    ],
                    [
                        -85.3156568,
                        37.2219363
                    ],
                    [
                        -85.3158095,
                        37.2222651
                    ],
                    [
                        -85.3158035,
                        37.2224462
                    ],
                    [
                        -85.315208,
                        37.2226321
                    ],
                    [
                        -85.3149117,
                        37.2228871
                    ],
                    [
                        -85.3147291,
                        37.223061
                    ],
                    [
                        -85.3146783,
                        37.2232231
                    ],
                    [
                        -85.3144269,
                        37.2234327
                    ],
                    [
                        -85.3142294,
                        37.2237425
                    ],
                    [
                        -85.3141276,
                        37.2238569
                    ],
                    [
                        -85.3138613,
                        37.2238617
                    ],
                    [
                        -85.3134633,
                        37.2236067
                    ],
                    [
                        -85.3132389,
                        37.2234518
                    ],
                    [
                        -85.313179,
                        37.2232779
                    ],
                    [
                        -85.3130922,
                        37.2231492
                    ],
                    [
                        -85.3129426,
                        37.2231849
                    ],
                    [
                        -85.3129815,
                        37.2234065
                    ],
                    [
                        -85.3127062,
                        37.223447
                    ],
                    [
                        -85.3129097,
                        37.2235829
                    ],
                    [
                        -85.3130922,
                        37.223795
                    ],
                    [
                        -85.3133795,
                        37.2240523
                    ],
                    [
                        -85.313595,
                        37.2242096
                    ],
                    [
                        -85.313592,
                        37.2243168
                    ],
                    [
                        -85.3136608,
                        37.2243168
                    ],
                    [
                        -85.3137715,
                        37.2242715
                    ],
                    [
                        -85.313969,
                        37.2242668
                    ],
                    [
                        -85.3144508,
                        37.2242382
                    ],
                    [
                        -85.3147291,
                        37.2240642
                    ],
                    [
                        -85.3149386,
                        37.2237401
                    ],
                    [
                        -85.3152109,
                        37.2236043
                    ],
                    [
                        -85.3154503,
                        37.2234494
                    ],
                    [
                        -85.3156419,
                        37.2232564
                    ],
                    [
                        -85.3158154,
                        37.2232469
                    ],
                    [
                        -85.3162194,
                        37.2233303
                    ],
                    [
                        -85.3165666,
                        37.2232993
                    ],
                    [
                        -85.3166504,
                        37.2233374
                    ],
                    [
                        -85.3166324,
                        37.2235042
                    ],
                    [
                        -85.3164379,
                        37.2237425
                    ],
                    [
                        -85.3160219,
                        37.2239594
                    ],
                    [
                        -85.3154833,
                        37.2242334
                    ],
                    [
                        -85.3148997,
                        37.224424
                    ],
                    [
                        -85.314379,
                        37.224455
                    ],
                    [
                        -85.3140708,
                        37.2245575
                    ],
                    [
                        -85.3136548,
                        37.2246242
                    ],
                    [
                        -85.3133017,
                        37.2247576
                    ],
                    [
                        -85.3127241,
                        37.2249483
                    ],
                    [
                        -85.3122094,
                        37.2250912
                    ],
                    [
                        -85.3116199,
                        37.2252342
                    ],
                    [
                        -85.3112757,
                        37.2252938
                    ],
                    [
                        -85.3106742,
                        37.2254463
                    ],
                    [
                        -85.3100997,
                        37.2256107
                    ],
                    [
                        -85.3096837,
                        37.225687
                    ],
                    [
                        -85.3094563,
                        37.225625
                    ],
                    [
                        -85.3092707,
                        37.2254511
                    ],
                    [
                        -85.3090702,
                        37.225158
                    ],
                    [
                        -85.3088338,
                        37.2248839
                    ],
                    [
                        -85.308777,
                        37.2247553
                    ],
                    [
                        -85.3085854,
                        37.2245742
                    ],
                    [
                        -85.308346,
                        37.2244526
                    ],
                    [
                        -85.3082203,
                        37.2243025
                    ],
                    [
                        -85.3081036,
                        37.2243025
                    ],
                    [
                        -85.3084867,
                        37.2247052
                    ],
                    [
                        -85.3086991,
                        37.2249888
                    ],
                    [
                        -85.3089146,
                        37.2253557
                    ],
                    [
                        -85.3089026,
                        37.2255726
                    ],
                    [
                        -85.3088667,
                        37.225656
                    ],
                    [
                        -85.3086154,
                        37.2257561
                    ],
                    [
                        -85.3084388,
                        37.2258252
                    ],
                    [
                        -85.3084986,
                        37.2259062
                    ],
                    [
                        -85.3087919,
                        37.2259324
                    ],
                    [
                        -85.3090525,
                        37.2259545
                    ],
                    [
                        -85.3091916,
                        37.226085
                    ],
                    [
                        -85.3090916,
                        37.2261558
                    ],
                    [
                        -85.3088115,
                        37.2262975
                    ],
                    [
                        -85.3085581,
                        37.2264072
                    ],
                    [
                        -85.3082802,
                        37.2265594
                    ],
                    [
                        -85.3076466,
                        37.2268763
                    ],
                    [
                        -85.3073621,
                        37.227025
                    ],
                    [
                        -85.3070909,
                        37.2272037
                    ],
                    [
                        -85.306833,
                        37.2273436
                    ],
                    [
                        -85.3065634,
                        37.2275264
                    ],
                    [
                        -85.3062995,
                        37.2278073
                    ],
                    [
                        -85.3060172,
                        37.2281277
                    ],
                    [
                        -85.3056904,
                        37.2285844
                    ],
                    [
                        -85.3055237,
                        37.2289154
                    ],
                    [
                        -85.3051969,
                        37.2294658
                    ],
                    [
                        -85.3051924,
                        37.2298411
                    ],
                    [
                        -85.305108,
                        37.2300251
                    ],
                    [
                        -85.3049968,
                        37.2303048
                    ],
                    [
                        -85.3049079,
                        37.2305597
                    ],
                    [
                        -85.3047879,
                        37.2309278
                    ],
                    [
                        -85.30461,
                        37.2314836
                    ],
                    [
                        -85.3043166,
                        37.2320677
                    ],
                    [
                        -85.3040143,
                        37.2322341
                    ],
                    [
                        -85.3036008,
                        37.2320818
                    ],
                    [
                        -85.3033385,
                        37.2319827
                    ],
                    [
                        -85.3031339,
                        37.2318942
                    ],
                    [
                        -85.3024003,
                        37.2314978
                    ],
                    [
                        -85.3021558,
                        37.2313208
                    ],
                    [
                        -85.3018891,
                        37.2310446
                    ],
                    [
                        -85.3017824,
                        37.2307969
                    ],
                    [
                        -85.3016756,
                        37.2303437
                    ],
                    [
                        -85.3014978,
                        37.2300181
                    ],
                    [
                        -85.3012977,
                        37.2296853
                    ],
                    [
                        -85.3012533,
                        37.229303
                    ],
                    [
                        -85.3012533,
                        37.2291189
                    ],
                    [
                        -85.3013022,
                        37.2289631
                    ],
                    [
                        -85.3011066,
                        37.2287791
                    ],
                    [
                        -85.3010485,
                        37.2284729
                    ],
                    [
                        -85.3010841,
                        37.2282924
                    ],
                    [
                        -85.3011641,
                        37.2282039
                    ],
                    [
                        -85.301013,
                        37.2280587
                    ],
                    [
                        -85.3009685,
                        37.2278994
                    ],
                    [
                        -85.3010352,
                        37.2277189
                    ],
                    [
                        -85.3013331,
                        37.2274994
                    ],
                    [
                        -85.3013464,
                        37.2274321
                    ],
                    [
                        -85.300844,
                        37.2276374
                    ],
                    [
                        -85.3007106,
                        37.2276339
                    ],
                    [
                        -85.300555,
                        37.2273153
                    ],
                    [
                        -85.300475,
                        37.2266745
                    ],
                    [
                        -85.3007507,
                        37.2266108
                    ],
                    [
                        -85.3015243,
                        37.2266321
                    ],
                    [
                        -85.3015643,
                        37.2264904
                    ],
                    [
                        -85.3013331,
                        37.2264338
                    ],
                    [
                        -85.3004439,
                        37.2263913
                    ],
                    [
                        -85.3005061,
                        37.2253045
                    ],
                    [
                        -85.3006173,
                        37.2252089
                    ],
                    [
                        -85.3012486,
                        37.225131
                    ],
                    [
                        -85.3012531,
                        37.2250673
                    ],
                    [
                        -85.3006306,
                        37.2250354
                    ],
                    [
                        -85.3004883,
                        37.2229113
                    ],
                    [
                        -85.3005195,
                        37.2227449
                    ],
                    [
                        -85.3007151,
                        37.2225962
                    ],
                    [
                        -85.3006262,
                        37.2224121
                    ],
                    [
                        -85.3007062,
                        37.2219873
                    ],
                    [
                        -85.3008129,
                        37.2218173
                    ],
                    [
                        -85.3010485,
                        37.2216155
                    ],
                    [
                        -85.3007684,
                        37.2215305
                    ],
                    [
                        -85.3007373,
                        37.221435
                    ],
                    [
                        -85.3010085,
                        37.2207269
                    ],
                    [
                        -85.3011286,
                        37.2206702
                    ],
                    [
                        -85.301133,
                        37.2205605
                    ],
                    [
                        -85.3010174,
                        37.2203197
                    ],
                    [
                        -85.3010708,
                        37.2196541
                    ],
                    [
                        -85.3012619,
                        37.2195408
                    ],
                    [
                        -85.3010841,
                        37.2192965
                    ],
                    [
                        -85.3010797,
                        37.2190098
                    ],
                    [
                        -85.3011197,
                        37.2188965
                    ],
                    [
                        -85.3013331,
                        37.2188044
                    ],
                    [
                        -85.3010574,
                        37.2185814
                    ],
                    [
                        -85.3010708,
                        37.2183158
                    ],
                    [
                        -85.3008618,
                        37.2175404
                    ],
                    [
                        -85.3008485,
                        37.2173032
                    ],
                    [
                        -85.3017332,
                        37.2167544
                    ],
                    [
                        -85.3019377,
                        37.2165703
                    ],
                    [
                        -85.3018399,
                        37.2164712
                    ],
                    [
                        -85.3014042,
                        37.2167721
                    ],
                    [
                        -85.3008751,
                        37.21702
                    ],
                    [
                        -85.3006351,
                        37.2169704
                    ],
                    [
                        -85.3004039,
                        37.2166836
                    ],
                    [
                        -85.2997459,
                        37.2160463
                    ],
                    [
                        -85.2992301,
                        37.2156675
                    ],
                    [
                        -85.2992123,
                        37.2156002
                    ],
                    [
                        -85.2997014,
                        37.2153453
                    ],
                    [
                        -85.3001905,
                        37.2145486
                    ],
                    [
                        -85.300272,
                        37.213475
                    ],
                    [
                        -85.2997218,
                        37.2146042
                    ],
                    [
                        -85.2995584,
                        37.2148195
                    ],
                    [
                        -85.299376,
                        37.2150122
                    ],
                    [
                        -85.2990585,
                        37.215185
                    ],
                    [
                        -85.2985523,
                        37.2156081
                    ],
                    [
                        -85.2979393,
                        37.2155255
                    ],
                    [
                        -85.2965812,
                        37.2152125
                    ],
                    [
                        -85.295833,
                        37.2149046
                    ],
                    [
                        -85.2954022,
                        37.2146217
                    ],
                    [
                        -85.2955186,
                        37.2144164
                    ],
                    [
                        -85.2958141,
                        37.2141936
                    ],
                    [
                        -85.2960184,
                        37.2139707
                    ],
                    [
                        -85.2961662,
                        37.2136196
                    ],
                    [
                        -85.2962008,
                        37.2133542
                    ],
                    [
                        -85.2961222,
                        37.2131464
                    ],
                    [
                        -85.2956978,
                        37.212841
                    ],
                    [
                        -85.2955091,
                        37.2128159
                    ],
                    [
                        -85.2952828,
                        37.2129762
                    ],
                    [
                        -85.2948206,
                        37.2129586
                    ],
                    [
                        -85.2944528,
                        37.2133592
                    ],
                    [
                        -85.2936103,
                        37.2135871
                    ],
                    [
                        -85.293626,
                        37.2137097
                    ],
                    [
                        -85.295025,
                        37.2133918
                    ],
                    [
                        -85.2953142,
                        37.2133918
                    ],
                    [
                        -85.2956475,
                        37.213527
                    ],
                    [
                        -85.2957261,
                        37.2138449
                    ],
                    [
                        -85.2950816,
                        37.2137823
                    ],
                    [
                        -85.2948992,
                        37.2139651
                    ],
                    [
                        -85.2949275,
                        37.2141579
                    ],
                    [
                        -85.2947515,
                        37.214243
                    ],
                    [
                        -85.2946729,
                        37.214541
                    ],
                    [
                        -85.2947452,
                        37.2148539
                    ],
                    [
                        -85.2948835,
                        37.2151994
                    ],
                    [
                        -85.2952828,
                        37.2157828
                    ],
                    [
                        -85.2950564,
                        37.2158929
                    ],
                    [
                        -85.2949181,
                        37.2158854
                    ],
                    [
                        -85.29472,
                        37.2159881
                    ],
                    [
                        -85.295069,
                        37.2160431
                    ],
                    [
                        -85.2950942,
                        37.2161858
                    ],
                    [
                        -85.2953268,
                        37.2160006
                    ],
                    [
                        -85.2955123,
                        37.2159655
                    ],
                    [
                        -85.2957292,
                        37.2160782
                    ],
                    [
                        -85.2964806,
                        37.2159079
                    ],
                    [
                        -85.2970151,
                        37.2159523
                    ],
                    [
                        -85.2974953,
                        37.2160621
                    ],
                    [
                        -85.2983134,
                        37.2163843
                    ],
                    [
                        -85.2992248,
                        37.2168835
                    ],
                    [
                        -85.2997139,
                        37.2172659
                    ],
                    [
                        -85.2998517,
                        37.2175987
                    ],
                    [
                        -85.2998695,
                        37.2181121
                    ],
                    [
                        -85.3000384,
                        37.2191282
                    ],
                    [
                        -85.2999628,
                        37.2196805
                    ],
                    [
                        -85.2998962,
                        37.2198434
                    ],
                    [
                        -85.2999317,
                        37.2200416
                    ],
                    [
                        -85.2994905,
                        37.2214705
                    ],
                    [
                        -85.2993396,
                        37.2227122
                    ],
                    [
                        -85.2991321,
                        37.2234182
                    ],
                    [
                        -85.2989183,
                        37.2235633
                    ],
                    [
                        -85.2990692,
                        37.2237486
                    ],
                    [
                        -85.298692,
                        37.2251805
                    ],
                    [
                        -85.2984405,
                        37.2253507
                    ],
                    [
                        -85.2986417,
                        37.2255059
                    ],
                    [
                        -85.2985977,
                        37.2273333
                    ],
                    [
                        -85.2984468,
                        37.2275886
                    ],
                    [
                        -85.2986102,
                        37.2277438
                    ],
                    [
                        -85.2987297,
                        37.2283346
                    ],
                    [
                        -85.2984971,
                        37.2287251
                    ],
                    [
                        -85.2985159,
                        37.2290054
                    ],
                    [
                        -85.2987674,
                        37.2289704
                    ],
                    [
                        -85.2988932,
                        37.2292207
                    ],
                    [
                        -85.2990064,
                        37.2304022
                    ],
                    [
                        -85.2989875,
                        37.2305874
                    ],
                    [
                        -85.2987611,
                        37.2306976
                    ],
                    [
                        -85.2987171,
                        37.2307827
                    ],
                    [
                        -85.2990881,
                        37.2308528
                    ],
                    [
                        -85.2993836,
                        37.2314735
                    ],
                    [
                        -85.2991887,
                        37.2316137
                    ],
                    [
                        -85.2992076,
                        37.2317439
                    ],
                    [
                        -85.2994654,
                        37.2318039
                    ],
                    [
                        -85.3000941,
                        37.2327
                    ],
                    [
                        -85.3001256,
                        37.2329904
                    ],
                    [
                        -85.29983,
                        37.2332257
                    ],
                    [
                        -85.2993522,
                        37.2332858
                    ],
                    [
                        -85.2994339,
                        37.2336812
                    ],
                    [
                        -85.299239,
                        37.2339015
                    ],
                    [
                        -85.2990189,
                        37.2338815
                    ],
                    [
                        -85.2989183,
                        37.2339716
                    ],
                    [
                        -85.2990064,
                        37.2341168
                    ],
                    [
                        -85.2989183,
                        37.2343721
                    ],
                    [
                        -85.2986417,
                        37.2345823
                    ],
                    [
                        -85.2995785,
                        37.2341618
                    ],
                    [
                        -85.3001821,
                        37.2337113
                    ],
                    [
                        -85.3004777,
                        37.2338314
                    ],
                    [
                        -85.3008298,
                        37.2342269
                    ],
                    [
                        -85.3010939,
                        37.2344371
                    ],
                    [
                        -85.3020433,
                        37.2344622
                    ],
                    [
                        -85.3024331,
                        37.2345473
                    ],
                    [
                        -85.303502,
                        37.2346674
                    ],
                    [
                        -85.3041119,
                        37.2348476
                    ],
                    [
                        -85.3042125,
                        37.2354083
                    ],
                    [
                        -85.3042062,
                        37.2356986
                    ],
                    [
                        -85.303873,
                        37.2358638
                    ],
                    [
                        -85.3039484,
                        37.2360491
                    ],
                    [
                        -85.3041622,
                        37.2362593
                    ],
                    [
                        -85.3042502,
                        37.2366998
                    ],
                    [
                        -85.3044074,
                        37.2370452
                    ],
                    [
                        -85.3044137,
                        37.2373406
                    ],
                    [
                        -85.3042251,
                        37.2376259
                    ],
                    [
                        -85.3040742,
                        37.237721
                    ],
                    [
                        -85.3030619,
                        37.2375959
                    ],
                    [
                        -85.3022319,
                        37.2376259
                    ],
                    [
                        -85.3020307,
                        37.237706
                    ],
                    [
                        -85.3025966,
                        37.2380113
                    ],
                    [
                        -85.3031059,
                        37.2380814
                    ],
                    [
                        -85.3039736,
                        37.2383968
                    ],
                    [
                        -85.3043005,
                        37.2384618
                    ],
                    [
                        -85.304879,
                        37.2384368
                    ],
                    [
                        -85.3052248,
                        37.2383217
                    ],
                    [
                        -85.3053946,
                        37.2383467
                    ],
                    [
                        -85.3055769,
                        37.2386721
                    ],
                    [
                        -85.3056147,
                        37.2390675
                    ],
                    [
                        -85.3055392,
                        37.2392527
                    ],
                    [
                        -85.3047847,
                        37.2396582
                    ],
                    [
                        -85.3045143,
                        37.2399085
                    ],
                    [
                        -85.3042817,
                        37.2402439
                    ],
                    [
                        -85.3040176,
                        37.240334
                    ],
                    [
                        -85.3028167,
                        37.2401688
                    ],
                    [
                        -85.30171,
                        37.2398234
                    ],
                    [
                        -85.3008864,
                        37.2396582
                    ],
                    [
                        -85.3000312,
                        37.2393629
                    ],
                    [
                        -85.2995345,
                        37.2393078
                    ],
                    [
                        -85.2984028,
                        37.2389124
                    ],
                    [
                        -85.2975099,
                        37.2388022
                    ],
                    [
                        -85.2965856,
                        37.2384318
                    ],
                    [
                        -85.2947119,
                        37.2374757
                    ],
                    [
                        -85.2943221,
                        37.2371303
                    ],
                    [
                        -85.2942655,
                        37.2369902
                    ],
                    [
                        -85.2945862,
                        37.2363594
                    ],
                    [
                        -85.2945233,
                        37.2362293
                    ],
                    [
                        -85.2942152,
                        37.2362943
                    ],
                    [
                        -85.2937122,
                        37.2363194
                    ],
                    [
                        -85.2927753,
                        37.2355134
                    ],
                    [
                        -85.2923604,
                        37.2348526
                    ],
                    [
                        -85.2920837,
                        37.2337713
                    ],
                    [
                        -85.2922535,
                        37.2332807
                    ],
                    [
                        -85.292769,
                        37.2331456
                    ],
                    [
                        -85.2932469,
                        37.2331706
                    ],
                    [
                        -85.2931274,
                        37.2330054
                    ],
                    [
                        -85.293096,
                        37.2328402
                    ],
                    [
                        -85.2932406,
                        37.2324948
                    ],
                    [
                        -85.2929703,
                        37.2327201
                    ],
                    [
                        -85.2926936,
                        37.2328252
                    ],
                    [
                        -85.2923855,
                        37.2327851
                    ],
                    [
                        -85.2923855,
                        37.2325549
                    ],
                    [
                        -85.2924735,
                        37.2323046
                    ],
                    [
                        -85.2924358,
                        37.2322144
                    ],
                    [
                        -85.292002,
                        37.2328753
                    ],
                    [
                        -85.2918259,
                        37.2328152
                    ],
                    [
                        -85.291675,
                        37.2314085
                    ],
                    [
                        -85.291719,
                        37.2307326
                    ],
                    [
                        -85.2918385,
                        37.2306375
                    ],
                    [
                        -85.2920963,
                        37.2306826
                    ],
                    [
                        -85.2922095,
                        37.2305424
                    ],
                    [
                        -85.29292,
                        37.2304222
                    ],
                    [
                        -85.293228,
                        37.230217
                    ],
                    [
                        -85.2933161,
                        37.2301018
                    ],
                    [
                        -85.2931337,
                        37.2299216
                    ],
                    [
                        -85.2928194,
                        37.2301619
                    ],
                    [
                        -85.2924924,
                        37.2301919
                    ],
                    [
                        -85.2917756,
                        37.2301118
                    ],
                    [
                        -85.2915367,
                        37.2299266
                    ],
                    [
                        -85.2914612,
                        37.2293208
                    ],
                    [
                        -85.2918511,
                        37.2292157
                    ],
                    [
                        -85.2921466,
                        37.2290255
                    ],
                    [
                        -85.2928948,
                        37.2283897
                    ],
                    [
                        -85.2934041,
                        37.2281644
                    ],
                    [
                        -85.2925741,
                        37.2282845
                    ],
                    [
                        -85.2924547,
                        37.2284447
                    ],
                    [
                        -85.2915681,
                        37.2287952
                    ],
                    [
                        -85.2911909,
                        37.2287752
                    ],
                    [
                        -85.2908199,
                        37.2274935
                    ],
                    [
                        -85.290845,
                        37.2268877
                    ],
                    [
                        -85.2917316,
                        37.2260566
                    ],
                    [
                        -85.2919957,
                        37.225556
                    ],
                    [
                        -85.2921026,
                        37.2249953
                    ],
                    [
                        -85.2921214,
                        37.2243995
                    ],
                    [
                        -85.2922409,
                        37.2243644
                    ],
                    [
                        -85.2921151,
                        37.2242593
                    ],
                    [
                        -85.2921717,
                        37.2237186
                    ],
                    [
                        -85.2921214,
                        37.223313
                    ],
                    [
                        -85.292002,
                        37.2230226
                    ],
                    [
                        -85.291807,
                        37.2227072
                    ],
                    [
                        -85.2918448,
                        37.2230677
                    ],
                    [
                        -85.291807,
                        37.2238087
                    ],
                    [
                        -85.2915052,
                        37.2253257
                    ],
                    [
                        -85.2911531,
                        37.2257763
                    ],
                    [
                        -85.2906878,
                        37.2261217
                    ],
                    [
                        -85.2905369,
                        37.2261267
                    ],
                    [
                        -85.2904678,
                        37.2259515
                    ],
                    [
                        -85.2903232,
                        37.2234532
                    ],
                    [
                        -85.290166,
                        37.2222416
                    ],
                    [
                        -85.2897636,
                        37.2210149
                    ],
                    [
                        -85.2891474,
                        37.2198733
                    ],
                    [
                        -85.2884369,
                        37.2187417
                    ],
                    [
                        -85.2875189,
                        37.2175951
                    ],
                    [
                        -85.2866198,
                        37.2167589
                    ],
                    [
                        -85.2849535,
                        37.2153719
                    ],
                    [
                        -85.2834822,
                        37.2144306
                    ],
                    [
                        -85.282402,
                        37.2140277
                    ],
                    [
                        -85.2818012,
                        37.2138227
                    ],
                    [
                        -85.2813394,
                        37.2137556
                    ],
                    [
                        -85.2808721,
                        37.2135741
                    ],
                    [
                        -85.2799012,
                        37.213378
                    ],
                    [
                        -85.2780117,
                        37.2131548
                    ],
                    [
                        -85.2757939,
                        37.2131838
                    ],
                    [
                        -85.2753244,
                        37.2132455
                    ],
                    [
                        -85.2748526,
                        37.2133163
                    ],
                    [
                        -85.2736788,
                        37.213594
                    ],
                    [
                        -85.2725141,
                        37.2139825
                    ],
                    [
                        -85.2722565,
                        37.2139625
                    ],
                    [
                        -85.2718235,
                        37.2134996
                    ],
                    [
                        -85.2715545,
                        37.2131039
                    ],
                    [
                        -85.2714269,
                        37.2130967
                    ],
                    [
                        -85.2715773,
                        37.2137302
                    ],
                    [
                        -85.2715636,
                        37.2139571
                    ],
                    [
                        -85.2716388,
                        37.2139988
                    ],
                    [
                        -85.2718417,
                        37.2143219
                    ],
                    [
                        -85.2717596,
                        37.2144925
                    ],
                    [
                        -85.2715819,
                        37.2148029
                    ],
                    [
                        -85.2707408,
                        37.2156451
                    ],
                    [
                        -85.2698451,
                        37.2164547
                    ],
                    [
                        -85.2690086,
                        37.2173586
                    ],
                    [
                        -85.2688262,
                        37.2176327
                    ],
                    [
                        -85.268612,
                        37.2181354
                    ],
                    [
                        -85.2684183,
                        37.2189813
                    ],
                    [
                        -85.2685641,
                        37.2201284
                    ],
                    [
                        -85.2685208,
                        37.22021
                    ],
                    [
                        -85.2682975,
                        37.2203026
                    ],
                    [
                        -85.2680254,
                        37.2205552
                    ],
                    [
                        -85.2678826,
                        37.220564
                    ],
                    [
                        -85.2676114,
                        37.2206856
                    ],
                    [
                        -85.2680285,
                        37.2208707
                    ],
                    [
                        -85.26822,
                        37.2209015
                    ],
                    [
                        -85.2687875,
                        37.2207073
                    ],
                    [
                        -85.2688992,
                        37.2207636
                    ],
                    [
                        -85.2689695,
                        37.2209653
                    ],
                    [
                        -85.2689926,
                        37.2213244
                    ],
                    [
                        -85.2688832,
                        37.2213989
                    ],
                    [
                        -85.2693026,
                        37.2223045
                    ],
                    [
                        -85.2693129,
                        37.2224006
                    ],
                    [
                        -85.2693295,
                        37.2225099
                    ],
                    [
                        -85.2694899,
                        37.2225148
                    ],
                    [
                        -85.2695216,
                        37.2225441
                    ],
                    [
                        -85.2695901,
                        37.2225465
                    ],
                    [
                        -85.2695921,
                        37.22261
                    ],
                    [
                        -85.2695318,
                        37.2226018
                    ],
                    [
                        -85.2694838,
                        37.2226149
                    ],
                    [
                        -85.2692815,
                        37.2226141
                    ],
                    [
                        -85.2691918,
                        37.2226201
                    ],
                    [
                        -85.2691476,
                        37.222623
                    ],
                    [
                        -85.2689657,
                        37.2226401
                    ],
                    [
                        -85.2687951,
                        37.2227017
                    ],
                    [
                        -85.268699,
                        37.2227652
                    ],
                    [
                        -85.2685662,
                        37.2228124
                    ],
                    [
                        -85.2685478,
                        37.2229019
                    ],
                    [
                        -85.2683005,
                        37.2230565
                    ],
                    [
                        -85.2681288,
                        37.2232762
                    ],
                    [
                        -85.2679592,
                        37.2234552
                    ],
                    [
                        -85.2677262,
                        37.2235773
                    ],
                    [
                        -85.2674687,
                        37.223491
                    ],
                    [
                        -85.2672255,
                        37.2234422
                    ],
                    [
                        -85.2671294,
                        37.2234455
                    ],
                    [
                        -85.2672316,
                        37.223522
                    ],
                    [
                        -85.2674053,
                        37.223587
                    ],
                    [
                        -85.2675279,
                        37.2237189
                    ],
                    [
                        -85.2675239,
                        37.2238133
                    ],
                    [
                        -85.2670865,
                        37.2240297
                    ],
                    [
                        -85.266735,
                        37.2242168
                    ],
                    [
                        -85.266455,
                        37.2242982
                    ],
                    [
                        -85.2663569,
                        37.2244414
                    ],
                    [
                        -85.2661668,
                        37.2245765
                    ],
                    [
                        -85.2661484,
                        37.2246237
                    ],
                    [
                        -85.2665612,
                        37.2244138
                    ],
                    [
                        -85.266641,
                        37.2243308
                    ],
                    [
                        -85.2668596,
                        37.2243161
                    ],
                    [
                        -85.2672541,
                        37.2241648
                    ],
                    [
                        -85.267622,
                        37.2240541
                    ],
                    [
                        -85.2677732,
                        37.2240509
                    ],
                    [
                        -85.2679612,
                        37.2240151
                    ],
                    [
                        -85.2684497,
                        37.2236326
                    ],
                    [
                        -85.2687174,
                        37.2233673
                    ],
                    [
                        -85.2689116,
                        37.2232681
                    ],
                    [
                        -85.2691711,
                        37.2232111
                    ],
                    [
                        -85.2694552,
                        37.223242
                    ],
                    [
                        -85.2694996,
                        37.2232447
                    ],
                    [
                        -85.2697956,
                        37.2234584
                    ],
                    [
                        -85.2698118,
                        37.2235867
                    ],
                    [
                        -85.2695222,
                        37.2240214
                    ],
                    [
                        -85.2694094,
                        37.2240163
                    ],
                    [
                        -85.2693578,
                        37.22416
                    ],
                    [
                        -85.268365,
                        37.2248119
                    ],
                    [
                        -85.2680104,
                        37.2251405
                    ],
                    [
                        -85.2673787,
                        37.2258719
                    ],
                    [
                        -85.2673174,
                        37.2258925
                    ],
                    [
                        -85.2664987,
                        37.2270603
                    ],
                    [
                        -85.2663343,
                        37.2271167
                    ],
                    [
                        -85.2659701,
                        37.2270475
                    ],
                    [
                        -85.2657799,
                        37.2269628
                    ],
                    [
                        -85.2657154,
                        37.2268011
                    ],
                    [
                        -85.2655543,
                        37.226819
                    ],
                    [
                        -85.2656026,
                        37.2269576
                    ],
                    [
                        -85.2654576,
                        37.2271013
                    ],
                    [
                        -85.2647194,
                        37.2274273
                    ],
                    [
                        -85.2647516,
                        37.2274658
                    ],
                    [
                        -85.2655833,
                        37.2273169
                    ],
                    [
                        -85.2662086,
                        37.2275556
                    ],
                    [
                        -85.2662956,
                        37.2276506
                    ],
                    [
                        -85.2663053,
                        37.2279149
                    ],
                    [
                        -85.2661893,
                        37.2285822
                    ],
                    [
                        -85.2661054,
                        37.228708
                    ],
                    [
                        -85.2658379,
                        37.228803
                    ],
                    [
                        -85.2653383,
                        37.2288543
                    ],
                    [
                        -85.2647291,
                        37.228572
                    ],
                    [
                        -85.2646775,
                        37.2286156
                    ],
                    [
                        -85.2652094,
                        37.2289698
                    ],
                    [
                        -85.2653705,
                        37.2290391
                    ],
                    [
                        -85.2660442,
                        37.2291494
                    ],
                    [
                        -85.2660861,
                        37.2292649
                    ],
                    [
                        -85.2658572,
                        37.2296807
                    ],
                    [
                        -85.2654576,
                        37.2300375
                    ],
                    [
                        -85.2654511,
                        37.2302043
                    ],
                    [
                        -85.2653189,
                        37.2302736
                    ],
                    [
                        -85.264947,
                        37.2309803
                    ],
                    [
                        -85.2645231,
                        37.2311836
                    ],
                    [
                        -85.2643772,
                        37.2313306
                    ],
                    [
                        -85.2643316,
                        37.2314576
                    ],
                    [
                        -85.2643818,
                        37.2315955
                    ],
                    [
                        -85.2641014,
                        37.2318314
                    ],
                    [
                        -85.2639806,
                        37.232149
                    ],
                    [
                        -85.2634062,
                        37.2322016
                    ],
                    [
                        -85.263249,
                        37.2319022
                    ],
                    [
                        -85.2631327,
                        37.2319022
                    ],
                    [
                        -85.2629663,
                        37.2319784
                    ],
                    [
                        -85.262743,
                        37.232365
                    ],
                    [
                        -85.2622734,
                        37.2324321
                    ],
                    [
                        -85.2623578,
                        37.2327134
                    ],
                    [
                        -85.2622347,
                        37.2328059
                    ],
                    [
                        -85.262066,
                        37.2327932
                    ],
                    [
                        -85.2617082,
                        37.2326226
                    ],
                    [
                        -85.2615828,
                        37.2327043
                    ],
                    [
                        -85.26169,
                        37.2327932
                    ],
                    [
                        -85.2617994,
                        37.2330509
                    ],
                    [
                        -85.262041,
                        37.2332995
                    ],
                    [
                        -85.2620204,
                        37.2333939
                    ],
                    [
                        -85.2618632,
                        37.2334755
                    ],
                    [
                        -85.2615167,
                        37.233559
                    ],
                    [
                        -85.2613298,
                        37.2335554
                    ],
                    [
                        -85.2611543,
                        37.2334973
                    ],
                    [
                        -85.2610882,
                        37.2336044
                    ],
                    [
                        -85.2612979,
                        37.2338058
                    ],
                    [
                        -85.2616125,
                        37.2338693
                    ],
                    [
                        -85.261731,
                        37.2339601
                    ],
                    [
                        -85.2619314,
                        37.2341553
                    ],
                    [
                        -85.2619293,
                        37.2343103
                    ],
                    [
                        -85.2613435,
                        37.2346896
                    ],
                    [
                        -85.2603566,
                        37.2349073
                    ],
                    [
                        -85.2599782,
                        37.2348728
                    ],
                    [
                        -85.2598232,
                        37.2350997
                    ],
                    [
                        -85.2595588,
                        37.235185
                    ],
                    [
                        -85.2593446,
                        37.2351414
                    ],
                    [
                        -85.2589138,
                        37.2352811
                    ],
                    [
                        -85.2583668,
                        37.2351741
                    ],
                    [
                        -85.2577218,
                        37.2351269
                    ],
                    [
                        -85.2574551,
                        37.2352957
                    ],
                    [
                        -85.2574346,
                        37.2353937
                    ],
                    [
                        -85.2577605,
                        37.2355461
                    ],
                    [
                        -85.2578289,
                        37.2356277
                    ],
                    [
                        -85.2576488,
                        37.2357076
                    ],
                    [
                        -85.2572636,
                        37.2355769
                    ],
                    [
                        -85.25712,
                        37.2354191
                    ],
                    [
                        -85.2572431,
                        37.2351469
                    ],
                    [
                        -85.2572317,
                        37.2349509
                    ],
                    [
                        -85.2569423,
                        37.2345988
                    ],
                    [
                        -85.256418,
                        37.2342922
                    ],
                    [
                        -85.2559462,
                        37.2338203
                    ],
                    [
                        -85.2555897,
                        37.23361
                    ],
                    [
                        -85.2554414,
                        37.2333816
                    ],
                    [
                        -85.2555993,
                        37.2330043
                    ],
                    [
                        -85.2556574,
                        37.2326091
                    ],
                    [
                        -85.2559894,
                        37.2317493
                    ],
                    [
                        -85.2561957,
                        37.2307407
                    ],
                    [
                        -85.2570369,
                        37.2293959
                    ],
                    [
                        -85.2572013,
                        37.2289981
                    ],
                    [
                        -85.2574334,
                        37.228685
                    ],
                    [
                        -85.257933,
                        37.2268396
                    ],
                    [
                        -85.2582747,
                        37.2262185
                    ],
                    [
                        -85.2583318,
                        37.2253263
                    ],
                    [
                        -85.2584548,
                        37.2247238
                    ],
                    [
                        -85.2584047,
                        37.2245532
                    ],
                    [
                        -85.2585916,
                        37.2243027
                    ],
                    [
                        -85.2587557,
                        37.2233843
                    ],
                    [
                        -85.258815,
                        37.2225894
                    ],
                    [
                        -85.2590064,
                        37.2222192
                    ],
                    [
                        -85.2594714,
                        37.2201864
                    ],
                    [
                        -85.260064,
                        37.2184839
                    ],
                    [
                        -85.2601552,
                        37.2179974
                    ],
                    [
                        -85.2604651,
                        37.2175473
                    ],
                    [
                        -85.2609484,
                        37.2174239
                    ],
                    [
                        -85.2605654,
                        37.2172133
                    ],
                    [
                        -85.2606931,
                        37.2151441
                    ],
                    [
                        -85.2607934,
                        37.2146794
                    ],
                    [
                        -85.2614771,
                        37.2134596
                    ],
                    [
                        -85.2615501,
                        37.2130313
                    ],
                    [
                        -85.2617324,
                        37.2126827
                    ],
                    [
                        -85.2620424,
                        37.2118477
                    ],
                    [
                        -85.2620333,
                        37.2103738
                    ],
                    [
                        -85.2619239,
                        37.2097493
                    ],
                    [
                        -85.2617598,
                        37.2093209
                    ],
                    [
                        -85.2623615,
                        37.2090813
                    ],
                    [
                        -85.2628812,
                        37.2089434
                    ],
                    [
                        -85.2630936,
                        37.208715
                    ],
                    [
                        -85.2632225,
                        37.2084274
                    ],
                    [
                        -85.2637125,
                        37.2078062
                    ],
                    [
                        -85.2638414,
                        37.2074673
                    ],
                    [
                        -85.2626423,
                        37.208638
                    ],
                    [
                        -85.2623587,
                        37.2087766
                    ],
                    [
                        -85.2615206,
                        37.2088741
                    ],
                    [
                        -85.2599025,
                        37.2067947
                    ],
                    [
                        -85.2596317,
                        37.2056702
                    ],
                    [
                        -85.2596446,
                        37.2052492
                    ],
                    [
                        -85.2595544,
                        37.2049565
                    ],
                    [
                        -85.2596704,
                        37.2038628
                    ],
                    [
                        -85.2598316,
                        37.2031439
                    ],
                    [
                        -85.2601861,
                        37.2024661
                    ],
                    [
                        -85.2598058,
                        37.2021016
                    ],
                    [
                        -85.2598574,
                        37.2017575
                    ],
                    [
                        -85.2584649,
                        37.2034418
                    ],
                    [
                        -85.25802,
                        37.2037344
                    ],
                    [
                        -85.2577364,
                        37.203755
                    ],
                    [
                        -85.257543,
                        37.2036112
                    ],
                    [
                        -85.2564084,
                        37.2035342
                    ],
                    [
                        -85.2555929,
                        37.2033262
                    ],
                    [
                        -85.2546194,
                        37.2032133
                    ],
                    [
                        -85.2539393,
                        37.2030643
                    ],
                    [
                        -85.2530593,
                        37.2031979
                    ],
                    [
                        -85.2521503,
                        37.2030721
                    ],
                    [
                        -85.2516747,
                        37.2029536
                    ],
                    [
                        -85.2507739,
                        37.2029694
                    ],
                    [
                        -85.2505,
                        37.2028821
                    ],
                    [
                        -85.2495289,
                        37.2027485
                    ],
                    [
                        -85.2489431,
                        37.202746
                    ],
                    [
                        -85.2478471,
                        37.2028564
                    ],
                    [
                        -85.2475248,
                        37.2029514
                    ],
                    [
                        -85.2474635,
                        37.2033083
                    ],
                    [
                        -85.2474721,
                        37.2041389
                    ],
                    [
                        -85.2474926,
                        37.2043931
                    ],
                    [
                        -85.2474427,
                        37.2045998
                    ],
                    [
                        -85.2472783,
                        37.2046845
                    ],
                    [
                        -85.2468013,
                        37.2047153
                    ],
                    [
                        -85.2466686,
                        37.2046243
                    ],
                    [
                        -85.2465364,
                        37.2044718
                    ],
                    [
                        -85.2464088,
                        37.2034443
                    ],
                    [
                        -85.2462857,
                        37.2032337
                    ],
                    [
                        -85.2461581,
                        37.20327
                    ],
                    [
                        -85.2449534,
                        37.2027916
                    ],
                    [
                        -85.244789,
                        37.2027711
                    ],
                    [
                        -85.2439638,
                        37.2030073
                    ],
                    [
                        -85.2437704,
                        37.2030227
                    ],
                    [
                        -85.243577,
                        37.2030176
                    ],
                    [
                        -85.2435673,
                        37.2029046
                    ],
                    [
                        -85.2433675,
                        37.2028712
                    ],
                    [
                        -85.2432579,
                        37.2029405
                    ],
                    [
                        -85.2428969,
                        37.2028558
                    ],
                    [
                        -85.2421684,
                        37.2025683
                    ],
                    [
                        -85.2421394,
                        37.2024707
                    ],
                    [
                        -85.242062,
                        37.2024836
                    ],
                    [
                        -85.2417881,
                        37.2023963
                    ],
                    [
                        -85.2402956,
                        37.201662
                    ],
                    [
                        -85.2396252,
                        37.2014566
                    ],
                    [
                        -85.2391288,
                        37.2012383
                    ],
                    [
                        -85.2386421,
                        37.2011254
                    ],
                    [
                        -85.2377041,
                        37.2007197
                    ],
                    [
                        -85.2372592,
                        37.2003859
                    ],
                    [
                        -85.2370175,
                        37.2001472
                    ],
                    [
                        -85.2369337,
                        37.199988
                    ],
                    [
                        -85.2367048,
                        37.2000265
                    ],
                    [
                        -85.2365017,
                        37.2001549
                    ],
                    [
                        -85.2364437,
                        37.2003423
                    ],
                    [
                        -85.2363922,
                        37.2003603
                    ],
                    [
                        -85.2363599,
                        37.2000932
                    ],
                    [
                        -85.2351254,
                        37.1994591
                    ],
                    [
                        -85.2347386,
                        37.1991844
                    ],
                    [
                        -85.2343614,
                        37.1987376
                    ],
                    [
                        -85.2341003,
                        37.1985168
                    ],
                    [
                        -85.2336426,
                        37.1983319
                    ],
                    [
                        -85.2334879,
                        37.1980906
                    ],
                    [
                        -85.2332719,
                        37.1980546
                    ],
                    [
                        -85.2330624,
                        37.198124
                    ],
                    [
                        -85.2323178,
                        37.1986991
                    ],
                    [
                        -85.2329625,
                        37.1979263
                    ],
                    [
                        -85.2326713,
                        37.1979433
                    ],
                    [
                        -85.2312724,
                        37.1974966
                    ],
                    [
                        -85.2308534,
                        37.1974196
                    ],
                    [
                        -85.230531,
                        37.1974863
                    ],
                    [
                        -85.2302603,
                        37.1973271
                    ],
                    [
                        -85.229693,
                        37.1971628
                    ],
                    [
                        -85.2292159,
                        37.1968187
                    ],
                    [
                        -85.2285132,
                        37.1964747
                    ],
                    [
                        -85.2283391,
                        37.1963001
                    ],
                    [
                        -85.2282811,
                        37.1961049
                    ],
                    [
                        -85.2283198,
                        37.1959303
                    ],
                    [
                        -85.2280104,
                        37.1959868
                    ],
                    [
                        -85.2273979,
                        37.1946979
                    ],
                    [
                        -85.227327,
                        37.1943333
                    ],
                    [
                        -85.2274108,
                        37.1941689
                    ],
                    [
                        -85.2271336,
                        37.1941638
                    ],
                    [
                        -85.2269982,
                        37.1938248
                    ],
                    [
                        -85.2269918,
                        37.193604
                    ],
                    [
                        -85.2271594,
                        37.192844
                    ],
                    [
                        -85.2275526,
                        37.192125
                    ],
                    [
                        -85.2280361,
                        37.1914368
                    ],
                    [
                        -85.2290289,
                        37.1908206
                    ],
                    [
                        -85.23066,
                        37.1901838
                    ],
                    [
                        -85.2309758,
                        37.1899475
                    ],
                    [
                        -85.2317623,
                        37.1897883
                    ],
                    [
                        -85.234831,
                        37.1884787
                    ],
                    [
                        -85.2357077,
                        37.1880062
                    ],
                    [
                        -85.2381962,
                        37.1868044
                    ],
                    [
                        -85.2395435,
                        37.186224
                    ],
                    [
                        -85.2407039,
                        37.185654
                    ],
                    [
                        -85.2410134,
                        37.1857567
                    ],
                    [
                        -85.2409102,
                        37.1854999
                    ],
                    [
                        -85.2413164,
                        37.1853355
                    ],
                    [
                        -85.2414904,
                        37.1853201
                    ],
                    [
                        -85.2414904,
                        37.1851969
                    ],
                    [
                        -85.2413357,
                        37.1851558
                    ],
                    [
                        -85.2415162,
                        37.1849144
                    ],
                    [
                        -85.2424317,
                        37.1841748
                    ],
                    [
                        -85.2432762,
                        37.1831116
                    ],
                    [
                        -85.2435405,
                        37.1825672
                    ],
                    [
                        -85.2437017,
                        37.1817557
                    ],
                    [
                        -85.2436823,
                        37.1813242
                    ],
                    [
                        -85.2430505,
                        37.1803124
                    ],
                    [
                        -85.2427733,
                        37.1800966
                    ],
                    [
                        -85.241961,
                        37.1798552
                    ],
                    [
                        -85.2410263,
                        37.1797165
                    ],
                    [
                        -85.2393501,
                        37.1796035
                    ],
                    [
                        -85.2388215,
                        37.1797782
                    ],
                    [
                        -85.2383187,
                        37.1797422
                    ],
                    [
                        -85.237919,
                        37.1800864
                    ],
                    [
                        -85.2376611,
                        37.1803843
                    ],
                    [
                        -85.2365136,
                        37.1809287
                    ],
                    [
                        -85.2368875,
                        37.1809287
                    ],
                    [
                        -85.2373259,
                        37.1809903
                    ],
                    [
                        -85.2378545,
                        37.1807284
                    ],
                    [
                        -85.2382735,
                        37.1807027
                    ],
                    [
                        -85.239189,
                        37.1811907
                    ],
                    [
                        -85.2389246,
                        37.1814167
                    ],
                    [
                        -85.2378223,
                        37.1816992
                    ],
                    [
                        -85.2364427,
                        37.1817916
                    ],
                    [
                        -85.2349406,
                        37.1821922
                    ],
                    [
                        -85.2346758,
                        37.1821193
                    ],
                    [
                        -85.2341086,
                        37.1819142
                    ],
                    [
                        -85.2326134,
                        37.1812459
                    ],
                    [
                        -85.2314464,
                        37.1808972
                    ],
                    [
                        -85.2299877,
                        37.1805921
                    ],
                    [
                        -85.2276719,
                        37.180534
                    ],
                    [
                        -85.2265961,
                        37.1803742
                    ],
                    [
                        -85.2261768,
                        37.180534
                    ],
                    [
                        -85.2246613,
                        37.1803303
                    ],
                    [
                        -85.2221986,
                        37.1797243
                    ],
                    [
                        -85.2203162,
                        37.1792106
                    ],
                    [
                        -85.2181759,
                        37.1787792
                    ],
                    [
                        -85.2165126,
                        37.1785634
                    ],
                    [
                        -85.213689,
                        37.1786045
                    ],
                    [
                        -85.2124254,
                        37.1789743
                    ],
                    [
                        -85.2120257,
                        37.1793236
                    ],
                    [
                        -85.2084285,
                        37.1804844
                    ],
                    [
                        -85.2073841,
                        37.1810289
                    ],
                    [
                        -85.2067394,
                        37.1822
                    ],
                    [
                        -85.20643,
                        37.1835456
                    ],
                    [
                        -85.2058369,
                        37.1850762
                    ],
                    [
                        -85.2051922,
                        37.1865451
                    ],
                    [
                        -85.2043985,
                        37.1876165
                    ],
                    [
                        -85.2038828,
                        37.188202
                    ],
                    [
                        -85.2042167,
                        37.1883193
                    ],
                    [
                        -85.2046693,
                        37.1884588
                    ],
                    [
                        -85.2056879,
                        37.1870002
                    ],
                    [
                        -85.2069385,
                        37.1842474
                    ],
                    [
                        -85.2073511,
                        37.1835899
                    ],
                    [
                        -85.2078669,
                        37.1832818
                    ],
                    [
                        -85.2090273,
                        37.1828606
                    ],
                    [
                        -85.2101748,
                        37.1815457
                    ],
                    [
                        -85.2116575,
                        37.180539
                    ],
                    [
                        -85.2121991,
                        37.1802822
                    ],
                    [
                        -85.2136302,
                        37.1798816
                    ],
                    [
                        -85.2143909,
                        37.1795426
                    ],
                    [
                        -85.2155385,
                        37.1793268
                    ],
                    [
                        -85.2172146,
                        37.1791522
                    ],
                    [
                        -85.2186587,
                        37.179296
                    ],
                    [
                        -85.224306,
                        37.180765
                    ],
                    [
                        -85.2249635,
                        37.1810732
                    ],
                    [
                        -85.2262142,
                        37.1812273
                    ],
                    [
                        -85.2272199,
                        37.1816382
                    ],
                    [
                        -85.2283674,
                        37.1818128
                    ],
                    [
                        -85.2310363,
                        37.1815868
                    ],
                    [
                        -85.232042,
                        37.1817204
                    ],
                    [
                        -85.233427,
                        37.1822443
                    ],
                    [
                        -85.2339685,
                        37.1823624
                    ],
                    [
                        -85.2341232,
                        37.1824703
                    ],
                    [
                        -85.2340781,
                        37.1826808
                    ],
                    [
                        -85.2330595,
                        37.1826962
                    ],
                    [
                        -85.2318991,
                        37.1825627
                    ],
                    [
                        -85.2314349,
                        37.1824446
                    ],
                    [
                        -85.2305711,
                        37.1825011
                    ],
                    [
                        -85.2290561,
                        37.1829428
                    ],
                    [
                        -85.2268255,
                        37.1828555
                    ],
                    [
                        -85.2265096,
                        37.1829376
                    ],
                    [
                        -85.2256522,
                        37.1829428
                    ],
                    [
                        -85.2249624,
                        37.1827938
                    ],
                    [
                        -85.2256071,
                        37.1831585
                    ],
                    [
                        -85.226284,
                        37.1832355
                    ],
                    [
                        -85.2267353,
                        37.1831996
                    ],
                    [
                        -85.2273477,
                        37.1833896
                    ],
                    [
                        -85.2297072,
                        37.1834256
                    ],
                    [
                        -85.2303003,
                        37.1832766
                    ],
                    [
                        -85.2309579,
                        37.1834667
                    ],
                    [
                        -85.2316348,
                        37.1834975
                    ],
                    [
                        -85.2321183,
                        37.1834667
                    ],
                    [
                        -85.2347357,
                        37.1837748
                    ],
                    [
                        -85.2358316,
                        37.1837132
                    ],
                    [
                        -85.2373272,
                        37.1834769
                    ],
                    [
                        -85.2383523,
                        37.1832561
                    ],
                    [
                        -85.2395385,
                        37.1823983
                    ],
                    [
                        -85.2403572,
                        37.1816331
                    ],
                    [
                        -85.2405893,
                        37.1816074
                    ],
                    [
                        -85.2411501,
                        37.1813351
                    ],
                    [
                        -85.2416465,
                        37.181217
                    ],
                    [
                        -85.2419108,
                        37.1812838
                    ],
                    [
                        -85.2422912,
                        37.1815201
                    ],
                    [
                        -85.2424717,
                        37.1817769
                    ],
                    [
                        -85.2424975,
                        37.1823162
                    ],
                    [
                        -85.2422976,
                        37.1827322
                    ],
                    [
                        -85.2418077,
                        37.1834461
                    ],
                    [
                        -85.2414338,
                        37.1836773
                    ],
                    [
                        -85.2412339,
                        37.1837492
                    ],
                    [
                        -85.2410857,
                        37.1836464
                    ],
                    [
                        -85.2410212,
                        37.1835283
                    ],
                    [
                        -85.2412082,
                        37.1830866
                    ],
                    [
                        -85.2411759,
                        37.1830044
                    ],
                    [
                        -85.2407311,
                        37.1833383
                    ],
                    [
                        -85.2390743,
                        37.1842217
                    ],
                    [
                        -85.2385457,
                        37.1842217
                    ],
                    [
                        -85.2368437,
                        37.1845452
                    ],
                    [
                        -85.2353868,
                        37.1848996
                    ],
                    [
                        -85.2346454,
                        37.1851359
                    ],
                    [
                        -85.2336204,
                        37.1853002
                    ],
                    [
                        -85.2316219,
                        37.1857317
                    ],
                    [
                        -85.2288111,
                        37.1865483
                    ],
                    [
                        -85.2280955,
                        37.1869489
                    ],
                    [
                        -85.2266128,
                        37.1879555
                    ],
                    [
                        -85.2259166,
                        37.1885667
                    ],
                    [
                        -85.2253106,
                        37.1892703
                    ],
                    [
                        -85.2248399,
                        37.1901793
                    ],
                    [
                        -85.224595,
                        37.1907802
                    ],
                    [
                        -85.224105,
                        37.1941593
                    ],
                    [
                        -85.2240535,
                        37.1943339
                    ],
                    [
                        -85.2237118,
                        37.194411
                    ],
                    [
                        -85.2239245,
                        37.1947139
                    ],
                    [
                        -85.22386,
                        37.195171
                    ],
                    [
                        -85.2234023,
                        37.1957051
                    ],
                    [
                        -85.22308,
                        37.1968656
                    ],
                    [
                        -85.2228092,
                        37.1982932
                    ],
                    [
                        -85.2216101,
                        37.1980159
                    ],
                    [
                        -85.2214425,
                        37.1978978
                    ],
                    [
                        -85.2213265,
                        37.1980621
                    ],
                    [
                        -85.2210944,
                        37.1981032
                    ],
                    [
                        -85.2209526,
                        37.1980416
                    ],
                    [
                        -85.2208172,
                        37.1981237
                    ],
                    [
                        -85.2209075,
                        37.1982675
                    ],
                    [
                        -85.220901,
                        37.1984216
                    ],
                    [
                        -85.221391,
                        37.1983086
                    ],
                    [
                        -85.2229124,
                        37.1988786
                    ],
                    [
                        -85.2236666,
                        37.1998029
                    ],
                    [
                        -85.2251301,
                        37.2005937
                    ],
                    [
                        -85.2260648,
                        37.2009685
                    ],
                    [
                        -85.2280117,
                        37.2015539
                    ],
                    [
                        -85.2292817,
                        37.2020828
                    ],
                    [
                        -85.2307451,
                        37.2028274
                    ],
                    [
                        -85.231725,
                        37.2031457
                    ],
                    [
                        -85.2328983,
                        37.2033922
                    ],
                    [
                        -85.2338847,
                        37.2034795
                    ],
                    [
                        -85.2343488,
                        37.2036079
                    ],
                    [
                        -85.2351096,
                        37.2041265
                    ],
                    [
                        -85.2354115,
                        37.2044506
                    ]
                ],
                [
                    [
                        -85.2069762,
                        37.2176922
                    ],
                    [
                        -85.2069547,
                        37.2177821
                    ],
                    [
                        -85.2065034,
                        37.217658
                    ],
                    [
                        -85.2057405,
                        37.21735
                    ],
                    [
                        -85.2053698,
                        37.2171489
                    ],
                    [
                        -85.2053268,
                        37.2170419
                    ],
                    [
                        -85.2053694,
                        37.2169606
                    ],
                    [
                        -85.2055256,
                        37.2169563
                    ],
                    [
                        -85.2063529,
                        37.2173072
                    ],
                    [
                        -85.2069762,
                        37.2176922
                    ]
                ],
                [
                    [
                        -85.2040481,
                        37.2161862
                    ],
                    [
                        -85.203613,
                        37.2161477
                    ],
                    [
                        -85.2032423,
                        37.2159595
                    ],
                    [
                        -85.2035216,
                        37.2157627
                    ],
                    [
                        -85.2038064,
                        37.2158867
                    ],
                    [
                        -85.2040052,
                        37.2160408
                    ],
                    [
                        -85.2040481,
                        37.2161862
                    ]
                ],
                [
                    [
                        -85.2147697,
                        37.2141979
                    ],
                    [
                        -85.2149184,
                        37.2141476
                    ],
                    [
                        -85.2152046,
                        37.2143134
                    ],
                    [
                        -85.2154388,
                        37.2144051
                    ],
                    [
                        -85.2155541,
                        37.2146094
                    ],
                    [
                        -85.2157176,
                        37.2147574
                    ],
                    [
                        -85.2152083,
                        37.2147752
                    ],
                    [
                        -85.2150819,
                        37.214713
                    ],
                    [
                        -85.214766,
                        37.214417
                    ],
                    [
                        -85.2147697,
                        37.2141979
                    ]
                ],
                [
                    [
                        -85.2440649,
                        37.2174115
                    ],
                    [
                        -85.2441253,
                        37.217486
                    ],
                    [
                        -85.2440759,
                        37.2175341
                    ],
                    [
                        -85.2438257,
                        37.2175626
                    ],
                    [
                        -85.2435755,
                        37.2175998
                    ],
                    [
                        -85.2433803,
                        37.2175998
                    ],
                    [
                        -85.2433409,
                        37.2175401
                    ],
                    [
                        -85.2434003,
                        37.2174314
                    ],
                    [
                        -85.2435233,
                        37.217359
                    ],
                    [
                        -85.2437652,
                        37.2173371
                    ],
                    [
                        -85.2440649,
                        37.2174115
                    ]
                ],
                [
                    [
                        -85.2859576,
                        37.3211323
                    ],
                    [
                        -85.2859439,
                        37.3212374
                    ],
                    [
                        -85.2858026,
                        37.3212265
                    ],
                    [
                        -85.2851461,
                        37.320864
                    ],
                    [
                        -85.28521,
                        37.3208205
                    ],
                    [
                        -85.2855519,
                        37.3209547
                    ],
                    [
                        -85.2859576,
                        37.3211323
                    ]
                ],
                [
                    [
                        -85.2836099,
                        37.3206175
                    ],
                    [
                        -85.2836829,
                        37.3206429
                    ],
                    [
                        -85.2836783,
                        37.3207335
                    ],
                    [
                        -85.2834914,
                        37.3208314
                    ],
                    [
                        -85.2834002,
                        37.3209583
                    ],
                    [
                        -85.2830583,
                        37.3209438
                    ],
                    [
                        -85.2830766,
                        37.3208096
                    ],
                    [
                        -85.2833136,
                        37.3207589
                    ],
                    [
                        -85.2836099,
                        37.3206175
                    ]
                ],
                [
                    [
                        -85.2427292,
                        37.18145
                    ],
                    [
                        -85.2425842,
                        37.1813293
                    ],
                    [
                        -85.242394,
                        37.1811419
                    ],
                    [
                        -85.242452,
                        37.1810802
                    ],
                    [
                        -85.2425745,
                        37.1811213
                    ],
                    [
                        -85.2427937,
                        37.1812369
                    ],
                    [
                        -85.2428162,
                        37.1813499
                    ],
                    [
                        -85.242784,
                        37.1814192
                    ],
                    [
                        -85.2427969,
                        37.1815091
                    ],
                    [
                        -85.2427292,
                        37.18145
                    ]
                ],
                [
                    [
                        -85.2097364,
                        37.1804568
                    ],
                    [
                        -85.2096719,
                        37.1809294
                    ],
                    [
                        -85.2092465,
                        37.1815766
                    ],
                    [
                        -85.2088081,
                        37.1823264
                    ],
                    [
                        -85.2079958,
                        37.1824497
                    ],
                    [
                        -85.2074672,
                        37.1826654
                    ],
                    [
                        -85.2075316,
                        37.1821724
                    ],
                    [
                        -85.2076477,
                        37.1816382
                    ],
                    [
                        -85.2079829,
                        37.1810732
                    ],
                    [
                        -85.2088081,
                        37.1807445
                    ],
                    [
                        -85.2097364,
                        37.1804568
                    ]
                ],
                [
                    [
                        -85.2414665,
                        37.1837992
                    ],
                    [
                        -85.2416027,
                        37.1838045
                    ],
                    [
                        -85.2415695,
                        37.1838495
                    ],
                    [
                        -85.24144,
                        37.1839685
                    ],
                    [
                        -85.2412208,
                        37.1841246
                    ],
                    [
                        -85.240922,
                        37.184286
                    ],
                    [
                        -85.240477,
                        37.1844791
                    ],
                    [
                        -85.2400089,
                        37.1846114
                    ],
                    [
                        -85.239959,
                        37.1845981
                    ],
                    [
                        -85.2400753,
                        37.1845399
                    ],
                    [
                        -85.2403376,
                        37.1844394
                    ],
                    [
                        -85.2405202,
                        37.1843521
                    ],
                    [
                        -85.2408855,
                        37.184159
                    ],
                    [
                        -85.2412208,
                        37.18395
                    ],
                    [
                        -85.2414665,
                        37.1837992
                    ]
                ],
                [
                    [
                        -85.240653,
                        37.1846193
                    ],
                    [
                        -85.2406696,
                        37.184659
                    ],
                    [
                        -85.2405003,
                        37.1847648
                    ],
                    [
                        -85.2402114,
                        37.1849024
                    ],
                    [
                        -85.2400188,
                        37.1849844
                    ],
                    [
                        -85.2397997,
                        37.1850135
                    ],
                    [
                        -85.2397797,
                        37.1849764
                    ],
                    [
                        -85.2400122,
                        37.1848706
                    ],
                    [
                        -85.2403542,
                        37.1847542
                    ],
                    [
                        -85.240653,
                        37.1846193
                    ]
                ],
                [
                    [
                        -85.310505,
                        37.2788328
                    ],
                    [
                        -85.3106647,
                        37.2790607
                    ],
                    [
                        -85.3115804,
                        37.2799986
                    ],
                    [
                        -85.3115146,
                        37.2802825
                    ],
                    [
                        -85.3115311,
                        37.2805497
                    ],
                    [
                        -85.3117992,
                        37.2810362
                    ],
                    [
                        -85.3119625,
                        37.2811695
                    ],
                    [
                        -85.312151,
                        37.2816926
                    ],
                    [
                        -85.3122473,
                        37.281696
                    ],
                    [
                        -85.3122347,
                        37.2813361
                    ],
                    [
                        -85.3122054,
                        37.2809962
                    ],
                    [
                        -85.3120211,
                        37.280613
                    ],
                    [
                        -85.3120923,
                        37.2803931
                    ],
                    [
                        -85.3123569,
                        37.2805068
                    ],
                    [
                        -85.3140104,
                        37.2818159
                    ],
                    [
                        -85.3150177,
                        37.2824873
                    ],
                    [
                        -85.315158,
                        37.282629
                    ],
                    [
                        -85.3157317,
                        37.2830055
                    ],
                    [
                        -85.3176749,
                        37.2840718
                    ],
                    [
                        -85.3176624,
                        37.2841651
                    ],
                    [
                        -85.3174362,
                        37.2843251
                    ],
                    [
                        -85.3177629,
                        37.2843917
                    ],
                    [
                        -85.3181817,
                        37.2842884
                    ],
                    [
                        -85.3190654,
                        37.2845483
                    ],
                    [
                        -85.3193208,
                        37.284675
                    ],
                    [
                        -85.3201409,
                        37.2848914
                    ],
                    [
                        -85.3201113,
                        37.2852165
                    ],
                    [
                        -85.3202594,
                        37.2851835
                    ],
                    [
                        -85.3206236,
                        37.2849573
                    ],
                    [
                        -85.3209109,
                        37.2850139
                    ],
                    [
                        -85.3214824,
                        37.2851929
                    ],
                    [
                        -85.3232796,
                        37.2858839
                    ],
                    [
                        -85.3247161,
                        37.2862038
                    ],
                    [
                        -85.3247412,
                        37.2863804
                    ],
                    [
                        -85.325026,
                        37.2863004
                    ],
                    [
                        -85.3253569,
                        37.2863571
                    ],
                    [
                        -85.325738,
                        37.2865403
                    ],
                    [
                        -85.3259222,
                        37.2870035
                    ],
                    [
                        -85.3259432,
                        37.2873034
                    ],
                    [
                        -85.325784,
                        37.2875366
                    ],
                    [
                        -85.3260228,
                        37.2873967
                    ],
                    [
                        -85.3263201,
                        37.2869902
                    ],
                    [
                        -85.3265588,
                        37.2871717
                    ],
                    [
                        -85.3267012,
                        37.2878581
                    ],
                    [
                        -85.3267431,
                        37.2882179
                    ],
                    [
                        -85.326651,
                        37.2888385
                    ],
                    [
                        -85.3264792,
                        37.2889951
                    ],
                    [
                        -85.3252019,
                        37.2891284
                    ],
                    [
                        -85.3239999,
                        37.2893583
                    ],
                    [
                        -85.3221416,
                        37.2899308
                    ],
                    [
                        -85.3216311,
                        37.2900028
                    ],
                    [
                        -85.3205828,
                        37.2904127
                    ],
                    [
                        -85.3200817,
                        37.2905454
                    ],
                    [
                        -85.3199017,
                        37.2902478
                    ],
                    [
                        -85.3194812,
                        37.2890933
                    ],
                    [
                        -85.3195049,
                        37.288919
                    ],
                    [
                        -85.3193923,
                        37.2890179
                    ],
                    [
                        -85.3193923,
                        37.2895881
                    ],
                    [
                        -85.3195167,
                        37.2901158
                    ],
                    [
                        -85.3194219,
                        37.2905352
                    ],
                    [
                        -85.3191805,
                        37.2905112
                    ],
                    [
                        -85.3190073,
                        37.2905729
                    ],
                    [
                        -85.3193035,
                        37.2908273
                    ],
                    [
                        -85.3185691,
                        37.2911431
                    ],
                    [
                        -85.3177986,
                        37.2914127
                    ],
                    [
                        -85.3168521,
                        37.2909129
                    ],
                    [
                        -85.3163663,
                        37.2904398
                    ],
                    [
                        -85.3163872,
                        37.2903065
                    ],
                    [
                        -85.3161108,
                        37.2903931
                    ],
                    [
                        -85.3162155,
                        37.2905897
                    ],
                    [
                        -85.3166259,
                        37.2910861
                    ],
                    [
                        -85.3172709,
                        37.2916126
                    ],
                    [
                        -85.3172918,
                        37.2917225
                    ],
                    [
                        -85.3165505,
                        37.2919891
                    ],
                    [
                        -85.3140419,
                        37.2906997
                    ],
                    [
                        -85.313263,
                        37.290613
                    ],
                    [
                        -85.313175,
                        37.2905197
                    ],
                    [
                        -85.3134221,
                        37.2903765
                    ],
                    [
                        -85.3135184,
                        37.2902132
                    ],
                    [
                        -85.3134556,
                        37.28999
                    ],
                    [
                        -85.313242,
                        37.2900633
                    ],
                    [
                        -85.3125091,
                        37.28995
                    ],
                    [
                        -85.3120526,
                        37.2897601
                    ],
                    [
                        -85.3117595,
                        37.2892769
                    ],
                    [
                        -85.3112569,
                        37.2876043
                    ],
                    [
                        -85.3113155,
                        37.2874177
                    ],
                    [
                        -85.3118642,
                        37.2874077
                    ],
                    [
                        -85.3121615,
                        37.2873511
                    ],
                    [
                        -85.3124212,
                        37.2872411
                    ],
                    [
                        -85.3124254,
                        37.2871411
                    ],
                    [
                        -85.3119982,
                        37.2873211
                    ],
                    [
                        -85.3116715,
                        37.2872211
                    ],
                    [
                        -85.3115082,
                        37.2871245
                    ],
                    [
                        -85.3113784,
                        37.286588
                    ],
                    [
                        -85.3111941,
                        37.2864681
                    ],
                    [
                        -85.3111983,
                        37.2867613
                    ],
                    [
                        -85.3111354,
                        37.2870345
                    ],
                    [
                        -85.3109512,
                        37.2871078
                    ],
                    [
                        -85.310679,
                        37.2867913
                    ],
                    [
                        -85.310256,
                        37.2861315
                    ],
                    [
                        -85.3100508,
                        37.285715
                    ],
                    [
                        -85.3099377,
                        37.2842622
                    ],
                    [
                        -85.3097283,
                        37.2839723
                    ],
                    [
                        -85.3097618,
                        37.2837757
                    ],
                    [
                        -85.3098372,
                        37.2836758
                    ],
                    [
                        -85.3101345,
                        37.2835891
                    ],
                    [
                        -85.3101219,
                        37.2834158
                    ],
                    [
                        -85.3097408,
                        37.2832026
                    ],
                    [
                        -85.3098832,
                        37.2828194
                    ],
                    [
                        -85.3105198,
                        37.2816898
                    ],
                    [
                        -85.3104989,
                        37.2813132
                    ],
                    [
                        -85.3106454,
                        37.2802369
                    ],
                    [
                        -85.3105989,
                        37.2797109
                    ],
                    [
                        -85.3100777,
                        37.2788814
                    ],
                    [
                        -85.3102831,
                        37.2786081
                    ],
                    [
                        -85.310505,
                        37.2788328
                    ]
                ]
            ]
        }
    }
]