[
    {
        "type": "Feature",
        "id": "relation/2122630",
        "properties": {
            "@id": "relation/2122630",
            "intermittent": "no",
            "name": "Lake Monroe",
            "name:pl": "Jezioro Monroe",
            "natural": "water",
            "type": "multipolygon",
            "water": "reservoir",
            "wikidata": "Q6476979",
            "wikipedia": "en:Monroe Lake",
            "@timestamp": "2024-05-01T17:02:30Z",
            "@version": 11,
            "@changeset": 150760105,
            "@user": "Alanantos",
            "@uid": 10318941,
            "@osm3s:version": 0.6,
            "@osm3s:generator": "Overpass API 0.7.62.5 1bd436f1",
            "@osm3s:timestamp_osm_base": "2025-02-16T09:37:30Z",
            "@osm3s:copyright": "The data included in this document is from www.openstreetmap.org. The data is made available under ODbL."
        },
        "geometry": {
            "type": "Polygon",
            "coordinates": [
                    [
                        [
                            -86.3260955,
                            39.093238
                        ],
                        [
                            -86.3251287,
                            39.0933807
                        ],
                        [
                            -86.3193845,
                            39.0933041
                        ],
                        [
                            -86.3174189,
                            39.0931076
                        ],
                        [
                            -86.3158439,
                            39.0934923
                        ],
                        [
                            -86.3124086,
                            39.0955989
                        ],
                        [
                            -86.3123207,
                            39.0960624
                        ],
                        [
                            -86.3129557,
                            39.0959103
                        ],
                        [
                            -86.317376,
                            39.0937071
                        ],
                        [
                            -86.3245472,
                            39.0938153
                        ],
                        [
                            -86.3257016,
                            39.0944149
                        ],
                        [
                            -86.3246909,
                            39.0966214
                        ],
                        [
                            -86.3237575,
                            39.0983367
                        ],
                        [
                            -86.3241116,
                            39.098758
                        ],
                        [
                            -86.3247982,
                            39.0987413
                        ],
                        [
                            -86.3265792,
                            39.0961368
                        ],
                        [
                            -86.3271791,
                            39.0949284
                        ],
                        [
                            -86.3260955,
                            39.093238
                        ]
                    ],
                    [
                        [
                            -86.3886867,
                            39.0749682
                        ],
                        [
                            -86.388832,
                            39.0743912
                        ],
                        [
                            -86.3892612,
                            39.0736915
                        ],
                        [
                            -86.3900766,
                            39.0745578
                        ],
                        [
                            -86.3931235,
                            39.0752574
                        ],
                        [
                            -86.3950016,
                            39.0764644
                        ],
                        [
                            -86.3950533,
                            39.076479
                        ],
                        [
                            -86.3956336,
                            39.0766434
                        ],
                        [
                            -86.3979793,
                            39.0769789
                        ],
                        [
                            -86.4007172,
                            39.0776883
                        ],
                        [
                            -86.4043722,
                            39.0779303
                        ],
                        [
                            -86.4059031,
                            39.0780374
                        ],
                        [
                            -86.4059567,
                            39.078047
                        ],
                        [
                            -86.4075096,
                            39.0783254
                        ],
                        [
                            -86.4096696,
                            39.0785258
                        ],
                        [
                            -86.411187,
                            39.0785305
                        ],
                        [
                            -86.4132894,
                            39.0784862
                        ],
                        [
                            -86.4142174,
                            39.0785729
                        ],
                        [
                            -86.414462,
                            39.0793771
                        ],
                        [
                            -86.415261,
                            39.0788118
                        ],
                        [
                            -86.4158258,
                            39.0786889
                        ],
                        [
                            -86.41647,
                            39.0791474
                        ],
                        [
                            -86.4170386,
                            39.0798387
                        ],
                        [
                            -86.4170386,
                            39.0791141
                        ],
                        [
                            -86.4169421,
                            39.078098
                        ],
                        [
                            -86.4164807,
                            39.0761408
                        ],
                        [
                            -86.4160945,
                            39.0742501
                        ],
                        [
                            -86.4158477,
                            39.0722677
                        ],
                        [
                            -86.4156439,
                            39.0709767
                        ],
                        [
                            -86.4158048,
                            39.0707851
                        ],
                        [
                            -86.4160945,
                            39.0707268
                        ],
                        [
                            -86.4163198,
                            39.0709434
                        ],
                        [
                            -86.416352,
                            39.0716514
                        ],
                        [
                            -86.4164915,
                            39.0729757
                        ],
                        [
                            -86.4166953,
                            39.0742501
                        ],
                        [
                            -86.4170815,
                            39.0760575
                        ],
                        [
                            -86.4175965,
                            39.0783562
                        ],
                        [
                            -86.4180364,
                            39.0792391
                        ],
                        [
                            -86.4192059,
                            39.0799886
                        ],
                        [
                            -86.4246663,
                            39.0822201
                        ],
                        [
                            -86.4256963,
                            39.0822867
                        ],
                        [
                            -86.4257392,
                            39.0833527
                        ],
                        [
                            -86.4269838,
                            39.0826199
                        ],
                        [
                            -86.42737,
                            39.0828197
                        ],
                        [
                            -86.4282712,
                            39.0845186
                        ],
                        [
                            -86.4284429,
                            39.0861509
                        ],
                        [
                            -86.4291295,
                            39.0870503
                        ],
                        [
                            -86.4295158,
                            39.0857845
                        ],
                        [
                            -86.4302024,
                            39.0847518
                        ],
                        [
                            -86.430889,
                            39.0845186
                        ],
                        [
                            -86.4316615,
                            39.0848851
                        ],
                        [
                            -86.4322623,
                            39.0842521
                        ],
                        [
                            -86.4314469,
                            39.0841855
                        ],
                        [
                            -86.4303741,
                            39.0836192
                        ],
                        [
                            -86.4297732,
                            39.0820869
                        ],
                        [
                            -86.4312753,
                            39.082853
                        ],
                        [
                            -86.4310251,
                            39.0822874
                        ],
                        [
                            -86.4313952,
                            39.0821708
                        ],
                        [
                            -86.4317533,
                            39.0820523
                        ],
                        [
                            -86.4318775,
                            39.0817215
                        ],
                        [
                            -86.4313182,
                            39.0819801
                        ],
                        [
                            -86.4310307,
                            39.0819709
                        ],
                        [
                            -86.4308212,
                            39.0819253
                        ],
                        [
                            -86.4309116,
                            39.0816888
                        ],
                        [
                            -86.4307678,
                            39.0816043
                        ],
                        [
                            -86.4304524,
                            39.0812249
                        ],
                        [
                            -86.4298004,
                            39.0807367
                        ],
                        [
                            -86.4295901,
                            39.0807248
                        ],
                        [
                            -86.4294711,
                            39.0806606
                        ],
                        [
                            -86.4290518,
                            39.0804342
                        ],
                        [
                            -86.4285658,
                            39.0802734
                        ],
                        [
                            -86.4282852,
                            39.0800752
                        ],
                        [
                            -86.4281353,
                            39.0800962
                        ],
                        [
                            -86.4278665,
                            39.0799345
                        ],
                        [
                            -86.4278091,
                            39.0798004
                        ],
                        [
                            -86.4275916,
                            39.0795767
                        ],
                        [
                            -86.4276275,
                            39.0794884
                        ],
                        [
                            -86.4279837,
                            39.0794266
                        ],
                        [
                            -86.4283759,
                            39.079447
                        ],
                        [
                            -86.4286698,
                            39.0795089
                        ],
                        [
                            -86.4287956,
                            39.0793921
                        ],
                        [
                            -86.4293613,
                            39.0794495
                        ],
                        [
                            -86.4296494,
                            39.0794131
                        ],
                        [
                            -86.4299211,
                            39.079314
                        ],
                        [
                            -86.4303129,
                            39.0794056
                        ],
                        [
                            -86.4304524,
                            39.0794953
                        ],
                        [
                            -86.4304581,
                            39.0796105
                        ],
                        [
                            -86.4305248,
                            39.0799438
                        ],
                        [
                            -86.4305283,
                            39.0799615
                        ],
                        [
                            -86.4306316,
                            39.080188
                        ],
                        [
                            -86.4309057,
                            39.0803384
                        ],
                        [
                            -86.4313724,
                            39.0804556
                        ],
                        [
                            -86.4316039,
                            39.0803438
                        ],
                        [
                            -86.4318761,
                            39.0803546
                        ],
                        [
                            -86.432158,
                            39.0804835
                        ],
                        [
                            -86.4322648,
                            39.0806796
                        ],
                        [
                            -86.4325757,
                            39.0808422
                        ],
                        [
                            -86.4329217,
                            39.0809039
                        ],
                        [
                            -86.4333747,
                            39.0807315
                        ],
                        [
                            -86.4340683,
                            39.0806415
                        ],
                        [
                            -86.4345087,
                            39.0808706
                        ],
                        [
                            -86.434782,
                            39.0809501
                        ],
                        [
                            -86.4351197,
                            39.0810005
                        ],
                        [
                            -86.4343861,
                            39.0805701
                        ],
                        [
                            -86.4344285,
                            39.0803346
                        ],
                        [
                            -86.4346511,
                            39.0802685
                        ],
                        [
                            -86.4347844,
                            39.0802012
                        ],
                        [
                            -86.4347506,
                            39.0801419
                        ],
                        [
                            -86.4345792,
                            39.080145
                        ],
                        [
                            -86.4345768,
                            39.0799971
                        ],
                        [
                            -86.4343598,
                            39.0801408
                        ],
                        [
                            -86.4341566,
                            39.080294
                        ],
                        [
                            -86.4340452,
                            39.0803479
                        ],
                        [
                            -86.4337215,
                            39.080188
                        ],
                        [
                            -86.4331206,
                            39.0795884
                        ],
                        [
                            -86.433464,
                            39.0792219
                        ],
                        [
                            -86.4338073,
                            39.0786222
                        ],
                        [
                            -86.4347943,
                            39.0782891
                        ],
                        [
                            -86.4358243,
                            39.0782891
                        ],
                        [
                            -86.4370259,
                            39.0778893
                        ],
                        [
                            -86.4384634,
                            39.0796933
                        ],
                        [
                            -86.4380988,
                            39.0772897
                        ],
                        [
                            -86.4370874,
                            39.077034
                        ],
                        [
                            -86.4385009,
                            39.076264
                        ],
                        [
                            -86.4397725,
                            39.076057
                        ],
                        [
                            -86.4402875,
                            39.0753907
                        ],
                        [
                            -86.442047,
                            39.075424
                        ],
                        [
                            -86.4416179,
                            39.0763568
                        ],
                        [
                            -86.441991,
                            39.0766817
                        ],
                        [
                            -86.4423644,
                            39.0777232
                        ],
                        [
                            -86.4420286,
                            39.0783583
                        ],
                        [
                            -86.4401918,
                            39.0781909
                        ],
                        [
                            -86.4414208,
                            39.0786306
                        ],
                        [
                            -86.4418325,
                            39.0796217
                        ],
                        [
                            -86.4408454,
                            39.079555
                        ],
                        [
                            -86.4403304,
                            39.0802879
                        ],
                        [
                            -86.4403304,
                            39.0811208
                        ],
                        [
                            -86.4376268,
                            39.081887
                        ],
                        [
                            -86.4394721,
                            39.0820202
                        ],
                        [
                            -86.4408025,
                            39.0816205
                        ],
                        [
                            -86.440545,
                            39.0828864
                        ],
                        [
                            -86.4392575,
                            39.0838524
                        ],
                        [
                            -86.440545,
                            39.0841189
                        ],
                        [
                            -86.4412557,
                            39.0852775
                        ],
                        [
                            -86.4420775,
                            39.0836785
                        ],
                        [
                            -86.443077,
                            39.0829197
                        ],
                        [
                            -86.4454077,
                            39.084498
                        ],
                        [
                            -86.4449046,
                            39.0835817
                        ],
                        [
                            -86.4450869,
                            39.08327
                        ],
                        [
                            -86.4447474,
                            39.0828236
                        ],
                        [
                            -86.4446664,
                            39.0825134
                        ],
                        [
                            -86.4441805,
                            39.0821916
                        ],
                        [
                            -86.4444169,
                            39.0817814
                        ],
                        [
                            -86.4439091,
                            39.0815595
                        ],
                        [
                            -86.4438066,
                            39.0813207
                        ],
                        [
                            -86.4444271,
                            39.0801723
                        ],
                        [
                            -86.4443885,
                            39.0797243
                        ],
                        [
                            -86.4440082,
                            39.0795739
                        ],
                        [
                            -86.4445821,
                            39.0776708
                        ],
                        [
                            -86.4451369,
                            39.07669
                        ],
                        [
                            -86.4454803,
                            39.0767566
                        ],
                        [
                            -86.4445473,
                            39.0791154
                        ],
                        [
                            -86.444588,
                            39.0800932
                        ],
                        [
                            -86.4453944,
                            39.0800881
                        ],
                        [
                            -86.4468073,
                            39.0804051
                        ],
                        [
                            -86.4478566,
                            39.0812009
                        ],
                        [
                            -86.4482716,
                            39.0825354
                        ],
                        [
                            -86.4486725,
                            39.0826721
                        ],
                        [
                            -86.4488415,
                            39.0832317
                        ],
                        [
                            -86.4495453,
                            39.083168
                        ],
                        [
                            -86.4501531,
                            39.0834307
                        ],
                        [
                            -86.4515693,
                            39.0837301
                        ],
                        [
                            -86.4524755,
                            39.0843521
                        ],
                        [
                            -86.4533767,
                            39.0852182
                        ],
                        [
                            -86.4540204,
                            39.0866172
                        ],
                        [
                            -86.4543208,
                            39.0877831
                        ],
                        [
                            -86.4534625,
                            39.0882828
                        ],
                        [
                            -86.4528617,
                            39.0894819
                        ],
                        [
                            -86.4521751,
                            39.0905811
                        ],
                        [
                            -86.4539346,
                            39.0901148
                        ],
                        [
                            -86.4554366,
                            39.0889489
                        ],
                        [
                            -86.4556941,
                            39.0896151
                        ],
                        [
                            -86.4556941,
                            39.0907476
                        ],
                        [
                            -86.4550087,
                            39.0922685
                        ],
                        [
                            -86.4532479,
                            39.0936787
                        ],
                        [
                            -86.4533338,
                            39.0944115
                        ],
                        [
                            -86.4564666,
                            39.0925796
                        ],
                        [
                            -86.4570245,
                            39.0918135
                        ],
                        [
                            -86.4577111,
                            39.0908476
                        ],
                        [
                            -86.4579257,
                            39.0912806
                        ],
                        [
                            -86.4577541,
                            39.0930792
                        ],
                        [
                            -86.4600286,
                            39.0942117
                        ],
                        [
                            -86.4602861,
                            39.0948778
                        ],
                        [
                            -86.4613589,
                            39.0963433
                        ],
                        [
                            -86.461171,
                            39.0984808
                        ],
                        [
                            -86.4611137,
                            39.0988267
                        ],
                        [
                            -86.461041,
                            39.0990451
                        ],
                        [
                            -86.460873,
                            39.0992294
                        ],
                        [
                            -86.4608663,
                            39.0994057
                        ],
                        [
                            -86.4606248,
                            39.0996047
                        ],
                        [
                            -86.4600392,
                            39.1000711
                        ],
                        [
                            -86.4597498,
                            39.1002535
                        ],
                        [
                            -86.460062,
                            39.1003789
                        ],
                        [
                            -86.4603488,
                            39.1003451
                        ],
                        [
                            -86.4610343,
                            39.1001133
                        ],
                        [
                            -86.4615048,
                            39.1001874
                        ],
                        [
                            -86.4613117,
                            39.1004717
                        ],
                        [
                            -86.46139,
                            39.1006819
                        ],
                        [
                            -86.4616434,
                            39.1008618
                        ],
                        [
                            -86.4621829,
                            39.1013547
                        ],
                        [
                            -86.46274,
                            39.1016021
                        ],
                        [
                            -86.4624386,
                            39.10091
                        ],
                        [
                            -86.4622101,
                            39.1005678
                        ],
                        [
                            -86.4620139,
                            39.1004205
                        ],
                        [
                            -86.4621893,
                            39.1002506
                        ],
                        [
                            -86.4629452,
                            39.1002731
                        ],
                        [
                            -86.4637064,
                            39.1005679
                        ],
                        [
                            -86.4638963,
                            39.1004584
                        ],
                        [
                            -86.4634189,
                            39.0998403
                        ],
                        [
                            -86.4635337,
                            39.0986445
                        ],
                        [
                            -86.4638255,
                            39.0981518
                        ],
                        [
                            -86.4640335,
                            39.0978059
                        ],
                        [
                            -86.4643287,
                            39.0974462
                        ],
                        [
                            -86.4645247,
                            39.0970865
                        ],
                        [
                            -86.4650683,
                            39.097043
                        ],
                        [
                            -86.4652618,
                            39.0971268
                        ],
                        [
                            -86.4653728,
                            39.097317
                        ],
                        [
                            -86.4656937,
                            39.0974582
                        ],
                        [
                            -86.4659633,
                            39.0976222
                        ],
                        [
                            -86.4663803,
                            39.0975083
                        ],
                        [
                            -86.4667942,
                            39.097013
                        ],
                        [
                            -86.4666271,
                            39.0966914
                        ],
                        [
                            -86.4661225,
                            39.096643
                        ],
                        [
                            -86.465598,
                            39.0959071
                        ],
                        [
                            -86.4655778,
                            39.095562
                        ],
                        [
                            -86.4654182,
                            39.0950745
                        ],
                        [
                            -86.4645155,
                            39.0946516
                        ],
                        [
                            -86.4636901,
                            39.0939619
                        ],
                        [
                            -86.4632901,
                            39.0935455
                        ],
                        [
                            -86.462598,
                            39.0929681
                        ],
                        [
                            -86.4620599,
                            39.0921573
                        ],
                        [
                            -86.4620016,
                            39.0918756
                        ],
                        [
                            -86.462243,
                            39.0914411
                        ],
                        [
                            -86.462569,
                            39.0911556
                        ],
                        [
                            -86.4630622,
                            39.0907965
                        ],
                        [
                            -86.4632472,
                            39.0904146
                        ],
                        [
                            -86.4636041,
                            39.0901755
                        ],
                        [
                            -86.4639879,
                            39.0900731
                        ],
                        [
                            -86.4642752,
                            39.0900617
                        ],
                        [
                            -86.4642868,
                            39.0897315
                        ],
                        [
                            -86.4639977,
                            39.0893558
                        ],
                        [
                            -86.4625066,
                            39.0888442
                        ],
                        [
                            -86.4610156,
                            39.0881162
                        ],
                        [
                            -86.460541,
                            39.087405
                        ],
                        [
                            -86.4601691,
                            39.0866369
                        ],
                        [
                            -86.4603042,
                            39.0865225
                        ],
                        [
                            -86.460608,
                            39.0862772
                        ],
                        [
                            -86.4612302,
                            39.0861509
                        ],
                        [
                            -86.4605007,
                            39.0857643
                        ],
                        [
                            -86.4597711,
                            39.0852182
                        ],
                        [
                            -86.4594538,
                            39.0846203
                        ],
                        [
                            -86.4593419,
                            39.0838857
                        ],
                        [
                            -86.4596621,
                            39.0835126
                        ],
                        [
                            -86.4598443,
                            39.0831267
                        ],
                        [
                            -86.4601144,
                            39.0827864
                        ],
                        [
                            -86.4606551,
                            39.0825897
                        ],
                        [
                            -86.4611895,
                            39.0825425
                        ],
                        [
                            -86.4615579,
                            39.0825592
                        ],
                        [
                            -86.4621463,
                            39.0828264
                        ],
                        [
                            -86.4620027,
                            39.0825865
                        ],
                        [
                            -86.4616465,
                            39.0822856
                        ],
                        [
                            -86.4608796,
                            39.0818594
                        ],
                        [
                            -86.4608715,
                            39.0815991
                        ],
                        [
                            -86.4612183,
                            39.081378
                        ],
                        [
                            -86.4613146,
                            39.081202
                        ],
                        [
                            -86.4619203,
                            39.0810229
                        ],
                        [
                            -86.4616164,
                            39.080821
                        ],
                        [
                            -86.4613066,
                            39.0809464
                        ],
                        [
                            -86.4609683,
                            39.0809351
                        ],
                        [
                            -86.4600286,
                            39.081254
                        ],
                        [
                            -86.4593848,
                            39.0810875
                        ],
                        [
                            -86.4589681,
                            39.0803445
                        ],
                        [
                            -86.4588772,
                            39.0799331
                        ],
                        [
                            -86.4589256,
                            39.0795046
                        ],
                        [
                            -86.458903,
                            39.079194
                        ],
                        [
                            -86.4598192,
                            39.0782114
                        ],
                        [
                            -86.4601187,
                            39.0777552
                        ],
                        [
                            -86.4594627,
                            39.0779165
                        ],
                        [
                            -86.4588652,
                            39.0782031
                        ],
                        [
                            -86.4581945,
                            39.0783871
                        ],
                        [
                            -86.4574797,
                            39.0782239
                        ],
                        [
                            -86.4569735,
                            39.0779932
                        ],
                        [
                            -86.4563536,
                            39.0773881
                        ],
                        [
                            -86.4559465,
                            39.0769539
                        ],
                        [
                            -86.4554544,
                            39.0757725
                        ],
                        [
                            -86.4550064,
                            39.0742324
                        ],
                        [
                            -86.4546873,
                            39.0740546
                        ],
                        [
                            -86.4541701,
                            39.0729544
                        ],
                        [
                            -86.4536833,
                            39.0727408
                        ],
                        [
                            -86.4532345,
                            39.0719564
                        ],
                        [
                            -86.4523896,
                            39.0715592
                        ],
                        [
                            -86.4531192,
                            39.0694269
                        ],
                        [
                            -86.4534652,
                            39.0689379
                        ],
                        [
                            -86.4537968,
                            39.0688069
                        ],
                        [
                            -86.4540286,
                            39.0685193
                        ],
                        [
                            -86.4543059,
                            39.0685976
                        ],
                        [
                            -86.4547306,
                            39.0693543
                        ],
                        [
                            -86.4549206,
                            39.0695188
                        ],
                        [
                            -86.4553827,
                            39.0694574
                        ],
                        [
                            -86.4551957,
                            39.0691022
                        ],
                        [
                            -86.4552122,
                            39.0685316
                        ],
                        [
                            -86.4554405,
                            39.0683944
                        ],
                        [
                            -86.4549646,
                            39.0670612
                        ],
                        [
                            -86.4554906,
                            39.0668863
                        ],
                        [
                            -86.455871,
                            39.0666622
                        ],
                        [
                            -86.4560978,
                            39.0660034
                        ],
                        [
                            -86.4560792,
                            39.0656569
                        ],
                        [
                            -86.4561873,
                            39.0654894
                        ],
                        [
                            -86.4564614,
                            39.0654797
                        ],
                        [
                            -86.4567231,
                            39.0656969
                        ],
                        [
                            -86.4568528,
                            39.0646954
                        ],
                        [
                            -86.4574523,
                            39.0662
                        ],
                        [
                            -86.4572093,
                            39.0643496
                        ],
                        [
                            -86.4576086,
                            39.0641818
                        ],
                        [
                            -86.4579402,
                            39.0645023
                        ],
                        [
                            -86.4580694,
                            39.0641557
                        ],
                        [
                            -86.4575824,
                            39.0628295
                        ],
                        [
                            -86.4577123,
                            39.062237
                        ],
                        [
                            -86.4579752,
                            39.0612231
                        ],
                        [
                            -86.4579155,
                            39.0601409
                        ],
                        [
                            -86.4578085,
                            39.0585521
                        ],
                        [
                            -86.4575276,
                            39.0577349
                        ],
                        [
                            -86.4573065,
                            39.0564377
                        ],
                        [
                            -86.45724,
                            39.0556866
                        ],
                        [
                            -86.4573827,
                            39.0554421
                        ],
                        [
                            -86.4572174,
                            39.0552374
                        ],
                        [
                            -86.4578416,
                            39.0539575
                        ],
                        [
                            -86.4587591,
                            39.0529395
                        ],
                        [
                            -86.4595931,
                            39.052036
                        ],
                        [
                            -86.4599218,
                            39.0514357
                        ],
                        [
                            -86.4601255,
                            39.0512525
                        ],
                        [
                            -86.4602316,
                            39.0510082
                        ],
                        [
                            -86.461316,
                            39.0502327
                        ],
                        [
                            -86.4620719,
                            39.0500989
                        ],
                        [
                            -86.462563,
                            39.0501136
                        ],
                        [
                            -86.4631712,
                            39.0503103
                        ],
                        [
                            -86.4634705,
                            39.0505526
                        ],
                        [
                            -86.4640324,
                            39.0507858
                        ],
                        [
                            -86.4649722,
                            39.0511039
                        ],
                        [
                            -86.4653072,
                            39.0514658
                        ],
                        [
                            -86.4660823,
                            39.0511882
                        ],
                        [
                            -86.4664037,
                            39.0511636
                        ],
                        [
                            -86.4672925,
                            39.0508657
                        ],
                        [
                            -86.4682182,
                            39.0504878
                        ],
                        [
                            -86.4695154,
                            39.0498051
                        ],
                        [
                            -86.4701125,
                            39.0494351
                        ],
                        [
                            -86.4704772,
                            39.0491359
                        ],
                        [
                            -86.4713642,
                            39.0484825
                        ],
                        [
                            -86.4722815,
                            39.0482681
                        ],
                        [
                            -86.4729216,
                            39.0483456
                        ],
                        [
                            -86.4730541,
                            39.0489544
                        ],
                        [
                            -86.4726573,
                            39.0491551
                        ],
                        [
                            -86.4730405,
                            39.0494307
                        ],
                        [
                            -86.4728897,
                            39.0498327
                        ],
                        [
                            -86.4718069,
                            39.0503526
                        ],
                        [
                            -86.4724335,
                            39.0504326
                        ],
                        [
                            -86.473347,
                            39.0506611
                        ],
                        [
                            -86.4734733,
                            39.051242
                        ],
                        [
                            -86.4736756,
                            39.0520323
                        ],
                        [
                            -86.4733335,
                            39.0526351
                        ],
                        [
                            -86.4725319,
                            39.0529212
                        ],
                        [
                            -86.4703476,
                            39.0527788
                        ],
                        [
                            -86.4687227,
                            39.0529122
                        ],
                        [
                            -86.4691866,
                            39.053154
                        ],
                        [
                            -86.4690555,
                            39.0533864
                        ],
                        [
                            -86.4690932,
                            39.0536696
                        ],
                        [
                            -86.4697563,
                            39.0537358
                        ],
                        [
                            -86.4711411,
                            39.0536625
                        ],
                        [
                            -86.4726457,
                            39.0540986
                        ],
                        [
                            -86.4733066,
                            39.0547023
                        ],
                        [
                            -86.4733966,
                            39.0554392
                        ],
                        [
                            -86.4732955,
                            39.0561705
                        ],
                        [
                            -86.4722923,
                            39.0566934
                        ],
                        [
                            -86.4711656,
                            39.0578287
                        ],
                        [
                            -86.4697048,
                            39.0588104
                        ],
                        [
                            -86.469009,
                            39.0587413
                        ],
                        [
                            -86.4694619,
                            39.0591108
                        ],
                        [
                            -86.4695469,
                            39.0596174
                        ],
                        [
                            -86.4693198,
                            39.060345
                        ],
                        [
                            -86.4688068,
                            39.0611606
                        ],
                        [
                            -86.4698091,
                            39.0606911
                        ],
                        [
                            -86.4698978,
                            39.0604109
                        ],
                        [
                            -86.4702072,
                            39.0602107
                        ],
                        [
                            -86.4704141,
                            39.0597304
                        ],
                        [
                            -86.4711774,
                            39.0590678
                        ],
                        [
                            -86.4714111,
                            39.0589422
                        ],
                        [
                            -86.4717903,
                            39.0586565
                        ],
                        [
                            -86.4723869,
                            39.058508
                        ],
                        [
                            -86.4728812,
                            39.0581365
                        ],
                        [
                            -86.4735592,
                            39.0578505
                        ],
                        [
                            -86.4741122,
                            39.0579699
                        ],
                        [
                            -86.4745033,
                            39.0583037
                        ],
                        [
                            -86.4749753,
                            39.0585404
                        ],
                        [
                            -86.4751819,
                            39.0590347
                        ],
                        [
                            -86.4751089,
                            39.0595634
                        ],
                        [
                            -86.4742495,
                            39.0603236
                        ],
                        [
                            -86.4747449,
                            39.0601022
                        ],
                        [
                            -86.4747168,
                            39.060517
                        ],
                        [
                            -86.4751073,
                            39.0599533
                        ],
                        [
                            -86.4753908,
                            39.0599856
                        ],
                        [
                            -86.475814,
                            39.0598066
                        ],
                        [
                            -86.4759294,
                            39.0600161
                        ],
                        [
                            -86.4759944,
                            39.0602865
                        ],
                        [
                            -86.4762424,
                            39.0603627
                        ],
                        [
                            -86.4763727,
                            39.0607358
                        ],
                        [
                            -86.4767656,
                            39.0607968
                        ],
                        [
                            -86.4767993,
                            39.0617337
                        ],
                        [
                            -86.4771125,
                            39.0616198
                        ],
                        [
                            -86.4771947,
                            39.0619631
                        ],
                        [
                            -86.4771102,
                            39.0622392
                        ],
                        [
                            -86.4775921,
                            39.0624524
                        ],
                        [
                            -86.4782657,
                            39.0623854
                        ],
                        [
                            -86.4781891,
                            39.0629694
                        ],
                        [
                            -86.4785772,
                            39.0630846
                        ],
                        [
                            -86.478568,
                            39.0638624
                        ],
                        [
                            -86.4783105,
                            39.0652952
                        ],
                        [
                            -86.4796286,
                            39.0655427
                        ],
                        [
                            -86.4805113,
                            39.0665433
                        ],
                        [
                            -86.4808777,
                            39.0669683
                        ],
                        [
                            -86.4830535,
                            39.0678272
                        ],
                        [
                            -86.4824857,
                            39.0661078
                        ],
                        [
                            -86.4825946,
                            39.0658274
                        ],
                        [
                            -86.4819546,
                            39.0653642
                        ],
                        [
                            -86.4812484,
                            39.06421
                        ],
                        [
                            -86.4814899,
                            39.06391
                        ],
                        [
                            -86.4817873,
                            39.0630556
                        ],
                        [
                            -86.4822612,
                            39.062898
                        ],
                        [
                            -86.4829711,
                            39.0623182
                        ],
                        [
                            -86.4815297,
                            39.0616945
                        ],
                        [
                            -86.4794484,
                            39.0601399
                        ],
                        [
                            -86.4792117,
                            39.0595305
                        ],
                        [
                            -86.4799143,
                            39.0591316
                        ],
                        [
                            -86.478053,
                            39.0582975
                        ],
                        [
                            -86.477508,
                            39.0578371
                        ],
                        [
                            -86.4771984,
                            39.0571483
                        ],
                        [
                            -86.4768165,
                            39.0564914
                        ],
                        [
                            -86.4768023,
                            39.0558001
                        ],
                        [
                            -86.4777182,
                            39.0546403
                        ],
                        [
                            -86.4779768,
                            39.0546497
                        ],
                        [
                            -86.478044,
                            39.0550019
                        ],
                        [
                            -86.4783698,
                            39.0551578
                        ],
                        [
                            -86.4785066,
                            39.0547842
                        ],
                        [
                            -86.4791014,
                            39.0543252
                        ],
                        [
                            -86.4795167,
                            39.0543255
                        ],
                        [
                            -86.4798605,
                            39.055031
                        ],
                        [
                            -86.4801601,
                            39.0544228
                        ],
                        [
                            -86.4807996,
                            39.0543319
                        ],
                        [
                            -86.4813575,
                            39.0549984
                        ],
                        [
                            -86.4818106,
                            39.0555422
                        ],
                        [
                            -86.4821019,
                            39.0548637
                        ],
                        [
                            -86.484291,
                            39.0552533
                        ],
                        [
                            -86.4843616,
                            39.0548318
                        ],
                        [
                            -86.4827394,
                            39.0541134
                        ],
                        [
                            -86.4818234,
                            39.0534349
                        ],
                        [
                            -86.4822227,
                            39.0530992
                        ],
                        [
                            -86.4836433,
                            39.0523544
                        ],
                        [
                            -86.4839091,
                            39.0519009
                        ],
                        [
                            -86.4815107,
                            39.0526151
                        ],
                        [
                            -86.4811416,
                            39.0530393
                        ],
                        [
                            -86.4801914,
                            39.0530236
                        ],
                        [
                            -86.4789125,
                            39.0523047
                        ],
                        [
                            -86.4794766,
                            39.0522251
                        ],
                        [
                            -86.480585,
                            39.0516657
                        ],
                        [
                            -86.4787815,
                            39.0517038
                        ],
                        [
                            -86.4786374,
                            39.0512573
                        ],
                        [
                            -86.4788904,
                            39.0507993
                        ],
                        [
                            -86.4781926,
                            39.0512924
                        ],
                        [
                            -86.4774098,
                            39.0509791
                        ],
                        [
                            -86.4767078,
                            39.0503345
                        ],
                        [
                            -86.4768539,
                            39.0498727
                        ],
                        [
                            -86.4762684,
                            39.0483973
                        ],
                        [
                            -86.4763964,
                            39.0479388
                        ],
                        [
                            -86.4768624,
                            39.0478587
                        ],
                        [
                            -86.4775654,
                            39.0477611
                        ],
                        [
                            -86.4780918,
                            39.0480405
                        ],
                        [
                            -86.4785857,
                            39.047674
                        ],
                        [
                            -86.4794706,
                            39.0479006
                        ],
                        [
                            -86.4803002,
                            39.0475592
                        ],
                        [
                            -86.4781554,
                            39.0470943
                        ],
                        [
                            -86.4777023,
                            39.0466523
                        ],
                        [
                            -86.4781652,
                            39.0461118
                        ],
                        [
                            -86.4788194,
                            39.0459655
                        ],
                        [
                            -86.4790502,
                            39.0456829
                        ],
                        [
                            -86.4795481,
                            39.0456787
                        ],
                        [
                            -86.4790898,
                            39.0448633
                        ],
                        [
                            -86.4796838,
                            39.0435668
                        ],
                        [
                            -86.4801652,
                            39.0432628
                        ],
                        [
                            -86.4805393,
                            39.043124
                        ],
                        [
                            -86.4808251,
                            39.0427338
                        ],
                        [
                            -86.4814057,
                            39.0424844
                        ],
                        [
                            -86.4814273,
                            39.0418352
                        ],
                        [
                            -86.4826472,
                            39.0412964
                        ],
                        [
                            -86.4835462,
                            39.0383336
                        ],
                        [
                            -86.4840894,
                            39.0381817
                        ],
                        [
                            -86.4848464,
                            39.0383514
                        ],
                        [
                            -86.4850665,
                            39.0375728
                        ],
                        [
                            -86.4848214,
                            39.0370654
                        ],
                        [
                            -86.4850077,
                            39.0366175
                        ],
                        [
                            -86.4858291,
                            39.0363592
                        ],
                        [
                            -86.4853203,
                            39.0357159
                        ],
                        [
                            -86.4850911,
                            39.0348669
                        ],
                        [
                            -86.4859163,
                            39.0334764
                        ],
                        [
                            -86.4854774,
                            39.0309999
                        ],
                        [
                            -86.4857349,
                            39.0299998
                        ],
                        [
                            -86.4839753,
                            39.0271994
                        ],
                        [
                            -86.4833316,
                            39.0272327
                        ],
                        [
                            -86.482645,
                            39.026766
                        ],
                        [
                            -86.4829024,
                            39.0261992
                        ],
                        [
                            -86.4831074,
                            39.0260512
                        ],
                        [
                            -86.4831,
                            39.0255622
                        ],
                        [
                            -86.4827737,
                            39.0252991
                        ],
                        [
                            -86.4819866,
                            39.025395
                        ],
                        [
                            -86.4813761,
                            39.0249502
                        ],
                        [
                            -86.4815721,
                            39.0242989
                        ],
                        [
                            -86.4788684,
                            39.0241322
                        ],
                        [
                            -86.4784822,
                            39.0244322
                        ],
                        [
                            -86.4776668,
                            39.0244322
                        ],
                        [
                            -86.4769801,
                            39.0238321
                        ],
                        [
                            -86.4769353,
                            39.0238299
                        ],
                        [
                            -86.4756498,
                            39.0237654
                        ],
                        [
                            -86.4732036,
                            39.0237654
                        ],
                        [
                            -86.4720019,
                            39.0229986
                        ],
                        [
                            -86.4726886,
                            39.0219984
                        ],
                        [
                            -86.4741833,
                            39.0217362
                        ],
                        [
                            -86.4759931,
                            39.0231653
                        ],
                        [
                            -86.4767226,
                            39.0231987
                        ],
                        [
                            -86.4776668,
                            39.0225985
                        ],
                        [
                            -86.4787334,
                            39.0227846
                        ],
                        [
                            -86.4791936,
                            39.0229771
                        ],
                        [
                            -86.479666,
                            39.0231309
                        ],
                        [
                            -86.4800747,
                            39.0231892
                        ],
                        [
                            -86.4805203,
                            39.023199
                        ],
                        [
                            -86.4809805,
                            39.0230646
                        ],
                        [
                            -86.4818568,
                            39.0225449
                        ],
                        [
                            -86.4822562,
                            39.0219229
                        ],
                        [
                            -86.4823627,
                            39.0215839
                        ],
                        [
                            -86.4821846,
                            39.0194895
                        ],
                        [
                            -86.4824856,
                            39.0188124
                        ],
                        [
                            -86.4820331,
                            39.0182736
                        ],
                        [
                            -86.4819298,
                            39.0181507
                        ],
                        [
                            -86.481891,
                            39.0181101
                        ],
                        [
                            -86.4815959,
                            39.0178014
                        ],
                        [
                            -86.4815669,
                            39.017771
                        ],
                        [
                            -86.4813823,
                            39.0174292
                        ],
                        [
                            -86.4811485,
                            39.0170934
                        ],
                        [
                            -86.4805785,
                            39.0165695
                        ],
                        [
                            -86.4803886,
                            39.0163643
                        ],
                        [
                            -86.480321,
                            39.0162849
                        ],
                        [
                            -86.4800795,
                            39.0160433
                        ],
                        [
                            -86.4805737,
                            39.0154538
                        ],
                        [
                            -86.481082,
                            39.0148644
                        ],
                        [
                            -86.4812357,
                            39.0146835
                        ],
                        [
                            -86.4812303,
                            39.014527
                        ],
                        [
                            -86.4813682,
                            39.0142685
                        ],
                        [
                            -86.4813269,
                            39.0140581
                        ],
                        [
                            -86.4815331,
                            39.0138468
                        ],
                        [
                            -86.4813073,
                            39.0136227
                        ],
                        [
                            -86.4812515,
                            39.0133591
                        ],
                        [
                            -86.481174,
                            39.0132422
                        ],
                        [
                            -86.4812233,
                            39.0130277
                        ],
                        [
                            -86.4783963,
                            39.0119953
                        ],
                        [
                            -86.4787726,
                            39.0116754
                        ],
                        [
                            -86.4790456,
                            39.0115863
                        ],
                        [
                            -86.4794045,
                            39.0115032
                        ],
                        [
                            -86.4800965,
                            39.0115476
                        ],
                        [
                            -86.4810142,
                            39.0115285
                        ],
                        [
                            -86.4828166,
                            39.0104614
                        ],
                        [
                            -86.4831401,
                            39.0104984
                        ],
                        [
                            -86.4836112,
                            39.0107084
                        ],
                        [
                            -86.4843307,
                            39.011045
                        ],
                        [
                            -86.484496,
                            39.0111454
                        ],
                        [
                            -86.4846921,
                            39.0111979
                        ],
                        [
                            -86.4851111,
                            39.0111152
                        ],
                        [
                            -86.4852412,
                            39.0109394
                        ],
                        [
                            -86.4854422,
                            39.0108943
                        ],
                        [
                            -86.4854661,
                            39.0108248
                        ],
                        [
                            -86.4856077,
                            39.010738
                        ],
                        [
                            -86.4862209,
                            39.0107062
                        ],
                        [
                            -86.4863411,
                            39.0108272
                        ],
                        [
                            -86.4863666,
                            39.011063
                        ],
                        [
                            -86.4862786,
                            39.0112443
                        ],
                        [
                            -86.4860925,
                            39.011451
                        ],
                        [
                            -86.4856705,
                            39.0119289
                        ],
                        [
                            -86.485683,
                            39.0120816
                        ],
                        [
                            -86.4854559,
                            39.0123288
                        ],
                        [
                            -86.4852749,
                            39.0124828
                        ],
                        [
                            -86.484993,
                            39.0129424
                        ],
                        [
                            -86.4849165,
                            39.0130048
                        ],
                        [
                            -86.4844621,
                            39.0127599
                        ],
                        [
                            -86.4840766,
                            39.0129022
                        ],
                        [
                            -86.4841877,
                            39.0129573
                        ],
                        [
                            -86.4844046,
                            39.0129777
                        ],
                        [
                            -86.4845846,
                            39.0131756
                        ],
                        [
                            -86.4845799,
                            39.0134382
                        ],
                        [
                            -86.4846281,
                            39.0136067
                        ],
                        [
                            -86.4845381,
                            39.0139213
                        ],
                        [
                            -86.484265,
                            39.0139702
                        ],
                        [
                            -86.4846143,
                            39.0143859
                        ],
                        [
                            -86.4845855,
                            39.0146426
                        ],
                        [
                            -86.4842293,
                            39.0149339
                        ],
                        [
                            -86.4838331,
                            39.0149354
                        ],
                        [
                            -86.484185,
                            39.0151054
                        ],
                        [
                            -86.4843181,
                            39.0150742
                        ],
                        [
                            -86.4845751,
                            39.0151483
                        ],
                        [
                            -86.4845544,
                            39.016064
                        ],
                        [
                            -86.4842782,
                            39.016373
                        ],
                        [
                            -86.4842986,
                            39.0164767
                        ],
                        [
                            -86.4845244,
                            39.0165261
                        ],
                        [
                            -86.4845798,
                            39.0166135
                        ],
                        [
                            -86.4846585,
                            39.0166719
                        ],
                        [
                            -86.4847723,
                            39.0166214
                        ],
                        [
                            -86.4848113,
                            39.0165238
                        ],
                        [
                            -86.4849721,
                            39.0165248
                        ],
                        [
                            -86.4850862,
                            39.0164933
                        ],
                        [
                            -86.4850952,
                            39.0163873
                        ],
                        [
                            -86.4850062,
                            39.0163104
                        ],
                        [
                            -86.4851635,
                            39.0161983
                        ],
                        [
                            -86.4852858,
                            39.0161897
                        ],
                        [
                            -86.4859269,
                            39.0174486
                        ],
                        [
                            -86.4862198,
                            39.0163864
                        ],
                        [
                            -86.4857972,
                            39.0154127
                        ],
                        [
                            -86.4859993,
                            39.0153693
                        ],
                        [
                            -86.486946,
                            39.0156161
                        ],
                        [
                            -86.4868339,
                            39.0153509
                        ],
                        [
                            -86.4863072,
                            39.0150542
                        ],
                        [
                            -86.4868253,
                            39.0145757
                        ],
                        [
                            -86.4873283,
                            39.0149067
                        ],
                        [
                            -86.4877709,
                            39.0154385
                        ],
                        [
                            -86.4883607,
                            39.0155586
                        ],
                        [
                            -86.48791,
                            39.0147602
                        ],
                        [
                            -86.4878099,
                            39.014346
                        ],
                        [
                            -86.487455,
                            39.013922
                        ],
                        [
                            -86.4875608,
                            39.0137746
                        ],
                        [
                            -86.4881747,
                            39.0137136
                        ],
                        [
                            -86.488322,
                            39.0138035
                        ],
                        [
                            -86.488487,
                            39.0137862
                        ],
                        [
                            -86.4879781,
                            39.0129458
                        ],
                        [
                            -86.4885347,
                            39.0121498
                        ],
                        [
                            -86.4893437,
                            39.0121263
                        ],
                        [
                            -86.490263,
                            39.011583
                        ],
                        [
                            -86.489726,
                            39.0110283
                        ],
                        [
                            -86.4910993,
                            39.0113618
                        ],
                        [
                            -86.4932021,
                            39.0124622
                        ],
                        [
                            -86.4947121,
                            39.0133954
                        ],
                        [
                            -86.4957319,
                            39.0138563
                        ],
                        [
                            -86.4963154,
                            39.0143097
                        ],
                        [
                            -86.4961633,
                            39.014763
                        ],
                        [
                            -86.4953444,
                            39.0147778
                        ],
                        [
                            -86.4968499,
                            39.0153298
                        ],
                        [
                            -86.4981374,
                            39.0161968
                        ],
                        [
                            -86.4983091,
                            39.0170304
                        ],
                        [
                            -86.4963349,
                            39.0176972
                        ],
                        [
                            -86.4974373,
                            39.0178197
                        ],
                        [
                            -86.4980988,
                            39.0180981
                        ],
                        [
                            -86.4989957,
                            39.0178164
                        ],
                        [
                            -86.4995499,
                            39.018467
                        ],
                        [
                            -86.499854,
                            39.0191977
                        ],
                        [
                            -86.4987419,
                            39.0198788
                        ],
                        [
                            -86.5000433,
                            39.0202418
                        ],
                        [
                            -86.5001973,
                            39.0207648
                        ],
                        [
                            -86.4992103,
                            39.0215316
                        ],
                        [
                            -86.4970976,
                            39.0222213
                        ],
                        [
                            -86.4962491,
                            39.0228986
                        ],
                        [
                            -86.4986524,
                            39.0226652
                        ],
                        [
                            -86.499594,
                            39.0227657
                        ],
                        [
                            -86.4998883,
                            39.0233006
                        ],
                        [
                            -86.4991918,
                            39.0257939
                        ],
                        [
                            -86.4982232,
                            39.0285329
                        ],
                        [
                            -86.4970873,
                            39.0286329
                        ],
                        [
                            -86.4969814,
                            39.0287746
                        ],
                        [
                            -86.4970806,
                            39.0288997
                        ],
                        [
                            -86.4976439,
                            39.0292039
                        ],
                        [
                            -86.4977941,
                            39.0304665
                        ],
                        [
                            -86.497123,
                            39.0318985
                        ],
                        [
                            -86.4985223,
                            39.0322698
                        ],
                        [
                            -86.4989501,
                            39.0325396
                        ],
                        [
                            -86.4991084,
                            39.0324792
                        ],
                        [
                            -86.4992053,
                            39.0322019
                        ],
                        [
                            -86.4994577,
                            39.0321037
                        ],
                        [
                            -86.4996086,
                            39.031924
                        ],
                        [
                            -86.4996851,
                            39.0316312
                        ],
                        [
                            -86.4999023,
                            39.0315124
                        ],
                        [
                            -86.5004508,
                            39.0315208
                        ],
                        [
                            -86.5009725,
                            39.0314833
                        ],
                        [
                            -86.5012863,
                            39.031625
                        ],
                        [
                            -86.5021285,
                            39.0318417
                        ],
                        [
                            -86.5012327,
                            39.0313125
                        ],
                        [
                            -86.5000847,
                            39.0306165
                        ],
                        [
                            -86.5001021,
                            39.0302967
                        ],
                        [
                            -86.5002322,
                            39.0301102
                        ],
                        [
                            -86.5006748,
                            39.0297873
                        ],
                        [
                            -86.5005165,
                            39.0293872
                        ],
                        [
                            -86.5009497,
                            39.0277599
                        ],
                        [
                            -86.501297,
                            39.0272078
                        ],
                        [
                            -86.5018013,
                            39.0269202
                        ],
                        [
                            -86.5021017,
                            39.026816
                        ],
                        [
                            -86.5024263,
                            39.0269285
                        ],
                        [
                            -86.5027991,
                            39.0274161
                        ],
                        [
                            -86.5030083,
                            39.0274912
                        ],
                        [
                            -86.5030941,
                            39.0267868
                        ],
                        [
                            -86.5031652,
                            39.0266843
                        ],
                        [
                            -86.5033865,
                            39.0265985
                        ],
                        [
                            -86.5037218,
                            39.0265602
                        ],
                        [
                            -86.5034911,
                            39.0263586
                        ],
                        [
                            -86.5030512,
                            39.0263388
                        ],
                        [
                            -86.5026703,
                            39.0258585
                        ],
                        [
                            -86.5026542,
                            39.0256283
                        ],
                        [
                            -86.5028795,
                            39.0253033
                        ],
                        [
                            -86.5032658,
                            39.0251074
                        ],
                        [
                            -86.5051675,
                            39.0250553
                        ],
                        [
                            -86.5060714,
                            39.0248782
                        ],
                        [
                            -86.5073642,
                            39.0243406
                        ],
                        [
                            -86.5082976,
                            39.0242489
                        ],
                        [
                            -86.5097782,
                            39.0241072
                        ],
                        [
                            -86.510025,
                            39.024128
                        ],
                        [
                            -86.5101161,
                            39.0242197
                        ],
                        [
                            -86.5098223,
                            39.0244429
                        ],
                        [
                            -86.5093515,
                            39.0245119
                        ],
                        [
                            -86.509118,
                            39.0247248
                        ],
                        [
                            -86.5092303,
                            39.0248506
                        ],
                        [
                            -86.5094657,
                            39.0249522
                        ],
                        [
                            -86.5096253,
                            39.0251387
                        ],
                        [
                            -86.5095797,
                            39.02547
                        ],
                        [
                            -86.5087082,
                            39.028514
                        ],
                        [
                            -86.5087861,
                            39.0287516
                        ],
                        [
                            -86.5088233,
                            39.0301665
                        ],
                        [
                            -86.5110978,
                            39.0249657
                        ],
                        [
                            -86.5116557,
                            39.0248323
                        ],
                        [
                            -86.5127334,
                            39.026138
                        ],
                        [
                            -86.5130338,
                            39.0269548
                        ],
                        [
                            -86.5135273,
                            39.0283717
                        ],
                        [
                            -86.5144285,
                            39.0296386
                        ],
                        [
                            -86.5146002,
                            39.0297886
                        ],
                        [
                            -86.5146646,
                            39.0295552
                        ],
                        [
                            -86.5140745,
                            39.0278759
                        ],
                        [
                            -86.5139457,
                            39.0273216
                        ],
                        [
                            -86.5140101,
                            39.0269465
                        ],
                        [
                            -86.5137204,
                            39.0259088
                        ],
                        [
                            -86.5128788,
                            39.0241822
                        ],
                        [
                            -86.5131122,
                            39.023878
                        ],
                        [
                            -86.5135065,
                            39.023632
                        ],
                        [
                            -86.5140885,
                            39.0233924
                        ],
                        [
                            -86.5152875,
                            39.0233945
                        ],
                        [
                            -86.5155235,
                            39.0235654
                        ],
                        [
                            -86.5156844,
                            39.0238447
                        ],
                        [
                            -86.5173286,
                            39.0252179
                        ],
                        [
                            -86.5175553,
                            39.0251543
                        ],
                        [
                            -86.5176961,
                            39.0249991
                        ],
                        [
                            -86.5170845,
                            39.0242885
                        ],
                        [
                            -86.5165052,
                            39.0235029
                        ],
                        [
                            -86.5164891,
                            39.0232862
                        ],
                        [
                            -86.5170657,
                            39.0225756
                        ],
                        [
                            -86.5174272,
                            39.0223104
                        ],
                        [
                            -86.5178851,
                            39.0222203
                        ],
                        [
                            -86.5185651,
                            39.0222817
                        ],
                        [
                            -86.5184202,
                            39.0219567
                        ],
                        [
                            -86.5184511,
                            39.0217004
                        ],
                        [
                            -86.5182888,
                            39.0215774
                        ],
                        [
                            -86.518258,
                            39.020773
                        ],
                        [
                            -86.5184846,
                            39.0192518
                        ],
                        [
                            -86.5185913,
                            39.0179861
                        ],
                        [
                            -86.5193853,
                            39.017486
                        ],
                        [
                            -86.5191278,
                            39.0173526
                        ],
                        [
                            -86.5186557,
                            39.0171692
                        ],
                        [
                            -86.5183292,
                            39.0152017
                        ],
                        [
                            -86.5184578,
                            39.0143659
                        ],
                        [
                            -86.5186604,
                            39.0141571
                        ],
                        [
                            -86.5191817,
                            39.0142077
                        ],
                        [
                            -86.5187373,
                            39.0134364
                        ],
                        [
                            -86.519123,
                            39.0126956
                        ],
                        [
                            -86.520899,
                            39.0126977
                        ],
                        [
                            -86.520599,
                            39.0125073
                        ],
                        [
                            -86.5200562,
                            39.012482
                        ],
                        [
                            -86.5200096,
                            39.0123228
                        ],
                        [
                            -86.5205165,
                            39.0123883
                        ],
                        [
                            -86.5198096,
                            39.0116285
                        ],
                        [
                            -86.5184363,
                            39.0108616
                        ],
                        [
                            -86.5162048,
                            39.0082605
                        ],
                        [
                            -86.5134667,
                            39.0070664
                        ],
                        [
                            -86.5133072,
                            39.0070592
                        ],
                        [
                            -86.5132222,
                            39.0070461
                        ],
                        [
                            -86.5130111,
                            39.007009
                        ],
                        [
                            -86.5100249,
                            39.0097278
                        ],
                        [
                            -86.511755,
                            39.0109668
                        ],
                        [
                            -86.5117207,
                            39.0114396
                        ],
                        [
                            -86.5114654,
                            39.0115744
                        ],
                        [
                            -86.5104723,
                            39.0116076
                        ],
                        [
                            -86.5112273,
                            39.0119643
                        ],
                        [
                            -86.5124866,
                            39.0120815
                        ],
                        [
                            -86.5127081,
                            39.0126984
                        ],
                        [
                            -86.5123642,
                            39.0132409
                        ],
                        [
                            -86.5113797,
                            39.0139185
                        ],
                        [
                            -86.5116654,
                            39.0141027
                        ],
                        [
                            -86.5130914,
                            39.013524
                        ],
                        [
                            -86.5132565,
                            39.0135621
                        ],
                        [
                            -86.5132098,
                            39.0140685
                        ],
                        [
                            -86.5121464,
                            39.015063
                        ],
                        [
                            -86.5114541,
                            39.0157425
                        ],
                        [
                            -86.5106282,
                            39.0161104
                        ],
                        [
                            -86.5098834,
                            39.0167185
                        ],
                        [
                            -86.5091088,
                            39.0169688
                        ],
                        [
                            -86.5076646,
                            39.016797
                        ],
                        [
                            -86.506463,
                            39.0153298
                        ],
                        [
                            -86.5055617,
                            39.0134625
                        ],
                        [
                            -86.5038022,
                            39.0112617
                        ],
                        [
                            -86.5019966,
                            39.0084216
                        ],
                        [
                            -86.5013668,
                            39.0078312
                        ],
                        [
                            -86.4991244,
                            39.006393
                        ],
                        [
                            -86.4952621,
                            39.004292
                        ],
                        [
                            -86.4928588,
                            39.0036584
                        ],
                        [
                            -86.4900264,
                            39.0031915
                        ],
                        [
                            -86.4890823,
                            39.0008903
                        ],
                        [
                            -86.4879665,
                            38.9989893
                        ],
                        [
                            -86.4862069,
                            38.9976552
                        ],
                        [
                            -86.4846191,
                            38.9970215
                        ],
                        [
                            -86.4853957,
                            38.9965687
                        ],
                        [
                            -86.4863257,
                            38.9964687
                        ],
                        [
                            -86.4869787,
                            38.9962464
                        ],
                        [
                            -86.4867219,
                            38.9959542
                        ],
                        [
                            -86.4858931,
                            38.9957149
                        ],
                        [
                            -86.4851749,
                            38.994743
                        ],
                        [
                            -86.4847866,
                            38.9946182
                        ],
                        [
                            -86.4850766,
                            38.9957025
                        ],
                        [
                            -86.4846761,
                            38.9961092
                        ],
                        [
                            -86.4842757,
                            38.9959875
                        ],
                        [
                            -86.4829454,
                            38.9957537
                        ],
                        [
                            -86.4813746,
                            38.995586
                        ],
                        [
                            -86.4804134,
                            38.9957541
                        ],
                        [
                            -86.4835033,
                            38.9966212
                        ],
                        [
                            -86.4835033,
                            38.9971215
                        ],
                        [
                            -86.4789667,
                            38.9989583
                        ],
                        [
                            -86.4754698,
                            39.0005309
                        ],
                        [
                            -86.4737615,
                            39.0009237
                        ],
                        [
                            -86.4735238,
                            39.0007158
                        ],
                        [
                            -86.4734349,
                            39.0003865
                        ],
                        [
                            -86.4730561,
                            39.0003602
                        ],
                        [
                            -86.4726457,
                            39.0010904
                        ],
                        [
                            -86.4726886,
                            39.0016574
                        ],
                        [
                            -86.4726886,
                            39.0023244
                        ],
                        [
                            -86.4721736,
                            39.0033582
                        ],
                        [
                            -86.4712724,
                            39.0036584
                        ],
                        [
                            -86.4708003,
                            39.0041253
                        ],
                        [
                            -86.4697703,
                            39.0041253
                        ],
                        [
                            -86.4690408,
                            39.0040586
                        ],
                        [
                            -86.4684829,
                            39.0045255
                        ],
                        [
                            -86.46741,
                            39.0046589
                        ],
                        [
                            -86.4671555,
                            39.003625
                        ],
                        [
                            -86.4672908,
                            39.0024436
                        ],
                        [
                            -86.4667567,
                            39.0024703
                        ],
                        [
                            -86.4667625,
                            39.0028856
                        ],
                        [
                            -86.4662942,
                            39.0035917
                        ],
                        [
                            -86.4651763,
                            39.0032644
                        ],
                        [
                            -86.4640784,
                            39.0026262
                        ],
                        [
                            -86.4644283,
                            39.0032825
                        ],
                        [
                            -86.465098,
                            39.0036746
                        ],
                        [
                            -86.4666575,
                            39.0054998
                        ],
                        [
                            -86.4660796,
                            39.0073268
                        ],
                        [
                            -86.4655471,
                            39.0076978
                        ],
                        [
                            -86.4640539,
                            39.0079105
                        ],
                        [
                            -86.4633006,
                            39.0076259
                        ],
                        [
                            -86.4627392,
                            39.0077117
                        ],
                        [
                            -86.4621078,
                            39.007308
                        ],
                        [
                            -86.4620663,
                            39.007848
                        ],
                        [
                            -86.4610183,
                            39.0080427
                        ],
                        [
                            -86.4602002,
                            39.0078567
                        ],
                        [
                            -86.4585265,
                            39.0071934
                        ],
                        [
                            -86.4568528,
                            39.0072934
                        ],
                        [
                            -86.4602363,
                            39.0087415
                        ],
                        [
                            -86.4621001,
                            39.0091641
                        ],
                        [
                            -86.4620885,
                            39.0095277
                        ],
                        [
                            -86.4601573,
                            39.0098612
                        ],
                        [
                            -86.4587411,
                            39.0108949
                        ],
                        [
                            -86.4578448,
                            39.0113672
                        ],
                        [
                            -86.4566662,
                            39.0115374
                        ],
                        [
                            -86.4548077,
                            39.0112804
                        ],
                        [
                            -86.4538702,
                            39.011714
                        ],
                        [
                            -86.4556083,
                            39.0121621
                        ],
                        [
                            -86.4568957,
                            39.0125622
                        ],
                        [
                            -86.4568849,
                            39.0127802
                        ],
                        [
                            -86.4566328,
                            39.013872
                        ],
                        [
                            -86.457432,
                            39.0133589
                        ],
                        [
                            -86.458131,
                            39.0127638
                        ],
                        [
                            -86.458722,
                            39.0127684
                        ],
                        [
                            -86.4595638,
                            39.0127823
                        ],
                        [
                            -86.4605665,
                            39.0130008
                        ],
                        [
                            -86.4611807,
                            39.0136911
                        ],
                        [
                            -86.4622407,
                            39.0132579
                        ],
                        [
                            -86.4628497,
                            39.0138055
                        ],
                        [
                            -86.4629803,
                            39.0142594
                        ],
                        [
                            -86.462471,
                            39.0151639
                        ],
                        [
                            -86.4624823,
                            39.015629
                        ],
                        [
                            -86.4620051,
                            39.0155153
                        ],
                        [
                            -86.4609391,
                            39.0152311
                        ],
                        [
                            -86.460448,
                            39.0153019
                        ],
                        [
                            -86.460597,
                            39.0159445
                        ],
                        [
                            -86.4601776,
                            39.016223
                        ],
                        [
                            -86.4599876,
                            39.0162274
                        ],
                        [
                            -86.4598058,
                            39.0164675
                        ],
                        [
                            -86.4597568,
                            39.0166319
                        ],
                        [
                            -86.4594467,
                            39.0170702
                        ],
                        [
                            -86.4592615,
                            39.0171782
                        ],
                        [
                            -86.4591145,
                            39.0171572
                        ],
                        [
                            -86.4589145,
                            39.0172049
                        ],
                        [
                            -86.4586088,
                            39.0171961
                        ],
                        [
                            -86.4587482,
                            39.0173944
                        ],
                        [
                            -86.459048,
                            39.0174821
                        ],
                        [
                            -86.4593362,
                            39.0175076
                        ],
                        [
                            -86.459586,
                            39.0174302
                        ],
                        [
                            -86.4596775,
                            39.0172896
                        ],
                        [
                            -86.4602504,
                            39.0172008
                        ],
                        [
                            -86.4605465,
                            39.0172969
                        ],
                        [
                            -86.4605893,
                            39.0173108
                        ],
                        [
                            -86.4607686,
                            39.0174613
                        ],
                        [
                            -86.4607867,
                            39.0176716
                        ],
                        [
                            -86.4606749,
                            39.0178341
                        ],
                        [
                            -86.4604119,
                            39.0181638
                        ],
                        [
                            -86.4602185,
                            39.0182217
                        ],
                        [
                            -86.4599577,
                            39.0182078
                        ],
                        [
                            -86.4599146,
                            39.0181926
                        ],
                        [
                            -86.4597501,
                            39.0181345
                        ],
                        [
                            -86.4596153,
                            39.0183132
                        ],
                        [
                            -86.4597979,
                            39.0184269
                        ],
                        [
                            -86.4599701,
                            39.0186259
                        ],
                        [
                            -86.4598274,
                            39.0189506
                        ],
                        [
                            -86.4596663,
                            39.0190593
                        ],
                        [
                            -86.4596792,
                            39.0192265
                        ],
                        [
                            -86.4598808,
                            39.0193116
                        ],
                        [
                            -86.4600286,
                            39.0198312
                        ],
                        [
                            -86.4604696,
                            39.0198073
                        ],
                        [
                            -86.4606557,
                            39.0201876
                        ],
                        [
                            -86.4605852,
                            39.0209009
                        ],
                        [
                            -86.460929,
                            39.0210745
                        ],
                        [
                            -86.4610218,
                            39.0212201
                        ],
                        [
                            -86.4612208,
                            39.0214262
                        ],
                        [
                            -86.4612667,
                            39.0208882
                        ],
                        [
                            -86.4613879,
                            39.0206331
                        ],
                        [
                            -86.4612093,
                            39.0203735
                        ],
                        [
                            -86.4615768,
                            39.0199452
                        ],
                        [
                            -86.4618549,
                            39.0198244
                        ],
                        [
                            -86.4621743,
                            39.0199312
                        ],
                        [
                            -86.4629308,
                            39.02127
                        ],
                        [
                            -86.4629468,
                            39.0212982
                        ],
                        [
                            -86.463848,
                            39.0223651
                        ],
                        [
                            -86.4649638,
                            39.0231653
                        ],
                        [
                            -86.4646634,
                            39.0240988
                        ],
                        [
                            -86.4634618,
                            39.0248657
                        ],
                        [
                            -86.4620891,
                            39.0252604
                        ],
                        [
                            -86.4603483,
                            39.0247818
                        ],
                        [
                            -86.4595732,
                            39.025512
                        ],
                        [
                            -86.461121,
                            39.0255568
                        ],
                        [
                            -86.4611014,
                            39.0260659
                        ],
                        [
                            -86.4603725,
                            39.0272715
                        ],
                        [
                            -86.4605932,
                            39.0279862
                        ],
                        [
                            -86.4602355,
                            39.0288472
                        ],
                        [
                            -86.4595254,
                            39.0292847
                        ],
                        [
                            -86.4599857,
                            39.0300998
                        ],
                        [
                            -86.4605006,
                            39.0315
                        ],
                        [
                            -86.4612731,
                            39.0328001
                        ],
                        [
                            -86.461831,
                            39.0336001
                        ],
                        [
                            -86.4620027,
                            39.0349002
                        ],
                        [
                            -86.4611873,
                            39.0356002
                        ],
                        [
                            -86.4602861,
                            39.0354002
                        ],
                        [
                            -86.460249,
                            39.0353769
                        ],
                        [
                            -86.4593848,
                            39.0348335
                        ],
                        [
                            -86.4585265,
                            39.0349669
                        ],
                        [
                            -86.4576253,
                            39.0345669
                        ],
                        [
                            -86.4569387,
                            39.0334001
                        ],
                        [
                            -86.4570674,
                            39.0319667
                        ],
                        [
                            -86.4564903,
                            39.031108
                        ],
                        [
                            -86.4567133,
                            39.0320826
                        ],
                        [
                            -86.456252,
                            39.0328334
                        ],
                        [
                            -86.4560765,
                            39.0334076
                        ],
                        [
                            -86.4555655,
                            39.0335234
                        ],
                        [
                            -86.4541921,
                            39.0332001
                        ],
                        [
                            -86.4527759,
                            39.0329334
                        ],
                        [
                            -86.4498147,
                            39.0305332
                        ],
                        [
                            -86.4487847,
                            39.0298331
                        ],
                        [
                            -86.4484974,
                            39.029547
                        ],
                        [
                            -86.4486062,
                            39.0288693
                        ],
                        [
                            -86.4479803,
                            39.0288817
                        ],
                        [
                            -86.4478046,
                            39.0296424
                        ],
                        [
                            -86.4473628,
                            39.0299133
                        ],
                        [
                            -86.4465102,
                            39.029133
                        ],
                        [
                            -86.445111,
                            39.0288125
                        ],
                        [
                            -86.4443309,
                            39.0288891
                        ],
                        [
                            -86.4448509,
                            39.0294954
                        ],
                        [
                            -86.4436857,
                            39.0295987
                        ],
                        [
                            -86.4439782,
                            39.0298998
                        ],
                        [
                            -86.4474115,
                            39.0314333
                        ],
                        [
                            -86.4489135,
                            39.0326334
                        ],
                        [
                            -86.4510593,
                            39.0337335
                        ],
                        [
                            -86.4536342,
                            39.0353002
                        ],
                        [
                            -86.4550075,
                            39.0359669
                        ],
                        [
                            -86.4563273,
                            39.0373358
                        ],
                        [
                            -86.4577728,
                            39.0373725
                        ],
                        [
                            -86.4580786,
                            39.0375807
                        ],
                        [
                            -86.4584753,
                            39.0375187
                        ],
                        [
                            -86.4597272,
                            39.0377361
                        ],
                        [
                            -86.4598574,
                            39.037932
                        ],
                        [
                            -86.460963,
                            39.0381047
                        ],
                        [
                            -86.4619386,
                            39.0382559
                        ],
                        [
                            -86.4624643,
                            39.0378304
                        ],
                        [
                            -86.4629279,
                            39.0379483
                        ],
                        [
                            -86.4633848,
                            39.0383205
                        ],
                        [
                            -86.4635072,
                            39.0385734
                        ],
                        [
                            -86.4635961,
                            39.0383837
                        ],
                        [
                            -86.4634855,
                            39.0381369
                        ],
                        [
                            -86.4635322,
                            39.0378459
                        ],
                        [
                            -86.4635161,
                            39.0373042
                        ],
                        [
                            -86.464003,
                            39.0366735
                        ],
                        [
                            -86.4645246,
                            39.0361889
                        ],
                        [
                            -86.4648755,
                            39.0361
                        ],
                        [
                            -86.4654115,
                            39.0360242
                        ],
                        [
                            -86.465622,
                            39.0360416
                        ],
                        [
                            -86.4658847,
                            39.0361604
                        ],
                        [
                            -86.4658758,
                            39.0359899
                        ],
                        [
                            -86.4656898,
                            39.035775
                        ],
                        [
                            -86.4655386,
                            39.0357316
                        ],
                        [
                            -86.4654814,
                            39.0355985
                        ],
                        [
                            -86.4656899,
                            39.0353424
                        ],
                        [
                            -86.4659094,
                            39.0353484
                        ],
                        [
                            -86.4662993,
                            39.0356688
                        ],
                        [
                            -86.4667234,
                            39.0369003
                        ],
                        [
                            -86.4669379,
                            39.0382336
                        ],
                        [
                            -86.4661655,
                            39.0407336
                        ],
                        [
                            -86.4657363,
                            39.0417336
                        ],
                        [
                            -86.4653072,
                            39.0423335
                        ],
                        [
                            -86.4643201,
                            39.0426669
                        ],
                        [
                            -86.4635905,
                            39.0419336
                        ],
                        [
                            -86.4625177,
                            39.0416336
                        ],
                        [
                            -86.4605865,
                            39.0414669
                        ],
                        [
                            -86.4605865,
                            39.0406669
                        ],
                        [
                            -86.4600715,
                            39.0406336
                        ],
                        [
                            -86.4590415,
                            39.0413336
                        ],
                        [
                            -86.4575824,
                            39.0413003
                        ],
                        [
                            -86.4561662,
                            39.0411336
                        ],
                        [
                            -86.4548787,
                            39.0411669
                        ],
                        [
                            -86.451703,
                            39.0394336
                        ],
                        [
                            -86.4498147,
                            39.0392003
                        ],
                        [
                            -86.4480552,
                            39.0390003
                        ],
                        [
                            -86.4470681,
                            39.038767
                        ],
                        [
                            -86.4462527,
                            39.0380336
                        ],
                        [
                            -86.4454373,
                            39.037667
                        ],
                        [
                            -86.4448794,
                            39.0364669
                        ],
                        [
                            -86.4441499,
                            39.0359336
                        ],
                        [
                            -86.442312,
                            39.0362217
                        ],
                        [
                            -86.4423904,
                            39.0368003
                        ],
                        [
                            -86.4429483,
                            39.0376336
                        ],
                        [
                            -86.4438066,
                            39.038467
                        ],
                        [
                            -86.4445361,
                            39.038767
                        ],
                        [
                            -86.444107,
                            39.039167
                        ],
                        [
                            -86.444027,
                            39.0396515
                        ],
                        [
                            -86.4443792,
                            39.0396465
                        ],
                        [
                            -86.4448302,
                            39.0401493
                        ],
                        [
                            -86.444823,
                            39.0404839
                        ],
                        [
                            -86.4444377,
                            39.0408326
                        ],
                        [
                            -86.4431262,
                            39.0411487
                        ],
                        [
                            -86.4423729,
                            39.0417725
                        ],
                        [
                            -86.4419352,
                            39.0409808
                        ],
                        [
                            -86.4413175,
                            39.0410003
                        ],
                        [
                            -86.4404163,
                            39.0417336
                        ],
                        [
                            -86.4404592,
                            39.0427335
                        ],
                        [
                            -86.4395829,
                            39.0434255
                        ],
                        [
                            -86.4377984,
                            39.0435668
                        ],
                        [
                            -86.4357814,
                            39.0434001
                        ],
                        [
                            -86.4348373,
                            39.0430002
                        ],
                        [
                            -86.432949,
                            39.0435001
                        ],
                        [
                            -86.4323053,
                            39.0440334
                        ],
                        [
                            -86.4316193,
                            39.0447793
                        ],
                        [
                            -86.4311424,
                            39.0450042
                        ],
                        [
                            -86.4306316,
                            39.0459999
                        ],
                        [
                            -86.431334,
                            39.0461452
                        ],
                        [
                            -86.4314617,
                            39.0461716
                        ],
                        [
                            -86.4315465,
                            39.046191
                        ],
                        [
                            -86.4316329,
                            39.0461987
                        ],
                        [
                            -86.4318306,
                            39.0461417
                        ],
                        [
                            -86.4318024,
                            39.0461574
                        ],
                        [
                            -86.4318606,
                            39.0461251
                        ],
                        [
                            -86.431927,
                            39.0460877
                        ],
                        [
                            -86.4319885,
                            39.0460774
                        ],
                        [
                            -86.4320849,
                            39.0460696
                        ],
                        [
                            -86.4321614,
                            39.0460683
                        ],
                        [
                            -86.4322428,
                            39.0460864
                        ],
                        [
                            -86.4323487,
                            39.0460951
                        ],
                        [
                            -86.432399,
                            39.0459986
                        ],
                        [
                            -86.432419,
                            39.0459341
                        ],
                        [
                            -86.432404,
                            39.045867
                        ],
                        [
                            -86.432389,
                            39.0458102
                        ],
                        [
                            -86.4323824,
                            39.0457599
                        ],
                        [
                            -86.4324023,
                            39.0457211
                        ],
                        [
                            -86.4324588,
                            39.0457056
                        ],
                        [
                            -86.4325165,
                            39.0457146
                        ],
                        [
                            -86.4326815,
                            39.0457018
                        ],
                        [
                            -86.4329242,
                            39.0456708
                        ],
                        [
                            -86.4330269,
                            39.0456418
                        ],
                        [
                            -86.4331091,
                            39.0456144
                        ],
                        [
                            -86.4331914,
                            39.0455815
                        ],
                        [
                            -86.4332501,
                            39.0455286
                        ],
                        [
                            -86.433276,
                            39.0454811
                        ],
                        [
                            -86.4332783,
                            39.0454318
                        ],
                        [
                            -86.4333051,
                            39.0454006
                        ],
                        [
                            -86.4333563,
                            39.0454276
                        ],
                        [
                            -86.4333863,
                            39.0454547
                        ],
                        [
                            -86.4334062,
                            39.045496
                        ],
                        [
                            -86.4334129,
                            39.0455528
                        ],
                        [
                            -86.4334029,
                            39.0455825
                        ],
                        [
                            -86.4333796,
                            39.0456212
                        ],
                        [
                            -86.4333962,
                            39.0456483
                        ],
                        [
                            -86.4333879,
                            39.0456857
                        ],
                        [
                            -86.433373,
                            39.0457244
                        ],
                        [
                            -86.4333613,
                            39.0457464
                        ],
                        [
                            -86.4334112,
                            39.0457632
                        ],
                        [
                            -86.4334461,
                            39.0458083
                        ],
                        [
                            -86.4334428,
                            39.0458342
                        ],
                        [
                            -86.4334278,
                            39.0458561
                        ],
                        [
                            -86.4334029,
                            39.0458884
                        ],
                        [
                            -86.4334095,
                            39.0459258
                        ],
                        [
                            -86.4334228,
                            39.0459542
                        ],
                        [
                            -86.4334461,
                            39.0459503
                        ],
                        [
                            -86.4334644,
                            39.0459193
                        ],
                        [
                            -86.4334959,
                            39.0458974
                        ],
                        [
                            -86.4335325,
                            39.0458819
                        ],
                        [
                            -86.4335691,
                            39.0458832
                        ],
                        [
                            -86.4336006,
                            39.0458793
                        ],
                        [
                            -86.4335973,
                            39.0458522
                        ],
                        [
                            -86.4335874,
                            39.0458251
                        ],
                        [
                            -86.4335874,
                            39.0457993
                        ],
                        [
                            -86.433594,
                            39.0457645
                        ],
                        [
                            -86.4336189,
                            39.0457244
                        ],
                        [
                            -86.4336505,
                            39.0456999
                        ],
                        [
                            -86.4336821,
                            39.045687
                        ],
                        [
                            -86.4337336,
                            39.0456677
                        ],
                        [
                            -86.4337685,
                            39.0456444
                        ],
                        [
                            -86.4338067,
                            39.0456199
                        ],
                        [
                            -86.4338632,
                            39.0455863
                        ],
                        [
                            -86.4339264,
                            39.0455554
                        ],
                        [
                            -86.4340194,
                            39.0455399
                        ],
                        [
                            -86.4340793,
                            39.0455437
                        ],
                        [
                            -86.4341192,
                            39.045576
                        ],
                        [
                            -86.4341474,
                            39.0456238
                        ],
                        [
                            -86.434179,
                            39.045678
                        ],
                        [
                            -86.434189,
                            39.0457064
                        ],
                        [
                            -86.4342056,
                            39.0457515
                        ],
                        [
                            -86.4342255,
                            39.0457838
                        ],
                        [
                            -86.4342438,
                            39.045798
                        ],
                        [
                            -86.4342737,
                            39.0457967
                        ],
                        [
                            -86.4343269,
                            39.045767
                        ],
                        [
                            -86.4343734,
                            39.0457348
                        ],
                        [
                            -86.4344033,
                            39.045709
                        ],
                        [
                            -86.4344249,
                            39.0456793
                        ],
                        [
                            -86.4344582,
                            39.0456677
                        ],
                        [
                            -86.4345296,
                            39.0456483
                        ],
                        [
                            -86.4345562,
                            39.0456044
                        ],
                        [
                            -86.4347101,
                            39.0456211
                        ],
                        [
                            -86.4349249,
                            39.0456443
                        ],
                        [
                            -86.4350999,
                            39.0456633
                        ],
                        [
                            -86.4351396,
                            39.045585
                        ],
                        [
                            -86.4351728,
                            39.0454586
                        ],
                        [
                            -86.4352376,
                            39.0452224
                        ],
                        [
                            -86.4353041,
                            39.0449371
                        ],
                        [
                            -86.4353174,
                            39.0448197
                        ],
                        [
                            -86.4353237,
                            39.0447613
                        ],
                        [
                            -86.4353576,
                            39.0447499
                        ],
                        [
                            -86.4353959,
                            39.0447528
                        ],
                        [
                            -86.4354265,
                            39.0447747
                        ],
                        [
                            -86.435457,
                            39.0448076
                        ],
                        [
                            -86.4354735,
                            39.0448605
                        ],
                        [
                            -86.4354876,
                            39.0449901
                        ],
                        [
                            -86.4354923,
                            39.0450887
                        ],
                        [
                            -86.4354664,
                            39.0452292
                        ],
                        [
                            -86.4354523,
                            39.0453625
                        ],
                        [
                            -86.4354359,
                            39.0454556
                        ],
                        [
                            -86.4353818,
                            39.0456545
                        ],
                        [
                            -86.4353207,
                            39.0458225
                        ],
                        [
                            -86.4352949,
                            39.0458955
                        ],
                        [
                            -86.4352526,
                            39.0459575
                        ],
                        [
                            -86.4351844,
                            39.0460196
                        ],
                        [
                            -86.4351069,
                            39.0460671
                        ],
                        [
                            -86.4350622,
                            39.0461291
                        ],
                        [
                            -86.4350387,
                            39.0462149
                        ],
                        [
                            -86.4350599,
                            39.0463007
                        ],
                        [
                            -86.4351116,
                            39.0463883
                        ],
                        [
                            -86.4352056,
                            39.0464796
                        ],
                        [
                            -86.4352842,
                            39.0465225
                        ],
                        [
                            -86.4359912,
                            39.0460281
                        ],
                        [
                            -86.4369863,
                            39.0459393
                        ],
                        [
                            -86.4382564,
                            39.0461057
                        ],
                        [
                            -86.4392083,
                            39.0464325
                        ],
                        [
                            -86.4399442,
                            39.0461999
                        ],
                        [
                            -86.4403368,
                            39.0463959
                        ],
                        [
                            -86.440032,
                            39.0468873
                        ],
                        [
                            -86.4392591,
                            39.047141
                        ],
                        [
                            -86.437931,
                            39.0491967
                        ],
                        [
                            -86.4374917,
                            39.0504906
                        ],
                        [
                            -86.4332065,
                            39.0531655
                        ],
                        [
                            -86.4317903,
                            39.0544652
                        ],
                        [
                            -86.430889,
                            39.0560981
                        ],
                        [
                            -86.4308836,
                            39.0581975
                        ],
                        [
                            -86.4303741,
                            39.0602969
                        ],
                        [
                            -86.4297303,
                            39.0614134
                        ],
                        [
                            -86.4285212,
                            39.0621305
                        ],
                        [
                            -86.4275281,
                            39.0632112
                        ],
                        [
                            -86.4255246,
                            39.0645955
                        ],
                        [
                            -86.424838,
                            39.0657284
                        ],
                        [
                            -86.425374,
                            39.0663603
                        ],
                        [
                            -86.4253014,
                            39.067256
                        ],
                        [
                            -86.4258901,
                            39.0672912
                        ],
                        [
                            -86.4262455,
                            39.0679753
                        ],
                        [
                            -86.4239797,
                            39.0693935
                        ],
                        [
                            -86.4226922,
                            39.0695268
                        ],
                        [
                            -86.422306,
                            39.06996
                        ],
                        [
                            -86.4234647,
                            39.0704931
                        ],
                        [
                            -86.423293,
                            39.0713926
                        ],
                        [
                            -86.4219197,
                            39.071959
                        ],
                        [
                            -86.4195165,
                            39.0714926
                        ],
                        [
                            -86.4180574,
                            39.0708596
                        ],
                        [
                            -86.4169845,
                            39.06996
                        ],
                        [
                            -86.4138239,
                            39.0698791
                        ],
                        [
                            -86.4130792,
                            39.06986
                        ],
                        [
                            -86.4128376,
                            39.0698037
                        ],
                        [
                            -86.4113108,
                            39.0692244
                        ],
                        [
                            -86.4105043,
                            39.0692603
                        ],
                        [
                            -86.4095556,
                            39.0691046
                        ],
                        [
                            -86.4086842,
                            39.0689616
                        ],
                        [
                            -86.4083028,
                            39.0682507
                        ],
                        [
                            -86.4074892,
                            39.0687561
                        ],
                        [
                            -86.4055161,
                            39.0684417
                        ],
                        [
                            -86.4052257,
                            39.068394
                        ],
                        [
                            -86.4043244,
                            39.0690604
                        ],
                        [
                            -86.4041751,
                            39.0693028
                        ],
                        [
                            -86.4038524,
                            39.0698267
                        ],
                        [
                            -86.4025649,
                            39.0701266
                        ],
                        [
                            -86.4016637,
                            39.0695935
                        ],
                        [
                            -86.401482,
                            39.0690705
                        ],
                        [
                            -86.4020365,
                            39.0686717
                        ],
                        [
                            -86.4025093,
                            39.0685007
                        ],
                        [
                            -86.4023952,
                            39.0682697
                        ],
                        [
                            -86.4024237,
                            39.0680671
                        ],
                        [
                            -86.4021424,
                            39.0681526
                        ],
                        [
                            -86.4019345,
                            39.0682792
                        ],
                        [
                            -86.4018775,
                            39.0679373
                        ],
                        [
                            -86.4015391,
                            39.0680006
                        ],
                        [
                            -86.4015391,
                            39.068238
                        ],
                        [
                            -86.4011058,
                            39.0683273
                        ],
                        [
                            -86.4007156,
                            39.0681969
                        ],
                        [
                            -86.4007156,
                            39.0677348
                        ],
                        [
                            -86.4007564,
                            39.0674372
                        ],
                        [
                            -86.4007278,
                            39.067222
                        ],
                        [
                            -86.4002182,
                            39.0670764
                        ],
                        [
                            -86.4002142,
                            39.0675006
                        ],
                        [
                            -86.3999492,
                            39.0676113
                        ],
                        [
                            -86.3995179,
                            39.0675943
                        ],
                        [
                            -86.3995007,
                            39.0674467
                        ],
                        [
                            -86.3987015,
                            39.0674374
                        ],
                        [
                            -86.3985916,
                            39.0672568
                        ],
                        [
                            -86.3985794,
                            39.0670036
                        ],
                        [
                            -86.3983022,
                            39.0670289
                        ],
                        [
                            -86.397919,
                            39.0675765
                        ],
                        [
                            -86.3972708,
                            39.0678234
                        ],
                        [
                            -86.3970694,
                            39.0676096
                        ],
                        [
                            -86.3969977,
                            39.0672758
                        ],
                        [
                            -86.397018,
                            39.0668992
                        ],
                        [
                            -86.3970507,
                            39.0667504
                        ],
                        [
                            -86.3969161,
                            39.0667821
                        ],
                        [
                            -86.3967408,
                            39.0671587
                        ],
                        [
                            -86.3965696,
                            39.0673866
                        ],
                        [
                            -86.3962312,
                            39.0675164
                        ],
                        [
                            -86.395956,
                            39.0674277
                        ],
                        [
                            -86.3951061,
                            39.0671555
                        ],
                        [
                            -86.3944645,
                            39.0666836
                        ],
                        [
                            -86.3930595,
                            39.0653374
                        ],
                        [
                            -86.3930963,
                            39.0648861
                        ],
                        [
                            -86.393826,
                            39.0645284
                        ],
                        [
                            -86.3945027,
                            39.064022
                        ],
                        [
                            -86.3944987,
                            39.0639397
                        ],
                        [
                            -86.3943681,
                            39.0638957
                        ],
                        [
                            -86.3923511,
                            39.0643956
                        ],
                        [
                            -86.3917469,
                            39.0641106
                        ],
                        [
                            -86.3914069,
                            39.0636958
                        ],
                        [
                            -86.3913841,
                            39.0630945
                        ],
                        [
                            -86.3914204,
                            39.0625256
                        ],
                        [
                            -86.3917503,
                            39.0619298
                        ],
                        [
                            -86.3926438,
                            39.0614295
                        ],
                        [
                            -86.3931248,
                            39.0607415
                        ],
                        [
                            -86.3937955,
                            39.0598714
                        ],
                        [
                            -86.3949689,
                            39.058964
                        ],
                        [
                            -86.394871,
                            39.0587567
                        ],
                        [
                            -86.3948615,
                            39.058416
                        ],
                        [
                            -86.3944968,
                            39.0579643
                        ],
                        [
                            -86.3941688,
                            39.0577544
                        ],
                        [
                            -86.3939007,
                            39.0580704
                        ],
                        [
                            -86.3936385,
                            39.0584642
                        ],
                        [
                            -86.3926086,
                            39.0593972
                        ],
                        [
                            -86.3914928,
                            39.0593306
                        ],
                        [
                            -86.3909349,
                            39.0584308
                        ],
                        [
                            -86.3907632,
                            39.0573978
                        ],
                        [
                            -86.3904342,
                            39.0567825
                        ],
                        [
                            -86.389856,
                            39.056411
                        ],
                        [
                            -86.3890037,
                            39.0556982
                        ],
                        [
                            -86.3889503,
                            39.0551933
                        ],
                        [
                            -86.3891402,
                            39.0546618
                        ],
                        [
                            -86.3902053,
                            39.053732
                        ],
                        [
                            -86.3906625,
                            39.0535408
                        ],
                        [
                            -86.3908919,
                            39.0530988
                        ],
                        [
                            -86.3911354,
                            39.0526797
                        ],
                        [
                            -86.3909349,
                            39.051999
                        ],
                        [
                            -86.3902911,
                            39.0511992
                        ],
                        [
                            -86.389347,
                            39.0502993
                        ],
                        [
                            -86.3884458,
                            39.0493328
                        ],
                        [
                            -86.3885882,
                            39.0480997
                        ],
                        [
                            -86.3891753,
                            39.0460332
                        ],
                        [
                            -86.3893253,
                            39.0457969
                        ],
                        [
                            -86.3893549,
                            39.045348
                        ],
                        [
                            -86.3889519,
                            39.0448458
                        ],
                        [
                            -86.3884222,
                            39.0445667
                        ],
                        [
                            -86.3883984,
                            39.0441867
                        ],
                        [
                            -86.3881008,
                            39.0439269
                        ],
                        [
                            -86.387973,
                            39.0436849
                        ],
                        [
                            -86.3872913,
                            39.0434752
                        ],
                        [
                            -86.3870836,
                            39.0439413
                        ],
                        [
                            -86.387245,
                            39.0441021
                        ],
                        [
                            -86.3870378,
                            39.0442666
                        ],
                        [
                            -86.3871306,
                            39.0447812
                        ],
                        [
                            -86.3872412,
                            39.045282
                        ],
                        [
                            -86.3874505,
                            39.0457285
                        ],
                        [
                            -86.3873294,
                            39.0460747
                        ],
                        [
                            -86.3869085,
                            39.0470669
                        ],
                        [
                            -86.3870832,
                            39.0474116
                        ],
                        [
                            -86.3869019,
                            39.0475741
                        ],
                        [
                            -86.3866531,
                            39.0478241
                        ],
                        [
                            -86.3867476,
                            39.0481783
                        ],
                        [
                            -86.3861713,
                            39.0491662
                        ],
                        [
                            -86.3849465,
                            39.0497507
                        ],
                        [
                            -86.3835512,
                            39.0501564
                        ],
                        [
                            -86.3838753,
                            39.050419
                        ],
                        [
                            -86.3863858,
                            39.050166
                        ],
                        [
                            -86.3870296,
                            39.0509325
                        ],
                        [
                            -86.3881467,
                            39.0516459
                        ],
                        [
                            -86.3883482,
                            39.0520185
                        ],
                        [
                            -86.3884647,
                            39.0524057
                        ],
                        [
                            -86.3881188,
                            39.0530214
                        ],
                        [
                            -86.3876784,
                            39.0534902
                        ],
                        [
                            -86.3867487,
                            39.0540497
                        ],
                        [
                            -86.3865177,
                            39.0540637
                        ],
                        [
                            -86.3863399,
                            39.0539784
                        ],
                        [
                            -86.3861759,
                            39.0540872
                        ],
                        [
                            -86.3862821,
                            39.054196
                        ],
                        [
                            -86.3862867,
                            39.0543632
                        ],
                        [
                            -86.3860872,
                            39.0549946
                        ],
                        [
                            -86.3860723,
                            39.0553114
                        ],
                        [
                            -86.3861378,
                            39.0556584
                        ],
                        [
                            -86.3861854,
                            39.0559454
                        ],
                        [
                            -86.3860678,
                            39.0561466
                        ],
                        [
                            -86.3858298,
                            39.0561995
                        ],
                        [
                            -86.3858062,
                            39.0564096
                        ],
                        [
                            -86.3859495,
                            39.0565801
                        ],
                        [
                            -86.3861285,
                            39.0567137
                        ],
                        [
                            -86.386117,
                            39.0569304
                        ],
                        [
                            -86.3860115,
                            39.0572903
                        ],
                        [
                            -86.3850661,
                            39.058091
                        ],
                        [
                            -86.3850383,
                            39.0583605
                        ],
                        [
                            -86.3860365,
                            39.0581586
                        ],
                        [
                            -86.3869217,
                            39.0581186
                        ],
                        [
                            -86.3870244,
                            39.0583807
                        ],
                        [
                            -86.3872643,
                            39.0588454
                        ],
                        [
                            -86.3877289,
                            39.0593332
                        ],
                        [
                            -86.3877112,
                            39.0596915
                        ],
                        [
                            -86.3874108,
                            39.0600693
                        ],
                        [
                            -86.3869437,
                            39.0606968
                        ],
                        [
                            -86.3861283,
                            39.0612633
                        ],
                        [
                            -86.3841972,
                            39.0621963
                        ],
                        [
                            -86.3831579,
                            39.0627007
                        ],
                        [
                            -86.382738,
                            39.0630294
                        ],
                        [
                            -86.381236,
                            39.0639291
                        ],
                        [
                            -86.3810197,
                            39.0643091
                        ],
                        [
                            -86.3804206,
                            39.0647288
                        ],
                        [
                            -86.3781461,
                            39.0677276
                        ],
                        [
                            -86.3775681,
                            39.0679572
                        ],
                        [
                            -86.3771661,
                            39.0680994
                        ],
                        [
                            -86.3768705,
                            39.0680898
                        ],
                        [
                            -86.3764935,
                            39.0680648
                        ],
                        [
                            -86.3762955,
                            39.0680119
                        ],
                        [
                            -86.3761682,
                            39.0679176
                        ],
                        [
                            -86.3759982,
                            39.0678062
                        ],
                        [
                            -86.3758186,
                            39.0676661
                        ],
                        [
                            -86.375639,
                            39.06752
                        ],
                        [
                            -86.3755209,
                            39.0675795
                        ],
                        [
                            -86.3757998,
                            39.0680995
                        ],
                        [
                            -86.3759629,
                            39.0684911
                        ],
                        [
                            -86.3760376,
                            39.0687847
                        ],
                        [
                            -86.3760688,
                            39.0690066
                        ],
                        [
                            -86.3761826,
                            39.0692853
                        ],
                        [
                            -86.3761833,
                            39.0697326
                        ],
                        [
                            -86.3761103,
                            39.0698304
                        ],
                        [
                            -86.376022,
                            39.0699539
                        ],
                        [
                            -86.3758883,
                            39.0700956
                        ],
                        [
                            -86.3758326,
                            39.0702081
                        ],
                        [
                            -86.3755195,
                            39.0702593
                        ],
                        [
                            -86.3755727,
                            39.0704627
                        ],
                        [
                            -86.3755183,
                            39.0705835
                        ],
                        [
                            -86.3753585,
                            39.0706637
                        ],
                        [
                            -86.3751131,
                            39.0706304
                        ],
                        [
                            -86.3749905,
                            39.0705734
                        ],
                        [
                            -86.374811,
                            39.0706807
                        ],
                        [
                            -86.3746733,
                            39.0707542
                        ],
                        [
                            -86.3746423,
                            39.0708313
                        ],
                        [
                            -86.3747011,
                            39.0708827
                        ],
                        [
                            -86.3748181,
                            39.0708463
                        ],
                        [
                            -86.3750238,
                            39.0708137
                        ],
                        [
                            -86.3753848,
                            39.0708457
                        ],
                        [
                            -86.3755018,
                            39.07084
                        ],
                        [
                            -86.3756837,
                            39.0707589
                        ],
                        [
                            -86.375977,
                            39.0707013
                        ],
                        [
                            -86.3761899,
                            39.0707409
                        ],
                        [
                            -86.3763419,
                            39.0708354
                        ],
                        [
                            -86.3764346,
                            39.0709551
                        ],
                        [
                            -86.3765132,
                            39.0711536
                        ],
                        [
                            -86.3765049,
                            39.0714407
                        ],
                        [
                            -86.3764712,
                            39.0718178
                        ],
                        [
                            -86.3764423,
                            39.0722335
                        ],
                        [
                            -86.3763182,
                            39.0726154
                        ],
                        [
                            -86.3763264,
                            39.0732247
                        ],
                        [
                            -86.3762508,
                            39.0734808
                        ],
                        [
                            -86.3761871,
                            39.0738905
                        ],
                        [
                            -86.3762647,
                            39.0742135
                        ],
                        [
                            -86.3761006,
                            39.0748068
                        ],
                        [
                            -86.3760971,
                            39.0752465
                        ],
                        [
                            -86.3760391,
                            39.075706
                        ],
                        [
                            -86.3760073,
                            39.075913
                        ],
                        [
                            -86.3760322,
                            39.0761411
                        ],
                        [
                            -86.3761066,
                            39.0764057
                        ],
                        [
                            -86.3762149,
                            39.077323
                        ],
                        [
                            -86.3760948,
                            39.0773109
                        ],
                        [
                            -86.3758724,
                            39.0771793
                        ],
                        [
                            -86.3754994,
                            39.0770429
                        ],
                        [
                            -86.3755514,
                            39.0769768
                        ],
                        [
                            -86.3759438,
                            39.0769529
                        ],
                        [
                            -86.3759154,
                            39.0768382
                        ],
                        [
                            -86.3756035,
                            39.0768359
                        ],
                        [
                            -86.3753884,
                            39.0767302
                        ],
                        [
                            -86.3753884,
                            39.0765272
                        ],
                        [
                            -86.3751791,
                            39.0764732
                        ],
                        [
                            -86.3748262,
                            39.0760927
                        ],
                        [
                            -86.3747194,
                            39.0759029
                        ],
                        [
                            -86.3745266,
                            39.075553
                        ],
                        [
                            -86.3743404,
                            39.0756
                        ],
                        [
                            -86.3743078,
                            39.0759351
                        ],
                        [
                            -86.3741343,
                            39.076222
                        ],
                        [
                            -86.3738271,
                            39.0763175
                        ],
                        [
                            -86.3736675,
                            39.0764125
                        ],
                        [
                            -86.3718908,
                            39.0768056
                        ],
                        [
                            -86.3714702,
                            39.0766057
                        ],
                        [
                            -86.3714273,
                            39.0759861
                        ],
                        [
                            -86.3712728,
                            39.075413
                        ],
                        [
                            -86.3714874,
                            39.0749466
                        ],
                        [
                            -86.3714616,
                            39.0744735
                        ],
                        [
                            -86.3710582,
                            39.0748067
                        ],
                        [
                            -86.3707407,
                            39.0749333
                        ],
                        [
                            -86.3704574,
                            39.07488
                        ],
                        [
                            -86.3701742,
                            39.0747201
                        ],
                        [
                            -86.3689622,
                            39.0736249
                        ],
                        [
                            -86.3678893,
                            39.072692
                        ],
                        [
                            -86.3676318,
                            39.0716259
                        ],
                        [
                            -86.3669866,
                            39.0706116
                        ],
                        [
                            -86.3668277,
                            39.0701024
                        ],
                        [
                            -86.367514,
                            39.0697598
                        ],
                        [
                            -86.3688733,
                            39.069449
                        ],
                        [
                            -86.3680669,
                            39.0692172
                        ],
                        [
                            -86.3672417,
                            39.0692642
                        ],
                        [
                            -86.3669713,
                            39.0689107
                        ],
                        [
                            -86.3669628,
                            39.0684853
                        ],
                        [
                            -86.36824,
                            39.0662691
                        ],
                        [
                            -86.3683949,
                            39.0662063
                        ],
                        [
                            -86.3688809,
                            39.0662583
                        ],
                        [
                            -86.3692999,
                            39.0665895
                        ],
                        [
                            -86.3691691,
                            39.0661586
                        ],
                        [
                            -86.3690917,
                            39.0658252
                        ],
                        [
                            -86.3688938,
                            39.0656759
                        ],
                        [
                            -86.3686442,
                            39.0654667
                        ],
                        [
                            -86.3686828,
                            39.0652321
                        ],
                        [
                            -86.3689106,
                            39.0649298
                        ],
                        [
                            -86.3691504,
                            39.0648571
                        ],
                        [
                            -86.3694879,
                            39.0648208
                        ],
                        [
                            -86.3699597,
                            39.0646734
                        ],
                        [
                            -86.3705573,
                            39.0641513
                        ],
                        [
                            -86.3710729,
                            39.0635642
                        ],
                        [
                            -86.3719299,
                            39.0630942
                        ],
                        [
                            -86.3714032,
                            39.0630065
                        ],
                        [
                            -86.3711881,
                            39.0625821
                        ],
                        [
                            -86.3707073,
                            39.0631675
                        ],
                        [
                            -86.3701248,
                            39.0635599
                        ],
                        [
                            -86.3691768,
                            39.064029
                        ],
                        [
                            -86.3695609,
                            39.0631991
                        ],
                        [
                            -86.3700171,
                            39.0623318
                        ],
                        [
                            -86.3703807,
                            39.061167
                        ],
                        [
                            -86.3706359,
                            39.0596971
                        ],
                        [
                            -86.3700893,
                            39.0572488
                        ],
                        [
                            -86.3691339,
                            39.0556316
                        ],
                        [
                            -86.3678464,
                            39.0547651
                        ],
                        [
                            -86.3658294,
                            39.0540986
                        ],
                        [
                            -86.3654294,
                            39.0534642
                        ],
                        [
                            -86.3649881,
                            39.0532637
                        ],
                        [
                            -86.3644967,
                            39.0533801
                        ],
                        [
                            -86.3644134,
                            39.053904
                        ],
                        [
                            -86.3634141,
                            39.053891
                        ],
                        [
                            -86.3629894,
                            39.0533543
                        ],
                        [
                            -86.3627974,
                            39.0530911
                        ],
                        [
                            -86.362673,
                            39.0533349
                        ],
                        [
                            -86.3627562,
                            39.0539751
                        ],
                        [
                            -86.3620151,
                            39.0538393
                        ],
                        [
                            -86.3618569,
                            39.0533543
                        ],
                        [
                            -86.3608916,
                            39.0537041
                        ],
                        [
                            -86.3586196,
                            39.0537987
                        ],
                        [
                            -86.3572892,
                            39.053732
                        ],
                        [
                            -86.3557014,
                            39.0531655
                        ],
                        [
                            -86.3530406,
                            39.0529655
                        ],
                        [
                            -86.3517102,
                            39.0520657
                        ],
                        [
                            -86.3503369,
                            39.0514325
                        ],
                        [
                            -86.3514527,
                            39.0537653
                        ],
                        [
                            -86.3499078,
                            39.0541652
                        ],
                        [
                            -86.3488349,
                            39.0542319
                        ],
                        [
                            -86.3475904,
                            39.0538986
                        ],
                        [
                            -86.345745,
                            39.0534654
                        ],
                        [
                            -86.3445005,
                            39.0534321
                        ],
                        [
                            -86.3427409,
                            39.0531321
                        ],
                        [
                            -86.3413247,
                            39.0525989
                        ],
                        [
                            -86.3402089,
                            39.0517657
                        ],
                        [
                            -86.3397798,
                            39.0507992
                        ],
                        [
                            -86.3393817,
                            39.0504632
                        ],
                        [
                            -86.3394127,
                            39.0500956
                        ],
                        [
                            -86.3392876,
                            39.0498718
                        ],
                        [
                            -86.3389759,
                            39.049747
                        ],
                        [
                            -86.3387787,
                            39.0496988
                        ],
                        [
                            -86.3386437,
                            39.0497184
                        ],
                        [
                            -86.338422,
                            39.0497093
                        ],
                        [
                            -86.3382642,
                            39.0497028
                        ],
                        [
                            -86.3379641,
                            39.0498215
                        ],
                        [
                            -86.3374553,
                            39.049858
                        ],
                        [
                            -86.3371707,
                            39.0501138
                        ],
                        [
                            -86.3372907,
                            39.0504993
                        ],
                        [
                            -86.33749,
                            39.0507992
                        ],
                        [
                            -86.3377298,
                            39.0510992
                        ],
                        [
                            -86.3379975,
                            39.0513204
                        ],
                        [
                            -86.3380402,
                            39.0517561
                        ],
                        [
                            -86.3380226,
                            39.0519632
                        ],
                        [
                            -86.33816,
                            39.0522538
                        ],
                        [
                            -86.3381875,
                            39.052312
                        ],
                        [
                            -86.3384747,
                            39.0527647
                        ],
                        [
                            -86.3390593,
                            39.0533748
                        ],
                        [
                            -86.3395627,
                            39.0538254
                        ],
                        [
                            -86.3396537,
                            39.0543022
                        ],
                        [
                            -86.3395368,
                            39.0548707
                        ],
                        [
                            -86.3393726,
                            39.0552187
                        ],
                        [
                            -86.3390306,
                            39.0555159
                        ],
                        [
                            -86.3389833,
                            39.0557656
                        ],
                        [
                            -86.3393077,
                            39.056498
                        ],
                        [
                            -86.3389681,
                            39.0571419
                        ],
                        [
                            -86.3387693,
                            39.0575676
                        ],
                        [
                            -86.3388268,
                            39.0579941
                        ],
                        [
                            -86.3385352,
                            39.0583642
                        ],
                        [
                            -86.3378775,
                            39.0589091
                        ],
                        [
                            -86.3373477,
                            39.0594097
                        ],
                        [
                            -86.3367657,
                            39.0598888
                        ],
                        [
                            -86.3363895,
                            39.0603969
                        ],
                        [
                            -86.3354024,
                            39.0615299
                        ],
                        [
                            -86.3321408,
                            39.0632626
                        ],
                        [
                            -86.3316304,
                            39.0636949
                        ],
                        [
                            -86.3315265,
                            39.0640536
                        ],
                        [
                            -86.3313244,
                            39.0643006
                        ],
                        [
                            -86.3310072,
                            39.064495
                        ],
                        [
                            -86.331538,
                            39.0648417
                        ],
                        [
                            -86.3321253,
                            39.0658401
                        ],
                        [
                            -86.3323227,
                            39.0671896
                        ],
                        [
                            -86.3320824,
                            39.0725905
                        ],
                        [
                            -86.3282071,
                            39.074886
                        ],
                        [
                            -86.3273879,
                            39.0760195
                        ],
                        [
                            -86.3282514,
                            39.0758998
                        ],
                        [
                            -86.3289749,
                            39.076243
                        ],
                        [
                            -86.3293286,
                            39.076374
                        ],
                        [
                            -86.329409,
                            39.0760745
                        ],
                        [
                            -86.3290231,
                            39.0756813
                        ],
                        [
                            -86.3290633,
                            39.0753444
                        ],
                        [
                            -86.3294492,
                            39.0750323
                        ],
                        [
                            -86.3301083,
                            39.0750261
                        ],
                        [
                            -86.3305665,
                            39.0754629
                        ],
                        [
                            -86.3299234,
                            39.0760058
                        ],
                        [
                            -86.3295592,
                            39.0766914
                        ],
                        [
                            -86.3289829,
                            39.0771353
                        ],
                        [
                            -86.3284589,
                            39.0771581
                        ],
                        [
                            -86.3267051,
                            39.0774497
                        ],
                        [
                            -86.3260451,
                            39.0754828
                        ],
                        [
                            -86.3256361,
                            39.0749986
                        ],
                        [
                            -86.3250192,
                            39.0747493
                        ],
                        [
                            -86.3243527,
                            39.0741895
                        ],
                        [
                            -86.3239285,
                            39.0731651
                        ],
                        [
                            -86.3237029,
                            39.0725337
                        ],
                        [
                            -86.3232309,
                            39.0725262
                        ],
                        [
                            -86.3230424,
                            39.072871
                        ],
                        [
                            -86.3225723,
                            39.0727531
                        ],
                        [
                            -86.3224178,
                            39.0692187
                        ],
                        [
                            -86.3206871,
                            39.0675879
                        ],
                        [
                            -86.3200008,
                            39.0678723
                        ],
                        [
                            -86.3196142,
                            39.0684107
                        ],
                        [
                            -86.319416,
                            39.0685898
                        ],
                        [
                            -86.3190443,
                            39.0687768
                        ],
                        [
                            -86.3186162,
                            39.0688104
                        ],
                        [
                            -86.3179357,
                            39.068634
                        ],
                        [
                            -86.3176256,
                            39.0684441
                        ],
                        [
                            -86.3173508,
                            39.0669737
                        ],
                        [
                            -86.3174337,
                            39.066767
                        ],
                        [
                            -86.3173249,
                            39.0666764
                        ],
                        [
                            -86.3174811,
                            39.0665649
                        ],
                        [
                            -86.3179911,
                            39.0664097
                        ],
                        [
                            -86.3182289,
                            39.0660853
                        ],
                        [
                            -86.3182639,
                            39.0658084
                        ],
                        [
                            -86.3181639,
                            39.0653202
                        ],
                        [
                            -86.3177049,
                            39.0654705
                        ],
                        [
                            -86.3173306,
                            39.0659298
                        ],
                        [
                            -86.3170526,
                            39.0662933
                        ],
                        [
                            -86.3160217,
                            39.0664227
                        ],
                        [
                            -86.3151158,
                            39.0667012
                        ],
                        [
                            -86.3145214,
                            39.0668839
                        ],
                        [
                            -86.3155415,
                            39.0672137
                        ],
                        [
                            -86.3166097,
                            39.0673654
                        ],
                        [
                            -86.3172871,
                            39.0686701
                        ],
                        [
                            -86.318186,
                            39.0690949
                        ],
                        [
                            -86.319176,
                            39.0691253
                        ],
                        [
                            -86.3198794,
                            39.0686499
                        ],
                        [
                            -86.3203028,
                            39.0682058
                        ],
                        [
                            -86.3220409,
                            39.0696868
                        ],
                        [
                            -86.32191,
                            39.0724072
                        ],
                        [
                            -86.3215883,
                            39.0724413
                        ],
                        [
                            -86.3198887,
                            39.0698234
                        ],
                        [
                            -86.3184982,
                            39.0696685
                        ],
                        [
                            -86.3180927,
                            39.0704531
                        ],
                        [
                            -86.3194467,
                            39.0716326
                        ],
                        [
                            -86.3192084,
                            39.0721812
                        ],
                        [
                            -86.3199209,
                            39.0732685
                        ],
                        [
                            -86.3187772,
                            39.0753724
                        ],
                        [
                            -86.3199857,
                            39.0769618
                        ],
                        [
                            -86.3193501,
                            39.0772297
                        ],
                        [
                            -86.3201462,
                            39.0781575
                        ],
                        [
                            -86.3208393,
                            39.0780843
                        ],
                        [
                            -86.3223942,
                            39.0789405
                        ],
                        [
                            -86.3243742,
                            39.0804277
                        ],
                        [
                            -86.3254076,
                            39.0805995
                        ],
                        [
                            -86.3259012,
                            39.0815748
                        ],
                        [
                            -86.3269592,
                            39.0826694
                        ],
                        [
                            -86.3256942,
                            39.0835185
                        ],
                        [
                            -86.324095,
                            39.0835911
                        ],
                        [
                            -86.3241942,
                            39.0841285
                        ],
                        [
                            -86.3250554,
                            39.0842779
                        ],
                        [
                            -86.3251189,
                            39.0849422
                        ],
                        [
                            -86.3254598,
                            39.0850086
                        ],
                        [
                            -86.3259121,
                            39.0845009
                        ],
                        [
                            -86.3278236,
                            39.0835299
                        ],
                        [
                            -86.3278371,
                            39.0835404
                        ],
                        [
                            -86.3288676,
                            39.0843389
                        ],
                        [
                            -86.3302821,
                            39.0876799
                        ],
                        [
                            -86.3305939,
                            39.0908476
                        ],
                        [
                            -86.3294975,
                            39.0917686
                        ],
                        [
                            -86.3279087,
                            39.0925895
                        ],
                        [
                            -86.329933,
                            39.0937421
                        ],
                        [
                            -86.3316625,
                            39.0941834
                        ],
                        [
                            -86.3318921,
                            39.0934107
                        ],
                        [
                            -86.3317848,
                            39.0923998
                        ],
                        [
                            -86.3320334,
                            39.0921617
                        ],
                        [
                            -86.3322707,
                            39.0919345
                        ],
                        [
                            -86.3337585,
                            39.0924227
                        ],
                        [
                            -86.33406,
                            39.0923209
                        ],
                        [
                            -86.3327518,
                            39.0915911
                        ],
                        [
                            -86.3327032,
                            39.0909259
                        ],
                        [
                            -86.3324522,
                            39.0896968
                        ],
                        [
                            -86.3334711,
                            39.0882904
                        ],
                        [
                            -86.3342258,
                            39.0882064
                        ],
                        [
                            -86.3346693,
                            39.0884433
                        ],
                        [
                            -86.33544,
                            39.0887259
                        ],
                        [
                            -86.3362521,
                            39.0888609
                        ],
                        [
                            -86.3365567,
                            39.08875
                        ],
                        [
                            -86.336188,
                            39.0884848
                        ],
                        [
                            -86.3348979,
                            39.0879353
                        ],
                        [
                            -86.3336645,
                            39.0866423
                        ],
                        [
                            -86.3348254,
                            39.0852449
                        ],
                        [
                            -86.3337453,
                            39.0833495
                        ],
                        [
                            -86.3361236,
                            39.0813507
                        ],
                        [
                            -86.3382157,
                            39.0807777
                        ],
                        [
                            -86.34038,
                            39.0792103
                        ],
                        [
                            -86.3420001,
                            39.0759238
                        ],
                        [
                            -86.3403672,
                            39.0718542
                        ],
                        [
                            -86.3372129,
                            39.0733152
                        ],
                        [
                            -86.3367966,
                            39.0728504
                        ],
                        [
                            -86.3381763,
                            39.0707397
                        ],
                        [
                            -86.3378931,
                            39.0700784
                        ],
                        [
                            -86.336155,
                            39.0683824
                        ],
                        [
                            -86.3354298,
                            39.0674295
                        ],
                        [
                            -86.3363465,
                            39.0648621
                        ],
                        [
                            -86.337634,
                            39.0663282
                        ],
                        [
                            -86.3384494,
                            39.0662615
                        ],
                        [
                            -86.3376769,
                            39.0639957
                        ],
                        [
                            -86.337119,
                            39.0628628
                        ],
                        [
                            -86.3386211,
                            39.062163
                        ],
                        [
                            -86.3400802,
                            39.0627628
                        ],
                        [
                            -86.3396939,
                            39.0617965
                        ],
                        [
                            -86.341196,
                            39.0611633
                        ],
                        [
                            -86.3425693,
                            39.0608301
                        ],
                        [
                            -86.3432559,
                            39.0618964
                        ],
                        [
                            -86.3438996,
                            39.06113
                        ],
                        [
                            -86.3438567,
                            39.0601637
                        ],
                        [
                            -86.344715,
                            39.0594639
                        ],
                        [
                            -86.3462171,
                            39.0586641
                        ],
                        [
                            -86.3475904,
                            39.0581642
                        ],
                        [
                            -86.349307,
                            39.0580643
                        ],
                        [
                            -86.3503799,
                            39.0586308
                        ],
                        [
                            -86.3507446,
                            39.0592035
                        ],
                        [
                            -86.3506879,
                            39.0605574
                        ],
                        [
                            -86.3510834,
                            39.0607327
                        ],
                        [
                            -86.3512275,
                            39.0601312
                        ],
                        [
                            -86.351838,
                            39.0597893
                        ],
                        [
                            -86.3528619,
                            39.0603755
                        ],
                        [
                            -86.3530302,
                            39.0600465
                        ],
                        [
                            -86.3521422,
                            39.0592866
                        ],
                        [
                            -86.3525685,
                            39.0578976
                        ],
                        [
                            -86.3538131,
                            39.0583309
                        ],
                        [
                            -86.3557014,
                            39.0580643
                        ],
                        [
                            -86.3567188,
                            39.0571854
                        ],
                        [
                            -86.3569063,
                            39.0586223
                        ],
                        [
                            -86.3575817,
                            39.0587563
                        ],
                        [
                            -86.357933,
                            39.0573978
                        ],
                        [
                            -86.3592633,
                            39.0581309
                        ],
                        [
                            -86.3621387,
                            39.0580309
                        ],
                        [
                            -86.364499,
                            39.0587641
                        ],
                        [
                            -86.3664302,
                            39.0603636
                        ],
                        [
                            -86.365529,
                            39.0620297
                        ],
                        [
                            -86.3644561,
                            39.0616632
                        ],
                        [
                            -86.3631477,
                            39.0627317
                        ],
                        [
                            -86.361839,
                            39.0635835
                        ],
                        [
                            -86.3610256,
                            39.0636673
                        ],
                        [
                            -86.3615566,
                            39.0642711
                        ],
                        [
                            -86.3613986,
                            39.0655076
                        ],
                        [
                            -86.3621651,
                            39.0643227
                        ],
                        [
                            -86.3629651,
                            39.0636845
                        ],
                        [
                            -86.3638398,
                            39.0633566
                        ],
                        [
                            -86.3643255,
                            39.0632052
                        ],
                        [
                            -86.3644725,
                            39.0632542
                        ],
                        [
                            -86.3646707,
                            39.0635292
                        ],
                        [
                            -86.363747,
                            39.06768
                        ],
                        [
                            -86.3635549,
                            39.0709262
                        ],
                        [
                            -86.3630399,
                            39.0730918
                        ],
                        [
                            -86.3616666,
                            39.0732584
                        ],
                        [
                            -86.3596496,
                            39.0730918
                        ],
                        [
                            -86.3588342,
                            39.0730918
                        ],
                        [
                            -86.3585767,
                            39.0737915
                        ],
                        [
                            -86.3591775,
                            39.0742246
                        ],
                        [
                            -86.357418,
                            39.0752574
                        ],
                        [
                            -86.3556584,
                            39.0757238
                        ],
                        [
                            -86.3520361,
                            39.0752939
                        ],
                        [
                            -86.3520536,
                            39.0756572
                        ],
                        [
                            -86.3514099,
                            39.0763735
                        ],
                        [
                            -86.3483046,
                            39.0774639
                        ],
                        [
                            -86.3490306,
                            39.079394
                        ],
                        [
                            -86.3504353,
                            39.077959
                        ],
                        [
                            -86.3523969,
                            39.0768899
                        ],
                        [
                            -86.3564738,
                            39.0772563
                        ],
                        [
                            -86.3590058,
                            39.0764568
                        ],
                        [
                            -86.3616237,
                            39.0750908
                        ],
                        [
                            -86.362997,
                            39.0749242
                        ],
                        [
                            -86.3639411,
                            39.0755239
                        ],
                        [
                            -86.3647565,
                            39.0763568
                        ],
                        [
                            -86.3663631,
                            39.0777144
                        ],
                        [
                            -86.3661727,
                            39.0780892
                        ],
                        [
                            -86.3645848,
                            39.0793552
                        ],
                        [
                            -86.3635549,
                            39.0800881
                        ],
                        [
                            -86.3656872,
                            39.0796133
                        ],
                        [
                            -86.3660305,
                            39.0799215
                        ],
                        [
                            -86.3663148,
                            39.0803046
                        ],
                        [
                            -86.3665791,
                            39.0805398
                        ],
                        [
                            -86.3669881,
                            39.0805211
                        ],
                        [
                            -86.366559,
                            39.079251
                        ],
                        [
                            -86.3669425,
                            39.0787471
                        ],
                        [
                            -86.3674655,
                            39.0783598
                        ],
                        [
                            -86.3687637,
                            39.078818
                        ],
                        [
                            -86.3691582,
                            39.0790098
                        ],
                        [
                            -86.3700989,
                            39.0795272
                        ],
                        [
                            -86.3710289,
                            39.0801028
                        ],
                        [
                            -86.3718034,
                            39.0805264
                        ],
                        [
                            -86.3725349,
                            39.0810083
                        ],
                        [
                            -86.3726878,
                            39.0812613
                        ],
                        [
                            -86.3726261,
                            39.0815101
                        ],
                        [
                            -86.3722882,
                            39.0819828
                        ],
                        [
                            -86.3728462,
                            39.0818383
                        ],
                        [
                            -86.3734217,
                            39.0818417
                        ],
                        [
                            -86.3737064,
                            39.082001
                        ],
                        [
                            -86.3736807,
                            39.0822405
                        ],
                        [
                            -86.3735995,
                            39.0824184
                        ],
                        [
                            -86.3736178,
                            39.0825008
                        ],
                        [
                            -86.3736414,
                            39.0826069
                        ],
                        [
                            -86.373564,
                            39.0828082
                        ],
                        [
                            -86.3734047,
                            39.0831179
                        ],
                        [
                            -86.3733506,
                            39.0834335
                        ],
                        [
                            -86.373409,
                            39.0835577
                        ],
                        [
                            -86.3734793,
                            39.0836174
                        ],
                        [
                            -86.3736131,
                            39.0836109
                        ],
                        [
                            -86.3740208,
                            39.08308
                        ],
                        [
                            -86.3742583,
                            39.0829967
                        ],
                        [
                            -86.3744664,
                            39.0828155
                        ],
                        [
                            -86.374597,
                            39.0827489
                        ],
                        [
                            -86.3747497,
                            39.0827426
                        ],
                        [
                            -86.3756012,
                            39.0829328
                        ],
                        [
                            -86.3760701,
                            39.0829946
                        ],
                        [
                            -86.3768103,
                            39.0830446
                        ],
                        [
                            -86.3775654,
                            39.0829181
                        ],
                        [
                            -86.3785028,
                            39.0830353
                        ],
                        [
                            -86.3789219,
                            39.0831269
                        ],
                        [
                            -86.3793249,
                            39.0832893
                        ],
                        [
                            -86.3793612,
                            39.0834444
                        ],
                        [
                            -86.3801551,
                            39.0841189
                        ],
                        [
                            -86.3805743,
                            39.08394
                        ],
                        [
                            -86.3807282,
                            39.0839518
                        ],
                        [
                            -86.381055,
                            39.0837348
                        ],
                        [
                            -86.381526,
                            39.0837044
                        ],
                        [
                            -86.3818931,
                            39.0835818
                        ],
                        [
                            -86.3821575,
                            39.0835017
                        ],
                        [
                            -86.3825782,
                            39.0834946
                        ],
                        [
                            -86.3828699,
                            39.0834114
                        ],
                        [
                            -86.3830811,
                            39.0832378
                        ],
                        [
                            -86.3849472,
                            39.08285
                        ],
                        [
                            -86.3851415,
                            39.0828802
                        ],
                        [
                            -86.3853365,
                            39.0829105
                        ],
                        [
                            -86.3859297,
                            39.0842006
                        ],
                        [
                            -86.3868155,
                            39.0833334
                        ],
                        [
                            -86.3876328,
                            39.0832277
                        ],
                        [
                            -86.3889642,
                            39.0833867
                        ],
                        [
                            -86.3891508,
                            39.083409
                        ],
                        [
                            -86.3901822,
                            39.0839981
                        ],
                        [
                            -86.3905714,
                            39.0847836
                        ],
                        [
                            -86.3907855,
                            39.0860374
                        ],
                        [
                            -86.3906882,
                            39.0875026
                        ],
                        [
                            -86.3894653,
                            39.0894103
                        ],
                        [
                            -86.3914194,
                            39.0887153
                        ],
                        [
                            -86.3921365,
                            39.0871169
                        ],
                        [
                            -86.392394,
                            39.0861176
                        ],
                        [
                            -86.392909,
                            39.0857512
                        ],
                        [
                            -86.3933657,
                            39.0859004
                        ],
                        [
                            -86.3937244,
                            39.0860176
                        ],
                        [
                            -86.3950547,
                            39.0877831
                        ],
                        [
                            -86.3960847,
                            39.0895485
                        ],
                        [
                            -86.3962134,
                            39.0927794
                        ],
                        [
                            -86.397458,
                            39.0940118
                        ],
                        [
                            -86.3988742,
                            39.0966763
                        ],
                        [
                            -86.3996896,
                            39.0981418
                        ],
                        [
                            -86.4010629,
                            39.0994074
                        ],
                        [
                            -86.4021787,
                            39.0995739
                        ],
                        [
                            -86.4026937,
                            39.0992075
                        ],
                        [
                            -86.4038953,
                            39.0986414
                        ],
                        [
                            -86.4049682,
                            39.0987413
                        ],
                        [
                            -86.4059123,
                            39.0991409
                        ],
                        [
                            -86.4067277,
                            39.0999069
                        ],
                        [
                            -86.4068135,
                            39.100573
                        ],
                        [
                            -86.4054402,
                            39.1009727
                        ],
                        [
                            -86.404067,
                            39.1006063
                        ],
                        [
                            -86.403552,
                            39.1010726
                        ],
                        [
                            -86.4028224,
                            39.1009061
                        ],
                        [
                            -86.3991746,
                            39.1032373
                        ],
                        [
                            -86.3982734,
                            39.1038367
                        ],
                        [
                            -86.3975867,
                            39.1039699
                        ],
                        [
                            -86.3973292,
                            39.1035037
                        ],
                        [
                            -86.3965997,
                            39.1037035
                        ],
                        [
                            -86.3959989,
                            39.1045361
                        ],
                        [
                            -86.391879,
                            39.106068
                        ],
                        [
                            -86.3911494,
                            39.1067007
                        ],
                        [
                            -86.3899907,
                            39.1066341
                        ],
                        [
                            -86.3867292,
                            39.108399
                        ],
                        [
                            -86.3858279,
                            39.108399
                        ],
                        [
                            -86.3843688,
                            39.1086987
                        ],
                        [
                            -86.3831672,
                            39.1100307
                        ],
                        [
                            -86.3824805,
                            39.1109964
                        ],
                        [
                            -86.3829097,
                            39.1122285
                        ],
                        [
                            -86.3838109,
                            39.1128278
                        ],
                        [
                            -86.3851842,
                            39.1133939
                        ],
                        [
                            -86.3864288,
                            39.1137269
                        ],
                        [
                            -86.3870725,
                            39.1130942
                        ],
                        [
                            -86.3881024,
                            39.1132274
                        ],
                        [
                            -86.3893899,
                            39.1134605
                        ],
                        [
                            -86.3910636,
                            39.1138601
                        ],
                        [
                            -86.392394,
                            39.1143928
                        ],
                        [
                            -86.394411,
                            39.1147591
                        ],
                        [
                            -86.3952264,
                            39.1151254
                        ],
                        [
                            -86.396428,
                            39.1148923
                        ],
                        [
                            -86.3960235,
                            39.1159657
                        ],
                        [
                            -86.3975856,
                            39.116242
                        ],
                        [
                            -86.3985384,
                            39.1151998
                        ],
                        [
                            -86.3995673,
                            39.1133202
                        ],
                        [
                            -86.4005886,
                            39.1133193
                        ],
                        [
                            -86.4006852,
                            39.1142026
                        ],
                        [
                            -86.4020488,
                            39.1142717
                        ],
                        [
                            -86.402036,
                            39.1147228
                        ],
                        [
                            -86.4026336,
                            39.1148327
                        ],
                        [
                            -86.4035777,
                            39.1145006
                        ],
                        [
                            -86.4024437,
                            39.1130405
                        ],
                        [
                            -86.40186,
                            39.113127
                        ],
                        [
                            -86.4023407,
                            39.1127949
                        ],
                        [
                            -86.4029544,
                            39.1129539
                        ],
                        [
                            -86.4046452,
                            39.1139354
                        ],
                        [
                            -86.4050969,
                            39.1144273
                        ],
                        [
                            -86.4032592,
                            39.1167068
                        ],
                        [
                            -86.4030466,
                            39.1175647
                        ],
                        [
                            -86.4039564,
                            39.1180974
                        ],
                        [
                            -86.4051516,
                            39.117792
                        ],
                        [
                            -86.4054751,
                            39.1172063
                        ],
                        [
                            -86.4061397,
                            39.1170345
                        ],
                        [
                            -86.4067438,
                            39.1175805
                        ],
                        [
                            -86.4069562,
                            39.1186194
                        ],
                        [
                            -86.4075881,
                            39.118646
                        ],
                        [
                            -86.4083649,
                            39.1193419
                        ],
                        [
                            -86.4082533,
                            39.1199828
                        ],
                        [
                            -86.4073682,
                            39.1207194
                        ],
                        [
                            -86.4073382,
                            39.1216001
                        ],
                        [
                            -86.4079411,
                            39.1219855
                        ],
                        [
                            -86.4088338,
                            39.1216883
                        ],
                        [
                            -86.4092586,
                            39.1213279
                        ],
                        [
                            -86.4091832,
                            39.1212045
                        ],
                        [
                            -86.4090988,
                            39.1210665
                        ],
                        [
                            -86.4084185,
                            39.1215443
                        ],
                        [
                            -86.4077652,
                            39.1214257
                        ],
                        [
                            -86.4077121,
                            39.1209675
                        ],
                        [
                            -86.4084802,
                            39.120421
                        ],
                        [
                            -86.4087662,
                            39.1194501
                        ],
                        [
                            -86.4080284,
                            39.1184519
                        ],
                        [
                            -86.4091095,
                            39.1182831
                        ],
                        [
                            -86.4096159,
                            39.1187825
                        ],
                        [
                            -86.4095891,
                            39.1192753
                        ],
                        [
                            -86.4099807,
                            39.1199287
                        ],
                        [
                            -86.410471,
                            39.1199653
                        ],
                        [
                            -86.4102253,
                            39.1196224
                        ],
                        [
                            -86.4107081,
                            39.1194184
                        ],
                        [
                            -86.4105002,
                            39.1188329
                        ],
                        [
                            -86.4110997,
                            39.1188691
                        ],
                        [
                            -86.4112928,
                            39.1185994
                        ],
                        [
                            -86.4104259,
                            39.1185836
                        ],
                        [
                            -86.4095322,
                            39.1179876
                        ],
                        [
                            -86.4079336,
                            39.1181507
                        ],
                        [
                            -86.407837,
                            39.1176696
                        ],
                        [
                            -86.4071804,
                            39.1177229
                        ],
                        [
                            -86.4061955,
                            39.1166099
                        ],
                        [
                            -86.4057632,
                            39.1166849
                        ],
                        [
                            -86.4044639,
                            39.1176529
                        ],
                        [
                            -86.4037912,
                            39.117469
                        ],
                        [
                            -86.4037719,
                            39.1168705
                        ],
                        [
                            -86.4052117,
                            39.1151199
                        ],
                        [
                            -86.4056902,
                            39.1152781
                        ],
                        [
                            -86.4069712,
                            39.1152556
                        ],
                        [
                            -86.4082598,
                            39.1148627
                        ],
                        [
                            -86.408602,
                            39.1148369
                        ],
                        [
                            -86.4094153,
                            39.1148652
                        ],
                        [
                            -86.4098079,
                            39.114538
                        ],
                        [
                            -86.4091588,
                            39.1143682
                        ],
                        [
                            -86.4087651,
                            39.1130879
                        ],
                        [
                            -86.4095622,
                            39.1124661
                        ],
                        [
                            -86.4088949,
                            39.1115612
                        ],
                        [
                            -86.4089732,
                            39.1110617
                        ],
                        [
                            -86.4085366,
                            39.1109052
                        ],
                        [
                            -86.4071761,
                            39.1115762
                        ],
                        [
                            -86.4069884,
                            39.1141917
                        ],
                        [
                            -86.4057996,
                            39.1143641
                        ],
                        [
                            -86.4041613,
                            39.113192
                        ],
                        [
                            -86.402345,
                            39.112377
                        ],
                        [
                            -86.4018514,
                            39.1123803
                        ],
                        [
                            -86.4013225,
                            39.1128748
                        ],
                        [
                            -86.4005844,
                            39.1123029
                        ],
                        [
                            -86.4002013,
                            39.1121131
                        ],
                        [
                            -86.3992969,
                            39.1120107
                        ],
                        [
                            -86.39971,
                            39.1116553
                        ],
                        [
                            -86.4007292,
                            39.1118692
                        ],
                        [
                            -86.400938,
                            39.1116682
                        ],
                        [
                            -86.3987455,
                            39.1105635
                        ],
                        [
                            -86.396943,
                            39.1103637
                        ],
                        [
                            -86.394926,
                            39.1107633
                        ],
                        [
                            -86.3926086,
                            39.1112628
                        ],
                        [
                            -86.3910636,
                            39.111063
                        ],
                        [
                            -86.3896474,
                            39.1105635
                        ],
                        [
                            -86.3895187,
                            39.1099974
                        ],
                        [
                            -86.3896045,
                            39.1095978
                        ],
                        [
                            -86.3902911,
                            39.109065
                        ],
                        [
                            -86.3910636,
                            39.1091316
                        ],
                        [
                            -86.3914498,
                            39.1095978
                        ],
                        [
                            -86.3937244,
                            39.1092315
                        ],
                        [
                            -86.3953122,
                            39.1083657
                        ],
                        [
                            -86.3981017,
                            39.106734
                        ],
                        [
                            -86.3999471,
                            39.1060014
                        ],
                        [
                            -86.402522,
                            39.1060347
                        ],
                        [
                            -86.4059552,
                            39.106068
                        ],
                        [
                            -86.4090881,
                            39.1062678
                        ],
                        [
                            -86.4102897,
                            39.1060347
                        ],
                        [
                            -86.4119205,
                            39.1048691
                        ],
                        [
                            -86.4134654,
                            39.1048691
                        ],
                        [
                            -86.4143237,
                            39.1042031
                        ],
                        [
                            -86.4171132,
                            39.1031041
                        ],
                        [
                            -86.4190444,
                            39.1025712
                        ],
                        [
                            -86.4188728,
                            39.1019052
                        ],
                        [
                            -86.418229,
                            39.1006396
                        ],
                        [
                            -86.4184007,
                            39.0999069
                        ],
                        [
                            -86.4186153,
                            39.0989744
                        ],
                        [
                            -86.4192161,
                            39.098708
                        ],
                        [
                            -86.4173278,
                            39.0977754
                        ],
                        [
                            -86.4164695,
                            39.0969761
                        ],
                        [
                            -86.4172849,
                            39.0967762
                        ],
                        [
                            -86.4173707,
                            39.0959436
                        ],
                        [
                            -86.4164695,
                            39.0961767
                        ],
                        [
                            -86.4162549,
                            39.0941783
                        ],
                        [
                            -86.4159116,
                            39.0939452
                        ],
                        [
                            -86.4152679,
                            39.0959769
                        ],
                        [
                            -86.4137658,
                            39.0960102
                        ],
                        [
                            -86.413165,
                            39.0953774
                        ],
                        [
                            -86.4122209,
                            39.0953441
                        ],
                        [
                            -86.4108476,
                            39.0948445
                        ],
                        [
                            -86.4068565,
                            39.0946113
                        ],
                        [
                            -86.4047536,
                            39.0936787
                        ],
                        [
                            -86.4029941,
                            39.0927128
                        ],
                        [
                            -86.4017924,
                            39.0914138
                        ],
                        [
                            -86.4005908,
                            39.0906477
                        ],
                        [
                            -86.400505,
                            39.0896484
                        ],
                        [
                            -86.4016637,
                            39.089815
                        ],
                        [
                            -86.4028224,
                            39.0901481
                        ],
                        [
                            -86.404539,
                            39.0900482
                        ],
                        [
                            -86.406084,
                            39.0896484
                        ],
                        [
                            -86.4059552,
                            39.0888157
                        ],
                        [
                            -86.4048394,
                            39.0890822
                        ],
                        [
                            -86.4034661,
                            39.0888823
                        ],
                        [
                            -86.4014491,
                            39.0868837
                        ],
                        [
                            -86.4008483,
                            39.085951
                        ],
                        [
                            -86.4014491,
                            39.0852182
                        ],
                        [
                            -86.4010629,
                            39.0847185
                        ],
                        [
                            -86.3998613,
                            39.0816871
                        ],
                        [
                            -86.4000381,
                            39.0804822
                        ],
                        [
                            -86.4001349,
                            39.0798228
                        ],
                        [
                            -86.4006025,
                            39.0795734
                        ],
                        [
                            -86.401145,
                            39.0795636
                        ],
                        [
                            -86.4010259,
                            39.0793876
                        ],
                        [
                            -86.3998918,
                            39.0791148
                        ],
                        [
                            -86.3987326,
                            39.0784279
                        ],
                        [
                            -86.3975355,
                            39.0780247
                        ],
                        [
                            -86.3948264,
                            39.0767585
                        ],
                        [
                            -86.3944968,
                            39.0765388
                        ],
                        [
                            -86.3930459,
                            39.0760593
                        ],
                        [
                            -86.3922863,
                            39.0760479
                        ],
                        [
                            -86.3901897,
                            39.077175
                        ],
                        [
                            -86.3901624,
                            39.0771897
                        ],
                        [
                            -86.3895057,
                            39.0770063
                        ],
                        [
                            -86.3886867,
                            39.0749682
                        ]
                    ],
                    [
                        [
                            -86.337777,
                            39.0781431
                        ],
                        [
                            -86.3377729,
                            39.0783709
                        ],
                        [
                            -86.3378252,
                            39.0786142
                        ],
                        [
                            -86.3377689,
                            39.0787266
                        ],
                        [
                            -86.337781,
                            39.0788482
                        ],
                        [
                            -86.3378734,
                            39.0789637
                        ],
                        [
                            -86.3380221,
                            39.0790167
                        ],
                        [
                            -86.3380422,
                            39.0790791
                        ],
                        [
                            -86.337576,
                            39.0793911
                        ],
                        [
                            -86.3373951,
                            39.0795846
                        ],
                        [
                            -86.3372585,
                            39.0796033
                        ],
                        [
                            -86.337162,
                            39.079519
                        ],
                        [
                            -86.3371098,
                            39.0792258
                        ],
                        [
                            -86.3370415,
                            39.0792351
                        ],
                        [
                            -86.3369731,
                            39.079413
                        ],
                        [
                            -86.3369691,
                            39.0795939
                        ],
                        [
                            -86.3369008,
                            39.0796064
                        ],
                        [
                            -86.3364828,
                            39.0794566
                        ],
                        [
                            -86.3364828,
                            39.0794005
                        ],
                        [
                            -86.3365551,
                            39.0793006
                        ],
                        [
                            -86.3365069,
                            39.079257
                        ],
                        [
                            -86.3363059,
                            39.07931
                        ],
                        [
                            -86.3362336,
                            39.0792944
                        ],
                        [
                            -86.3362135,
                            39.0792382
                        ],
                        [
                            -86.3362657,
                            39.0791883
                        ],
                        [
                            -86.3366235,
                            39.0790666
                        ],
                        [
                            -86.3368646,
                            39.0789013
                        ],
                        [
                            -86.3375599,
                            39.0781993
                        ],
                        [
                            -86.3376845,
                            39.0781213
                        ],
                        [
                            -86.337777,
                            39.0781431
                        ]
                    ],
                    [
                        [
                            -86.3268206,
                            39.0791072
                        ],
                        [
                            -86.3261293,
                            39.0791696
                        ],
                        [
                            -86.3258399,
                            39.0790823
                        ],
                        [
                            -86.3259203,
                            39.0788451
                        ],
                        [
                            -86.326065,
                            39.0786455
                        ],
                        [
                            -86.3260811,
                            39.0783958
                        ],
                        [
                            -86.3260489,
                            39.0781587
                        ],
                        [
                            -86.3256631,
                            39.0777968
                        ],
                        [
                            -86.3239429,
                            39.0769856
                        ],
                        [
                            -86.3234284,
                            39.076686
                        ],
                        [
                            -86.3226085,
                            39.0763241
                        ],
                        [
                            -86.3222548,
                            39.0762118
                        ],
                        [
                            -86.3215956,
                            39.0760995
                        ],
                        [
                            -86.3209847,
                            39.0758998
                        ],
                        [
                            -86.3201809,
                            39.0755004
                        ],
                        [
                            -86.3200201,
                            39.0752757
                        ],
                        [
                            -86.3202613,
                            39.0743022
                        ],
                        [
                            -86.3203416,
                            39.0740776
                        ],
                        [
                            -86.3205989,
                            39.0736033
                        ],
                        [
                            -86.3211133,
                            39.0733412
                        ],
                        [
                            -86.3214027,
                            39.0732913
                        ],
                        [
                            -86.3219493,
                            39.073466
                        ],
                        [
                            -86.3225442,
                            39.0735284
                        ],
                        [
                            -86.3227532,
                            39.0736907
                        ],
                        [
                            -86.3228979,
                            39.0738904
                        ],
                        [
                            -86.3229782,
                            39.074115
                        ],
                        [
                            -86.3229782,
                            39.0743646
                        ],
                        [
                            -86.3228014,
                            39.0748139
                        ],
                        [
                            -86.3227853,
                            39.0750511
                        ],
                        [
                            -86.3228175,
                            39.0752633
                        ],
                        [
                            -86.3229461,
                            39.0754879
                        ],
                        [
                            -86.3231069,
                            39.0756751
                        ],
                        [
                            -86.3233159,
                            39.0758249
                        ],
                        [
                            -86.3238785,
                            39.0760246
                        ],
                        [
                            -86.3241679,
                            39.0760246
                        ],
                        [
                            -86.3253415,
                            39.0758374
                        ],
                        [
                            -86.3256309,
                            39.0758623
                        ],
                        [
                            -86.3256952,
                            39.0763491
                        ],
                        [
                            -86.3260489,
                            39.0770355
                        ],
                        [
                            -86.3263705,
                            39.0782211
                        ],
                        [
                            -86.3268206,
                            39.0791072
                        ]
                    ],
                    [
                        [
                            -86.3270778,
                            39.0807202
                        ],
                        [
                            -86.3269372,
                            39.0806984
                        ],
                        [
                            -86.3266639,
                            39.0802179
                        ],
                        [
                            -86.3266156,
                            39.0801649
                        ],
                        [
                            -86.3265433,
                            39.0801462
                        ],
                        [
                            -86.326487,
                            39.0801836
                        ],
                        [
                            -86.326479,
                            39.080299
                        ],
                        [
                            -86.3266518,
                            39.0806298
                        ],
                        [
                            -86.3266317,
                            39.080689
                        ],
                        [
                            -86.3265634,
                            39.080714
                        ],
                        [
                            -86.3263584,
                            39.0806142
                        ],
                        [
                            -86.3262619,
                            39.0805237
                        ],
                        [
                            -86.3259766,
                            39.0800744
                        ],
                        [
                            -86.3259645,
                            39.0800089
                        ],
                        [
                            -86.3259846,
                            39.0799496
                        ],
                        [
                            -86.3262459,
                            39.0798342
                        ],
                        [
                            -86.3263745,
                            39.0796969
                        ],
                        [
                            -86.3267523,
                            39.0797094
                        ],
                        [
                            -86.3268769,
                            39.079934
                        ],
                        [
                            -86.3269211,
                            39.0802429
                        ],
                        [
                            -86.3270778,
                            39.0807202
                        ]
                    ],
                    [
                        [
                            -86.3302128,
                            39.0819464
                        ],
                        [
                            -86.3298029,
                            39.0819588
                        ],
                        [
                            -86.3296501,
                            39.08199
                        ],
                        [
                            -86.3293849,
                            39.0821086
                        ],
                        [
                            -86.3290714,
                            39.082146
                        ],
                        [
                            -86.3289026,
                            39.0821336
                        ],
                        [
                            -86.3285891,
                            39.0820337
                        ],
                        [
                            -86.3283961,
                            39.0818341
                        ],
                        [
                            -86.3281389,
                            39.0814721
                        ],
                        [
                            -86.3276244,
                            39.0805486
                        ],
                        [
                            -86.3269492,
                            39.0778592
                        ],
                        [
                            -86.3273753,
                            39.0777594
                        ],
                        [
                            -86.3276888,
                            39.0777469
                        ],
                        [
                            -86.3282756,
                            39.0776595
                        ],
                        [
                            -86.3293286,
                            39.0773475
                        ],
                        [
                            -86.3297386,
                            39.0771291
                        ],
                        [
                            -86.3302852,
                            39.0764988
                        ],
                        [
                            -86.3304218,
                            39.0762742
                        ],
                        [
                            -86.3305665,
                            39.0762055
                        ],
                        [
                            -86.3312659,
                            39.0766236
                        ],
                        [
                            -86.3313543,
                            39.0767235
                        ],
                        [
                            -86.3314186,
                            39.0768358
                        ],
                        [
                            -86.3314105,
                            39.0770792
                        ],
                        [
                            -86.3312096,
                            39.077647
                        ],
                        [
                            -86.3309363,
                            39.078764
                        ],
                        [
                            -86.3309363,
                            39.0790074
                        ],
                        [
                            -86.3308157,
                            39.0790885
                        ],
                        [
                            -86.3306951,
                            39.0790136
                        ],
                        [
                            -86.3305424,
                            39.0789886
                        ],
                        [
                            -86.3304299,
                            39.0790573
                        ],
                        [
                            -86.3303495,
                            39.0791883
                        ],
                        [
                            -86.3305665,
                            39.0793319
                        ],
                        [
                            -86.3307192,
                            39.0793631
                        ],
                        [
                            -86.3310006,
                            39.0792757
                        ],
                        [
                            -86.3309845,
                            39.0803552
                        ],
                        [
                            -86.3310569,
                            39.0807296
                        ],
                        [
                            -86.3310327,
                            39.0808544
                        ],
                        [
                            -86.330888,
                            39.0808045
                        ],
                        [
                            -86.3307273,
                            39.0808357
                        ],
                        [
                            -86.3306549,
                            39.0809355
                        ],
                        [
                            -86.3305745,
                            39.0811602
                        ],
                        [
                            -86.3306067,
                            39.0812787
                        ],
                        [
                            -86.3308961,
                            39.0812288
                        ],
                        [
                            -86.3310569,
                            39.081235
                        ],
                        [
                            -86.3310247,
                            39.0813411
                        ],
                        [
                            -86.3304942,
                            39.0817779
                        ],
                        [
                            -86.3302128,
                            39.0819464
                        ]
                    ],
                    [
                        [
                            -86.3324997,
                            39.0746642
                        ],
                        [
                            -86.3321219,
                            39.0745238
                        ],
                        [
                            -86.3319411,
                            39.0743677
                        ],
                        [
                            -86.3318647,
                            39.0742367
                        ],
                        [
                            -86.3318647,
                            39.0740401
                        ],
                        [
                            -86.3319491,
                            39.0739371
                        ],
                        [
                            -86.3320978,
                            39.0739403
                        ],
                        [
                            -86.3324274,
                            39.0742773
                        ],
                        [
                            -86.3326967,
                            39.0744301
                        ],
                        [
                            -86.3326243,
                            39.074608
                        ],
                        [
                            -86.3325721,
                            39.0746548
                        ],
                        [
                            -86.3324997,
                            39.0746642
                        ]
                    ],
                    [
                        [
                            -86.3342079,
                            39.07658
                        ],
                        [
                            -86.3344893,
                            39.0765238
                        ],
                        [
                            -86.3347626,
                            39.0766236
                        ],
                        [
                            -86.334859,
                            39.0767048
                        ],
                        [
                            -86.3349635,
                            39.0769294
                        ],
                        [
                            -86.3351725,
                            39.0770854
                        ],
                        [
                            -86.3354619,
                            39.0771665
                        ],
                        [
                            -86.3355503,
                            39.0772539
                        ],
                        [
                            -86.3357031,
                            39.0775909
                        ],
                        [
                            -86.3359442,
                            39.0777157
                        ],
                        [
                            -86.3370857,
                            39.0779216
                        ],
                        [
                            -86.3372304,
                            39.0779154
                        ],
                        [
                            -86.3375037,
                            39.0777406
                        ],
                        [
                            -86.337777,
                            39.0776533
                        ],
                        [
                            -86.3378252,
                            39.0777656
                        ],
                        [
                            -86.337785,
                            39.0778779
                        ],
                        [
                            -86.3376885,
                            39.0779715
                        ],
                        [
                            -86.337359,
                            39.0782149
                        ],
                        [
                            -86.3367481,
                            39.0787578
                        ],
                        [
                            -86.3363542,
                            39.0789699
                        ],
                        [
                            -86.3361291,
                            39.0791322
                        ],
                        [
                            -86.3358478,
                            39.0792195
                        ],
                        [
                            -86.335695,
                            39.0792258
                        ],
                        [
                            -86.3354941,
                            39.0790386
                        ],
                        [
                            -86.3352288,
                            39.0788888
                        ],
                        [
                            -86.3345938,
                            39.0787203
                        ],
                        [
                            -86.333396,
                            39.0786579
                        ],
                        [
                            -86.3325842,
                            39.0785269
                        ],
                        [
                            -86.332126,
                            39.0783896
                        ],
                        [
                            -86.3318446,
                            39.0782648
                        ],
                        [
                            -86.3320858,
                            39.0772789
                        ],
                        [
                            -86.3321018,
                            39.0770417
                        ],
                        [
                            -86.3322305,
                            39.0764614
                        ],
                        [
                            -86.3322144,
                            39.0760932
                        ],
                        [
                            -86.3320777,
                            39.0758498
                        ],
                        [
                            -86.3318366,
                            39.0756689
                        ],
                        [
                            -86.3316919,
                            39.0756002
                        ],
                        [
                            -86.3316276,
                            39.0754879
                        ],
                        [
                            -86.3316276,
                            39.0753631
                        ],
                        [
                            -86.331708,
                            39.0752695
                        ],
                        [
                            -86.3318527,
                            39.0752757
                        ],
                        [
                            -86.3324073,
                            39.0754442
                        ],
                        [
                            -86.3325681,
                            39.0754505
                        ],
                        [
                            -86.3327128,
                            39.0755129
                        ],
                        [
                            -86.333179,
                            39.0758186
                        ],
                        [
                            -86.3335488,
                            39.076218
                        ],
                        [
                            -86.333597,
                            39.0763241
                        ],
                        [
                            -86.3335809,
                            39.0764427
                        ],
                        [
                            -86.3334362,
                            39.0764676
                        ],
                        [
                            -86.3332835,
                            39.0764427
                        ],
                        [
                            -86.3329861,
                            39.0763428
                        ],
                        [
                            -86.3328735,
                            39.0764177
                        ],
                        [
                            -86.3333156,
                            39.0767235
                        ],
                        [
                            -86.3335809,
                            39.0770168
                        ],
                        [
                            -86.3339507,
                            39.0772477
                        ],
                        [
                            -86.3340471,
                            39.077335
                        ],
                        [
                            -86.3340793,
                            39.0774473
                        ],
                        [
                            -86.3339748,
                            39.0775285
                        ],
                        [
                            -86.3332111,
                            39.0777656
                        ],
                        [
                            -86.3330906,
                            39.0778467
                        ],
                        [
                            -86.333179,
                            39.0779341
                        ],
                        [
                            -86.3335729,
                            39.0781088
                        ],
                        [
                            -86.3337256,
                            39.0781462
                        ],
                        [
                            -86.3341918,
                            39.078165
                        ],
                        [
                            -86.3346179,
                            39.0780651
                        ],
                        [
                            -86.3348831,
                            39.0778966
                        ],
                        [
                            -86.3349555,
                            39.0777843
                        ],
                        [
                            -86.3349153,
                            39.0772976
                        ],
                        [
                            -86.3347545,
                            39.0770417
                        ],
                        [
                            -86.3345536,
                            39.0768358
                        ],
                        [
                            -86.3343365,
                            39.0766361
                        ],
                        [
                            -86.3342079,
                            39.07658
                        ]
                    ],
                    [
                        [
                            -86.3310006,
                            39.085896
                        ],
                        [
                            -86.3307594,
                            39.0858898
                        ],
                        [
                            -86.3306951,
                            39.0857837
                        ],
                        [
                            -86.3306469,
                            39.0855466
                        ],
                        [
                            -86.3305745,
                            39.0822521
                        ],
                        [
                            -86.331507,
                            39.0816843
                        ],
                        [
                            -86.3315793,
                            39.0814347
                        ],
                        [
                            -86.3315633,
                            39.0811851
                        ],
                        [
                            -86.3313221,
                            39.080349
                        ],
                        [
                            -86.331515,
                            39.0796751
                        ],
                        [
                            -86.3316758,
                            39.0788763
                        ],
                        [
                            -86.3317482,
                            39.0787578
                        ],
                        [
                            -86.3320938,
                            39.0788014
                        ],
                        [
                            -86.3322224,
                            39.0788576
                        ],
                        [
                            -86.3322465,
                            39.0789824
                        ],
                        [
                            -86.3318366,
                            39.0796376
                        ],
                        [
                            -86.331708,
                            39.0801056
                        ],
                        [
                            -86.3317401,
                            39.080455
                        ],
                        [
                            -86.331917,
                            39.080923
                        ],
                        [
                            -86.3320938,
                            39.0817904
                        ],
                        [
                            -86.3320375,
                            39.0821398
                        ],
                        [
                            -86.3317803,
                            39.0830758
                        ],
                        [
                            -86.3319089,
                            39.0833066
                        ],
                        [
                            -86.3318366,
                            39.0834065
                        ],
                        [
                            -86.3313864,
                            39.083525
                        ],
                        [
                            -86.3312659,
                            39.0835937
                        ],
                        [
                            -86.3310086,
                            39.0838869
                        ],
                        [
                            -86.3309604,
                            39.0840055
                        ],
                        [
                            -86.3309604,
                            39.0846107
                        ],
                        [
                            -86.330872,
                            39.0852097
                        ],
                        [
                            -86.330872,
                            39.0854406
                        ],
                        [
                            -86.3310006,
                            39.085896
                        ]
                    ],
                    [
                        [
                            -86.3303414,
                            39.0852097
                        ],
                        [
                            -86.3301967,
                            39.0851099
                        ],
                        [
                            -86.3298591,
                            39.084411
                        ],
                        [
                            -86.3296501,
                            39.0842239
                        ],
                        [
                            -86.3288141,
                            39.083837
                        ],
                        [
                            -86.328573,
                            39.0836873
                        ],
                        [
                            -86.328364,
                            39.0834876
                        ],
                        [
                            -86.3284926,
                            39.0832754
                        ],
                        [
                            -86.328782,
                            39.0831881
                        ],
                        [
                            -86.3289588,
                            39.0829884
                        ],
                        [
                            -86.3288302,
                            39.0827638
                        ],
                        [
                            -86.3296984,
                            39.0824892
                        ],
                        [
                            -86.3299877,
                            39.0825017
                        ],
                        [
                            -86.3302771,
                            39.0825516
                        ],
                        [
                            -86.3303414,
                            39.0852097
                        ]
                    ]
            ]
        }
    }
]