[
    {
        "type": "Feature",
        "id": "relation/2898230",
        "properties": {
            "@id": "relation/2898230",
            "name": "Nolin River Lake",
            "natural": "water",
            "type": "multipolygon",
            "water": "reservoir",
            "wikidata": "Q7048293",
            "wikipedia": "en:Nolin River Lake",
            "@timestamp": "2024-03-11T17:02:18Z",
            "@version": 4,
            "@changeset": 148515738,
            "@user": "cmitchell",
            "@uid": 10176409,
            "@osm3s:version": 0.6,
            "@osm3s:generator": "Overpass API 0.7.62.5 1bd436f1",
            "@osm3s:timestamp_osm_base": "2025-02-16T09:40:31Z",
            "@osm3s:copyright": "The data included in this document is from www.openstreetmap.org. The data is made available under ODbL."
        },
        "geometry": {
            "type": "Polygon",
            "coordinates": [
                [
                    [
                        -86.0722774,
                        37.3446179
                    ],
                    [
                        -86.0734658,
                        37.3472712
                    ],
                    [
                        -86.0734302,
                        37.3476572
                    ],
                    [
                        -86.0733355,
                        37.3478455
                    ],
                    [
                        -86.0728381,
                        37.3483163
                    ],
                    [
                        -86.0723762,
                        37.3484951
                    ],
                    [
                        -86.0718906,
                        37.348561
                    ],
                    [
                        -86.0710379,
                        37.3487588
                    ],
                    [
                        -86.0672363,
                        37.3483822
                    ],
                    [
                        -86.0640505,
                        37.3485234
                    ],
                    [
                        -86.0635886,
                        37.3487211
                    ],
                    [
                        -86.0631978,
                        37.349013
                    ],
                    [
                        -86.0626293,
                        37.3496437
                    ],
                    [
                        -86.062428,
                        37.3500015
                    ],
                    [
                        -86.0624161,
                        37.3505664
                    ],
                    [
                        -86.0635768,
                        37.3518279
                    ],
                    [
                        -86.0642873,
                        37.3522421
                    ],
                    [
                        -86.0652348,
                        37.3524963
                    ],
                    [
                        -86.0664428,
                        37.3531647
                    ],
                    [
                        -86.0675679,
                        37.3535225
                    ],
                    [
                        -86.0681837,
                        37.3538426
                    ],
                    [
                        -86.0694983,
                        37.3542944
                    ],
                    [
                        -86.069901,
                        37.354511
                    ],
                    [
                        -86.0701734,
                        37.3548122
                    ],
                    [
                        -86.0702326,
                        37.3550005
                    ],
                    [
                        -86.0700905,
                        37.3553676
                    ],
                    [
                        -86.0695575,
                        37.3557818
                    ],
                    [
                        -86.0689062,
                        37.3560737
                    ],
                    [
                        -86.0674258,
                        37.3563937
                    ],
                    [
                        -86.0669994,
                        37.3566197
                    ],
                    [
                        -86.0666796,
                        37.3569115
                    ],
                    [
                        -86.0663362,
                        37.3576458
                    ],
                    [
                        -86.066123,
                        37.359472
                    ],
                    [
                        -86.067106,
                        37.3571845
                    ],
                    [
                        -86.0676508,
                        37.3568268
                    ],
                    [
                        -86.0680653,
                        37.3566385
                    ],
                    [
                        -86.0697115,
                        37.3561019
                    ],
                    [
                        -86.0704931,
                        37.3555842
                    ],
                    [
                        -86.0705997,
                        37.3554053
                    ],
                    [
                        -86.0706589,
                        37.3550287
                    ],
                    [
                        -86.070576,
                        37.3544356
                    ],
                    [
                        -86.0704102,
                        37.3542662
                    ],
                    [
                        -86.0699839,
                        37.3540308
                    ],
                    [
                        -86.0680535,
                        37.3534095
                    ],
                    [
                        -86.0660401,
                        37.3523269
                    ],
                    [
                        -86.0644176,
                        37.3516773
                    ],
                    [
                        -86.0637544,
                        37.3512913
                    ],
                    [
                        -86.0630675,
                        37.3506699
                    ],
                    [
                        -86.0630557,
                        37.3501615
                    ],
                    [
                        -86.0631622,
                        37.3497661
                    ],
                    [
                        -86.0633873,
                        37.3493895
                    ],
                    [
                        -86.0639557,
                        37.3490035
                    ],
                    [
                        -86.0647137,
                        37.3488623
                    ],
                    [
                        -86.0660046,
                        37.3488529
                    ],
                    [
                        -86.0679469,
                        37.3489565
                    ],
                    [
                        -86.0694628,
                        37.3491259
                    ],
                    [
                        -86.0706234,
                        37.3493236
                    ],
                    [
                        -86.0711445,
                        37.3493236
                    ],
                    [
                        -86.0718314,
                        37.3492201
                    ],
                    [
                        -86.0729447,
                        37.348787
                    ],
                    [
                        -86.0733355,
                        37.3485234
                    ],
                    [
                        -86.0739632,
                        37.3478455
                    ],
                    [
                        -86.0740461,
                        37.347243
                    ],
                    [
                        -86.0739039,
                        37.3468569
                    ],
                    [
                        -86.0739709,
                        37.3465762
                    ],
                    [
                        -86.0735683,
                        37.3456159
                    ],
                    [
                        -86.0724432,
                        37.3437987
                    ],
                    [
                        -86.0719221,
                        37.3432715
                    ],
                    [
                        -86.0713299,
                        37.3428949
                    ],
                    [
                        -86.0708325,
                        37.3421604
                    ],
                    [
                        -86.0707141,
                        37.3415673
                    ],
                    [
                        -86.0707141,
                        37.3413601
                    ],
                    [
                        -86.0708088,
                        37.3411812
                    ],
                    [
                        -86.0716142,
                        37.3407387
                    ],
                    [
                        -86.0718629,
                        37.3407481
                    ],
                    [
                        -86.0724669,
                        37.3409647
                    ],
                    [
                        -86.0728577,
                        37.3411812
                    ],
                    [
                        -86.0733196,
                        37.3412565
                    ],
                    [
                        -86.073817,
                        37.341313
                    ],
                    [
                        -86.0758777,
                        37.3413413
                    ],
                    [
                        -86.0763396,
                        37.341426
                    ],
                    [
                        -86.0767185,
                        37.3416802
                    ],
                    [
                        -86.0776541,
                        37.3425653
                    ],
                    [
                        -86.0781634,
                        37.3432715
                    ],
                    [
                        -86.0788148,
                        37.3447026
                    ],
                    [
                        -86.0799872,
                        37.3451075
                    ],
                    [
                        -86.0804728,
                        37.3451734
                    ],
                    [
                        -86.0813847,
                        37.3449568
                    ],
                    [
                        -86.0817992,
                        37.344712
                    ],
                    [
                        -86.0822848,
                        37.3442318
                    ],
                    [
                        -86.0832559,
                        37.3428666
                    ],
                    [
                        -86.0856364,
                        37.3412848
                    ],
                    [
                        -86.0864536,
                        37.340814
                    ],
                    [
                        -86.0869628,
                        37.3403715
                    ],
                    [
                        -86.0876734,
                        37.3401078
                    ],
                    [
                        -86.0881353,
                        37.3400513
                    ],
                    [
                        -86.0890946,
                        37.3401266
                    ],
                    [
                        -86.0895446,
                        37.3402679
                    ],
                    [
                        -86.0897933,
                        37.3403715
                    ],
                    [
                        -86.0899591,
                        37.3405221
                    ],
                    [
                        -86.0900302,
                        37.340927
                    ],
                    [
                        -86.0902907,
                        37.3415861
                    ],
                    [
                        -86.0902907,
                        37.341765
                    ],
                    [
                        -86.0901605,
                        37.3419156
                    ],
                    [
                        -86.0895446,
                        37.3422828
                    ],
                    [
                        -86.0885261,
                        37.34249
                    ],
                    [
                        -86.0880642,
                        37.3426595
                    ],
                    [
                        -86.0864417,
                        37.3434786
                    ],
                    [
                        -86.0856838,
                        37.34394
                    ],
                    [
                        -86.0844521,
                        37.344439
                    ],
                    [
                        -86.0828177,
                        37.3455688
                    ],
                    [
                        -86.080911,
                        37.3467175
                    ],
                    [
                        -86.0800346,
                        37.3470752
                    ],
                    [
                        -86.079857,
                        37.347207
                    ],
                    [
                        -86.0795017,
                        37.3477154
                    ],
                    [
                        -86.0791227,
                        37.3484686
                    ],
                    [
                        -86.0789687,
                        37.349203
                    ],
                    [
                        -86.0789806,
                        37.349975
                    ],
                    [
                        -86.0794069,
                        37.3508882
                    ],
                    [
                        -86.0802004,
                        37.3513966
                    ],
                    [
                        -86.0816453,
                        37.3518579
                    ],
                    [
                        -86.0837652,
                        37.351952
                    ],
                    [
                        -86.0841205,
                        37.3522156
                    ],
                    [
                        -86.0845824,
                        37.3519897
                    ],
                    [
                        -86.0848311,
                        37.3519426
                    ],
                    [
                        -86.0853166,
                        37.3519614
                    ],
                    [
                        -86.0857785,
                        37.3518955
                    ],
                    [
                        -86.0860154,
                        37.3519426
                    ],
                    [
                        -86.0869155,
                        37.3522156
                    ],
                    [
                        -86.0874129,
                        37.3522815
                    ],
                    [
                        -86.089592,
                        37.3531853
                    ],
                    [
                        -86.0909421,
                        37.3536654
                    ],
                    [
                        -86.0911671,
                        37.3536748
                    ],
                    [
                        -86.0913803,
                        37.3535807
                    ],
                    [
                        -86.0915224,
                        37.3534301
                    ],
                    [
                        -86.0917238,
                        37.3530723
                    ],
                    [
                        -86.0919488,
                        37.3520085
                    ],
                    [
                        -86.0923515,
                        37.35102
                    ],
                    [
                        -86.0923515,
                        37.3506152
                    ],
                    [
                        -86.0921975,
                        37.3500126
                    ],
                    [
                        -86.0906934,
                        37.3482521
                    ],
                    [
                        -86.0905395,
                        37.3476872
                    ],
                    [
                        -86.0905987,
                        37.3474895
                    ],
                    [
                        -86.0910132,
                        37.3469622
                    ],
                    [
                        -86.0916409,
                        37.3466704
                    ],
                    [
                        -86.091783,
                        37.3465103
                    ],
                    [
                        -86.0927067,
                        37.3465103
                    ],
                    [
                        -86.0931805,
                        37.3465856
                    ],
                    [
                        -86.093595,
                        37.3467551
                    ],
                    [
                        -86.0942819,
                        37.3469152
                    ],
                    [
                        -86.0949806,
                        37.3473483
                    ],
                    [
                        -86.0953359,
                        37.3478567
                    ],
                    [
                        -86.0954543,
                        37.3482333
                    ],
                    [
                        -86.0955846,
                        37.3483933
                    ],
                    [
                        -86.0959873,
                        37.3486569
                    ],
                    [
                        -86.0964136,
                        37.3493442
                    ],
                    [
                        -86.0973611,
                        37.3502574
                    ],
                    [
                        -86.0986401,
                        37.3517167
                    ],
                    [
                        -86.0998481,
                        37.3523945
                    ],
                    [
                        -86.102122,
                        37.3529782
                    ],
                    [
                        -86.1026313,
                        37.3529782
                    ],
                    [
                        -86.1035313,
                        37.3526769
                    ],
                    [
                        -86.1041709,
                        37.3523474
                    ],
                    [
                        -86.1053907,
                        37.3510388
                    ],
                    [
                        -86.105592,
                        37.3506905
                    ],
                    [
                        -86.1055802,
                        37.3484969
                    ],
                    [
                        -86.1054262,
                        37.3479037
                    ],
                    [
                        -86.1049407,
                        37.3469717
                    ],
                    [
                        -86.104313,
                        37.3460772
                    ],
                    [
                        -86.1034248,
                        37.3444955
                    ],
                    [
                        -86.102951,
                        37.3434974
                    ],
                    [
                        -86.102951,
                        37.3429137
                    ],
                    [
                        -86.1034011,
                        37.3424335
                    ],
                    [
                        -86.1036379,
                        37.3424523
                    ],
                    [
                        -86.1040051,
                        37.3427348
                    ],
                    [
                        -86.1042064,
                        37.343102
                    ],
                    [
                        -86.1043367,
                        37.3436858
                    ],
                    [
                        -86.1045143,
                        37.3438364
                    ],
                    [
                        -86.1046446,
                        37.3436763
                    ],
                    [
                        -86.1046328,
                        37.3430549
                    ],
                    [
                        -86.1048459,
                        37.3426877
                    ],
                    [
                        -86.1050828,
                        37.3426689
                    ],
                    [
                        -86.1053907,
                        37.342989
                    ],
                    [
                        -86.1056276,
                        37.3429608
                    ],
                    [
                        -86.1056513,
                        37.3425559
                    ],
                    [
                        -86.1054618,
                        37.3421228
                    ],
                    [
                        -86.1056157,
                        37.3419533
                    ],
                    [
                        -86.1060658,
                        37.3417838
                    ],
                    [
                        -86.106196,
                        37.3416049
                    ],
                    [
                        -86.1064803,
                        37.3405692
                    ],
                    [
                        -86.1067764,
                        37.3400231
                    ],
                    [
                        -86.1069185,
                        37.3393922
                    ],
                    [
                        -86.1068948,
                        37.3387613
                    ],
                    [
                        -86.1063145,
                        37.3375937
                    ],
                    [
                        -86.1053433,
                        37.3363602
                    ],
                    [
                        -86.1040761,
                        37.3352397
                    ],
                    [
                        -86.1029392,
                        37.3345523
                    ],
                    [
                        -86.1027023,
                        37.3344581
                    ],
                    [
                        -86.1012456,
                        37.3339873
                    ],
                    [
                        -86.0992205,
                        37.3334976
                    ],
                    [
                        -86.0963307,
                        37.3325465
                    ],
                    [
                        -86.0956675,
                        37.3321698
                    ],
                    [
                        -86.0955254,
                        37.3320097
                    ],
                    [
                        -86.0953241,
                        37.3316425
                    ],
                    [
                        -86.0953714,
                        37.331247
                    ],
                    [
                        -86.095786,
                        37.3310115
                    ],
                    [
                        -86.0962597,
                        37.330955
                    ],
                    [
                        -86.0972071,
                        37.331068
                    ],
                    [
                        -86.0983559,
                        37.33136
                    ],
                    [
                        -86.0999192,
                        37.3315295
                    ],
                    [
                        -86.100914,
                        37.3317461
                    ],
                    [
                        -86.1030339,
                        37.3324241
                    ],
                    [
                        -86.1046683,
                        37.3327631
                    ],
                    [
                        -86.1070606,
                        37.333507
                    ],
                    [
                        -86.1074988,
                        37.333733
                    ],
                    [
                        -86.108008,
                        37.3341379
                    ],
                    [
                        -86.1088726,
                        37.335089
                    ],
                    [
                        -86.1091095,
                        37.3354374
                    ],
                    [
                        -86.1097253,
                        37.3358894
                    ],
                    [
                        -86.1101161,
                        37.3366333
                    ],
                    [
                        -86.1102227,
                        37.3372265
                    ],
                    [
                        -86.1106846,
                        37.3372265
                    ],
                    [
                        -86.1109096,
                        37.3371323
                    ],
                    [
                        -86.1111346,
                        37.3371983
                    ],
                    [
                        -86.1115965,
                        37.3376314
                    ],
                    [
                        -86.1124847,
                        37.3381775
                    ],
                    [
                        -86.1136454,
                        37.3387048
                    ],
                    [
                        -86.1159548,
                        37.3391191
                    ],
                    [
                        -86.116464,
                        37.3390626
                    ],
                    [
                        -86.1171272,
                        37.3388367
                    ],
                    [
                        -86.1176957,
                        37.3384035
                    ],
                    [
                        -86.1181339,
                        37.3379045
                    ],
                    [
                        -86.1186905,
                        37.3366898
                    ],
                    [
                        -86.1188208,
                        37.3360777
                    ],
                    [
                        -86.1188445,
                        37.3352302
                    ],
                    [
                        -86.1190932,
                        37.3340061
                    ],
                    [
                        -86.1196854,
                        37.3331021
                    ],
                    [
                        -86.120242,
                        37.3327443
                    ],
                    [
                        -86.120692,
                        37.3327066
                    ],
                    [
                        -86.120917,
                        37.3327631
                    ],
                    [
                        -86.1210828,
                        37.3328855
                    ],
                    [
                        -86.1212842,
                        37.3332151
                    ],
                    [
                        -86.1212633,
                        37.3333239
                    ],
                    [
                        -86.121392,
                        37.33344
                    ],
                    [
                        -86.1216066,
                        37.3334809
                    ],
                    [
                        -86.1217868,
                        37.3335628
                    ],
                    [
                        -86.1219156,
                        37.3338221
                    ],
                    [
                        -86.1220357,
                        37.334061
                    ],
                    [
                        -86.1220872,
                        37.3342998
                    ],
                    [
                        -86.1223361,
                        37.3344909
                    ],
                    [
                        -86.1223791,
                        37.3347571
                    ],
                    [
                        -86.1224735,
                        37.3351188
                    ],
                    [
                        -86.1226537,
                        37.3352211
                    ],
                    [
                        -86.1226537,
                        37.3355078
                    ],
                    [
                        -86.1225679,
                        37.3356647
                    ],
                    [
                        -86.1226022,
                        37.3358695
                    ],
                    [
                        -86.1226108,
                        37.3361561
                    ],
                    [
                        -86.122525,
                        37.3364427
                    ],
                    [
                        -86.1223447,
                        37.3367839
                    ],
                    [
                        -86.1221044,
                        37.3370705
                    ],
                    [
                        -86.1218126,
                        37.3373435
                    ],
                    [
                        -86.1214607,
                        37.337596
                    ],
                    [
                        -86.1211603,
                        37.3376779
                    ],
                    [
                        -86.120774,
                        37.3376438
                    ],
                    [
                        -86.1207826,
                        37.337869
                    ],
                    [
                        -86.120671,
                        37.3381078
                    ],
                    [
                        -86.1204221,
                        37.3382921
                    ],
                    [
                        -86.1199415,
                        37.3384968
                    ],
                    [
                        -86.1195466,
                        37.3387152
                    ],
                    [
                        -86.1192806,
                        37.3388721
                    ],
                    [
                        -86.1188342,
                        37.3389608
                    ],
                    [
                        -86.1188257,
                        37.3390632
                    ],
                    [
                        -86.1186368,
                        37.3392406
                    ],
                    [
                        -86.1183193,
                        37.3395136
                    ],
                    [
                        -86.1179159,
                        37.3397934
                    ],
                    [
                        -86.1176498,
                        37.3399844
                    ],
                    [
                        -86.1172292,
                        37.340271
                    ],
                    [
                        -86.1169975,
                        37.3404416
                    ],
                    [
                        -86.1166541,
                        37.3408442
                    ],
                    [
                        -86.1163366,
                        37.3412537
                    ],
                    [
                        -86.1160533,
                        37.3417313
                    ],
                    [
                        -86.1158473,
                        37.3419702
                    ],
                    [
                        -86.1155469,
                        37.3421271
                    ],
                    [
                        -86.1151693,
                        37.3421408
                    ],
                    [
                        -86.1147315,
                        37.3421954
                    ],
                    [
                        -86.1143196,
                        37.342366
                    ],
                    [
                        -86.1139762,
                        37.3425365
                    ],
                    [
                        -86.1137445,
                        37.3426867
                    ],
                    [
                        -86.1137617,
                        37.3430142
                    ],
                    [
                        -86.1136672,
                        37.3433554
                    ],
                    [
                        -86.1135814,
                        37.3436556
                    ],
                    [
                        -86.1133754,
                        37.3439491
                    ],
                    [
                        -86.1130149,
                        37.3442425
                    ],
                    [
                        -86.1128004,
                        37.3444335
                    ],
                    [
                        -86.1126974,
                        37.3446792
                    ],
                    [
                        -86.1126459,
                        37.3449385
                    ],
                    [
                        -86.1125171,
                        37.3451159
                    ],
                    [
                        -86.1122682,
                        37.3452046
                    ],
                    [
                        -86.1120794,
                        37.3450886
                    ],
                    [
                        -86.1119163,
                        37.3448839
                    ],
                    [
                        -86.1116416,
                        37.3446792
                    ],
                    [
                        -86.1114356,
                        37.3445836
                    ],
                    [
                        -86.1115129,
                        37.3448156
                    ],
                    [
                        -86.1115816,
                        37.3450203
                    ],
                    [
                        -86.1116846,
                        37.3451432
                    ],
                    [
                        -86.1118133,
                        37.3452728
                    ],
                    [
                        -86.1118219,
                        37.345382
                    ],
                    [
                        -86.111942,
                        37.3455185
                    ],
                    [
                        -86.1122081,
                        37.3457232
                    ],
                    [
                        -86.1127832,
                        37.3459893
                    ],
                    [
                        -86.1127832,
                        37.3458255
                    ],
                    [
                        -86.1131866,
                        37.3459893
                    ],
                    [
                        -86.1136501,
                        37.3461872
                    ],
                    [
                        -86.1138647,
                        37.3463782
                    ],
                    [
                        -86.1139848,
                        37.3465283
                    ],
                    [
                        -86.1142595,
                        37.3466716
                    ],
                    [
                        -86.1144655,
                        37.3469036
                    ],
                    [
                        -86.1145513,
                        37.3471015
                    ],
                    [
                        -86.1144483,
                        37.3474904
                    ],
                    [
                        -86.1142251,
                        37.3478793
                    ],
                    [
                        -86.1141221,
                        37.3482069
                    ],
                    [
                        -86.1141479,
                        37.3486435
                    ],
                    [
                        -86.1142509,
                        37.349012
                    ],
                    [
                        -86.1142337,
                        37.3492645
                    ],
                    [
                        -86.1141908,
                        37.3494623
                    ],
                    [
                        -86.114311,
                        37.3496193
                    ],
                    [
                        -86.1142938,
                        37.3498376
                    ],
                    [
                        -86.1140706,
                        37.3500218
                    ],
                    [
                        -86.1137788,
                        37.3501787
                    ],
                    [
                        -86.1137445,
                        37.350322
                    ],
                    [
                        -86.1140191,
                        37.3503357
                    ],
                    [
                        -86.1142766,
                        37.3502333
                    ],
                    [
                        -86.11462,
                        37.3499741
                    ],
                    [
                        -86.1148174,
                        37.349824
                    ],
                    [
                        -86.1150319,
                        37.3496329
                    ],
                    [
                        -86.1153581,
                        37.349551
                    ],
                    [
                        -86.1157358,
                        37.3495442
                    ],
                    [
                        -86.1160705,
                        37.349592
                    ],
                    [
                        -86.1162851,
                        37.3497967
                    ],
                    [
                        -86.1163722,
                        37.3503196
                    ],
                    [
                        -86.116313,
                        37.3505079
                    ],
                    [
                        -86.1160169,
                        37.350828
                    ],
                    [
                        -86.1156853,
                        37.3511293
                    ],
                    [
                        -86.1152708,
                        37.3513835
                    ],
                    [
                        -86.1143115,
                        37.3516847
                    ],
                    [
                        -86.1139444,
                        37.3521084
                    ],
                    [
                        -86.1142997,
                        37.3530404
                    ],
                    [
                        -86.1143233,
                        37.3532381
                    ],
                    [
                        -86.1142404,
                        37.3534264
                    ],
                    [
                        -86.1140746,
                        37.3535676
                    ],
                    [
                        -86.1134233,
                        37.3538406
                    ],
                    [
                        -86.1130561,
                        37.3541324
                    ],
                    [
                        -86.1130324,
                        37.3543301
                    ],
                    [
                        -86.1134706,
                        37.3548197
                    ],
                    [
                        -86.1138378,
                        37.3550362
                    ],
                    [
                        -86.1141575,
                        37.3553374
                    ],
                    [
                        -86.1147734,
                        37.3556387
                    ],
                    [
                        -86.1152353,
                        37.3557705
                    ],
                    [
                        -86.1157208,
                        37.3556857
                    ],
                    [
                        -86.115934,
                        37.355554
                    ],
                    [
                        -86.1162538,
                        37.3550268
                    ],
                    [
                        -86.1163011,
                        37.3548103
                    ],
                    [
                        -86.1157564,
                        37.3554504
                    ],
                    [
                        -86.1152708,
                        37.3554598
                    ],
                    [
                        -86.1144062,
                        37.3550079
                    ],
                    [
                        -86.1141575,
                        37.3549797
                    ],
                    [
                        -86.113968,
                        37.3548479
                    ],
                    [
                        -86.1138259,
                        37.3546879
                    ],
                    [
                        -86.1138259,
                        37.3544902
                    ],
                    [
                        -86.1139088,
                        37.3543113
                    ],
                    [
                        -86.1146549,
                        37.3536806
                    ],
                    [
                        -86.1149155,
                        37.3529274
                    ],
                    [
                        -86.1152708,
                        37.3526732
                    ],
                    [
                        -86.1162301,
                        37.3527391
                    ],
                    [
                        -86.1168933,
                        37.353031
                    ],
                    [
                        -86.1176276,
                        37.3529651
                    ],
                    [
                        -86.1180776,
                        37.3527956
                    ],
                    [
                        -86.1181723,
                        37.3526262
                    ],
                    [
                        -86.1181723,
                        37.3522308
                    ],
                    [
                        -86.1179236,
                        37.3518542
                    ],
                    [
                        -86.1172604,
                        37.3512328
                    ],
                    [
                        -86.1171657,
                        37.3510446
                    ],
                    [
                        -86.1171775,
                        37.3508563
                    ],
                    [
                        -86.1173433,
                        37.3507056
                    ],
                    [
                        -86.117592,
                        37.3506303
                    ],
                    [
                        -86.1178644,
                        37.3506303
                    ],
                    [
                        -86.1181013,
                        37.3506774
                    ],
                    [
                        -86.1184447,
                        37.3509504
                    ],
                    [
                        -86.1186698,
                        37.3509033
                    ],
                    [
                        -86.1185987,
                        37.3503385
                    ],
                    [
                        -86.1184092,
                        37.349943
                    ],
                    [
                        -86.1184092,
                        37.3495382
                    ],
                    [
                        -86.1178526,
                        37.3488509
                    ],
                    [
                        -86.1178987,
                        37.3486981
                    ],
                    [
                        -86.1174695,
                        37.3485207
                    ],
                    [
                        -86.1169889,
                        37.3482614
                    ],
                    [
                        -86.1165426,
                        37.3480226
                    ],
                    [
                        -86.1163967,
                        37.3478793
                    ],
                    [
                        -86.1164052,
                        37.3476678
                    ],
                    [
                        -86.1164911,
                        37.3474017
                    ],
                    [
                        -86.1164825,
                        37.347006
                    ],
                    [
                        -86.1163366,
                        37.3465829
                    ],
                    [
                        -86.1161477,
                        37.3462076
                    ],
                    [
                        -86.11571,
                        37.345846
                    ],
                    [
                        -86.1152122,
                        37.3455867
                    ],
                    [
                        -86.1148946,
                        37.3452046
                    ],
                    [
                        -86.1147573,
                        37.3449658
                    ],
                    [
                        -86.1148345,
                        37.3447747
                    ],
                    [
                        -86.1149976,
                        37.3445973
                    ],
                    [
                        -86.1152122,
                        37.3444608
                    ],
                    [
                        -86.1154611,
                        37.3443926
                    ],
                    [
                        -86.1157014,
                        37.3445359
                    ],
                    [
                        -86.1159847,
                        37.3448634
                    ],
                    [
                        -86.1164653,
                        37.3451363
                    ],
                    [
                        -86.1170061,
                        37.3455526
                    ],
                    [
                        -86.1172979,
                        37.3458665
                    ],
                    [
                        -86.1183965,
                        37.3462827
                    ],
                    [
                        -86.1187398,
                        37.3463441
                    ],
                    [
                        -86.1190402,
                        37.3464601
                    ],
                    [
                        -86.1195295,
                        37.3465556
                    ],
                    [
                        -86.1201475,
                        37.3466307
                    ],
                    [
                        -86.1206882,
                        37.3466648
                    ],
                    [
                        -86.1211603,
                        37.346658
                    ],
                    [
                        -86.1216323,
                        37.346658
                    ],
                    [
                        -86.1218469,
                        37.3468149
                    ],
                    [
                        -86.1220443,
                        37.3471697
                    ],
                    [
                        -86.1220615,
                        37.3476474
                    ],
                    [
                        -86.1219671,
                        37.3479135
                    ],
                    [
                        -86.1218898,
                        37.3480772
                    ],
                    [
                        -86.1220872,
                        37.3480704
                    ],
                    [
                        -86.1222932,
                        37.3480568
                    ],
                    [
                        -86.1225336,
                        37.3482342
                    ],
                    [
                        -86.1226966,
                        37.3486231
                    ],
                    [
                        -86.1228769,
                        37.3489711
                    ],
                    [
                        -86.1231773,
                        37.3494214
                    ],
                    [
                        -86.1232889,
                        37.3493532
                    ],
                    [
                        -86.1230915,
                        37.3489301
                    ],
                    [
                        -86.1230314,
                        37.3485139
                    ],
                    [
                        -86.1230485,
                        37.3482887
                    ],
                    [
                        -86.1229198,
                        37.3479817
                    ],
                    [
                        -86.1228425,
                        37.3477088
                    ],
                    [
                        -86.1229112,
                        37.3473744
                    ],
                    [
                        -86.1229541,
                        37.3470469
                    ],
                    [
                        -86.1229541,
                        37.346774
                    ],
                    [
                        -86.1228597,
                        37.3465147
                    ],
                    [
                        -86.1226623,
                        37.3463509
                    ],
                    [
                        -86.1227138,
                        37.3462145
                    ],
                    [
                        -86.1229799,
                        37.3460712
                    ],
                    [
                        -86.1233146,
                        37.3459961
                    ],
                    [
                        -86.1237352,
                        37.3461258
                    ],
                    [
                        -86.1240356,
                        37.3462827
                    ],
                    [
                        -86.1241558,
                        37.3462417
                    ],
                    [
                        -86.124336,
                        37.3460712
                    ],
                    [
                        -86.1245849,
                        37.3458392
                    ],
                    [
                        -86.1247308,
                        37.3456345
                    ],
                    [
                        -86.1247651,
                        37.3454775
                    ],
                    [
                        -86.1246364,
                        37.3453547
                    ],
                    [
                        -86.1242931,
                        37.3452046
                    ],
                    [
                        -86.1243274,
                        37.3450954
                    ],
                    [
                        -86.1245162,
                        37.3451636
                    ],
                    [
                        -86.1247222,
                        37.3452523
                    ],
                    [
                        -86.1248424,
                        37.3451363
                    ],
                    [
                        -86.1247222,
                        37.3450203
                    ],
                    [
                        -86.1246107,
                        37.3449248
                    ],
                    [
                        -86.1246793,
                        37.3447815
                    ],
                    [
                        -86.1247737,
                        37.3446451
                    ],
                    [
                        -86.1249368,
                        37.3442629
                    ],
                    [
                        -86.1251342,
                        37.3437375
                    ],
                    [
                        -86.1253917,
                        37.3430142
                    ],
                    [
                        -86.1255634,
                        37.3424001
                    ],
                    [
                        -86.1258466,
                        37.3417655
                    ],
                    [
                        -86.1261642,
                        37.3410831
                    ],
                    [
                        -86.1264388,
                        37.3405781
                    ],
                    [
                        -86.1267908,
                        37.3401482
                    ],
                    [
                        -86.1270912,
                        37.3399094
                    ],
                    [
                        -86.12728,
                        37.3398684
                    ],
                    [
                        -86.1274173,
                        37.3398207
                    ],
                    [
                        -86.1274431,
                        37.339691
                    ],
                    [
                        -86.1273401,
                        37.3396228
                    ],
                    [
                        -86.1274431,
                        37.3394317
                    ],
                    [
                        -86.1275546,
                        37.3392952
                    ],
                    [
                        -86.1279409,
                        37.3391724
                    ],
                    [
                        -86.1281984,
                        37.3392406
                    ],
                    [
                        -86.128413,
                        37.3394112
                    ],
                    [
                        -86.128576,
                        37.3395409
                    ],
                    [
                        -86.1289966,
                        37.3395477
                    ],
                    [
                        -86.1294687,
                        37.3396091
                    ],
                    [
                        -86.1297862,
                        37.3397319
                    ],
                    [
                        -86.1301038,
                        37.3399094
                    ],
                    [
                        -86.1302137,
                        37.3400364
                    ],
                    [
                        -86.1304283,
                        37.3402411
                    ],
                    [
                        -86.130394,
                        37.3405755
                    ],
                    [
                        -86.130188,
                        37.3409713
                    ],
                    [
                        -86.1296644,
                        37.3415308
                    ],
                    [
                        -86.1290121,
                        37.3421723
                    ],
                    [
                        -86.1286859,
                        37.342493
                    ],
                    [
                        -86.1284971,
                        37.3427591
                    ],
                    [
                        -86.1286774,
                        37.3426909
                    ],
                    [
                        -86.1288919,
                        37.3426295
                    ],
                    [
                        -86.1292181,
                        37.3426226
                    ],
                    [
                        -86.1292868,
                        37.3424657
                    ],
                    [
                        -86.1296301,
                        37.3424384
                    ],
                    [
                        -86.1300077,
                        37.3423906
                    ],
                    [
                        -86.1304541,
                        37.3424111
                    ],
                    [
                        -86.130703,
                        37.3424384
                    ],
                    [
                        -86.130806,
                        37.3425681
                    ],
                    [
                        -86.1310205,
                        37.342725
                    ],
                    [
                        -86.1313124,
                        37.342725
                    ],
                    [
                        -86.1316728,
                        37.3426363
                    ],
                    [
                        -86.1320505,
                        37.3425681
                    ],
                    [
                        -86.1321707,
                        37.3426909
                    ],
                    [
                        -86.1325827,
                        37.3428274
                    ],
                    [
                        -86.1329431,
                        37.3430662
                    ],
                    [
                        -86.1333551,
                        37.3432504
                    ],
                    [
                        -86.1337242,
                        37.3435575
                    ],
                    [
                        -86.1339731,
                        37.3437417
                    ],
                    [
                        -86.1342649,
                        37.3438373
                    ],
                    [
                        -86.1345053,
                        37.343926
                    ],
                    [
                        -86.1346769,
                        37.3440351
                    ],
                    [
                        -86.1350117,
                        37.3440556
                    ],
                    [
                        -86.1352606,
                        37.3441853
                    ],
                    [
                        -86.1356211,
                        37.3441921
                    ],
                    [
                        -86.1356811,
                        37.3442876
                    ],
                    [
                        -86.1356811,
                        37.3444582
                    ],
                    [
                        -86.1359301,
                        37.3444992
                    ],
                    [
                        -86.1363077,
                        37.3443559
                    ],
                    [
                        -86.1367712,
                        37.3442399
                    ],
                    [
                        -86.1372433,
                        37.3440829
                    ],
                    [
                        -86.1376982,
                        37.343926
                    ],
                    [
                        -86.1379728,
                        37.3440079
                    ],
                    [
                        -86.1384191,
                        37.3440079
                    ],
                    [
                        -86.1388655,
                        37.3439874
                    ],
                    [
                        -86.13908,
                        37.3441853
                    ],
                    [
                        -86.13908,
                        37.3444855
                    ],
                    [
                        -86.1389513,
                        37.3447243
                    ],
                    [
                        -86.1385822,
                        37.34497
                    ],
                    [
                        -86.1382646,
                        37.3451406
                    ],
                    [
                        -86.1378612,
                        37.3452497
                    ],
                    [
                        -86.1374836,
                        37.3453657
                    ],
                    [
                        -86.1376638,
                        37.3454135
                    ],
                    [
                        -86.1379557,
                        37.3454476
                    ],
                    [
                        -86.1382561,
                        37.3454476
                    ],
                    [
                        -86.1385736,
                        37.3454135
                    ],
                    [
                        -86.138771,
                        37.3455159
                    ],
                    [
                        -86.1390285,
                        37.3455227
                    ],
                    [
                        -86.1393204,
                        37.345434
                    ],
                    [
                        -86.1396465,
                        37.3453726
                    ],
                    [
                        -86.139904,
                        37.3454954
                    ],
                    [
                        -86.1399298,
                        37.3457001
                    ],
                    [
                        -86.1398697,
                        37.3458843
                    ],
                    [
                        -86.1396809,
                        37.346089
                    ],
                    [
                        -86.1396809,
                        37.3462187
                    ],
                    [
                        -86.1399555,
                        37.346205
                    ],
                    [
                        -86.1402302,
                        37.346089
                    ],
                    [
                        -86.140522,
                        37.3460208
                    ],
                    [
                        -86.1408996,
                        37.3459253
                    ],
                    [
                        -86.1411571,
                        37.3457274
                    ],
                    [
                        -86.141406,
                        37.3457888
                    ],
                    [
                        -86.1414404,
                        37.3459594
                    ],
                    [
                        -86.1415176,
                        37.346205
                    ],
                    [
                        -86.1415605,
                        37.3465257
                    ],
                    [
                        -86.1414919,
                        37.3468328
                    ],
                    [
                        -86.1413889,
                        37.347133
                    ],
                    [
                        -86.1410971,
                        37.3473513
                    ],
                    [
                        -86.1409855,
                        37.3475833
                    ],
                    [
                        -86.1413116,
                        37.3475492
                    ],
                    [
                        -86.1414146,
                        37.3474264
                    ],
                    [
                        -86.1420755,
                        37.3474059
                    ],
                    [
                        -86.1424189,
                        37.3473923
                    ],
                    [
                        -86.1426506,
                        37.3476652
                    ],
                    [
                        -86.1427793,
                        37.3479723
                    ],
                    [
                        -86.1431141,
                        37.3480678
                    ],
                    [
                        -86.143466,
                        37.3481087
                    ],
                    [
                        -86.1437406,
                        37.3483475
                    ],
                    [
                        -86.1438951,
                        37.348716
                    ],
                    [
                        -86.1438179,
                        37.3490299
                    ],
                    [
                        -86.1438093,
                        37.3493233
                    ],
                    [
                        -86.1440067,
                        37.3494324
                    ],
                    [
                        -86.1443415,
                        37.349412
                    ],
                    [
                        -86.1446934,
                        37.3495279
                    ],
                    [
                        -86.144865,
                        37.3498418
                    ],
                    [
                        -86.1449766,
                        37.3501147
                    ],
                    [
                        -86.1452598,
                        37.3502785
                    ],
                    [
                        -86.1455345,
                        37.3504354
                    ],
                    [
                        -86.1456375,
                        37.3507015
                    ],
                    [
                        -86.1456118,
                        37.3510495
                    ],
                    [
                        -86.1454487,
                        37.3513224
                    ],
                    [
                        -86.1452513,
                        37.351609
                    ],
                    [
                        -86.145174,
                        37.3520661
                    ],
                    [
                        -86.1452255,
                        37.3523185
                    ],
                    [
                        -86.1450367,
                        37.3525301
                    ],
                    [
                        -86.1451054,
                        37.3527689
                    ],
                    [
                        -86.1449337,
                        37.3529531
                    ],
                    [
                        -86.144659,
                        37.3531305
                    ],
                    [
                        -86.1444187,
                        37.3535535
                    ],
                    [
                        -86.1441355,
                        37.3540174
                    ],
                    [
                        -86.1438007,
                        37.3541334
                    ],
                    [
                        -86.1435175,
                        37.354263
                    ],
                    [
                        -86.1436462,
                        37.3542767
                    ],
                    [
                        -86.1440925,
                        37.3542494
                    ],
                    [
                        -86.1444273,
                        37.3543927
                    ],
                    [
                        -86.144659,
                        37.3545905
                    ],
                    [
                        -86.1447363,
                        37.3543449
                    ],
                    [
                        -86.1446504,
                        37.3539901
                    ],
                    [
                        -86.1449165,
                        37.3537786
                    ],
                    [
                        -86.1453628,
                        37.3534852
                    ],
                    [
                        -86.1456547,
                        37.353342
                    ],
                    [
                        -86.1460409,
                        37.3532601
                    ],
                    [
                        -86.1462383,
                        37.3530281
                    ],
                    [
                        -86.1461353,
                        37.3527825
                    ],
                    [
                        -86.1462126,
                        37.3525983
                    ],
                    [
                        -86.1461697,
                        37.352455
                    ],
                    [
                        -86.1462212,
                        37.3521616
                    ],
                    [
                        -86.1466331,
                        37.3516635
                    ],
                    [
                        -86.1468563,
                        37.3513019
                    ],
                    [
                        -86.1474571,
                        37.3513019
                    ],
                    [
                        -86.1483068,
                        37.3512405
                    ],
                    [
                        -86.1490278,
                        37.3510904
                    ],
                    [
                        -86.1495685,
                        37.3506674
                    ],
                    [
                        -86.1500578,
                        37.3501352
                    ],
                    [
                        -86.1501951,
                        37.3494529
                    ],
                    [
                        -86.1503153,
                        37.3488798
                    ],
                    [
                        -86.1503668,
                        37.3482793
                    ],
                    [
                        -86.150238,
                        37.3478631
                    ],
                    [
                        -86.149972,
                        37.3475151
                    ],
                    [
                        -86.1494226,
                        37.3469965
                    ],
                    [
                        -86.1490021,
                        37.3465871
                    ],
                    [
                        -86.1489162,
                        37.346362
                    ],
                    [
                        -86.1490793,
                        37.346246
                    ],
                    [
                        -86.1496029,
                        37.3460481
                    ],
                    [
                        -86.1501694,
                        37.3460003
                    ],
                    [
                        -86.15065,
                        37.3460958
                    ],
                    [
                        -86.1509333,
                        37.3462255
                    ],
                    [
                        -86.1513195,
                        37.3462596
                    ],
                    [
                        -86.1519031,
                        37.3461368
                    ],
                    [
                        -86.1522293,
                        37.3460549
                    ],
                    [
                        -86.1523924,
                        37.3461914
                    ],
                    [
                        -86.1527357,
                        37.346478
                    ],
                    [
                        -86.1529846,
                        37.3464643
                    ],
                    [
                        -86.1531649,
                        37.3465871
                    ],
                    [
                        -86.1534052,
                        37.3467372
                    ],
                    [
                        -86.1534223,
                        37.3468805
                    ],
                    [
                        -86.1533451,
                        37.3471466
                    ],
                    [
                        -86.1532764,
                        37.3474128
                    ],
                    [
                        -86.1531906,
                        37.3475902
                    ],
                    [
                        -86.1532593,
                        37.3477812
                    ],
                    [
                        -86.153491,
                        37.34802
                    ],
                    [
                        -86.1535339,
                        37.3482657
                    ],
                    [
                        -86.1534138,
                        37.3485591
                    ],
                    [
                        -86.1530876,
                        37.3487979
                    ],
                    [
                        -86.1528129,
                        37.3489685
                    ],
                    [
                        -86.1524696,
                        37.3491731
                    ],
                    [
                        -86.1521778,
                        37.3493642
                    ],
                    [
                        -86.152092,
                        37.3495825
                    ],
                    [
                        -86.1519375,
                        37.34991
                    ],
                    [
                        -86.1517744,
                        37.3501966
                    ],
                    [
                        -86.1516285,
                        37.3505241
                    ],
                    [
                        -86.1515169,
                        37.3508448
                    ],
                    [
                        -86.1514311,
                        37.3511587
                    ],
                    [
                        -86.1514997,
                        37.3514384
                    ],
                    [
                        -86.1516714,
                        37.3516772
                    ],
                    [
                        -86.1519203,
                        37.3519569
                    ],
                    [
                        -86.1521778,
                        37.3521207
                    ],
                    [
                        -86.1522293,
                        37.3520183
                    ],
                    [
                        -86.152092,
                        37.3518068
                    ],
                    [
                        -86.1519031,
                        37.3515953
                    ],
                    [
                        -86.1518946,
                        37.3513633
                    ],
                    [
                        -86.1520405,
                        37.3511177
                    ],
                    [
                        -86.1521778,
                        37.3507834
                    ],
                    [
                        -86.1521091,
                        37.3506128
                    ],
                    [
                        -86.1522894,
                        37.3504695
                    ],
                    [
                        -86.1526155,
                        37.3501079
                    ],
                    [
                        -86.1527958,
                        37.3498964
                    ],
                    [
                        -86.1531219,
                        37.3498418
                    ],
                    [
                        -86.1536198,
                        37.3497872
                    ],
                    [
                        -86.1540918,
                        37.3497326
                    ],
                    [
                        -86.1542721,
                        37.34991
                    ],
                    [
                        -86.1543836,
                        37.350183
                    ],
                    [
                        -86.1545639,
                        37.3504013
                    ],
                    [
                        -86.1549673,
                        37.3507493
                    ],
                    [
                        -86.1553707,
                        37.3510358
                    ],
                    [
                        -86.1553192,
                        37.3512815
                    ],
                    [
                        -86.1556711,
                        37.3513497
                    ],
                    [
                        -86.1560831,
                        37.3512201
                    ],
                    [
                        -86.1563663,
                        37.3513497
                    ],
                    [
                        -86.1567011,
                        37.351568
                    ],
                    [
                        -86.1567869,
                        37.3518137
                    ],
                    [
                        -86.1570187,
                        37.3519501
                    ],
                    [
                        -86.1573019,
                        37.3517113
                    ],
                    [
                        -86.1576366,
                        37.3518682
                    ],
                    [
                        -86.157774,
                        37.352148
                    ],
                    [
                        -86.157877,
                        37.3525778
                    ],
                    [
                        -86.157877,
                        37.3530691
                    ],
                    [
                        -86.1580572,
                        37.3528985
                    ],
                    [
                        -86.1582889,
                        37.352646
                    ],
                    [
                        -86.1585464,
                        37.3521821
                    ],
                    [
                        -86.1589155,
                        37.3520047
                    ],
                    [
                        -86.1593103,
                        37.3519774
                    ],
                    [
                        -86.1596107,
                        37.352107
                    ],
                    [
                        -86.1596451,
                        37.3523254
                    ],
                    [
                        -86.1597137,
                        37.3526256
                    ],
                    [
                        -86.1598253,
                        37.3524618
                    ],
                    [
                        -86.1599712,
                        37.3523595
                    ],
                    [
                        -86.1601257,
                        37.3525505
                    ],
                    [
                        -86.1602802,
                        37.3521889
                    ],
                    [
                        -86.1604776,
                        37.3521412
                    ],
                    [
                        -86.1602545,
                        37.3519433
                    ],
                    [
                        -86.1600742,
                        37.3517386
                    ],
                    [
                        -86.1600828,
                        37.3515612
                    ],
                    [
                        -86.1607094,
                        37.3512542
                    ],
                    [
                        -86.1614303,
                        37.351029
                    ],
                    [
                        -86.1620998,
                        37.3508448
                    ],
                    [
                        -86.162529,
                        37.3505787
                    ],
                    [
                        -86.1630525,
                        37.3503058
                    ],
                    [
                        -86.1633873,
                        37.3501352
                    ],
                    [
                        -86.1634645,
                        37.3499987
                    ],
                    [
                        -86.1636963,
                        37.3498623
                    ],
                    [
                        -86.1637364,
                        37.350382
                    ],
                    [
                        -86.1638222,
                        37.3508596
                    ],
                    [
                        -86.1637621,
                        37.3512553
                    ],
                    [
                        -86.1636763,
                        37.3515692
                    ],
                    [
                        -86.1635047,
                        37.3518421
                    ],
                    [
                        -86.1632128,
                        37.3520877
                    ],
                    [
                        -86.1629468,
                        37.3523061
                    ],
                    [
                        -86.1628352,
                        37.3524016
                    ],
                    [
                        -86.1628352,
                        37.3525995
                    ],
                    [
                        -86.163024,
                        37.3527223
                    ],
                    [
                        -86.1632815,
                        37.352695
                    ],
                    [
                        -86.1635733,
                        37.3527291
                    ],
                    [
                        -86.1636162,
                        37.3530088
                    ],
                    [
                        -86.1635047,
                        37.3532203
                    ],
                    [
                        -86.163436,
                        37.3534045
                    ],
                    [
                        -86.1633502,
                        37.353657
                    ],
                    [
                        -86.1632987,
                        37.3538617
                    ],
                    [
                        -86.1632043,
                        37.3540663
                    ],
                    [
                        -86.1632815,
                        37.3543188
                    ],
                    [
                        -86.1634532,
                        37.3542574
                    ],
                    [
                        -86.163745,
                        37.3541209
                    ],
                    [
                        -86.1641141,
                        37.3538685
                    ],
                    [
                        -86.1643973,
                        37.3537184
                    ],
                    [
                        -86.1644917,
                        37.3539094
                    ],
                    [
                        -86.1644574,
                        37.3542369
                    ],
                    [
                        -86.1644488,
                        37.354578
                    ],
                    [
                        -86.1646634,
                        37.3547691
                    ],
                    [
                        -86.1649809,
                        37.3547623
                    ],
                    [
                        -86.1652041,
                        37.3547623
                    ],
                    [
                        -86.1653758,
                        37.3546736
                    ],
                    [
                        -86.1656676,
                        37.3546599
                    ],
                    [
                        -86.1660109,
                        37.354694
                    ],
                    [
                        -86.1662341,
                        37.3548237
                    ],
                    [
                        -86.1664057,
                        37.3550966
                    ],
                    [
                        -86.1665774,
                        37.3551443
                    ],
                    [
                        -86.1669379,
                        37.3553968
                    ],
                    [
                        -86.1670838,
                        37.3556219
                    ],
                    [
                        -86.1670237,
                        37.3557925
                    ],
                    [
                        -86.1669207,
                        37.3559971
                    ],
                    [
                        -86.1669808,
                        37.35612
                    ],
                    [
                        -86.1671267,
                        37.3562837
                    ],
                    [
                        -86.1672984,
                        37.3563656
                    ],
                    [
                        -86.1675559,
                        37.3563792
                    ],
                    [
                        -86.1675816,
                        37.3564747
                    ],
                    [
                        -86.1674529,
                        37.3566726
                    ],
                    [
                        -86.16747,
                        37.3568295
                    ],
                    [
                        -86.1676503,
                        37.3570001
                    ],
                    [
                        -86.1679335,
                        37.357157
                    ],
                    [
                        -86.1681138,
                        37.3573343
                    ],
                    [
                        -86.1681996,
                        37.3575663
                    ],
                    [
                        -86.1679936,
                        37.3577573
                    ],
                    [
                        -86.1678563,
                        37.3579347
                    ],
                    [
                        -86.1678563,
                        37.3580916
                    ],
                    [
                        -86.1678477,
                        37.3582349
                    ],
                    [
                        -86.1677619,
                        37.3583577
                    ],
                    [
                        -86.1677876,
                        37.3585692
                    ],
                    [
                        -86.1679078,
                        37.3587056
                    ],
                    [
                        -86.1681481,
                        37.3587602
                    ],
                    [
                        -86.168397,
                        37.3587329
                    ],
                    [
                        -86.1687403,
                        37.3587739
                    ],
                    [
                        -86.1690493,
                        37.3588967
                    ],
                    [
                        -86.1690837,
                        37.3590672
                    ],
                    [
                        -86.1690064,
                        37.3592037
                    ],
                    [
                        -86.1690579,
                        37.3594083
                    ],
                    [
                        -86.1691952,
                        37.3595107
                    ],
                    [
                        -86.1694699,
                        37.3596471
                    ],
                    [
                        -86.1697789,
                        37.3600428
                    ],
                    [
                        -86.1699162,
                        37.3603566
                    ],
                    [
                        -86.1699505,
                        37.3605613
                    ],
                    [
                        -86.169899,
                        37.3607591
                    ],
                    [
                        -86.1699591,
                        37.3609297
                    ],
                    [
                        -86.1701222,
                        37.3611343
                    ],
                    [
                        -86.1703797,
                        37.3613595
                    ],
                    [
                        -86.1704054,
                        37.3615778
                    ],
                    [
                        -86.1702681,
                        37.3618847
                    ],
                    [
                        -86.1701308,
                        37.3621031
                    ],
                    [
                        -86.170148,
                        37.3623418
                    ],
                    [
                        -86.1698905,
                        37.3625874
                    ],
                    [
                        -86.1696416,
                        37.3628194
                    ],
                    [
                        -86.1692296,
                        37.3630513
                    ],
                    [
                        -86.1689635,
                        37.3631263
                    ],
                    [
                        -86.168603,
                        37.3633174
                    ],
                    [
                        -86.168191,
                        37.3634674
                    ],
                    [
                        -86.1676589,
                        37.363638
                    ],
                    [
                        -86.1671525,
                        37.3637881
                    ],
                    [
                        -86.1669036,
                        37.3638767
                    ],
                    [
                        -86.1668778,
                        37.3639791
                    ],
                    [
                        -86.1667233,
                        37.3641223
                    ],
                    [
                        -86.1664658,
                        37.3641564
                    ],
                    [
                        -86.1661654,
                        37.3641496
                    ],
                    [
                        -86.1660452,
                        37.3642042
                    ],
                    [
                        -86.1658993,
                        37.3643543
                    ],
                    [
                        -86.1656075,
                        37.364518
                    ],
                    [
                        -86.1653243,
                        37.3646135
                    ],
                    [
                        -86.1649209,
                        37.3647295
                    ],
                    [
                        -86.1646033,
                        37.3648045
                    ],
                    [
                        -86.1643029,
                        37.3647909
                    ],
                    [
                        -86.1640368,
                        37.3648386
                    ],
                    [
                        -86.1638566,
                        37.364975
                    ],
                    [
                        -86.1636677,
                        37.365282
                    ],
                    [
                        -86.1634817,
                        37.3656833
                    ],
                    [
                        -86.1631985,
                        37.3659084
                    ],
                    [
                        -86.1630955,
                        37.3661131
                    ],
                    [
                        -86.1632156,
                        37.3663177
                    ],
                    [
                        -86.1630611,
                        37.3665906
                    ],
                    [
                        -86.1628294,
                        37.3668498
                    ],
                    [
                        -86.1626234,
                        37.3671841
                    ],
                    [
                        -86.1624346,
                        37.3674706
                    ],
                    [
                        -86.1622543,
                        37.3676411
                    ],
                    [
                        -86.1619625,
                        37.3678662
                    ],
                    [
                        -86.1616869,
                        37.367974
                    ],
                    [
                        -86.1612148,
                        37.3678989
                    ],
                    [
                        -86.1605282,
                        37.3677966
                    ],
                    [
                        -86.1599531,
                        37.3677421
                    ],
                    [
                        -86.1593523,
                        37.3676466
                    ],
                    [
                        -86.1590262,
                        37.3675101
                    ],
                    [
                        -86.1588373,
                        37.3673873
                    ],
                    [
                        -86.1586399,
                        37.3675238
                    ],
                    [
                        -86.1582708,
                        37.3675783
                    ],
                    [
                        -86.1579275,
                        37.3677284
                    ],
                    [
                        -86.1578932,
                        37.3678989
                    ],
                    [
                        -86.1579533,
                        37.3680558
                    ],
                    [
                        -86.158185,
                        37.3679876
                    ],
                    [
                        -86.1583824,
                        37.3678648
                    ],
                    [
                        -86.1586657,
                        37.3677625
                    ],
                    [
                        -86.1588545,
                        37.3678512
                    ],
                    [
                        -86.1589575,
                        37.3679467
                    ],
                    [
                        -86.159112,
                        37.3680558
                    ],
                    [
                        -86.1592665,
                        37.3681718
                    ],
                    [
                        -86.1599274,
                        37.3683969
                    ],
                    [
                        -86.1605711,
                        37.3686834
                    ],
                    [
                        -86.1611548,
                        37.3690927
                    ],
                    [
                        -86.1614466,
                        37.3694201
                    ],
                    [
                        -86.1614466,
                        37.3697202
                    ],
                    [
                        -86.1612148,
                        37.3703546
                    ],
                    [
                        -86.1609574,
                        37.3710367
                    ],
                    [
                        -86.1608973,
                        37.3716506
                    ],
                    [
                        -86.1608286,
                        37.3721281
                    ],
                    [
                        -86.1607428,
                        37.3724351
                    ],
                    [
                        -86.1603823,
                        37.3726738
                    ],
                    [
                        -86.1597557,
                        37.3729262
                    ],
                    [
                        -86.1587858,
                        37.3731513
                    ],
                    [
                        -86.1580992,
                        37.3733764
                    ],
                    [
                        -86.1576529,
                        37.3736287
                    ],
                    [
                        -86.1571551,
                        37.3737993
                    ],
                    [
                        -86.1565371,
                        37.3738675
                    ],
                    [
                        -86.1561766,
                        37.3739698
                    ],
                    [
                        -86.1557217,
                        37.3740721
                    ],
                    [
                        -86.1552925,
                        37.3742426
                    ],
                    [
                        -86.1548634,
                        37.3743995
                    ],
                    [
                        -86.1547346,
                        37.3745496
                    ],
                    [
                        -86.1548205,
                        37.3746519
                    ],
                    [
                        -86.1550093,
                        37.3747405
                    ],
                    [
                        -86.1553183,
                        37.3747405
                    ],
                    [
                        -86.1556101,
                        37.374686
                    ],
                    [
                        -86.1558676,
                        37.3746996
                    ],
                    [
                        -86.1561766,
                        37.3747201
                    ],
                    [
                        -86.1565199,
                        37.3747883
                    ],
                    [
                        -86.1567774,
                        37.3748769
                    ],
                    [
                        -86.1570692,
                        37.3748565
                    ],
                    [
                        -86.15761,
                        37.3746996
                    ],
                    [
                        -86.1581679,
                        37.374495
                    ],
                    [
                        -86.1587687,
                        37.3742426
                    ],
                    [
                        -86.1592665,
                        37.374038
                    ],
                    [
                        -86.1596441,
                        37.3739357
                    ],
                    [
                        -86.1599274,
                        37.3739698
                    ],
                    [
                        -86.1602106,
                        37.3741403
                    ],
                    [
                        -86.160614,
                        37.3742085
                    ],
                    [
                        -86.1610174,
                        37.3742222
                    ],
                    [
                        -86.1613007,
                        37.3743108
                    ],
                    [
                        -86.1616011,
                        37.3746314
                    ],
                    [
                        -86.1618757,
                        37.3751293
                    ],
                    [
                        -86.1622191,
                        37.3758455
                    ],
                    [
                        -86.1622191,
                        37.3764389
                    ],
                    [
                        -86.1620731,
                        37.3766981
                    ],
                    [
                        -86.1617727,
                        37.3769709
                    ],
                    [
                        -86.1613007,
                        37.3773938
                    ],
                    [
                        -86.1606741,
                        37.377994
                    ],
                    [
                        -86.1603823,
                        37.3784578
                    ],
                    [
                        -86.160039,
                        37.3790853
                    ],
                    [
                        -86.1598416,
                        37.3795763
                    ],
                    [
                        -86.1597128,
                        37.3799037
                    ],
                    [
                        -86.1596441,
                        37.3800742
                    ],
                    [
                        -86.15973,
                        37.3803266
                    ],
                    [
                        -86.1598416,
                        37.3804152
                    ],
                    [
                        -86.160039,
                        37.3802311
                    ],
                    [
                        -86.1603308,
                        37.3797673
                    ],
                    [
                        -86.160614,
                        37.3793444
                    ],
                    [
                        -86.1609144,
                        37.3788943
                    ],
                    [
                        -86.1613007,
                        37.3786078
                    ],
                    [
                        -86.1616697,
                        37.3783691
                    ],
                    [
                        -86.1619616,
                        37.3780622
                    ],
                    [
                        -86.1622706,
                        37.3777757
                    ],
                    [
                        -86.1626482,
                        37.3775848
                    ],
                    [
                        -86.1629057,
                        37.3776393
                    ],
                    [
                        -86.1632319,
                        37.3777894
                    ],
                    [
                        -86.1634722,
                        37.378144
                    ],
                    [
                        -86.164073,
                        37.3791671
                    ],
                    [
                        -86.1643305,
                        37.379665
                    ],
                    [
                        -86.1642447,
                        37.3798014
                    ],
                    [
                        -86.1643648,
                        37.3799037
                    ],
                    [
                        -86.1645622,
                        37.3799378
                    ],
                    [
                        -86.1649914,
                        37.3804152
                    ],
                    [
                        -86.1658754,
                        37.3815406
                    ],
                    [
                        -86.1663647,
                        37.3820862
                    ],
                    [
                        -86.1663218,
                        37.3822772
                    ],
                    [
                        -86.1664763,
                        37.3824818
                    ],
                    [
                        -86.1666651,
                        37.382509
                    ],
                    [
                        -86.1669655,
                        37.3829864
                    ],
                    [
                        -86.1670942,
                        37.383573
                    ],
                    [
                        -86.1671629,
                        37.3842345
                    ],
                    [
                        -86.1670942,
                        37.384555
                    ],
                    [
                        -86.166708,
                        37.3847324
                    ],
                    [
                        -86.1662359,
                        37.3848688
                    ],
                    [
                        -86.1660814,
                        37.3849847
                    ],
                    [
                        -86.1662188,
                        37.3851006
                    ],
                    [
                        -86.1664333,
                        37.3851688
                    ],
                    [
                        -86.166605,
                        37.3850734
                    ],
                    [
                        -86.166708,
                        37.385237
                    ],
                    [
                        -86.1668625,
                        37.3853734
                    ],
                    [
                        -86.1668968,
                        37.3852098
                    ],
                    [
                        -86.1669827,
                        37.3850324
                    ],
                    [
                        -86.1673088,
                        37.3849506
                    ],
                    [
                        -86.167635,
                        37.3849165
                    ],
                    [
                        -86.167738,
                        37.3851552
                    ],
                    [
                        -86.1679526,
                        37.3854621
                    ],
                    [
                        -86.1682701,
                        37.385769
                    ],
                    [
                        -86.1686649,
                        37.38611
                    ],
                    [
                        -86.1691284,
                        37.3863009
                    ],
                    [
                        -86.1695404,
                        37.3864851
                    ],
                    [
                        -86.1699696,
                        37.3865874
                    ],
                    [
                        -86.1706562,
                        37.3865874
                    ],
                    [
                        -86.1712742,
                        37.3866419
                    ],
                    [
                        -86.1720123,
                        37.3867101
                    ],
                    [
                        -86.1725617,
                        37.3868465
                    ],
                    [
                        -86.1729565,
                        37.3870784
                    ],
                    [
                        -86.1733599,
                        37.3874194
                    ],
                    [
                        -86.173729,
                        37.3878285
                    ],
                    [
                        -86.1740208,
                        37.38819
                    ],
                    [
                        -86.1741581,
                        37.3886878
                    ],
                    [
                        -86.1741066,
                        37.3892811
                    ],
                    [
                        -86.1739607,
                        37.3896562
                    ],
                    [
                        -86.1736603,
                        37.3900653
                    ],
                    [
                        -86.1733341,
                        37.3904268
                    ],
                    [
                        -86.1731453,
                        37.3907473
                    ],
                    [
                        -86.1729307,
                        37.3909996
                    ],
                    [
                        -86.172699,
                        37.3912928
                    ],
                    [
                        -86.172184,
                        37.391361
                    ],
                    [
                        -86.1716004,
                        37.3913815
                    ],
                    [
                        -86.1710167,
                        37.3915179
                    ],
                    [
                        -86.1704416,
                        37.3918588
                    ],
                    [
                        -86.1699867,
                        37.3921316
                    ],
                    [
                        -86.1696434,
                        37.3924044
                    ],
                    [
                        -86.1690941,
                        37.3924998
                    ],
                    [
                        -86.1687508,
                        37.3925885
                    ],
                    [
                        -86.1688109,
                        37.392759
                    ],
                    [
                        -86.1689825,
                        37.3929294
                    ],
                    [
                        -86.1687937,
                        37.3931817
                    ],
                    [
                        -86.1685817,
                        37.393363
                    ],
                    [
                        -86.1682556,
                        37.3933221
                    ],
                    [
                        -86.1678951,
                        37.3931585
                    ],
                    [
                        -86.1674144,
                        37.3930357
                    ],
                    [
                        -86.1671398,
                        37.393138
                    ],
                    [
                        -86.1674831,
                        37.3933426
                    ],
                    [
                        -86.1677577,
                        37.3934789
                    ],
                    [
                        -86.1678693,
                        37.3935949
                    ],
                    [
                        -86.1678693,
                        37.3937176
                    ],
                    [
                        -86.168041,
                        37.3937926
                    ],
                    [
                        -86.1681096,
                        37.3939972
                    ],
                    [
                        -86.1679981,
                        37.3942222
                    ],
                    [
                        -86.1678007,
                        37.3943177
                    ],
                    [
                        -86.1679122,
                        37.3944745
                    ],
                    [
                        -86.1678264,
                        37.394795
                    ],
                    [
                        -86.1676805,
                        37.3950201
                    ],
                    [
                        -86.167526,
                        37.395136
                    ],
                    [
                        -86.1674402,
                        37.3954974
                    ],
                    [
                        -86.1673543,
                        37.3956815
                    ],
                    [
                        -86.1671398,
                        37.3960088
                    ],
                    [
                        -86.1666505,
                        37.3964998
                    ],
                    [
                        -86.1662815,
                        37.3967043
                    ],
                    [
                        -86.1658094,
                        37.3969975
                    ],
                    [
                        -86.1653631,
                        37.3972225
                    ],
                    [
                        -86.1650798,
                        37.3974067
                    ],
                    [
                        -86.1645906,
                        37.3976112
                    ],
                    [
                        -86.1641786,
                        37.3977817
                    ],
                    [
                        -86.1640241,
                        37.3979999
                    ],
                    [
                        -86.1637666,
                        37.3981772
                    ],
                    [
                        -86.1631915,
                        37.3983408
                    ],
                    [
                        -86.1628225,
                        37.3985181
                    ],
                    [
                        -86.1623075,
                        37.3988045
                    ],
                    [
                        -86.161947,
                        37.3989954
                    ],
                    [
                        -86.1616208,
                        37.3990772
                    ],
                    [
                        -86.1612604,
                        37.3990909
                    ],
                    [
                        -86.16102,
                        37.399009
                    ],
                    [
                        -86.1607025,
                        37.3990909
                    ],
                    [
                        -86.1603849,
                        37.3991795
                    ],
                    [
                        -86.1601617,
                        37.3992136
                    ],
                    [
                        -86.1599557,
                        37.3992
                    ],
                    [
                        -86.1597583,
                        37.3993841
                    ],
                    [
                        -86.1595437,
                        37.3994182
                    ],
                    [
                        -86.1596296,
                        37.3992477
                    ],
                    [
                        -86.1598012,
                        37.3989068
                    ],
                    [
                        -86.15993,
                        37.3987499
                    ],
                    [
                        -86.1599042,
                        37.3985658
                    ],
                    [
                        -86.1598184,
                        37.3984499
                    ],
                    [
                        -86.1601446,
                        37.3982249
                    ],
                    [
                        -86.1602304,
                        37.3980681
                    ],
                    [
                        -86.1601446,
                        37.3978158
                    ],
                    [
                        -86.1598871,
                        37.397543
                    ],
                    [
                        -86.1595867,
                        37.3973385
                    ],
                    [
                        -86.1592004,
                        37.3972498
                    ],
                    [
                        -86.1587541,
                        37.3971816
                    ],
                    [
                        -86.1585138,
                        37.3971544
                    ],
                    [
                        -86.158385,
                        37.3969498
                    ],
                    [
                        -86.1582134,
                        37.3968407
                    ],
                    [
                        -86.1581018,
                        37.3970316
                    ],
                    [
                        -86.1578271,
                        37.3969771
                    ],
                    [
                        -86.157913,
                        37.3972362
                    ],
                    [
                        -86.1581876,
                        37.3975635
                    ],
                    [
                        -86.1582391,
                        37.397768
                    ],
                    [
                        -86.1580417,
                        37.3979862
                    ],
                    [
                        -86.1579988,
                        37.3982726
                    ],
                    [
                        -86.158016,
                        37.3985863
                    ],
                    [
                        -86.1581876,
                        37.3987363
                    ],
                    [
                        -86.1581275,
                        37.3990431
                    ],
                    [
                        -86.1581533,
                        37.3992681
                    ],
                    [
                        -86.1584108,
                        37.3995682
                    ],
                    [
                        -86.1586683,
                        37.3998409
                    ],
                    [
                        -86.1589258,
                        37.3999773
                    ],
                    [
                        -86.1591318,
                        37.4000659
                    ],
                    [
                        -86.1594407,
                        37.3999091
                    ],
                    [
                        -86.1596725,
                        37.3998409
                    ],
                    [
                        -86.1598699,
                        37.39995
                    ],
                    [
                        -86.1601446,
                        37.3999636
                    ],
                    [
                        -86.1603591,
                        37.3999636
                    ],
                    [
                        -86.160505,
                        37.4001818
                    ],
                    [
                        -86.1606166,
                        37.4004546
                    ],
                    [
                        -86.1606424,
                        37.4006864
                    ],
                    [
                        -86.1605308,
                        37.4008637
                    ],
                    [
                        -86.1602132,
                        37.4010478
                    ],
                    [
                        -86.1599557,
                        37.4011841
                    ],
                    [
                        -86.1600158,
                        37.4013887
                    ],
                    [
                        -86.1601617,
                        37.4016137
                    ],
                    [
                        -86.1603591,
                        37.4016137
                    ],
                    [
                        -86.1604707,
                        37.4017637
                    ],
                    [
                        -86.1605909,
                        37.4020705
                    ],
                    [
                        -86.1607454,
                        37.4022546
                    ],
                    [
                        -86.1609599,
                        37.4024592
                    ],
                    [
                        -86.1611745,
                        37.4026637
                    ],
                    [
                        -86.1613033,
                        37.4028683
                    ],
                    [
                        -86.1615178,
                        37.4029569
                    ],
                    [
                        -86.1617324,
                        37.4028205
                    ],
                    [
                        -86.1619642,
                        37.4028205
                    ],
                    [
                        -86.1619642,
                        37.4030046
                    ],
                    [
                        -86.161844,
                        37.4032774
                    ],
                    [
                        -86.1618183,
                        37.4035228
                    ],
                    [
                        -86.1619298,
                        37.403591
                    ],
                    [
                        -86.1621015,
                        37.403741
                    ],
                    [
                        -86.1619298,
                        37.4038842
                    ],
                    [
                        -86.1619041,
                        37.4040887
                    ],
                    [
                        -86.1619642,
                        37.4044092
                    ],
                    [
                        -86.1619899,
                        37.4046137
                    ],
                    [
                        -86.1622045,
                        37.4047228
                    ],
                    [
                        -86.1623075,
                        37.4049274
                    ],
                    [
                        -86.1622217,
                        37.4050092
                    ],
                    [
                        -86.1620328,
                        37.4052274
                    ],
                    [
                        -86.1618783,
                        37.4054728
                    ],
                    [
                        -86.1618612,
                        37.4056773
                    ],
                    [
                        -86.1620328,
                        37.405691
                    ],
                    [
                        -86.1623075,
                        37.4055546
                    ],
                    [
                        -86.162565,
                        37.4055001
                    ],
                    [
                        -86.1628225,
                        37.4055001
                    ],
                    [
                        -86.1630199,
                        37.4056092
                    ],
                    [
                        -86.16308,
                        37.405691
                    ],
                    [
                        -86.1632774,
                        37.4058137
                    ],
                    [
                        -86.163389,
                        37.4060182
                    ],
                    [
                        -86.163449,
                        37.4061819
                    ],
                    [
                        -86.1637065,
                        37.4062364
                    ],
                    [
                        -86.1637924,
                        37.4063591
                    ],
                    [
                        -86.1637924,
                        37.4064955
                    ],
                    [
                        -86.1636808,
                        37.4066455
                    ],
                    [
                        -86.1636808,
                        37.4067818
                    ],
                    [
                        -86.1638353,
                        37.4068637
                    ],
                    [
                        -86.1639383,
                        37.4070546
                    ],
                    [
                        -86.1638181,
                        37.4071909
                    ],
                    [
                        -86.1636465,
                        37.4074773
                    ],
                    [
                        -86.163964,
                        37.4073955
                    ],
                    [
                        -86.1642215,
                        37.4073614
                    ],
                    [
                        -86.1643932,
                        37.4074636
                    ],
                    [
                        -86.164479,
                        37.4076341
                    ],
                    [
                        -86.1643674,
                        37.4079545
                    ],
                    [
                        -86.1641786,
                        37.4084181
                    ],
                    [
                        -86.1640499,
                        37.4085954
                    ],
                    [
                        -86.1639039,
                        37.4087045
                    ],
                    [
                        -86.1636808,
                        37.408684
                    ],
                    [
                        -86.163389,
                        37.4087317
                    ],
                    [
                        -86.1632345,
                        37.408909
                    ],
                    [
                        -86.1629341,
                        37.409059
                    ],
                    [
                        -86.1627023,
                        37.4091953
                    ],
                    [
                        -86.1623075,
                        37.4093658
                    ],
                    [
                        -86.1620757,
                        37.409618
                    ],
                    [
                        -86.1619899,
                        37.4098771
                    ],
                    [
                        -86.1621015,
                        37.4101635
                    ],
                    [
                        -86.1622732,
                        37.4104566
                    ],
                    [
                        -86.1624448,
                        37.410627
                    ],
                    [
                        -86.1628053,
                        37.4106407
                    ],
                    [
                        -86.1631315,
                        37.4107293
                    ],
                    [
                        -86.1633203,
                        37.4109338
                    ],
                    [
                        -86.1635091,
                        37.4111724
                    ],
                    [
                        -86.1636808,
                        37.4114451
                    ],
                    [
                        -86.1638353,
                        37.4116633
                    ],
                    [
                        -86.1641357,
                        37.4118201
                    ],
                    [
                        -86.1645648,
                        37.4119292
                    ],
                    [
                        -86.165097,
                        37.4119292
                    ],
                    [
                        -86.1656806,
                        37.4118406
                    ],
                    [
                        -86.166024,
                        37.4116838
                    ],
                    [
                        -86.1662986,
                        37.4116838
                    ],
                    [
                        -86.1666248,
                        37.4118883
                    ],
                    [
                        -86.1667106,
                        37.4120792
                    ],
                    [
                        -86.1666076,
                        37.4123655
                    ],
                    [
                        -86.1664703,
                        37.4126382
                    ],
                    [
                        -86.1665389,
                        37.4131359
                    ],
                    [
                        -86.1666076,
                        37.4128427
                    ],
                    [
                        -86.1668136,
                        37.4126382
                    ],
                    [
                        -86.1668823,
                        37.4124337
                    ],
                    [
                        -86.1671569,
                        37.4128427
                    ],
                    [
                        -86.1672428,
                        37.4124746
                    ],
                    [
                        -86.1671226,
                        37.4120451
                    ],
                    [
                        -86.1669252,
                        37.4116701
                    ],
                    [
                        -86.1665819,
                        37.4113633
                    ],
                    [
                        -86.1664102,
                        37.4111043
                    ],
                    [
                        -86.1663501,
                        37.4109543
                    ],
                    [
                        -86.1655948,
                        37.4110565
                    ],
                    [
                        -86.1652687,
                        37.4109066
                    ],
                    [
                        -86.1650627,
                        37.4110429
                    ],
                    [
                        -86.1644361,
                        37.4112065
                    ],
                    [
                        -86.1640928,
                        37.4110225
                    ],
                    [
                        -86.163861,
                        37.4107293
                    ],
                    [
                        -86.1637065,
                        37.4105111
                    ],
                    [
                        -86.163492,
                        37.4103203
                    ],
                    [
                        -86.1632087,
                        37.4102384
                    ],
                    [
                        -86.1630628,
                        37.4101362
                    ],
                    [
                        -86.1629512,
                        37.4099317
                    ],
                    [
                        -86.1630886,
                        37.409843
                    ],
                    [
                        -86.1634662,
                        37.4097748
                    ],
                    [
                        -86.1638353,
                        37.409693
                    ],
                    [
                        -86.1643503,
                        37.4096385
                    ],
                    [
                        -86.1648395,
                        37.4095567
                    ],
                    [
                        -86.1652343,
                        37.4093862
                    ],
                    [
                        -86.1656978,
                        37.4090794
                    ],
                    [
                        -86.1660411,
                        37.4087249
                    ],
                    [
                        -86.1661355,
                        37.4084795
                    ],
                    [
                        -86.1661355,
                        37.4080704
                    ],
                    [
                        -86.1661527,
                        37.4076136
                    ],
                    [
                        -86.1661699,
                        37.4073205
                    ],
                    [
                        -86.1660669,
                        37.4068773
                    ],
                    [
                        -86.1658265,
                        37.4065705
                    ],
                    [
                        -86.1653631,
                        37.4061819
                    ],
                    [
                        -86.164994,
                        37.4059228
                    ],
                    [
                        -86.1647108,
                        37.4056842
                    ],
                    [
                        -86.1645648,
                        37.4054114
                    ],
                    [
                        -86.1646078,
                        37.4051592
                    ],
                    [
                        -86.1643932,
                        37.4047092
                    ],
                    [
                        -86.1643503,
                        37.4042728
                    ],
                    [
                        -86.1642816,
                        37.4036592
                    ],
                    [
                        -86.1642473,
                        37.4033319
                    ],
                    [
                        -86.1642473,
                        37.4030592
                    ],
                    [
                        -86.1640756,
                        37.402841
                    ],
                    [
                        -86.1637666,
                        37.402691
                    ],
                    [
                        -86.1637065,
                        37.4024455
                    ],
                    [
                        -86.1636808,
                        37.4023092
                    ],
                    [
                        -86.1635349,
                        37.4021933
                    ],
                    [
                        -86.163595,
                        37.4020092
                    ],
                    [
                        -86.1634748,
                        37.4018319
                    ],
                    [
                        -86.1631486,
                        37.401491
                    ],
                    [
                        -86.1629341,
                        37.4012864
                    ],
                    [
                        -86.1627023,
                        37.4010819
                    ],
                    [
                        -86.1624448,
                        37.4008091
                    ],
                    [
                        -86.1622474,
                        37.4005773
                    ],
                    [
                        -86.1622732,
                        37.4003864
                    ],
                    [
                        -86.162462,
                        37.4002364
                    ],
                    [
                        -86.1627624,
                        37.4000455
                    ],
                    [
                        -86.1631315,
                        37.3998068
                    ],
                    [
                        -86.1634061,
                        37.3995818
                    ],
                    [
                        -86.1637494,
                        37.3993295
                    ],
                    [
                        -86.1641786,
                        37.3990568
                    ],
                    [
                        -86.164479,
                        37.3989545
                    ],
                    [
                        -86.1647966,
                        37.3988863
                    ],
                    [
                        -86.1653116,
                        37.3987363
                    ],
                    [
                        -86.1657922,
                        37.3986681
                    ],
                    [
                        -86.1661355,
                        37.3986136
                    ],
                    [
                        -86.166393,
                        37.3987636
                    ],
                    [
                        -86.1667106,
                        37.3989204
                    ],
                    [
                        -86.1667964,
                        37.3986954
                    ],
                    [
                        -86.1667964,
                        37.3984636
                    ],
                    [
                        -86.1672685,
                        37.3983272
                    ],
                    [
                        -86.1677148,
                        37.3981499
                    ],
                    [
                        -86.1680581,
                        37.3979862
                    ],
                    [
                        -86.1682985,
                        37.3980681
                    ],
                    [
                        -86.1683671,
                        37.398259
                    ],
                    [
                        -86.168556,
                        37.3980817
                    ],
                    [
                        -86.1685131,
                        37.3979317
                    ],
                    [
                        -86.1685731,
                        37.3977408
                    ],
                    [
                        -86.1688564,
                        37.3974885
                    ],
                    [
                        -86.168968,
                        37.397168
                    ],
                    [
                        -86.169028,
                        37.3968407
                    ],
                    [
                        -86.1690452,
                        37.3964793
                    ],
                    [
                        -86.1690109,
                        37.3962543
                    ],
                    [
                        -86.1690109,
                        37.3959815
                    ],
                    [
                        -86.1691568,
                        37.3956815
                    ],
                    [
                        -86.1694572,
                        37.3954087
                    ],
                    [
                        -86.169646,
                        37.3951155
                    ],
                    [
                        -86.1698863,
                        37.3949587
                    ],
                    [
                        -86.1701438,
                        37.3947064
                    ],
                    [
                        -86.1703327,
                        37.3945018
                    ],
                    [
                        -86.1705961,
                        37.3942455
                    ],
                    [
                        -86.1711111,
                        37.3940205
                    ],
                    [
                        -86.1714544,
                        37.3940682
                    ],
                    [
                        -86.1716433,
                        37.3942728
                    ],
                    [
                        -86.1717119,
                        37.3946547
                    ],
                    [
                        -86.1716261,
                        37.395132
                    ],
                    [
                        -86.1714544,
                        37.3954184
                    ],
                    [
                        -86.1712742,
                        37.3958957
                    ],
                    [
                        -86.1712742,
                        37.3962026
                    ],
                    [
                        -86.1714287,
                        37.3965094
                    ],
                    [
                        -86.1717291,
                        37.3967685
                    ],
                    [
                        -86.1721153,
                        37.3969049
                    ],
                    [
                        -86.1726732,
                        37.3969526
                    ],
                    [
                        -86.1731625,
                        37.3970208
                    ],
                    [
                        -86.1735058,
                        37.3970549
                    ],
                    [
                        -86.1737032,
                        37.3971572
                    ],
                    [
                        -86.1737633,
                        37.3974299
                    ],
                    [
                        -86.1740208,
                        37.3975459
                    ],
                    [
                        -86.174304,
                        37.3977232
                    ],
                    [
                        -86.1746473,
                        37.3978732
                    ],
                    [
                        -86.1749048,
                        37.3978186
                    ],
                    [
                        -86.1751881,
                        37.3977232
                    ],
                    [
                        -86.1753769,
                        37.3976822
                    ],
                    [
                        -86.1755486,
                        37.3977913
                    ],
                    [
                        -86.1757202,
                        37.3979413
                    ],
                    [
                        -86.1758747,
                        37.3979959
                    ],
                    [
                        -86.1759777,
                        37.3978186
                    ],
                    [
                        -86.1759949,
                        37.3976345
                    ],
                    [
                        -86.1758747,
                        37.3975186
                    ],
                    [
                        -86.1761065,
                        37.3974981
                    ],
                    [
                        -86.1763039,
                        37.3975868
                    ],
                    [
                        -86.1763897,
                        37.3977232
                    ],
                    [
                        -86.1766215,
                        37.397805
                    ],
                    [
                        -86.1765614,
                        37.3976004
                    ],
                    [
                        -86.176424,
                        37.3974299
                    ],
                    [
                        -86.1762352,
                        37.3973959
                    ],
                    [
                        -86.1761322,
                        37.3972595
                    ],
                    [
                        -86.1757374,
                        37.3971913
                    ],
                    [
                        -86.1753941,
                        37.3971572
                    ],
                    [
                        -86.1749649,
                        37.3971231
                    ],
                    [
                        -86.1745873,
                        37.3972254
                    ],
                    [
                        -86.1742611,
                        37.3972595
                    ],
                    [
                        -86.1741581,
                        37.3971367
                    ],
                    [
                        -86.1740894,
                        37.3970004
                    ],
                    [
                        -86.1738148,
                        37.3969049
                    ],
                    [
                        -86.1734715,
                        37.3967276
                    ],
                    [
                        -86.1732483,
                        37.396564
                    ],
                    [
                        -86.1730595,
                        37.3963185
                    ],
                    [
                        -86.1728706,
                        37.3962026
                    ],
                    [
                        -86.1727591,
                        37.3960866
                    ],
                    [
                        -86.1726732,
                        37.3958821
                    ],
                    [
                        -86.1727162,
                        37.3957252
                    ],
                    [
                        -86.1728449,
                        37.3955002
                    ],
                    [
                        -86.172802,
                        37.395132
                    ],
                    [
                        -86.1727333,
                        37.3948047
                    ],
                    [
                        -86.1726732,
                        37.3946001
                    ],
                    [
                        -86.1724587,
                        37.3943274
                    ],
                    [
                        -86.1723557,
                        37.394
                    ],
                    [
                        -86.1721325,
                        37.3937955
                    ],
                    [
                        -86.1720982,
                        37.3935227
                    ],
                    [
                        -86.1722441,
                        37.3933181
                    ],
                    [
                        -86.172699,
                        37.3930999
                    ],
                    [
                        -86.173317,
                        37.3929976
                    ],
                    [
                        -86.1740465,
                        37.392759
                    ],
                    [
                        -86.1746044,
                        37.3925885
                    ],
                    [
                        -86.1749907,
                        37.3926089
                    ],
                    [
                        -86.1756344,
                        37.3925544
                    ],
                    [
                        -86.1761494,
                        37.3924862
                    ],
                    [
                        -86.1767674,
                        37.3923839
                    ],
                    [
                        -86.1769819,
                        37.3924726
                    ],
                    [
                        -86.1772051,
                        37.3926908
                    ],
                    [
                        -86.1774368,
                        37.3928817
                    ],
                    [
                        -86.1779261,
                        37.3930317
                    ],
                    [
                        -86.1784668,
                        37.3931817
                    ],
                    [
                        -86.1788702,
                        37.3932499
                    ],
                    [
                        -86.1791535,
                        37.3933863
                    ],
                    [
                        -86.1794109,
                        37.3934545
                    ],
                    [
                        -86.1798144,
                        37.3934272
                    ],
                    [
                        -86.1802435,
                        37.3933863
                    ],
                    [
                        -86.1804667,
                        37.3932499
                    ],
                    [
                        -86.18081,
                        37.3933045
                    ],
                    [
                        -86.1810675,
                        37.3934409
                    ],
                    [
                        -86.1810675,
                        37.393359
                    ],
                    [
                        -86.1808701,
                        37.3932363
                    ],
                    [
                        -86.180501,
                        37.3930999
                    ],
                    [
                        -86.1802435,
                        37.3930454
                    ],
                    [
                        -86.1799259,
                        37.392909
                    ],
                    [
                        -86.1795569,
                        37.3927044
                    ],
                    [
                        -86.1790419,
                        37.3924862
                    ],
                    [
                        -86.1787844,
                        37.3924521
                    ],
                    [
                        -86.1785526,
                        37.3925407
                    ],
                    [
                        -86.1782351,
                        37.3924862
                    ],
                    [
                        -86.1780977,
                        37.3922816
                    ],
                    [
                        -86.1779776,
                        37.392077
                    ],
                    [
                        -86.1779518,
                        37.3918861
                    ],
                    [
                        -86.1781492,
                        37.3917361
                    ],
                    [
                        -86.1783209,
                        37.3915451
                    ],
                    [
                        -86.1784067,
                        37.39102
                    ],
                    [
                        -86.1784926,
                        37.3904404
                    ],
                    [
                        -86.1784926,
                        37.3900176
                    ],
                    [
                        -86.1784926,
                        37.3894857
                    ],
                    [
                        -86.1784239,
                        37.3892811
                    ],
                    [
                        -86.1788101,
                        37.3891788
                    ],
                    [
                        -86.1793251,
                        37.3891447
                    ],
                    [
                        -86.1797543,
                        37.3890902
                    ],
                    [
                        -86.1801405,
                        37.3891583
                    ],
                    [
                        -86.1805868,
                        37.3892947
                    ],
                    [
                        -86.1809559,
                        37.3894516
                    ],
                    [
                        -86.1812735,
                        37.389588
                    ],
                    [
                        -86.1815138,
                        37.3896903
                    ],
                    [
                        -86.1811876,
                        37.3894175
                    ],
                    [
                        -86.180913,
                        37.3891447
                    ],
                    [
                        -86.1806984,
                        37.3889538
                    ],
                    [
                        -86.1805697,
                        37.3888378
                    ],
                    [
                        -86.1802693,
                        37.3887492
                    ],
                    [
                        -86.1800547,
                        37.3885991
                    ],
                    [
                        -86.1800976,
                        37.3885173
                    ],
                    [
                        -86.1803808,
                        37.3884082
                    ],
                    [
                        -86.1806812,
                        37.3881422
                    ],
                    [
                        -86.1809559,
                        37.3878285
                    ],
                    [
                        -86.1812306,
                        37.3876103
                    ],
                    [
                        -86.1816254,
                        37.3873512
                    ],
                    [
                        -86.1819,
                        37.3871193
                    ],
                    [
                        -86.182003,
                        37.3869283
                    ],
                    [
                        -86.1815138,
                        37.3872148
                    ],
                    [
                        -86.1810246,
                        37.3874875
                    ],
                    [
                        -86.1806126,
                        37.3877126
                    ],
                    [
                        -86.1804238,
                        37.3877331
                    ],
                    [
                        -86.1801834,
                        37.3876239
                    ],
                    [
                        -86.1801663,
                        37.3878285
                    ],
                    [
                        -86.179883,
                        37.387849
                    ],
                    [
                        -86.1796255,
                        37.3878013
                    ],
                    [
                        -86.1794539,
                        37.3878013
                    ],
                    [
                        -86.1792221,
                        37.3878967
                    ],
                    [
                        -86.1788273,
                        37.3878831
                    ],
                    [
                        -86.1784668,
                        37.3879172
                    ],
                    [
                        -86.1780806,
                        37.3879513
                    ],
                    [
                        -86.1778231,
                        37.3878967
                    ],
                    [
                        -86.1776085,
                        37.387849
                    ],
                    [
                        -86.1773939,
                        37.3876921
                    ],
                    [
                        -86.1773338,
                        37.3875967
                    ],
                    [
                        -86.1771965,
                        37.3875421
                    ],
                    [
                        -86.1770506,
                        37.3875762
                    ],
                    [
                        -86.1769047,
                        37.3875421
                    ],
                    [
                        -86.176733,
                        37.3874057
                    ],
                    [
                        -86.176424,
                        37.3872352
                    ],
                    [
                        -86.176364,
                        37.3870647
                    ],
                    [
                        -86.176218,
                        37.3870102
                    ],
                    [
                        -86.1759606,
                        37.3868738
                    ],
                    [
                        -86.1758232,
                        37.3867578
                    ],
                    [
                        -86.1757889,
                        37.3865328
                    ],
                    [
                        -86.1755486,
                        37.3865055
                    ],
                    [
                        -86.1754456,
                        37.3863828
                    ],
                    [
                        -86.1754456,
                        37.3861441
                    ],
                    [
                        -86.1753597,
                        37.3860554
                    ],
                    [
                        -86.1751022,
                        37.3860281
                    ],
                    [
                        -86.1749649,
                        37.3859395
                    ],
                    [
                        -86.1749306,
                        37.3857553
                    ],
                    [
                        -86.174819,
                        37.3855985
                    ],
                    [
                        -86.1746473,
                        37.3854962
                    ],
                    [
                        -86.1744499,
                        37.3854621
                    ],
                    [
                        -86.1741753,
                        37.3855098
                    ],
                    [
                        -86.1739006,
                        37.385428
                    ],
                    [
                        -86.1737633,
                        37.3853257
                    ],
                    [
                        -86.1735573,
                        37.3852575
                    ],
                    [
                        -86.1733856,
                        37.3851893
                    ],
                    [
                        -86.1731625,
                        37.3851211
                    ],
                    [
                        -86.1730166,
                        37.3850052
                    ],
                    [
                        -86.1729565,
                        37.3848688
                    ],
                    [
                        -86.172802,
                        37.3847324
                    ],
                    [
                        -86.1725617,
                        37.3846232
                    ],
                    [
                        -86.1722183,
                        37.3846914
                    ],
                    [
                        -86.171772,
                        37.3849642
                    ],
                    [
                        -86.1712399,
                        37.3851006
                    ],
                    [
                        -86.1705704,
                        37.3852575
                    ],
                    [
                        -86.1699696,
                        37.3852916
                    ],
                    [
                        -86.1696434,
                        37.3851688
                    ],
                    [
                        -86.1694374,
                        37.3849847
                    ],
                    [
                        -86.1691542,
                        37.3847324
                    ],
                    [
                        -86.1689224,
                        37.3844732
                    ],
                    [
                        -86.168725,
                        37.3841186
                    ],
                    [
                        -86.1684933,
                        37.3837571
                    ],
                    [
                        -86.1682959,
                        37.3834161
                    ],
                    [
                        -86.16821,
                        37.3830615
                    ],
                    [
                        -86.1682358,
                        37.3824408
                    ],
                    [
                        -86.1684418,
                        37.3823044
                    ],
                    [
                        -86.1684675,
                        37.3822226
                    ],
                    [
                        -86.1682701,
                        37.3822226
                    ],
                    [
                        -86.1680384,
                        37.3821544
                    ],
                    [
                        -86.1678925,
                        37.3820316
                    ],
                    [
                        -86.1676521,
                        37.3817588
                    ],
                    [
                        -86.1674633,
                        37.3813905
                    ],
                    [
                        -86.1670513,
                        37.3809131
                    ],
                    [
                        -86.1666651,
                        37.380347
                    ],
                    [
                        -86.1663218,
                        37.3798355
                    ],
                    [
                        -86.1660643,
                        37.3794945
                    ],
                    [
                        -86.165678,
                        37.378983
                    ],
                    [
                        -86.1652489,
                        37.3783009
                    ],
                    [
                        -86.1651459,
                        37.3780281
                    ],
                    [
                        -86.1649227,
                        37.3779462
                    ],
                    [
                        -86.1646481,
                        37.3777007
                    ],
                    [
                        -86.1643219,
                        37.3772437
                    ],
                    [
                        -86.1641503,
                        37.3767458
                    ],
                    [
                        -86.1640473,
                        37.3764048
                    ],
                    [
                        -86.164176,
                        37.3762888
                    ],
                    [
                        -86.1645193,
                        37.3761729
                    ],
                    [
                        -86.1650086,
                        37.376016
                    ],
                    [
                        -86.1654892,
                        37.3759819
                    ],
                    [
                        -86.1660042,
                        37.3759819
                    ],
                    [
                        -86.1665793,
                        37.3759683
                    ],
                    [
                        -86.1662102,
                        37.3757773
                    ],
                    [
                        -86.1658669,
                        37.3756954
                    ],
                    [
                        -86.165678,
                        37.3755863
                    ],
                    [
                        -86.1654377,
                        37.3755386
                    ],
                    [
                        -86.1650944,
                        37.3755863
                    ],
                    [
                        -86.164691,
                        37.3754704
                    ],
                    [
                        -86.1643477,
                        37.3752862
                    ],
                    [
                        -86.1640644,
                        37.3749724
                    ],
                    [
                        -86.1639614,
                        37.3746519
                    ],
                    [
                        -86.1639614,
                        37.3743108
                    ],
                    [
                        -86.1640473,
                        37.3740584
                    ],
                    [
                        -86.1643305,
                        37.3739357
                    ],
                    [
                        -86.1644507,
                        37.3738129
                    ],
                    [
                        -86.1642447,
                        37.3737652
                    ],
                    [
                        -86.1640473,
                        37.3736628
                    ],
                    [
                        -86.164073,
                        37.37339
                    ],
                    [
                        -86.164176,
                        37.3731172
                    ],
                    [
                        -86.1640473,
                        37.373049
                    ],
                    [
                        -86.1637468,
                        37.3731308
                    ],
                    [
                        -86.1635752,
                        37.3729807
                    ],
                    [
                        -86.1633349,
                        37.3727215
                    ],
                    [
                        -86.1631889,
                        37.3723669
                    ],
                    [
                        -86.1631889,
                        37.372094
                    ],
                    [
                        -86.1632147,
                        37.3717666
                    ],
                    [
                        -86.1633005,
                        37.3714255
                    ],
                    [
                        -86.1634207,
                        37.3712209
                    ],
                    [
                        -86.1631031,
                        37.3710572
                    ],
                    [
                        -86.1628714,
                        37.3708321
                    ],
                    [
                        -86.1628714,
                        37.3706957
                    ],
                    [
                        -86.1629753,
                        37.3703969
                    ],
                    [
                        -86.1631126,
                        37.3703696
                    ],
                    [
                        -86.1634645,
                        37.3703628
                    ],
                    [
                        -86.163722,
                        37.3703696
                    ],
                    [
                        -86.1639194,
                        37.3702946
                    ],
                    [
                        -86.1641426,
                        37.3703219
                    ],
                    [
                        -86.16434,
                        37.3703424
                    ],
                    [
                        -86.1645889,
                        37.3702946
                    ],
                    [
                        -86.1648807,
                        37.3703219
                    ],
                    [
                        -86.1651811,
                        37.3704242
                    ],
                    [
                        -86.1654444,
                        37.3704868
                    ],
                    [
                        -86.1657363,
                        37.3706572
                    ],
                    [
                        -86.1659852,
                        37.3708005
                    ],
                    [
                        -86.1663371,
                        37.3708414
                    ],
                    [
                        -86.1667233,
                        37.3707937
                    ],
                    [
                        -86.1668692,
                        37.3707529
                    ],
                    [
                        -86.1672211,
                        37.3708687
                    ],
                    [
                        -86.1674615,
                        37.3708278
                    ],
                    [
                        -86.1679765,
                        37.3709369
                    ],
                    [
                        -86.1684399,
                        37.371128
                    ],
                    [
                        -86.1691438,
                        37.3712372
                    ],
                    [
                        -86.1698819,
                        37.3711825
                    ],
                    [
                        -86.1706286,
                        37.3709711
                    ],
                    [
                        -86.1700192,
                        37.3710734
                    ],
                    [
                        -86.1694871,
                        37.3711075
                    ],
                    [
                        -86.1692467,
                        37.3711006
                    ],
                    [
                        -86.1687833,
                        37.3709097
                    ],
                    [
                        -86.1681824,
                        37.3706572
                    ],
                    [
                        -86.1675902,
                        37.3704868
                    ],
                    [
                        -86.1675044,
                        37.3703367
                    ],
                    [
                        -86.1674186,
                        37.3701866
                    ],
                    [
                        -86.1672211,
                        37.3701321
                    ],
                    [
                        -86.1669379,
                        37.370139
                    ],
                    [
                        -86.166792,
                        37.3700502
                    ],
                    [
                        -86.1666461,
                        37.3700024
                    ],
                    [
                        -86.1664401,
                        37.3700024
                    ],
                    [
                        -86.1662884,
                        37.3699535
                    ],
                    [
                        -86.1661167,
                        37.3698376
                    ],
                    [
                        -86.1658764,
                        37.3696193
                    ],
                    [
                        -86.1658764,
                        37.3694419
                    ],
                    [
                        -86.1659794,
                        37.369251
                    ],
                    [
                        -86.1659193,
                        37.3691145
                    ],
                    [
                        -86.1657219,
                        37.369019
                    ],
                    [
                        -86.1656189,
                        37.3689713
                    ],
                    [
                        -86.1654901,
                        37.3688212
                    ],
                    [
                        -86.1654987,
                        37.3686643
                    ],
                    [
                        -86.1657476,
                        37.3684801
                    ],
                    [
                        -86.1659021,
                        37.3683301
                    ],
                    [
                        -86.1658935,
                        37.3681322
                    ],
                    [
                        -86.1658678,
                        37.367989
                    ],
                    [
                        -86.1657305,
                        37.3679344
                    ],
                    [
                        -86.1655931,
                        37.3679958
                    ],
                    [
                        -86.1653786,
                        37.3679822
                    ],
                    [
                        -86.1652069,
                        37.3679549
                    ],
                    [
                        -86.1651726,
                        37.3678594
                    ],
                    [
                        -86.1653786,
                        37.3677298
                    ],
                    [
                        -86.1655159,
                        37.3676275
                    ],
                    [
                        -86.1654301,
                        37.3675456
                    ],
                    [
                        -86.1650696,
                        37.3673546
                    ],
                    [
                        -86.1648121,
                        37.3672045
                    ],
                    [
                        -86.1647005,
                        37.3669999
                    ],
                    [
                        -86.1647005,
                        37.366727
                    ],
                    [
                        -86.1648807,
                        37.3664951
                    ],
                    [
                        -86.1650782,
                        37.3663655
                    ],
                    [
                        -86.1652927,
                        37.3663859
                    ],
                    [
                        -86.1653442,
                        37.3664951
                    ],
                    [
                        -86.1652756,
                        37.3666452
                    ],
                    [
                        -86.1654816,
                        37.3667338
                    ],
                    [
                        -86.1657133,
                        37.3666861
                    ],
                    [
                        -86.165885,
                        37.366577
                    ],
                    [
                        -86.1661682,
                        37.3662904
                    ],
                    [
                        -86.1663999,
                        37.3660994
                    ],
                    [
                        -86.1666489,
                        37.3659903
                    ],
                    [
                        -86.1669063,
                        37.3657856
                    ],
                    [
                        -86.1672926,
                        37.3656833
                    ],
                    [
                        -86.1676359,
                        37.3657788
                    ],
                    [
                        -86.1678333,
                        37.3658811
                    ],
                    [
                        -86.1679449,
                        37.3660039
                    ],
                    [
                        -86.1681938,
                        37.3660108
                    ],
                    [
                        -86.1683569,
                        37.3658402
                    ],
                    [
                        -86.1686058,
                        37.365581
                    ],
                    [
                        -86.1689234,
                        37.3656629
                    ],
                    [
                        -86.1689834,
                        37.365581
                    ],
                    [
                        -86.1691379,
                        37.3655128
                    ],
                    [
                        -86.1693869,
                        37.3653491
                    ],
                    [
                        -86.1694298,
                        37.364967
                    ],
                    [
                        -86.16961,
                        37.3646532
                    ],
                    [
                        -86.1698332,
                        37.3644213
                    ],
                    [
                        -86.1704683,
                        37.3641212
                    ],
                    [
                        -86.1707773,
                        37.3640256
                    ],
                    [
                        -86.1710262,
                        37.3640666
                    ],
                    [
                        -86.1712494,
                        37.3639438
                    ],
                    [
                        -86.1715326,
                        37.3636641
                    ],
                    [
                        -86.1719274,
                        37.3633435
                    ],
                    [
                        -86.1722793,
                        37.3628728
                    ],
                    [
                        -86.1723823,
                        37.3624225
                    ],
                    [
                        -86.1722021,
                        37.3620064
                    ],
                    [
                        -86.1718588,
                        37.3614606
                    ],
                    [
                        -86.1719618,
                        37.3612969
                    ],
                    [
                        -86.1719704,
                        37.3610513
                    ],
                    [
                        -86.1719189,
                        37.3608193
                    ],
                    [
                        -86.1719875,
                        37.3606829
                    ],
                    [
                        -86.1722879,
                        37.3606693
                    ],
                    [
                        -86.1725969,
                        37.3606624
                    ],
                    [
                        -86.1726055,
                        37.3607648
                    ],
                    [
                        -86.1727428,
                        37.360717
                    ],
                    [
                        -86.1731119,
                        37.360601
                    ],
                    [
                        -86.1736956,
                        37.3606693
                    ],
                    [
                        -86.1731634,
                        37.3603418
                    ],
                    [
                        -86.1727514,
                        37.3600962
                    ],
                    [
                        -86.1719789,
                        37.3598984
                    ],
                    [
                        -86.1716699,
                        37.3597687
                    ],
                    [
                        -86.171215,
                        37.3586908
                    ],
                    [
                        -86.1708116,
                        37.3577084
                    ],
                    [
                        -86.1704597,
                        37.3566714
                    ],
                    [
                        -86.1708202,
                        37.3562893
                    ],
                    [
                        -86.1715155,
                        37.355996
                    ],
                    [
                        -86.1721506,
                        37.3558391
                    ],
                    [
                        -86.171833,
                        37.3557094
                    ],
                    [
                        -86.1711292,
                        37.3557504
                    ],
                    [
                        -86.1703482,
                        37.3556207
                    ],
                    [
                        -86.1698675,
                        37.3554365
                    ],
                    [
                        -86.1692839,
                        37.3546587
                    ],
                    [
                        -86.1688976,
                        37.3539833
                    ],
                    [
                        -86.1687431,
                        37.353342
                    ],
                    [
                        -86.1685371,
                        37.3529053
                    ],
                    [
                        -86.1686401,
                        37.352571
                    ],
                    [
                        -86.1685543,
                        37.3523595
                    ],
                    [
                        -86.1683569,
                        37.3521412
                    ],
                    [
                        -86.1680651,
                        37.3518819
                    ],
                    [
                        -86.1680908,
                        37.3517522
                    ],
                    [
                        -86.1684341,
                        37.3516567
                    ],
                    [
                        -86.1689491,
                        37.3515271
                    ],
                    [
                        -86.1692066,
                        37.3517181
                    ],
                    [
                        -86.1692839,
                        37.3515407
                    ],
                    [
                        -86.1694984,
                        37.3513429
                    ],
                    [
                        -86.1698933,
                        37.3513019
                    ],
                    [
                        -86.1702967,
                        37.3513906
                    ],
                    [
                        -86.170846,
                        37.3515271
                    ],
                    [
                        -86.1710005,
                        37.3515066
                    ],
                    [
                        -86.1708803,
                        37.3511723
                    ],
                    [
                        -86.1705456,
                        37.3507697
                    ],
                    [
                        -86.1701593,
                        37.3505514
                    ],
                    [
                        -86.1696443,
                        37.3505651
                    ],
                    [
                        -86.1691723,
                        37.3505992
                    ],
                    [
                        -86.1684942,
                        37.3504627
                    ],
                    [
                        -86.1680651,
                        37.350299
                    ],
                    [
                        -86.1680307,
                        37.3500056
                    ],
                    [
                        -86.1681166,
                        37.3496781
                    ],
                    [
                        -86.1681681,
                        37.3492618
                    ],
                    [
                        -86.1680908,
                        37.3488183
                    ],
                    [
                        -86.1680307,
                        37.3483817
                    ],
                    [
                        -86.1681251,
                        37.3480337
                    ],
                    [
                        -86.1684599,
                        37.3476106
                    ],
                    [
                        -86.168683,
                        37.3474537
                    ],
                    [
                        -86.1690349,
                        37.3475151
                    ],
                    [
                        -86.1695499,
                        37.3476379
                    ],
                    [
                        -86.1701937,
                        37.3477062
                    ],
                    [
                        -86.1706915,
                        37.3477198
                    ],
                    [
                        -86.1713009,
                        37.3477539
                    ],
                    [
                        -86.171567,
                        37.3480064
                    ],
                    [
                        -86.1719017,
                        37.348368
                    ],
                    [
                        -86.1723051,
                        37.3484977
                    ],
                    [
                        -86.1725969,
                        37.348409
                    ],
                    [
                        -86.1729402,
                        37.3481087
                    ],
                    [
                        -86.1732664,
                        37.3480268
                    ],
                    [
                        -86.1734896,
                        37.3481974
                    ],
                    [
                        -86.1738844,
                        37.3486478
                    ],
                    [
                        -86.1740904,
                        37.3488183
                    ],
                    [
                        -86.1740904,
                        37.3491254
                    ],
                    [
                        -86.1741247,
                        37.3495279
                    ],
                    [
                        -86.1741848,
                        37.349371
                    ],
                    [
                        -86.1743479,
                        37.3490572
                    ],
                    [
                        -86.1744079,
                        37.3488525
                    ],
                    [
                        -86.1743564,
                        37.3486887
                    ],
                    [
                        -86.1746225,
                        37.3486409
                    ],
                    [
                        -86.1750517,
                        37.348484
                    ],
                    [
                        -86.1753006,
                        37.3484772
                    ],
                    [
                        -86.1755667,
                        37.3484294
                    ],
                    [
                        -86.1758842,
                        37.3483202
                    ],
                    [
                        -86.1763391,
                        37.3483134
                    ],
                    [
                        -86.1767597,
                        37.348409
                    ],
                    [
                        -86.1774034,
                        37.3487774
                    ],
                    [
                        -86.1769228,
                        37.3483475
                    ],
                    [
                        -86.1765194,
                        37.3481701
                    ],
                    [
                        -86.1760387,
                        37.3480883
                    ],
                    [
                        -86.1756353,
                        37.3481019
                    ],
                    [
                        -86.1752062,
                        37.3481633
                    ],
                    [
                        -86.1747856,
                        37.3482315
                    ],
                    [
                        -86.1743908,
                        37.3481565
                    ],
                    [
                        -86.1741247,
                        37.3479791
                    ],
                    [
                        -86.1737814,
                        37.3475765
                    ],
                    [
                        -86.1735325,
                        37.3473036
                    ],
                    [
                        -86.1732321,
                        37.3471876
                    ],
                    [
                        -86.172966,
                        37.3472422
                    ],
                    [
                        -86.1726913,
                        37.3474059
                    ],
                    [
                        -86.1724167,
                        37.3475083
                    ],
                    [
                        -86.1721849,
                        37.3473718
                    ],
                    [
                        -86.1718073,
                        37.3470648
                    ],
                    [
                        -86.171524,
                        37.3468259
                    ],
                    [
                        -86.1712322,
                        37.3467304
                    ],
                    [
                        -86.1706829,
                        37.3467168
                    ],
                    [
                        -86.1701851,
                        37.3467168
                    ],
                    [
                        -86.1699877,
                        37.3466281
                    ],
                    [
                        -86.1698246,
                        37.3464234
                    ],
                    [
                        -86.1697302,
                        37.3465394
                    ],
                    [
                        -86.1693954,
                        37.3463756
                    ],
                    [
                        -86.1689491,
                        37.3459321
                    ],
                    [
                        -86.1684341,
                        37.3454067
                    ],
                    [
                        -86.168211,
                        37.3450655
                    ],
                    [
                        -86.168005,
                        37.3451201
                    ],
                    [
                        -86.167696,
                        37.3450792
                    ],
                    [
                        -86.1674557,
                        37.3449836
                    ],
                    [
                        -86.1672239,
                        37.3447243
                    ],
                    [
                        -86.1670093,
                        37.3444787
                    ],
                    [
                        -86.1667519,
                        37.3443081
                    ],
                    [
                        -86.1664772,
                        37.3442671
                    ],
                    [
                        -86.1663227,
                        37.3441034
                    ],
                    [
                        -86.1663313,
                        37.3439191
                    ],
                    [
                        -86.1660995,
                        37.3439737
                    ],
                    [
                        -86.1657305,
                        37.3440624
                    ],
                    [
                        -86.1653957,
                        37.3440693
                    ],
                    [
                        -86.1650867,
                        37.344001
                    ],
                    [
                        -86.1649151,
                        37.3437963
                    ],
                    [
                        -86.1645803,
                        37.3437076
                    ],
                    [
                        -86.1643829,
                        37.3436053
                    ],
                    [
                        -86.1641598,
                        37.3433391
                    ],
                    [
                        -86.1638336,
                        37.3431481
                    ],
                    [
                        -86.1638679,
                        37.3433664
                    ],
                    [
                        -86.1640053,
                        37.3436326
                    ],
                    [
                        -86.1642885,
                        37.3439464
                    ],
                    [
                        -86.1642885,
                        37.3441443
                    ],
                    [
                        -86.1640911,
                        37.3443217
                    ],
                    [
                        -86.1639452,
                        37.3445469
                    ],
                    [
                        -86.1637306,
                        37.3445469
                    ],
                    [
                        -86.1632929,
                        37.3444855
                    ],
                    [
                        -86.1628551,
                        37.3444309
                    ],
                    [
                        -86.1622629,
                        37.3445128
                    ],
                    [
                        -86.1615505,
                        37.3447175
                    ],
                    [
                        -86.1607952,
                        37.3449563
                    ],
                    [
                        -86.1605892,
                        37.3449086
                    ],
                    [
                        -86.1602888,
                        37.3446834
                    ],
                    [
                        -86.1600828,
                        37.3444036
                    ],
                    [
                        -86.1600399,
                        37.3440147
                    ],
                    [
                        -86.1599197,
                        37.3436394
                    ],
                    [
                        -86.1597652,
                        37.3434074
                    ],
                    [
                        -86.1594047,
                        37.3431276
                    ],
                    [
                        -86.1590872,
                        37.3428205
                    ],
                    [
                        -86.1587353,
                        37.3425271
                    ],
                    [
                        -86.1583404,
                        37.342261
                    ],
                    [
                        -86.1579542,
                        37.3421177
                    ],
                    [
                        -86.1577654,
                        37.3418174
                    ],
                    [
                        -86.1570444,
                        37.3412169
                    ],
                    [
                        -86.1566067,
                        37.3409235
                    ],
                    [
                        -86.156229,
                        37.3404936
                    ],
                    [
                        -86.1557103,
                        37.3398354
                    ],
                    [
                        -86.1556708,
                        37.3394168
                    ],
                    [
                        -86.155684,
                        37.3392075
                    ],
                    [
                        -86.1563159,
                        37.3384539
                    ],
                    [
                        -86.156961,
                        37.3380247
                    ],
                    [
                        -86.1589883,
                        37.337292
                    ],
                    [
                        -86.1599362,
                        37.3368001
                    ],
                    [
                        -86.1608634,
                        37.3365049
                    ],
                    [
                        -86.1610082,
                        37.3366724
                    ],
                    [
                        -86.1614163,
                        37.3385564
                    ],
                    [
                        -86.1616664,
                        37.3389123
                    ],
                    [
                        -86.1619165,
                        37.3389751
                    ],
                    [
                        -86.1618507,
                        37.3373946
                    ],
                    [
                        -86.1622062,
                        37.3356361
                    ],
                    [
                        -86.1630487,
                        37.335343
                    ],
                    [
                        -86.1638649,
                        37.3352384
                    ],
                    [
                        -86.1643915,
                        37.3352488
                    ],
                    [
                        -86.1646153,
                        37.335364
                    ],
                    [
                        -86.1648654,
                        37.3353744
                    ],
                    [
                        -86.1654447,
                        37.3348825
                    ],
                    [
                        -86.1659317,
                        37.3346941
                    ],
                    [
                        -86.166432,
                        37.3345475
                    ],
                    [
                        -86.1674457,
                        37.3342649
                    ],
                    [
                        -86.1685515,
                        37.3342754
                    ],
                    [
                        -86.1692361,
                        37.3338986
                    ],
                    [
                        -86.1694862,
                        37.3338253
                    ],
                    [
                        -86.1697626,
                        37.3338358
                    ],
                    [
                        -86.1700128,
                        37.3338672
                    ],
                    [
                        -86.1704735,
                        37.3343068
                    ],
                    [
                        -86.1706183,
                        37.3344952
                    ],
                    [
                        -86.1707237,
                        37.3346941
                    ],
                    [
                        -86.1707368,
                        37.3351128
                    ],
                    [
                        -86.1705525,
                        37.3355314
                    ],
                    [
                        -86.1697495,
                        37.3357617
                    ],
                    [
                        -86.169631,
                        37.3359606
                    ],
                    [
                        -86.1699075,
                        37.3363165
                    ],
                    [
                        -86.1698943,
                        37.3367666
                    ],
                    [
                        -86.1696573,
                        37.3371748
                    ],
                    [
                        -86.1692492,
                        37.3374678
                    ],
                    [
                        -86.1697758,
                        37.3374992
                    ],
                    [
                        -86.1700128,
                        37.3375934
                    ],
                    [
                        -86.1702102,
                        37.3377714
                    ],
                    [
                        -86.1706578,
                        37.3390169
                    ],
                    [
                        -86.1710791,
                        37.3395717
                    ],
                    [
                        -86.1714609,
                        37.3398857
                    ],
                    [
                        -86.1714609,
                        37.3391949
                    ],
                    [
                        -86.1712107,
                        37.3383157
                    ],
                    [
                        -86.1710923,
                        37.3370806
                    ],
                    [
                        -86.1715662,
                        37.3362746
                    ],
                    [
                        -86.172593,
                        37.3351756
                    ],
                    [
                        -86.172672,
                        37.3349662
                    ],
                    [
                        -86.1725535,
                        37.334066
                    ],
                    [
                        -86.172672,
                        37.3338672
                    ],
                    [
                        -86.1729353,
                        37.3338567
                    ],
                    [
                        -86.1731854,
                        37.333909
                    ],
                    [
                        -86.1732776,
                        37.3343382
                    ],
                    [
                        -86.1736462,
                        37.3348929
                    ],
                    [
                        -86.1735014,
                        37.3355419
                    ],
                    [
                        -86.1737515,
                        37.3356152
                    ],
                    [
                        -86.174752,
                        37.3352174
                    ],
                    [
                        -86.1750022,
                        37.3351756
                    ],
                    [
                        -86.1752391,
                        37.3352488
                    ],
                    [
                        -86.1753708,
                        37.3354268
                    ],
                    [
                        -86.1753576,
                        37.3356466
                    ],
                    [
                        -86.1750548,
                        37.3360234
                    ],
                    [
                        -86.1745414,
                        37.3362118
                    ],
                    [
                        -86.174594,
                        37.3364316
                    ],
                    [
                        -86.1748442,
                        37.3364735
                    ],
                    [
                        -86.1752918,
                        37.336777
                    ],
                    [
                        -86.175713,
                        37.3376248
                    ],
                    [
                        -86.176029,
                        37.3372585
                    ],
                    [
                        -86.1766346,
                        37.3368084
                    ],
                    [
                        -86.1768715,
                        37.3367142
                    ],
                    [
                        -86.1774113,
                        37.3367875
                    ],
                    [
                        -86.1786356,
                        37.3372166
                    ],
                    [
                        -86.1802417,
                        37.3380645
                    ],
                    [
                        -86.1809525,
                        37.3383261
                    ],
                    [
                        -86.1822558,
                        37.3381901
                    ],
                    [
                        -86.1827298,
                        37.3379807
                    ],
                    [
                        -86.1829931,
                        37.3379389
                    ],
                    [
                        -86.1838751,
                        37.3382319
                    ],
                    [
                        -86.1842832,
                        37.3385041
                    ],
                    [
                        -86.1849151,
                        37.3394251
                    ],
                    [
                        -86.1850862,
                        37.3400636
                    ],
                    [
                        -86.1852442,
                        37.3402415
                    ],
                    [
                        -86.1862974,
                        37.34088
                    ],
                    [
                        -86.1870478,
                        37.3410893
                    ],
                    [
                        -86.1887592,
                        37.341037
                    ],
                    [
                        -86.1903916,
                        37.3404718
                    ],
                    [
                        -86.190984,
                        37.3400112
                    ],
                    [
                        -86.1914974,
                        37.3397915
                    ],
                    [
                        -86.1919713,
                        37.3400008
                    ],
                    [
                        -86.1924847,
                        37.3405032
                    ],
                    [
                        -86.1926559,
                        37.3413614
                    ],
                    [
                        -86.1928928,
                        37.3414556
                    ],
                    [
                        -86.192906,
                        37.3407858
                    ],
                    [
                        -86.193064,
                        37.3406183
                    ],
                    [
                        -86.1933273,
                        37.340566
                    ],
                    [
                        -86.1933931,
                        37.3403566
                    ],
                    [
                        -86.1933141,
                        37.3401473
                    ],
                    [
                        -86.1926032,
                        37.3397077
                    ],
                    [
                        -86.1920503,
                        37.3391425
                    ],
                    [
                        -86.1921293,
                        37.3389332
                    ],
                    [
                        -86.1925242,
                        37.3385983
                    ],
                    [
                        -86.1927953,
                        37.3379102
                    ],
                    [
                        -86.1928665,
                        37.3377295
                    ],
                    [
                        -86.1931825,
                        37.3373946
                    ],
                    [
                        -86.1934194,
                        37.337269
                    ],
                    [
                        -86.1939197,
                        37.3371852
                    ],
                    [
                        -86.1946964,
                        37.3372585
                    ],
                    [
                        -86.1949202,
                        37.3371538
                    ],
                    [
                        -86.1949465,
                        37.3369236
                    ],
                    [
                        -86.193709,
                        37.3362327
                    ],
                    [
                        -86.1938802,
                        37.3355628
                    ],
                    [
                        -86.1938539,
                        37.3346627
                    ],
                    [
                        -86.193709,
                        37.3338358
                    ],
                    [
                        -86.1934852,
                        37.3331972
                    ],
                    [
                        -86.1929587,
                        37.332161
                    ],
                    [
                        -86.1930113,
                        37.331512
                    ],
                    [
                        -86.1934721,
                        37.3309572
                    ],
                    [
                        -86.1936827,
                        37.330842
                    ],
                    [
                        -86.193946,
                        37.3308211
                    ],
                    [
                        -86.1946174,
                        37.3311561
                    ],
                    [
                        -86.1951177,
                        37.3316585
                    ],
                    [
                        -86.1953546,
                        37.3315643
                    ],
                    [
                        -86.1953546,
                        37.3304756
                    ],
                    [
                        -86.1954336,
                        37.3302768
                    ],
                    [
                        -86.1956969,
                        37.3301825
                    ],
                    [
                        -86.1959339,
                        37.3302454
                    ],
                    [
                        -86.1969475,
                        37.3309886
                    ],
                    [
                        -86.1972108,
                        37.3309572
                    ],
                    [
                        -86.1974346,
                        37.3308106
                    ],
                    [
                        -86.1973161,
                        37.33035
                    ],
                    [
                        -86.1974741,
                        37.3301616
                    ],
                    [
                        -86.1977374,
                        37.3301302
                    ],
                    [
                        -86.1979612,
                        37.3302349
                    ],
                    [
                        -86.1983191,
                        37.3304368
                    ],
                    [
                        -86.1984442,
                        37.3304682
                    ],
                    [
                        -86.198714,
                        37.3304002
                    ],
                    [
                        -86.1989378,
                        37.3302693
                    ],
                    [
                        -86.1990695,
                        37.330306
                    ],
                    [
                        -86.1991616,
                        37.3303897
                    ],
                    [
                        -86.1993328,
                        37.3306933
                    ],
                    [
                        -86.1994644,
                        37.3306828
                    ],
                    [
                        -86.1995895,
                        37.3307404
                    ],
                    [
                        -86.200432,
                        37.3312481
                    ],
                    [
                        -86.2006756,
                        37.3316511
                    ],
                    [
                        -86.200669,
                        37.3319861
                    ],
                    [
                        -86.2005373,
                        37.3322006
                    ],
                    [
                        -86.1998659,
                        37.3327135
                    ],
                    [
                        -86.199471,
                        37.332902
                    ],
                    [
                        -86.1991485,
                        37.3331584
                    ],
                    [
                        -86.1989444,
                        37.333441
                    ],
                    [
                        -86.1987535,
                        37.3338911
                    ],
                    [
                        -86.1987075,
                        37.33465
                    ],
                    [
                        -86.1985692,
                        37.3350478
                    ],
                    [
                        -86.1985758,
                        37.3351577
                    ],
                    [
                        -86.1986482,
                        37.3352519
                    ],
                    [
                        -86.1987601,
                        37.3353042
                    ],
                    [
                        -86.1986877,
                        37.335524
                    ],
                    [
                        -86.1985232,
                        37.335702
                    ],
                    [
                        -86.19851,
                        37.3359008
                    ],
                    [
                        -86.1985363,
                        37.3360055
                    ],
                    [
                        -86.1986548,
                        37.3360474
                    ],
                    [
                        -86.198747,
                        37.3361259
                    ],
                    [
                        -86.1987996,
                        37.3362306
                    ],
                    [
                        -86.1988325,
                        37.3364556
                    ],
                    [
                        -86.198793,
                        37.3366806
                    ],
                    [
                        -86.1988523,
                        37.3367696
                    ],
                    [
                        -86.199109,
                        37.3367382
                    ],
                    [
                        -86.1993196,
                        37.3368847
                    ],
                    [
                        -86.199471,
                        37.3370731
                    ],
                    [
                        -86.1996882,
                        37.3375075
                    ],
                    [
                        -86.1996751,
                        37.3379524
                    ],
                    [
                        -86.1997343,
                        37.3380413
                    ],
                    [
                        -86.2002477,
                        37.3378739
                    ],
                    [
                        -86.200669,
                        37.3378425
                    ],
                    [
                        -86.200794,
                        37.3378896
                    ],
                    [
                        -86.2009784,
                        37.3380413
                    ],
                    [
                        -86.2014654,
                        37.3381983
                    ],
                    [
                        -86.2018077,
                        37.3385385
                    ],
                    [
                        -86.2020052,
                        37.339156
                    ],
                    [
                        -86.2023211,
                        37.3397736
                    ],
                    [
                        -86.2023738,
                        37.3399829
                    ],
                    [
                        -86.202387,
                        37.3403178
                    ],
                    [
                        -86.2023541,
                        37.3405533
                    ],
                    [
                        -86.2023014,
                        37.3406475
                    ],
                    [
                        -86.2018538,
                        37.3411604
                    ],
                    [
                        -86.2015378,
                        37.341422
                    ],
                    [
                        -86.2012087,
                        37.3416314
                    ],
                    [
                        -86.2009718,
                        37.3418878
                    ],
                    [
                        -86.2006427,
                        37.3426099
                    ],
                    [
                        -86.2003399,
                        37.3428873
                    ],
                    [
                        -86.1990234,
                        37.3436304
                    ],
                    [
                        -86.1983652,
                        37.3438345
                    ],
                    [
                        -86.1978649,
                        37.3440595
                    ],
                    [
                        -86.1974371,
                        37.3440961
                    ],
                    [
                        -86.1969829,
                        37.344049
                    ],
                    [
                        -86.1970026,
                        37.3441485
                    ],
                    [
                        -86.1976345,
                        37.3445305
                    ],
                    [
                        -86.1978978,
                        37.3447973
                    ],
                    [
                        -86.1979702,
                        37.3450014
                    ],
                    [
                        -86.1979439,
                        37.3451009
                    ],
                    [
                        -86.1976872,
                        37.3453782
                    ],
                    [
                        -86.1977728,
                        37.3454567
                    ],
                    [
                        -86.1980426,
                        37.3454724
                    ],
                    [
                        -86.198148,
                        37.3455352
                    ],
                    [
                        -86.1982335,
                        37.3456189
                    ],
                    [
                        -86.1984244,
                        37.3460375
                    ],
                    [
                        -86.1983783,
                        37.3467283
                    ],
                    [
                        -86.1983125,
                        37.346948
                    ],
                    [
                        -86.198148,
                        37.3472411
                    ],
                    [
                        -86.1979307,
                        37.3475393
                    ],
                    [
                        -86.197832,
                        37.3476126
                    ],
                    [
                        -86.1973186,
                        37.3478219
                    ],
                    [
                        -86.197312,
                        37.3479318
                    ],
                    [
                        -86.1976872,
                        37.3480103
                    ],
                    [
                        -86.1978715,
                        37.348162
                    ],
                    [
                        -86.1979637,
                        37.3483609
                    ],
                    [
                        -86.1979439,
                        37.3488057
                    ],
                    [
                        -86.1980295,
                        37.3491039
                    ],
                    [
                        -86.1981611,
                        37.3490882
                    ],
                    [
                        -86.1986811,
                        37.3487167
                    ],
                    [
                        -86.1987667,
                        37.3486173
                    ],
                    [
                        -86.1987996,
                        37.3485074
                    ],
                    [
                        -86.1988918,
                        37.3479841
                    ],
                    [
                        -86.1990892,
                        37.3473457
                    ],
                    [
                        -86.1992406,
                        37.3466288
                    ],
                    [
                        -86.1992735,
                        37.3456084
                    ],
                    [
                        -86.1993459,
                        37.3452526
                    ],
                    [
                        -86.1994578,
                        37.3450381
                    ],
                    [
                        -86.1996619,
                        37.3448706
                    ],
                    [
                        -86.2000766,
                        37.3446979
                    ],
                    [
                        -86.200353,
                        37.344452
                    ],
                    [
                        -86.201031,
                        37.3440229
                    ],
                    [
                        -86.2013009,
                        37.3439548
                    ],
                    [
                        -86.2016892,
                        37.3439653
                    ],
                    [
                        -86.2018209,
                        37.3439287
                    ],
                    [
                        -86.2020052,
                        37.343756
                    ],
                    [
                        -86.2021171,
                        37.3434263
                    ],
                    [
                        -86.2023475,
                        37.3431228
                    ],
                    [
                        -86.2025384,
                        37.3429606
                    ],
                    [
                        -86.2028675,
                        37.3427826
                    ],
                    [
                        -86.2030452,
                        37.3426047
                    ],
                    [
                        -86.2033875,
                        37.3424006
                    ],
                    [
                        -86.2036771,
                        37.3424634
                    ],
                    [
                        -86.2037561,
                        37.3425524
                    ],
                    [
                        -86.204151,
                        37.3433792
                    ],
                    [
                        -86.2044933,
                        37.3437403
                    ],
                    [
                        -86.2052832,
                        37.344227
                    ],
                    [
                        -86.2065141,
                        37.3446665
                    ],
                    [
                        -86.2067181,
                        37.3448078
                    ],
                    [
                        -86.2067905,
                        37.3449125
                    ],
                    [
                        -86.2069551,
                        37.3452317
                    ],
                    [
                        -86.2070538,
                        37.3456765
                    ],
                    [
                        -86.2074817,
                        37.3464928
                    ],
                    [
                        -86.2075277,
                        37.3468068
                    ],
                    [
                        -86.2072184,
                        37.3473457
                    ],
                    [
                        -86.2071262,
                        37.3474295
                    ],
                    [
                        -86.2068893,
                        37.3475498
                    ],
                    [
                        -86.2068629,
                        37.3476545
                    ],
                    [
                        -86.2067839,
                        37.3477016
                    ],
                    [
                        -86.2071986,
                        37.3476859
                    ],
                    [
                        -86.2076133,
                        37.3476074
                    ],
                    [
                        -86.2078503,
                        37.3474609
                    ],
                    [
                        -86.2084493,
                        37.3476388
                    ],
                    [
                        -86.2086665,
                        37.3477644
                    ],
                    [
                        -86.2090746,
                        37.3482091
                    ],
                    [
                        -86.2091207,
                        37.3483138
                    ],
                    [
                        -86.2091404,
                        37.3486434
                    ],
                    [
                        -86.2091996,
                        37.3487376
                    ],
                    [
                        -86.2095551,
                        37.3489103
                    ],
                    [
                        -86.2103713,
                        37.3491091
                    ],
                    [
                        -86.2106807,
                        37.3493446
                    ],
                    [
                        -86.2107399,
                        37.3494336
                    ],
                    [
                        -86.2107399,
                        37.3495435
                    ],
                    [
                        -86.2107004,
                        37.349758
                    ],
                    [
                        -86.2106214,
                        37.3498469
                    ],
                    [
                        -86.210345,
                        37.3499097
                    ],
                    [
                        -86.210108,
                        37.3500249
                    ],
                    [
                        -86.2099237,
                        37.3502028
                    ],
                    [
                        -86.2095156,
                        37.3504905
                    ],
                    [
                        -86.2094432,
                        37.3505847
                    ],
                    [
                        -86.2094234,
                        37.3506894
                    ],
                    [
                        -86.2094564,
                        37.3507993
                    ],
                    [
                        -86.2095353,
                        37.3508778
                    ],
                    [
                        -86.2102199,
                        37.3510138
                    ],
                    [
                        -86.2104634,
                        37.3511394
                    ],
                    [
                        -86.2105161,
                        37.3512388
                    ],
                    [
                        -86.2104964,
                        37.3515527
                    ],
                    [
                        -86.2102989,
                        37.3517359
                    ],
                    [
                        -86.209825,
                        37.3517568
                    ],
                    [
                        -86.2097328,
                        37.3518353
                    ],
                    [
                        -86.2097986,
                        37.3519295
                    ],
                    [
                        -86.2100883,
                        37.3519399
                    ],
                    [
                        -86.2102133,
                        37.3519818
                    ],
                    [
                        -86.2104108,
                        37.3521178
                    ],
                    [
                        -86.2104832,
                        37.3522173
                    ],
                    [
                        -86.210549,
                        37.3524318
                    ],
                    [
                        -86.2105622,
                        37.352751
                    ],
                    [
                        -86.2107465,
                        37.3530387
                    ],
                    [
                        -86.2108123,
                        37.3532533
                    ],
                    [
                        -86.2107597,
                        37.3535881
                    ],
                    [
                        -86.2106543,
                        37.3536666
                    ],
                    [
                        -86.2105227,
                        37.3537085
                    ],
                    [
                        -86.2099237,
                        37.3536823
                    ],
                    [
                        -86.2098776,
                        37.3537765
                    ],
                    [
                        -86.2102133,
                        37.353991
                    ],
                    [
                        -86.2102002,
                        37.354373
                    ],
                    [
                        -86.2100948,
                        37.3544462
                    ],
                    [
                        -86.20995,
                        37.3544305
                    ],
                    [
                        -86.2095683,
                        37.3542736
                    ],
                    [
                        -86.2091272,
                        37.3542736
                    ],
                    [
                        -86.2089824,
                        37.3542997
                    ],
                    [
                        -86.2088771,
                        37.354373
                    ],
                    [
                        -86.2089364,
                        37.3544724
                    ],
                    [
                        -86.2090483,
                        37.3545352
                    ],
                    [
                        -86.2092918,
                        37.3548177
                    ],
                    [
                        -86.2093576,
                        37.3550165
                    ],
                    [
                        -86.209351,
                        37.3551264
                    ],
                    [
                        -86.2091602,
                        37.3554037
                    ],
                    [
                        -86.2089561,
                        37.3555921
                    ],
                    [
                        -86.2086994,
                        37.3557491
                    ],
                    [
                        -86.2086402,
                        37.3558485
                    ],
                    [
                        -86.208627,
                        37.3560525
                    ],
                    [
                        -86.2085085,
                        37.3562566
                    ],
                    [
                        -86.2084164,
                        37.3565862
                    ],
                    [
                        -86.2079293,
                        37.3574495
                    ],
                    [
                        -86.2078898,
                        37.3575541
                    ],
                    [
                        -86.2079029,
                        37.3577634
                    ],
                    [
                        -86.2077252,
                        37.3579413
                    ],
                    [
                        -86.2072315,
                        37.3582395
                    ],
                    [
                        -86.2070209,
                        37.358522
                    ],
                    [
                        -86.2069419,
                        37.3588464
                    ],
                    [
                        -86.2068234,
                        37.3590557
                    ],
                    [
                        -86.2066918,
                        37.3596103
                    ],
                    [
                        -86.2065141,
                        37.3599137
                    ],
                    [
                        -86.2065404,
                        37.3600131
                    ],
                    [
                        -86.2068169,
                        37.3599294
                    ],
                    [
                        -86.2070538,
                        37.3597725
                    ],
                    [
                        -86.2073171,
                        37.3592284
                    ],
                    [
                        -86.2077976,
                        37.3588046
                    ],
                    [
                        -86.2079358,
                        37.3586162
                    ],
                    [
                        -86.2082255,
                        37.3584279
                    ],
                    [
                        -86.2085019,
                        37.3581872
                    ],
                    [
                        -86.2090483,
                        37.3576378
                    ],
                    [
                        -86.2092852,
                        37.3574966
                    ],
                    [
                        -86.2096472,
                        37.3573605
                    ],
                    [
                        -86.2097328,
                        37.3572716
                    ],
                    [
                        -86.2101462,
                        37.3565346
                    ],
                    [
                        -86.2106536,
                        37.356209
                    ],
                    [
                        -86.210984,
                        37.3560351
                    ],
                    [
                        -86.2112633,
                        37.3559759
                    ],
                    [
                        -86.2118032,
                        37.355987
                    ],
                    [
                        -86.2120871,
                        37.3560425
                    ],
                    [
                        -86.2122314,
                        37.356135
                    ],
                    [
                        -86.2123524,
                        37.356505
                    ],
                    [
                        -86.2124408,
                        37.3565272
                    ],
                    [
                        -86.2125851,
                        37.3562349
                    ],
                    [
                        -86.2126643,
                        37.3561905
                    ],
                    [
                        -86.2128551,
                        37.3561905
                    ],
                    [
                        -86.2132647,
                        37.3564199
                    ],
                    [
                        -86.2140606,
                        37.3576222
                    ],
                    [
                        -86.2144143,
                        37.3578886
                    ],
                    [
                        -86.2146563,
                        37.3581624
                    ],
                    [
                        -86.214903,
                        37.3582771
                    ],
                    [
                        -86.2150194,
                        37.3583955
                    ],
                    [
                        -86.215173,
                        37.3586766
                    ],
                    [
                        -86.2152009,
                        37.358832
                    ],
                    [
                        -86.215294,
                        37.3588542
                    ],
                    [
                        -86.2156896,
                        37.3587987
                    ],
                    [
                        -86.2158944,
                        37.3589578
                    ],
                    [
                        -86.2160108,
                        37.3591095
                    ],
                    [
                        -86.2163423,
                        37.3593796
                    ],
                    [
                        -86.2166714,
                        37.3597145
                    ],
                    [
                        -86.2169215,
                        37.3601226
                    ],
                    [
                        -86.2170136,
                        37.3605516
                    ],
                    [
                        -86.2170268,
                        37.3612212
                    ],
                    [
                        -86.2169215,
                        37.3616607
                    ],
                    [
                        -86.216645,
                        37.3620479
                    ],
                    [
                        -86.2162501,
                        37.3623722
                    ],
                    [
                        -86.2158025,
                        37.3626547
                    ],
                    [
                        -86.2152101,
                        37.362864
                    ],
                    [
                        -86.2149731,
                        37.3630733
                    ],
                    [
                        -86.2157893,
                        37.3629686
                    ],
                    [
                        -86.216645,
                        37.3629686
                    ],
                    [
                        -86.2174612,
                        37.3629059
                    ],
                    [
                        -86.2176982,
                        37.3629791
                    ],
                    [
                        -86.2177904,
                        37.3631884
                    ],
                    [
                        -86.2179483,
                        37.3633662
                    ],
                    [
                        -86.21808,
                        37.3637534
                    ],
                    [
                        -86.2181063,
                        37.3639836
                    ],
                    [
                        -86.21808,
                        37.3641928
                    ],
                    [
                        -86.2178299,
                        37.364559
                    ],
                    [
                        -86.21808,
                        37.3646323
                    ],
                    [
                        -86.2186197,
                        37.3646637
                    ],
                    [
                        -86.2188567,
                        37.3647369
                    ],
                    [
                        -86.218962,
                        37.3649253
                    ],
                    [
                        -86.2190278,
                        37.3653333
                    ],
                    [
                        -86.2195413,
                        37.3653856
                    ],
                    [
                        -86.2197256,
                        37.3655321
                    ],
                    [
                        -86.2199625,
                        37.3659192
                    ],
                    [
                        -86.2204891,
                        37.3660029
                    ],
                    [
                        -86.2207261,
                        37.3661076
                    ],
                    [
                        -86.2210683,
                        37.3664319
                    ],
                    [
                        -86.2215028,
                        37.3672375
                    ],
                    [
                        -86.2219109,
                        37.3676351
                    ],
                    [
                        -86.2220425,
                        37.3682734
                    ],
                    [
                        -86.2220557,
                        37.3687023
                    ],
                    [
                        -86.2218977,
                        37.3691208
                    ],
                    [
                        -86.221437,
                        37.3696962
                    ],
                    [
                        -86.2212526,
                        37.3698846
                    ],
                    [
                        -86.221042,
                        37.3700101
                    ],
                    [
                        -86.220884,
                        37.370188
                    ],
                    [
                        -86.2204233,
                        37.37046
                    ],
                    [
                        -86.2198835,
                        37.3706588
                    ],
                    [
                        -86.2196466,
                        37.3707948
                    ],
                    [
                        -86.2204101,
                        37.3708471
                    ],
                    [
                        -86.2212263,
                        37.3707843
                    ],
                    [
                        -86.22224,
                        37.3704495
                    ],
                    [
                        -86.2224901,
                        37.3703449
                    ],
                    [
                        -86.2226613,
                        37.370188
                    ],
                    [
                        -86.2226613,
                        37.3707948
                    ],
                    [
                        -86.2228456,
                        37.3714121
                    ],
                    [
                        -86.2231615,
                        37.372793
                    ],
                    [
                        -86.2232537,
                        37.3730023
                    ],
                    [
                        -86.2233985,
                        37.3738392
                    ],
                    [
                        -86.2233721,
                        37.3746762
                    ],
                    [
                        -86.2233063,
                        37.3748959
                    ],
                    [
                        -86.2229377,
                        37.3754503
                    ],
                    [
                        -86.2227666,
                        37.3758479
                    ],
                    [
                        -86.2227271,
                        37.3760571
                    ],
                    [
                        -86.2227402,
                        37.3766743
                    ],
                    [
                        -86.2228982,
                        37.3772811
                    ],
                    [
                        -86.223201,
                        37.3778565
                    ],
                    [
                        -86.2232142,
                        37.3780761
                    ],
                    [
                        -86.2231747,
                        37.3782854
                    ],
                    [
                        -86.2229772,
                        37.3786829
                    ],
                    [
                        -86.2228809,
                        37.3790039
                    ],
                    [
                        -86.2233458,
                        37.3788921
                    ],
                    [
                        -86.2236091,
                        37.3789444
                    ],
                    [
                        -86.2236223,
                        37.3791536
                    ],
                    [
                        -86.2235301,
                        37.3793524
                    ],
                    [
                        -86.2231586,
                        37.3793848
                    ],
                    [
                        -86.2228908,
                        37.3796712
                    ],
                    [
                        -86.2228644,
                        37.3798472
                    ],
                    [
                        -86.2230826,
                        37.3799182
                    ],
                    [
                        -86.2237405,
                        37.3796686
                    ],
                    [
                        -86.2241075,
                        37.3794531
                    ],
                    [
                        -86.224253,
                        37.3792561
                    ],
                    [
                        -86.2242497,
                        37.3788489
                    ],
                    [
                        -86.2244811,
                        37.3783917
                    ],
                    [
                        -86.2243687,
                        37.3778426
                    ],
                    [
                        -86.2242794,
                        37.3769152
                    ],
                    [
                        -86.2242695,
                        37.3764212
                    ],
                    [
                        -86.2245241,
                        37.3757933
                    ],
                    [
                        -86.2245307,
                        37.3754622
                    ],
                    [
                        -86.2246228,
                        37.375262
                    ],
                    [
                        -86.2250309,
                        37.374446
                    ],
                    [
                        -86.225281,
                        37.3738183
                    ],
                    [
                        -86.2252942,
                        37.3735882
                    ],
                    [
                        -86.2252415,
                        37.373358
                    ],
                    [
                        -86.2250441,
                        37.3729291
                    ],
                    [
                        -86.2249651,
                        37.3724897
                    ],
                    [
                        -86.2251625,
                        37.3723432
                    ],
                    [
                        -86.2254258,
                        37.3723118
                    ],
                    [
                        -86.225676,
                        37.3722176
                    ],
                    [
                        -86.2261104,
                        37.3719456
                    ],
                    [
                        -86.2266633,
                        37.3718829
                    ],
                    [
                        -86.2277823,
                        37.3718829
                    ],
                    [
                        -86.2280587,
                        37.3718933
                    ],
                    [
                        -86.228559,
                        37.3720084
                    ],
                    [
                        -86.2299413,
                        37.3726361
                    ],
                    [
                        -86.2305074,
                        37.3727094
                    ],
                    [
                        -86.2307707,
                        37.3726361
                    ],
                    [
                        -86.2305995,
                        37.3721758
                    ],
                    [
                        -86.229915,
                        37.3714121
                    ],
                    [
                        -86.2295069,
                        37.3708053
                    ],
                    [
                        -86.2286512,
                        37.3707634
                    ],
                    [
                        -86.227519,
                        37.3706274
                    ],
                    [
                        -86.2269792,
                        37.370596
                    ],
                    [
                        -86.226716,
                        37.3704914
                    ],
                    [
                        -86.2264,
                        37.3700834
                    ],
                    [
                        -86.2257023,
                        37.3693405
                    ],
                    [
                        -86.2256397,
                        37.3688182
                    ],
                    [
                        -86.2255186,
                        37.3685149
                    ],
                    [
                        -86.2246715,
                        37.3675679
                    ],
                    [
                        -86.2244109,
                        37.3671019
                    ],
                    [
                        -86.2242154,
                        37.3666062
                    ],
                    [
                        -86.2242526,
                        37.3664434
                    ],
                    [
                        -86.2243457,
                        37.3663028
                    ],
                    [
                        -86.2246343,
                        37.3660957
                    ],
                    [
                        -86.2251835,
                        37.3658515
                    ],
                    [
                        -86.2260772,
                        37.365563
                    ],
                    [
                        -86.2262261,
                        37.3654594
                    ],
                    [
                        -86.2260585,
                        37.3653854
                    ],
                    [
                        -86.2249136,
                        37.3654372
                    ],
                    [
                        -86.2235638,
                        37.364616
                    ],
                    [
                        -86.2229773,
                        37.3644606
                    ],
                    [
                        -86.2225957,
                        37.3643275
                    ],
                    [
                        -86.2219161,
                        37.3638983
                    ],
                    [
                        -86.2216369,
                        37.3636542
                    ],
                    [
                        -86.2208549,
                        37.3625
                    ],
                    [
                        -86.2207339,
                        37.362167
                    ],
                    [
                        -86.2205757,
                        37.361331
                    ],
                    [
                        -86.2203895,
                        37.3610498
                    ],
                    [
                        -86.2202406,
                        37.3605763
                    ],
                    [
                        -86.2197844,
                        37.3598068
                    ],
                    [
                        -86.2198031,
                        37.359496
                    ],
                    [
                        -86.2198868,
                        37.3593481
                    ],
                    [
                        -86.2200358,
                        37.3592593
                    ],
                    [
                        -86.2203988,
                        37.3591779
                    ],
                    [
                        -86.2218975,
                        37.3591631
                    ],
                    [
                        -86.2220744,
                        37.3591927
                    ],
                    [
                        -86.2222513,
                        37.3590965
                    ],
                    [
                        -86.2220558,
                        37.3588153
                    ],
                    [
                        -86.2219068,
                        37.3587043
                    ],
                    [
                        -86.220436,
                        37.3587117
                    ],
                    [
                        -86.2194493,
                        37.3586082
                    ],
                    [
                        -86.2190304,
                        37.3584676
                    ],
                    [
                        -86.218053,
                        37.3578164
                    ],
                    [
                        -86.2175038,
                        37.3575575
                    ],
                    [
                        -86.2169266,
                        37.3573577
                    ],
                    [
                        -86.2167963,
                        37.3572467
                    ],
                    [
                        -86.2166753,
                        37.3567214
                    ],
                    [
                        -86.2165264,
                        37.3565956
                    ],
                    [
                        -86.2161447,
                        37.3564698
                    ],
                    [
                        -86.2159865,
                        37.3563662
                    ],
                    [
                        -86.2157351,
                        37.3561146
                    ],
                    [
                        -86.2154372,
                        37.3556855
                    ],
                    [
                        -86.2153255,
                        37.3553673
                    ],
                    [
                        -86.2153255,
                        37.3544349
                    ],
                    [
                        -86.2153907,
                        37.3541168
                    ],
                    [
                        -86.2154652,
                        37.3539762
                    ],
                    [
                        -86.2157351,
                        37.3537394
                    ],
                    [
                        -86.2160982,
                        37.3535914
                    ],
                    [
                        -86.2168987,
                        37.3534138
                    ],
                    [
                        -86.2172897,
                        37.3533546
                    ],
                    [
                        -86.2182671,
                        37.353288
                    ],
                    [
                        -86.2188722,
                        37.3531918
                    ],
                    [
                        -86.2192631,
                        37.3530808
                    ],
                    [
                        -86.2198589,
                        37.3529994
                    ],
                    [
                        -86.2215066,
                        37.3530216
                    ],
                    [
                        -86.2221675,
                        37.3529254
                    ],
                    [
                        -86.2225771,
                        37.3528144
                    ],
                    [
                        -86.2235917,
                        37.3527996
                    ],
                    [
                        -86.223992,
                        37.3527626
                    ],
                    [
                        -86.2244109,
                        37.3526664
                    ],
                    [
                        -86.2247088,
                        37.3524888
                    ],
                    [
                        -86.2247553,
                        37.3523408
                    ],
                    [
                        -86.2245412,
                        37.3523408
                    ],
                    [
                        -86.2239082,
                        37.3524222
                    ],
                    [
                        -86.2232566,
                        37.3524222
                    ],
                    [
                        -86.2225212,
                        37.352548
                    ],
                    [
                        -86.2218324,
                        37.3525332
                    ],
                    [
                        -86.2207712,
                        37.3523556
                    ],
                    [
                        -86.219682,
                        37.3522447
                    ],
                    [
                        -86.2178482,
                        37.3520005
                    ],
                    [
                        -86.2170197,
                        37.3519561
                    ],
                    [
                        -86.2157444,
                        37.3517563
                    ],
                    [
                        -86.2150183,
                        37.3515195
                    ],
                    [
                        -86.2148508,
                        37.3514455
                    ],
                    [
                        -86.2147018,
                        37.3513197
                    ],
                    [
                        -86.2145808,
                        37.3512013
                    ],
                    [
                        -86.214404,
                        37.3508831
                    ],
                    [
                        -86.2142085,
                        37.3500469
                    ],
                    [
                        -86.2145436,
                        37.3496621
                    ],
                    [
                        -86.2148415,
                        37.3494549
                    ],
                    [
                        -86.2151859,
                        37.3493365
                    ],
                    [
                        -86.215763,
                        37.3493143
                    ],
                    [
                        -86.2163309,
                        37.3493661
                    ],
                    [
                        -86.2165077,
                        37.3493513
                    ],
                    [
                        -86.2162564,
                        37.3489221
                    ],
                    [
                        -86.2156793,
                        37.3484411
                    ],
                    [
                        -86.2156327,
                        37.3482931
                    ],
                    [
                        -86.2157165,
                        37.3481525
                    ],
                    [
                        -86.2159865,
                        37.3479231
                    ],
                    [
                        -86.2161075,
                        37.3476271
                    ],
                    [
                        -86.2160982,
                        37.3474643
                    ],
                    [
                        -86.2159213,
                        37.3475457
                    ],
                    [
                        -86.2155396,
                        37.3479083
                    ],
                    [
                        -86.2152324,
                        37.3481007
                    ],
                    [
                        -86.2150276,
                        37.3480859
                    ],
                    [
                        -86.2148229,
                        37.3481155
                    ],
                    [
                        -86.2146274,
                        37.3481747
                    ],
                    [
                        -86.2144691,
                        37.3482783
                    ],
                    [
                        -86.2138361,
                        37.3484633
                    ],
                    [
                        -86.2134358,
                        37.3484041
                    ],
                    [
                        -86.213259,
                        37.3483079
                    ],
                    [
                        -86.2129983,
                        37.3480341
                    ],
                    [
                        -86.2127098,
                        37.3475605
                    ],
                    [
                        -86.2119651,
                        37.3467464
                    ],
                    [
                        -86.2116579,
                        37.3461322
                    ],
                    [
                        -86.2115555,
                        37.345999
                    ],
                    [
                        -86.2112111,
                        37.3457918
                    ],
                    [
                        -86.2109039,
                        37.3455254
                    ],
                    [
                        -86.2106898,
                        37.3451036
                    ],
                    [
                        -86.2105687,
                        37.3445929
                    ],
                    [
                        -86.2105687,
                        37.3441045
                    ],
                    [
                        -86.2107456,
                        37.3434755
                    ],
                    [
                        -86.2110063,
                        37.3430684
                    ],
                    [
                        -86.2108666,
                        37.34295
                    ],
                    [
                        -86.2099823,
                        37.3432904
                    ],
                    [
                        -86.2095913,
                        37.3432386
                    ],
                    [
                        -86.2083439,
                        37.3428464
                    ],
                    [
                        -86.2081485,
                        37.3428242
                    ],
                    [
                        -86.2075806,
                        37.342654
                    ],
                    [
                        -86.2071897,
                        37.3425948
                    ],
                    [
                        -86.20705,
                        37.3424838
                    ],
                    [
                        -86.2068452,
                        37.3422099
                    ],
                    [
                        -86.2065287,
                        37.3415661
                    ],
                    [
                        -86.2067387,
                        37.3409319
                    ],
                    [
                        -86.2067107,
                        37.34014
                    ],
                    [
                        -86.2067852,
                        37.3400068
                    ],
                    [
                        -86.2070831,
                        37.339807
                    ],
                    [
                        -86.2071762,
                        37.3396738
                    ],
                    [
                        -86.2071296,
                        37.3393407
                    ],
                    [
                        -86.2070179,
                        37.3390077
                    ],
                    [
                        -86.2069621,
                        37.338201
                    ],
                    [
                        -86.2066363,
                        37.3366319
                    ],
                    [
                        -86.2064687,
                        37.3363433
                    ],
                    [
                        -86.2060964,
                        37.3359584
                    ],
                    [
                        -86.2057799,
                        37.3357215
                    ],
                    [
                        -86.2054075,
                        37.3355439
                    ],
                    [
                        -86.2049979,
                        37.3354847
                    ],
                    [
                        -86.2045976,
                        37.3354847
                    ],
                    [
                        -86.2045046,
                        37.3351812
                    ],
                    [
                        -86.2042532,
                        37.3349296
                    ],
                    [
                        -86.2041787,
                        37.3347668
                    ],
                    [
                        -86.2041881,
                        37.3346039
                    ],
                    [
                        -86.2042532,
                        37.3344485
                    ],
                    [
                        -86.2044301,
                        37.3343819
                    ],
                    [
                        -86.2049793,
                        37.3342931
                    ],
                    [
                        -86.2055378,
                        37.3343079
                    ],
                    [
                        -86.2063291,
                        37.3342635
                    ],
                    [
                        -86.2074647,
                        37.334108
                    ],
                    [
                        -86.2081071,
                        37.3341006
                    ],
                    [
                        -86.2090938,
                        37.3339822
                    ],
                    [
                        -86.2092893,
                        37.3339304
                    ],
                    [
                        -86.2102015,
                        37.3334937
                    ],
                    [
                        -86.2108718,
                        37.3330792
                    ],
                    [
                        -86.2111138,
                        37.3328276
                    ],
                    [
                        -86.2116351,
                        37.3319616
                    ],
                    [
                        -86.2118957,
                        37.3312066
                    ],
                    [
                        -86.212175,
                        37.3300667
                    ],
                    [
                        -86.2123053,
                        37.32906
                    ],
                    [
                        -86.2123053,
                        37.3286011
                    ],
                    [
                        -86.2122122,
                        37.3281422
                    ],
                    [
                        -86.2114396,
                        37.326299
                    ],
                    [
                        -86.2113651,
                        37.3259807
                    ],
                    [
                        -86.2113558,
                        37.3254922
                    ],
                    [
                        -86.2112627,
                        37.3251961
                    ],
                    [
                        -86.2113,
                        37.3250332
                    ],
                    [
                        -86.2114861,
                        37.3250628
                    ],
                    [
                        -86.2116444,
                        37.3251368
                    ],
                    [
                        -86.2121191,
                        37.3254181
                    ],
                    [
                        -86.2123425,
                        37.3256698
                    ],
                    [
                        -86.2123705,
                        37.3258179
                    ],
                    [
                        -86.2124729,
                        37.3259511
                    ],
                    [
                        -86.2128359,
                        37.3260399
                    ],
                    [
                        -86.2130035,
                        37.3261436
                    ],
                    [
                        -86.2131896,
                        37.3261806
                    ],
                    [
                        -86.2134968,
                        37.3259659
                    ],
                    [
                        -86.2136737,
                        37.3259215
                    ],
                    [
                        -86.2142415,
                        37.3258327
                    ],
                    [
                        -86.2146325,
                        37.3258105
                    ],
                    [
                        -86.2148094,
                        37.3258623
                    ],
                    [
                        -86.2155168,
                        37.3262842
                    ],
                    [
                        -86.2161778,
                        37.3265803
                    ],
                    [
                        -86.2167456,
                        37.3267728
                    ],
                    [
                        -86.2171552,
                        37.3268394
                    ],
                    [
                        -86.2180209,
                        37.3267728
                    ],
                    [
                        -86.2182629,
                        37.3267802
                    ],
                    [
                        -86.2186353,
                        37.3266617
                    ],
                    [
                        -86.21911,
                        37.3263952
                    ],
                    [
                        -86.2195103,
                        37.3262546
                    ],
                    [
                        -86.2197244,
                        37.326225
                    ],
                    [
                        -86.2198361,
                        37.3263434
                    ],
                    [
                        -86.2201247,
                        37.326906
                    ],
                    [
                        -86.2202364,
                        37.3270392
                    ],
                    [
                        -86.2205063,
                        37.3272761
                    ],
                    [
                        -86.2206646,
                        37.3273723
                    ],
                    [
                        -86.221009,
                        37.3275056
                    ],
                    [
                        -86.2211207,
                        37.327624
                    ],
                    [
                        -86.2210835,
                        37.3279201
                    ],
                    [
                        -86.2209532,
                        37.3282384
                    ],
                    [
                        -86.220767,
                        37.3285271
                    ],
                    [
                        -86.2204133,
                        37.3289194
                    ],
                    [
                        -86.2199199,
                        37.3292229
                    ],
                    [
                        -86.2194638,
                        37.3293783
                    ],
                    [
                        -86.2191286,
                        37.3295856
                    ],
                    [
                        -86.2189704,
                        37.3297262
                    ],
                    [
                        -86.2187191,
                        37.3304738
                    ],
                    [
                        -86.2184584,
                        37.3308735
                    ],
                    [
                        -86.2175089,
                        37.3319319
                    ],
                    [
                        -86.2172669,
                        37.3323686
                    ],
                    [
                        -86.2172669,
                        37.3325167
                    ],
                    [
                        -86.2189239,
                        37.3314434
                    ],
                    [
                        -86.2192776,
                        37.3313546
                    ],
                    [
                        -86.2196686,
                        37.3313694
                    ],
                    [
                        -86.2198733,
                        37.3316285
                    ],
                    [
                        -86.2202178,
                        37.3317099
                    ],
                    [
                        -86.2204039,
                        37.3318061
                    ],
                    [
                        -86.2206274,
                        37.332043
                    ],
                    [
                        -86.2212138,
                        37.3324797
                    ],
                    [
                        -86.2212883,
                        37.3326277
                    ],
                    [
                        -86.2218282,
                        37.3333087
                    ],
                    [
                        -86.2224984,
                        37.3346039
                    ],
                    [
                        -86.2226101,
                        37.334752
                    ],
                    [
                        -86.222154,
                        37.3329386
                    ],
                    [
                        -86.2219585,
                        37.3324723
                    ],
                    [
                        -86.2209625,
                        37.3307403
                    ],
                    [
                        -86.2208973,
                        37.3305996
                    ],
                    [
                        -86.220888,
                        37.3304294
                    ],
                    [
                        -86.2209625,
                        37.3301037
                    ],
                    [
                        -86.2210835,
                        37.3299705
                    ],
                    [
                        -86.2221261,
                        37.328912
                    ],
                    [
                        -86.222424,
                        37.3286603
                    ],
                    [
                        -86.2225915,
                        37.3286011
                    ],
                    [
                        -86.2229546,
                        37.3286825
                    ],
                    [
                        -86.2236341,
                        37.3290008
                    ],
                    [
                        -86.2243881,
                        37.3294301
                    ],
                    [
                        -86.2247884,
                        37.3295485
                    ],
                    [
                        -86.2259054,
                        37.3297114
                    ],
                    [
                        -86.2260637,
                        37.3296152
                    ],
                    [
                        -86.2259427,
                        37.3294893
                    ],
                    [
                        -86.2256254,
                        37.3292796
                    ],
                    [
                        -86.2252817,
                        37.3290526
                    ],
                    [
                        -86.2250304,
                        37.3287861
                    ],
                    [
                        -86.2249652,
                        37.3286381
                    ],
                    [
                        -86.2251142,
                        37.3285345
                    ],
                    [
                        -86.2258775,
                        37.3285493
                    ],
                    [
                        -86.2278137,
                        37.3287861
                    ],
                    [
                        -86.2282047,
                        37.3288009
                    ],
                    [
                        -86.2294428,
                        37.3286677
                    ],
                    [
                        -86.2302433,
                        37.3286677
                    ],
                    [
                        -86.2322075,
                        37.328838
                    ],
                    [
                        -86.2321237,
                        37.3286677
                    ],
                    [
                        -86.2319748,
                        37.3285345
                    ],
                    [
                        -86.2309694,
                        37.3282088
                    ],
                    [
                        -86.2304481,
                        37.3282014
                    ],
                    [
                        -86.2298337,
                        37.32812
                    ],
                    [
                        -86.2291821,
                        37.32812
                    ],
                    [
                        -86.228726,
                        37.3280829
                    ],
                    [
                        -86.227339,
                        37.3277054
                    ],
                    [
                        -86.2262778,
                        37.3274612
                    ],
                    [
                        -86.2260916,
                        37.3273797
                    ],
                    [
                        -86.2259613,
                        37.3272465
                    ],
                    [
                        -86.2258775,
                        37.3270688
                    ],
                    [
                        -86.2258961,
                        37.326758
                    ],
                    [
                        -86.2258403,
                        37.3265951
                    ],
                    [
                        -86.224807,
                        37.3269726
                    ],
                    [
                        -86.224444,
                        37.3270762
                    ],
                    [
                        -86.2240623,
                        37.327054
                    ],
                    [
                        -86.2238761,
                        37.3270096
                    ],
                    [
                        -86.2229359,
                        37.3267135
                    ],
                    [
                        -86.2224333,
                        37.3264174
                    ],
                    [
                        -86.2220423,
                        37.3260621
                    ],
                    [
                        -86.2218003,
                        37.325618
                    ],
                    [
                        -86.2217816,
                        37.3254699
                    ],
                    [
                        -86.2215117,
                        37.3248111
                    ],
                    [
                        -86.2207949,
                        37.3240191
                    ],
                    [
                        -86.2204412,
                        37.3234121
                    ],
                    [
                        -86.2196499,
                        37.3225608
                    ],
                    [
                        -86.2190821,
                        37.322198
                    ],
                    [
                        -86.2189425,
                        37.3220574
                    ],
                    [
                        -86.2190169,
                        37.3217465
                    ],
                    [
                        -86.2190914,
                        37.3216132
                    ],
                    [
                        -86.2192217,
                        37.3214948
                    ],
                    [
                        -86.2205063,
                        37.3207397
                    ],
                    [
                        -86.220888,
                        37.3205842
                    ],
                    [
                        -86.221279,
                        37.3205694
                    ],
                    [
                        -86.2214372,
                        37.3204658
                    ],
                    [
                        -86.2214745,
                        37.3203103
                    ],
                    [
                        -86.2213907,
                        37.3200068
                    ],
                    [
                        -86.2214,
                        37.3198439
                    ],
                    [
                        -86.2215024,
                        37.3193924
                    ],
                    [
                        -86.2215769,
                        37.3192591
                    ],
                    [
                        -86.2223402,
                        37.318504
                    ],
                    [
                        -86.2229266,
                        37.3178229
                    ],
                    [
                        -86.2230569,
                        37.3171936
                    ],
                    [
                        -86.2230569,
                        37.3161202
                    ],
                    [
                        -86.2231314,
                        37.3158166
                    ],
                    [
                        -86.2234172,
                        37.3161476
                    ],
                    [
                        -86.2236127,
                        37.3167251
                    ],
                    [
                        -86.2240223,
                        37.3170508
                    ],
                    [
                        -86.224255,
                        37.3176283
                    ],
                    [
                        -86.224646,
                        37.3181465
                    ],
                    [
                        -86.2252138,
                        37.3181613
                    ],
                    [
                        -86.2257165,
                        37.318376
                    ],
                    [
                        -86.2257724,
                        37.3182279
                    ],
                    [
                        -86.2257724,
                        37.3179022
                    ],
                    [
                        -86.2258934,
                        37.317421
                    ],
                    [
                        -86.2260144,
                        37.31731
                    ],
                    [
                        -86.2261726,
                        37.3172359
                    ],
                    [
                        -86.2267777,
                        37.3172063
                    ],
                    [
                        -86.2281554,
                        37.3170138
                    ],
                    [
                        -86.2287512,
                        37.3170286
                    ],
                    [
                        -86.2293004,
                        37.3171545
                    ],
                    [
                        -86.2296914,
                        37.3171989
                    ],
                    [
                        -86.2296856,
                        37.3170764
                    ],
                    [
                        -86.2294091,
                        37.3167989
                    ],
                    [
                        -86.2290537,
                        37.3166314
                    ],
                    [
                        -86.2281058,
                        37.3164691
                    ],
                    [
                        -86.2274213,
                        37.3164115
                    ],
                    [
                        -86.2265524,
                        37.3161707
                    ],
                    [
                        -86.2263089,
                        37.3160084
                    ],
                    [
                        -86.2261194,
                        37.3158056
                    ],
                    [
                        -86.2259666,
                        37.315642
                    ],
                    [
                        -86.2256704,
                        37.3150033
                    ],
                    [
                        -86.2254334,
                        37.3138935
                    ],
                    [
                        -86.2255322,
                        37.3135742
                    ],
                    [
                        -86.2260851,
                        37.3135166
                    ],
                    [
                        -86.2263418,
                        37.3135951
                    ],
                    [
                        -86.226875,
                        37.3136265
                    ],
                    [
                        -86.2274279,
                        37.3138045
                    ],
                    [
                        -86.2275529,
                        37.3137626
                    ],
                    [
                        -86.2279742,
                        37.3134747
                    ],
                    [
                        -86.2281058,
                        37.313438
                    ],
                    [
                        -86.2284547,
                        37.313438
                    ],
                    [
                        -86.2285666,
                        37.3135061
                    ],
                    [
                        -86.2289023,
                        37.3138883
                    ],
                    [
                        -86.2291393,
                        37.3142652
                    ],
                    [
                        -86.2292512,
                        37.3143228
                    ],
                    [
                        -86.2294881,
                        37.3142024
                    ],
                    [
                        -86.229679,
                        37.3140348
                    ],
                    [
                        -86.2298831,
                        37.313726
                    ],
                    [
                        -86.2300542,
                        37.313548
                    ],
                    [
                        -86.2301661,
                        37.3134852
                    ],
                    [
                        -86.2304426,
                        37.3134485
                    ],
                    [
                        -86.2305742,
                        37.3134904
                    ],
                    [
                        -86.2307322,
                        37.3136579
                    ],
                    [
                        -86.2308177,
                        37.3138726
                    ],
                    [
                        -86.2308836,
                        37.3142914
                    ],
                    [
                        -86.2310086,
                        37.3144851
                    ],
                    [
                        -86.2313575,
                        37.3146473
                    ],
                    [
                        -86.2316471,
                        37.3148672
                    ],
                    [
                        -86.2317788,
                        37.3148777
                    ],
                    [
                        -86.2322593,
                        37.3147102
                    ],
                    [
                        -86.2322914,
                        37.3146798
                    ],
                    [
                        -86.2325357,
                        37.3144484
                    ],
                    [
                        -86.2327859,
                        37.3140506
                    ],
                    [
                        -86.2329702,
                        37.3135009
                    ],
                    [
                        -86.233194,
                        37.313281
                    ],
                    [
                        -86.2334638,
                        37.3133962
                    ],
                    [
                        -86.2335494,
                        37.3135009
                    ],
                    [
                        -86.2335955,
                        37.3136003
                    ],
                    [
                        -86.2336481,
                        37.3140348
                    ],
                    [
                        -86.2337995,
                        37.3142024
                    ],
                    [
                        -86.2339378,
                        37.3142338
                    ],
                    [
                        -86.234076,
                        37.3142024
                    ],
                    [
                        -86.2341879,
                        37.3141238
                    ],
                    [
                        -86.2345367,
                        37.3137626
                    ],
                    [
                        -86.2348461,
                        37.3135375
                    ],
                    [
                        -86.2351028,
                        37.3135113
                    ],
                    [
                        -86.2352345,
                        37.3135585
                    ],
                    [
                        -86.2355504,
                        37.313993
                    ],
                    [
                        -86.2355504,
                        37.3143175
                    ],
                    [
                        -86.2354122,
                        37.3146316
                    ],
                    [
                        -86.235037,
                        37.3149876
                    ],
                    [
                        -86.2350041,
                        37.3150923
                    ],
                    [
                        -86.2351884,
                        37.3152441
                    ],
                    [
                        -86.2356623,
                        37.3154326
                    ],
                    [
                        -86.2358203,
                        37.315731
                    ],
                    [
                        -86.2358927,
                        37.3160608
                    ],
                    [
                        -86.23584,
                        37.3166419
                    ],
                    [
                        -86.235478,
                        37.3174062
                    ],
                    [
                        -86.2354714,
                        37.3175109
                    ],
                    [
                        -86.2355175,
                        37.3176155
                    ],
                    [
                        -86.2356426,
                        37.317626
                    ],
                    [
                        -86.2357479,
                        37.3175632
                    ],
                    [
                        -86.2362745,
                        37.3170502
                    ],
                    [
                        -86.2366299,
                        37.3168303
                    ],
                    [
                        -86.237117,
                        37.3164325
                    ],
                    [
                        -86.2374066,
                        37.3160241
                    ],
                    [
                        -86.2377752,
                        37.3156525
                    ],
                    [
                        -86.2379069,
                        37.3146683
                    ],
                    [
                        -86.2380188,
                        37.3144694
                    ],
                    [
                        -86.2384335,
                        37.3143123
                    ],
                    [
                        -86.2389864,
                        37.3141919
                    ],
                    [
                        -86.2392299,
                        37.3140872
                    ],
                    [
                        -86.2394932,
                        37.3140296
                    ],
                    [
                        -86.2400593,
                        37.3140296
                    ],
                    [
                        -86.2403292,
                        37.3140924
                    ],
                    [
                        -86.2404279,
                        37.314171
                    ],
                    [
                        -86.2404674,
                        37.3142652
                    ],
                    [
                        -86.2409677,
                        37.3144275
                    ],
                    [
                        -86.2414416,
                        37.3150452
                    ],
                    [
                        -86.2415864,
                        37.3154692
                    ],
                    [
                        -86.2416193,
                        37.3158985
                    ],
                    [
                        -86.2415469,
                        37.3161079
                    ],
                    [
                        -86.2413297,
                        37.316265
                    ],
                    [
                        -86.2409611,
                        37.3164272
                    ],
                    [
                        -86.2408031,
                        37.3166105
                    ],
                    [
                        -86.2408031,
                        37.3167204
                    ],
                    [
                        -86.240915,
                        37.3167727
                    ],
                    [
                        -86.2413363,
                        37.3168146
                    ],
                    [
                        -86.2412902,
                        37.3171339
                    ],
                    [
                        -86.2413428,
                        37.3172334
                    ],
                    [
                        -86.2413363,
                        37.3173486
                    ],
                    [
                        -86.2412836,
                        37.3176993
                    ],
                    [
                        -86.2413823,
                        37.3177674
                    ],
                    [
                        -86.2413955,
                        37.3178721
                    ],
                    [
                        -86.2413231,
                        37.3180919
                    ],
                    [
                        -86.2414679,
                        37.3182594
                    ],
                    [
                        -86.2413297,
                        37.3189399
                    ],
                    [
                        -86.2413231,
                        37.3191807
                    ],
                    [
                        -86.2413889,
                        37.3192959
                    ],
                    [
                        -86.2417575,
                        37.318652
                    ],
                    [
                        -86.2422249,
                        37.3183694
                    ],
                    [
                        -86.242396,
                        37.3181861
                    ],
                    [
                        -86.2424026,
                        37.3177464
                    ],
                    [
                        -86.242475,
                        37.3175266
                    ],
                    [
                        -86.2427449,
                        37.3172543
                    ],
                    [
                        -86.2429753,
                        37.3171444
                    ],
                    [
                        -86.2432978,
                        37.3169245
                    ],
                    [
                        -86.2435611,
                        37.3168617
                    ],
                    [
                        -86.2436927,
                        37.3168931
                    ],
                    [
                        -86.2438902,
                        37.3170607
                    ],
                    [
                        -86.243956,
                        37.3172805
                    ],
                    [
                        -86.244272,
                        37.3178721
                    ],
                    [
                        -86.244397,
                        37.3179139
                    ],
                    [
                        -86.2445353,
                        37.3175894
                    ],
                    [
                        -86.2446998,
                        37.3174114
                    ],
                    [
                        -86.2451079,
                        37.3174533
                    ],
                    [
                        -86.2454765,
                        37.3175789
                    ],
                    [
                        -86.2459175,
                        37.3179872
                    ],
                    [
                        -86.2461282,
                        37.3181233
                    ],
                    [
                        -86.2462401,
                        37.3183118
                    ],
                    [
                        -86.2465889,
                        37.3185002
                    ],
                    [
                        -86.2466087,
                        37.3185997
                    ],
                    [
                        -86.2465429,
                        37.31883
                    ],
                    [
                        -86.2466021,
                        37.3196309
                    ],
                    [
                        -86.2464112,
                        37.3199188
                    ],
                    [
                        -86.2464244,
                        37.3200183
                    ],
                    [
                        -86.2466548,
                        37.3202853
                    ],
                    [
                        -86.2467601,
                        37.3204842
                    ],
                    [
                        -86.2467469,
                        37.3209134
                    ],
                    [
                        -86.2468456,
                        37.3209867
                    ],
                    [
                        -86.2470892,
                        37.3209082
                    ],
                    [
                        -86.2472208,
                        37.3209291
                    ],
                    [
                        -86.2473196,
                        37.3210024
                    ],
                    [
                        -86.2474578,
                        37.3211804
                    ],
                    [
                        -86.247471,
                        37.3214473
                    ],
                    [
                        -86.2474381,
                        37.3231433
                    ],
                    [
                        -86.2472867,
                        37.3239075
                    ],
                    [
                        -86.2471353,
                        37.3242216
                    ],
                    [
                        -86.2467074,
                        37.3246718
                    ],
                    [
                        -86.2474841,
                        37.3243996
                    ],
                    [
                        -86.2479186,
                        37.3243786
                    ],
                    [
                        -86.2479581,
                        37.3242792
                    ],
                    [
                        -86.2479251,
                        37.3239389
                    ],
                    [
                        -86.2480897,
                        37.3231381
                    ],
                    [
                        -86.2483267,
                        37.3225204
                    ],
                    [
                        -86.248511,
                        37.3223477
                    ],
                    [
                        -86.2487743,
                        37.3222378
                    ],
                    [
                        -86.2491758,
                        37.3221697
                    ],
                    [
                        -86.2498998,
                        37.3221383
                    ],
                    [
                        -86.2501895,
                        37.3221749
                    ],
                    [
                        -86.2504527,
                        37.3222849
                    ],
                    [
                        -86.250795,
                        37.322489
                    ],
                    [
                        -86.2512229,
                        37.3228659
                    ],
                    [
                        -86.2513414,
                        37.3229235
                    ],
                    [
                        -86.2512755,
                        37.3225832
                    ],
                    [
                        -86.2512887,
                        37.3224628
                    ],
                    [
                        -86.2515322,
                        37.3221697
                    ],
                    [
                        -86.2515388,
                        37.3220598
                    ],
                    [
                        -86.2510254,
                        37.3218556
                    ],
                    [
                        -86.2506568,
                        37.321641
                    ],
                    [
                        -86.2502684,
                        37.3215049
                    ],
                    [
                        -86.2495707,
                        37.3213269
                    ],
                    [
                        -86.2490902,
                        37.32106
                    ],
                    [
                        -86.2488138,
                        37.3207983
                    ],
                    [
                        -86.248116,
                        37.3195681
                    ],
                    [
                        -86.2478001,
                        37.3188928
                    ],
                    [
                        -86.2477803,
                        37.3187724
                    ],
                    [
                        -86.2477803,
                        37.3185421
                    ],
                    [
                        -86.2478396,
                        37.3183118
                    ],
                    [
                        -86.2482411,
                        37.3178511
                    ],
                    [
                        -86.2483069,
                        37.3177517
                    ],
                    [
                        -86.2482938,
                        37.3176417
                    ],
                    [
                        -86.248195,
                        37.3175632
                    ],
                    [
                        -86.2473722,
                        37.3175946
                    ],
                    [
                        -86.2472406,
                        37.3175527
                    ],
                    [
                        -86.2469378,
                        37.3172596
                    ],
                    [
                        -86.2467074,
                        37.3171235
                    ],
                    [
                        -86.2466218,
                        37.3170292
                    ],
                    [
                        -86.2466087,
                        37.3169193
                    ],
                    [
                        -86.2466548,
                        37.3168146
                    ],
                    [
                        -86.2469312,
                        37.3165529
                    ],
                    [
                        -86.2482543,
                        37.3161079
                    ],
                    [
                        -86.2485834,
                        37.3159247
                    ],
                    [
                        -86.2496629,
                        37.3150714
                    ],
                    [
                        -86.2503935,
                        37.3146683
                    ],
                    [
                        -86.2507884,
                        37.3140401
                    ],
                    [
                        -86.2511044,
                        37.3138045
                    ],
                    [
                        -86.2515125,
                        37.3137731
                    ],
                    [
                        -86.2521312,
                        37.3139616
                    ],
                    [
                        -86.2526841,
                        37.3139301
                    ],
                    [
                        -86.2530857,
                        37.3137993
                    ],
                    [
                        -86.2531976,
                        37.3137207
                    ],
                    [
                        -86.2532831,
                        37.3136317
                    ],
                    [
                        -86.2535069,
                        37.3132077
                    ],
                    [
                        -86.2537241,
                        37.3130402
                    ],
                    [
                        -86.2539611,
                        37.312925
                    ],
                    [
                        -86.2533555,
                        37.3129669
                    ],
                    [
                        -86.2532502,
                        37.3130349
                    ],
                    [
                        -86.2530528,
                        37.3133333
                    ],
                    [
                        -86.2529343,
                        37.3134119
                    ],
                    [
                        -86.2526644,
                        37.3134799
                    ],
                    [
                        -86.2523682,
                        37.3134695
                    ],
                    [
                        -86.2521049,
                        37.3134066
                    ],
                    [
                        -86.2515454,
                        37.3131239
                    ],
                    [
                        -86.2513874,
                        37.3129355
                    ],
                    [
                        -86.2514269,
                        37.3127051
                    ],
                    [
                        -86.251315,
                        37.3126423
                    ],
                    [
                        -86.250874,
                        37.3126423
                    ],
                    [
                        -86.2507819,
                        37.3127261
                    ],
                    [
                        -86.2506436,
                        37.3130402
                    ],
                    [
                        -86.2503145,
                        37.3132915
                    ],
                    [
                        -86.2491165,
                        37.3144013
                    ],
                    [
                        -86.2488664,
                        37.3145845
                    ],
                    [
                        -86.2482806,
                        37.3149196
                    ],
                    [
                        -86.2481292,
                        37.31493
                    ],
                    [
                        -86.2479778,
                        37.3146212
                    ],
                    [
                        -86.2478396,
                        37.3146002
                    ],
                    [
                        -86.2476224,
                        37.314752
                    ],
                    [
                        -86.247392,
                        37.3150243
                    ],
                    [
                        -86.2472735,
                        37.3150976
                    ],
                    [
                        -86.2471353,
                        37.3151185
                    ],
                    [
                        -86.2466548,
                        37.3147625
                    ],
                    [
                        -86.2465297,
                        37.3147102
                    ],
                    [
                        -86.2462467,
                        37.3147259
                    ],
                    [
                        -86.2458846,
                        37.3149039
                    ],
                    [
                        -86.2456148,
                        37.3149562
                    ],
                    [
                        -86.2448973,
                        37.3149353
                    ],
                    [
                        -86.2442983,
                        37.3147625
                    ],
                    [
                        -86.2442193,
                        37.3146631
                    ],
                    [
                        -86.2442851,
                        37.3144327
                    ],
                    [
                        -86.2442588,
                        37.314328
                    ],
                    [
                        -86.2440284,
                        37.314171
                    ],
                    [
                        -86.2436006,
                        37.3140558
                    ],
                    [
                        -86.2434294,
                        37.3137522
                    ],
                    [
                        -86.2431135,
                        37.3135166
                    ],
                    [
                        -86.2429621,
                        37.3133648
                    ],
                    [
                        -86.2429489,
                        37.3132339
                    ],
                    [
                        -86.2431596,
                        37.3125481
                    ],
                    [
                        -86.2433307,
                        37.3122235
                    ],
                    [
                        -86.2436203,
                        37.3114696
                    ],
                    [
                        -86.2441996,
                        37.3109513
                    ],
                    [
                        -86.2438968,
                        37.3109775
                    ],
                    [
                        -86.2434887,
                        37.3111189
                    ],
                    [
                        -86.2427515,
                        37.3111189
                    ],
                    [
                        -86.2426461,
                        37.311323
                    ],
                    [
                        -86.242554,
                        37.3114016
                    ],
                    [
                        -86.2421459,
                        37.3115324
                    ],
                    [
                        -86.2418365,
                        37.3115167
                    ],
                    [
                        -86.2417312,
                        37.3114434
                    ],
                    [
                        -86.2416522,
                        37.311344
                    ],
                    [
                        -86.2416325,
                        37.3111346
                    ],
                    [
                        -86.2418299,
                        37.3108309
                    ],
                    [
                        -86.2422446,
                        37.310522
                    ],
                    [
                        -86.2424947,
                        37.3100666
                    ],
                    [
                        -86.2428107,
                        37.3096949
                    ],
                    [
                        -86.2431398,
                        37.3094854
                    ],
                    [
                        -86.2438704,
                        37.3091556
                    ],
                    [
                        -86.2444892,
                        37.3085378
                    ],
                    [
                        -86.2453844,
                        37.3080457
                    ],
                    [
                        -86.2458386,
                        37.3076426
                    ],
                    [
                        -86.2455818,
                        37.3077734
                    ],
                    [
                        -86.2453186,
                        37.307852
                    ],
                    [
                        -86.2447064,
                        37.3078467
                    ],
                    [
                        -86.2444168,
                        37.3078939
                    ],
                    [
                        -86.2442785,
                        37.3079515
                    ],
                    [
                        -86.2436993,
                        37.3083598
                    ],
                    [
                        -86.2432912,
                        37.3085116
                    ],
                    [
                        -86.2428239,
                        37.3086216
                    ],
                    [
                        -86.2420866,
                        37.3087211
                    ],
                    [
                        -86.2416851,
                        37.3088153
                    ],
                    [
                        -86.2412375,
                        37.3087944
                    ],
                    [
                        -86.2408821,
                        37.3086111
                    ],
                    [
                        -86.2403489,
                        37.3084069
                    ],
                    [
                        -86.2402173,
                        37.3084174
                    ],
                    [
                        -86.2400395,
                        37.3087054
                    ],
                    [
                        -86.2396012,
                        37.3087325
                    ],
                    [
                        -86.2392914,
                        37.3086116
                    ],
                    [
                        -86.2390298,
                        37.3083429
                    ],
                    [
                        -86.2389679,
                        37.3081877
                    ],
                    [
                        -86.2389108,
                        37.3076844
                    ],
                    [
                        -86.2385635,
                        37.3070411
                    ],
                    [
                        -86.2386016,
                        37.3068859
                    ],
                    [
                        -86.2387966,
                        37.3066816
                    ],
                    [
                        -86.2387871,
                        37.3066059
                    ],
                    [
                        -86.238278,
                        37.3062804
                    ],
                    [
                        -86.2381638,
                        37.3060042
                    ],
                    [
                        -86.2381829,
                        37.3057582
                    ],
                    [
                        -86.2383018,
                        37.3055349
                    ],
                    [
                        -86.2383018,
                        37.3054592
                    ],
                    [
                        -86.2381258,
                        37.3051413
                    ],
                    [
                        -86.238121,
                        37.3050581
                    ],
                    [
                        -86.2381876,
                        37.3047364
                    ],
                    [
                        -86.2383494,
                        37.3044374
                    ],
                    [
                        -86.2383542,
                        37.3042709
                    ],
                    [
                        -86.2383161,
                        37.304199
                    ],
                    [
                        -86.2380306,
                        37.3044525
                    ],
                    [
                        -86.2377119,
                        37.3046796
                    ],
                    [
                        -86.2372741,
                        37.3052359
                    ],
                    [
                        -86.2369268,
                        37.3056144
                    ],
                    [
                        -86.2367032,
                        37.3058112
                    ],
                    [
                        -86.2366842,
                        37.3058906
                    ],
                    [
                        -86.236727,
                        37.305955
                    ],
                    [
                        -86.2370505,
                        37.3061215
                    ],
                    [
                        -86.2371219,
                        37.3062766
                    ],
                    [
                        -86.2370886,
                        37.3071584
                    ],
                    [
                        -86.237179,
                        37.3077828
                    ],
                    [
                        -86.2371076,
                        37.308025
                    ],
                    [
                        -86.2369411,
                        37.3082293
                    ],
                    [
                        -86.2361941,
                        37.3075217
                    ],
                    [
                        -86.2357279,
                        37.3071622
                    ],
                    [
                        -86.234567,
                        37.3064886
                    ],
                    [
                        -86.234115,
                        37.3062691
                    ],
                    [
                        -86.2336202,
                        37.3060988
                    ],
                    [
                        -86.2334584,
                        37.3059852
                    ],
                    [
                        -86.2334013,
                        37.3058301
                    ],
                    [
                        -86.2334061,
                        37.3057468
                    ],
                    [
                        -86.2334584,
                        37.3056787
                    ],
                    [
                        -86.2338914,
                        37.3054592
                    ],
                    [
                        -86.2339389,
                        37.3053873
                    ],
                    [
                        -86.2339342,
                        37.3053003
                    ],
                    [
                        -86.233839,
                        37.3051565
                    ],
                    [
                        -86.2332538,
                        37.3047061
                    ],
                    [
                        -86.2331206,
                        37.3045661
                    ],
                    [
                        -86.2330825,
                        37.3044866
                    ],
                    [
                        -86.2330635,
                        37.3042368
                    ],
                    [
                        -86.2331254,
                        37.3040817
                    ],
                    [
                        -86.2332348,
                        37.3039416
                    ],
                    [
                        -86.2332633,
                        37.3036956
                    ],
                    [
                        -86.2332348,
                        37.3035178
                    ],
                    [
                        -86.2329541,
                        37.3029539
                    ],
                    [
                        -86.2329017,
                        37.3025527
                    ],
                    [
                        -86.2327495,
                        37.3027609
                    ],
                    [
                        -86.2326876,
                        37.3029842
                    ],
                    [
                        -86.232426,
                        37.3034307
                    ],
                    [
                        -86.2322499,
                        37.3035329
                    ],
                    [
                        -86.2317837,
                        37.3036956
                    ],
                    [
                        -86.2312984,
                        37.303654
                    ],
                    [
                        -86.2308797,
                        37.3035859
                    ],
                    [
                        -86.2304991,
                        37.3034421
                    ],
                    [
                        -86.2297616,
                        37.3030182
                    ],
                    [
                        -86.2292811,
                        37.3026435
                    ],
                    [
                        -86.2291003,
                        37.3025641
                    ],
                    [
                        -86.2286626,
                        37.3022764
                    ],
                    [
                        -86.2285151,
                        37.302144
                    ],
                    [
                        -86.2282439,
                        37.3019964
                    ],
                    [
                        -86.227711,
                        37.3019245
                    ],
                    [
                        -86.2275064,
                        37.3018564
                    ],
                    [
                        -86.2264692,
                        37.3016671
                    ],
                    [
                        -86.2254463,
                        37.3015725
                    ],
                    [
                        -86.2243615,
                        37.3017125
                    ],
                    [
                        -86.2236621,
                        37.3019926
                    ],
                    [
                        -86.2234528,
                        37.3020532
                    ],
                    [
                        -86.2223537,
                        37.3024581
                    ],
                    [
                        -86.2213832,
                        37.3029047
                    ],
                    [
                        -86.2206742,
                        37.3031469
                    ],
                    [
                        -86.2203555,
                        37.3031469
                    ],
                    [
                        -86.2202651,
                        37.303109
                    ],
                    [
                        -86.2200986,
                        37.3028025
                    ],
                    [
                        -86.2200082,
                        37.3027684
                    ],
                    [
                        -86.2198845,
                        37.3029879
                    ],
                    [
                        -86.2198464,
                        37.3031431
                    ],
                    [
                        -86.219009,
                        37.3032983
                    ],
                    [
                        -86.2177958,
                        37.303321
                    ],
                    [
                        -86.2175912,
                        37.3032718
                    ],
                    [
                        -86.2171249,
                        37.3029879
                    ],
                    [
                        -86.2169537,
                        37.3027684
                    ],
                    [
                        -86.2167871,
                        37.3024581
                    ],
                    [
                        -86.2166682,
                        37.3022235
                    ],
                    [
                        -86.216673,
                        37.3021478
                    ],
                    [
                        -86.2167491,
                        37.3020986
                    ],
                    [
                        -86.216849,
                        37.3021061
                    ],
                    [
                        -86.2172106,
                        37.3022235
                    ],
                    [
                        -86.2174104,
                        37.3022386
                    ],
                    [
                        -86.2175865,
                        37.3021818
                    ],
                    [
                        -86.2177482,
                        37.3019775
                    ],
                    [
                        -86.2176959,
                        37.3015536
                    ],
                    [
                        -86.2172724,
                        37.3008572
                    ],
                    [
                        -86.217301,
                        37.3005431
                    ],
                    [
                        -86.2173771,
                        37.3003879
                    ],
                    [
                        -86.2176959,
                        37.3000662
                    ],
                    [
                        -86.2177768,
                        37.2999073
                    ],
                    [
                        -86.2180717,
                        37.2995212
                    ],
                    [
                        -86.2186712,
                        37.2993774
                    ],
                    [
                        -86.2190614,
                        37.299385
                    ],
                    [
                        -86.2196704,
                        37.2990708
                    ],
                    [
                        -86.2197608,
                        37.2990406
                    ],
                    [
                        -86.2199606,
                        37.299033
                    ],
                    [
                        -86.2199796,
                        37.2987756
                    ],
                    [
                        -86.2199082,
                        37.2984388
                    ],
                    [
                        -86.2198464,
                        37.2982798
                    ],
                    [
                        -86.2197084,
                        37.2981398
                    ],
                    [
                        -86.2189852,
                        37.2979922
                    ],
                    [
                        -86.2187569,
                        37.2979657
                    ],
                    [
                        -86.2184476,
                        37.2979808
                    ],
                    [
                        -86.2183239,
                        37.2978446
                    ],
                    [
                        -86.2182954,
                        37.2976818
                    ],
                    [
                        -86.2183144,
                        37.2975267
                    ],
                    [
                        -86.2184857,
                        37.2970195
                    ],
                    [
                        -86.2187807,
                        37.296535
                    ],
                    [
                        -86.2188615,
                        37.2962928
                    ],
                    [
                        -86.2188615,
                        37.2957705
                    ],
                    [
                        -86.2187949,
                        37.2953012
                    ],
                    [
                        -86.2188996,
                        37.2951649
                    ],
                    [
                        -86.2191422,
                        37.2950135
                    ],
                    [
                        -86.2191993,
                        37.2949454
                    ],
                    [
                        -86.2192374,
                        37.2946237
                    ],
                    [
                        -86.2193468,
                        37.2944798
                    ],
                    [
                        -86.2194372,
                        37.2944306
                    ],
                    [
                        -86.2197798,
                        37.2943095
                    ],
                    [
                        -86.2197132,
                        37.294071
                    ],
                    [
                        -86.219442,
                        37.2938061
                    ],
                    [
                        -86.2194087,
                        37.293719
                    ],
                    [
                        -86.21948,
                        37.2932383
                    ],
                    [
                        -86.2195419,
                        37.2931702
                    ],
                    [
                        -86.2197037,
                        37.2930794
                    ],
                    [
                        -86.2200177,
                        37.2927576
                    ],
                    [
                        -86.2200986,
                        37.2927122
                    ],
                    [
                        -86.2201937,
                        37.2927349
                    ],
                    [
                        -86.2203983,
                        37.2929242
                    ],
                    [
                        -86.2204935,
                        37.292962
                    ],
                    [
                        -86.2210121,
                        37.2930453
                    ],
                    [
                        -86.2210549,
                        37.2931097
                    ],
                    [
                        -86.2210358,
                        37.2934995
                    ],
                    [
                        -86.2210644,
                        37.293738
                    ],
                    [
                        -86.2211405,
                        37.2937947
                    ],
                    [
                        -86.2215164,
                        37.293931
                    ],
                    [
                        -86.2216353,
                        37.2939991
                    ],
                    [
                        -86.2218351,
                        37.2939537
                    ],
                    [
                        -86.2224679,
                        37.2936547
                    ],
                    [
                        -86.2225678,
                        37.2936585
                    ],
                    [
                        -86.2226154,
                        37.2937228
                    ],
                    [
                        -86.2226915,
                        37.2939537
                    ],
                    [
                        -86.2227011,
                        37.2941203
                    ],
                    [
                        -86.2225916,
                        37.2944458
                    ],
                    [
                        -86.2223633,
                        37.2946994
                    ],
                    [
                        -86.2219969,
                        37.294847
                    ],
                    [
                        -86.2219684,
                        37.2949227
                    ],
                    [
                        -86.2221111,
                        37.2950286
                    ],
                    [
                        -86.2223204,
                        37.2950665
                    ],
                    [
                        -86.2223966,
                        37.2951119
                    ],
                    [
                        -86.2224299,
                        37.2953428
                    ],
                    [
                        -86.2223062,
                        37.2959824
                    ],
                    [
                        -86.2224013,
                        37.2961982
                    ],
                    [
                        -86.2224917,
                        37.296236
                    ],
                    [
                        -86.2228343,
                        37.2960808
                    ],
                    [
                        -86.222939,
                        37.2960506
                    ],
                    [
                        -86.2230674,
                        37.2960581
                    ],
                    [
                        -86.2232006,
                        37.2961755
                    ],
                    [
                        -86.2234766,
                        37.2966183
                    ],
                    [
                        -86.2235575,
                        37.2966524
                    ],
                    [
                        -86.2239428,
                        37.296535
                    ],
                    [
                        -86.2241284,
                        37.2965426
                    ],
                    [
                        -86.2242236,
                        37.2965805
                    ],
                    [
                        -86.2243615,
                        37.2967924
                    ],
                    [
                        -86.2245328,
                        37.2967318
                    ],
                    [
                        -86.2250086,
                        37.2964328
                    ],
                    [
                        -86.2252037,
                        37.2964253
                    ],
                    [
                        -86.2257651,
                        37.2966221
                    ],
                    [
                        -86.2265739,
                        37.2971028
                    ],
                    [
                        -86.2269117,
                        37.2972693
                    ],
                    [
                        -86.2278109,
                        37.297644
                    ],
                    [
                        -86.2285674,
                        37.2978862
                    ],
                    [
                        -86.229243,
                        37.2979392
                    ],
                    [
                        -86.2293762,
                        37.2981474
                    ],
                    [
                        -86.2294333,
                        37.2983858
                    ],
                    [
                        -86.2295047,
                        37.2984426
                    ],
                    [
                        -86.2295808,
                        37.2983972
                    ],
                    [
                        -86.2297521,
                        37.2982004
                    ],
                    [
                        -86.2299091,
                        37.2980982
                    ],
                    [
                        -86.2314649,
                        37.2971785
                    ],
                    [
                        -86.2322309,
                        37.296554
                    ],
                    [
                        -86.2328732,
                        37.2961036
                    ],
                    [
                        -86.233054,
                        37.2960165
                    ],
                    [
                        -86.2331634,
                        37.2959976
                    ],
                    [
                        -86.2336665,
                        37.2963402
                    ],
                    [
                        -86.2338896,
                        37.2966953
                    ],
                    [
                        -86.2341252,
                        37.2966953
                    ],
                    [
                        -86.2346583,
                        37.2958668
                    ],
                    [
                        -86.2346459,
                        37.2951962
                    ],
                    [
                        -86.2347823,
                        37.2950285
                    ],
                    [
                        -86.2350054,
                        37.2949397
                    ],
                    [
                        -86.2354889,
                        37.2949595
                    ],
                    [
                        -86.23627,
                        37.2951271
                    ],
                    [
                        -86.2369519,
                        37.2953934
                    ],
                    [
                        -86.2379809,
                        37.2941211
                    ],
                    [
                        -86.2385512,
                        37.2936181
                    ],
                    [
                        -86.2386504,
                        37.2929474
                    ],
                    [
                        -86.2391339,
                        37.2921683
                    ],
                    [
                        -86.2391339,
                        37.2917441
                    ],
                    [
                        -86.2390967,
                        37.2915469
                    ],
                    [
                        -86.2387371,
                        37.2902942
                    ],
                    [
                        -86.2385388,
                        37.28988
                    ],
                    [
                        -86.237547,
                        37.2888838
                    ],
                    [
                        -86.237113,
                        37.2886273
                    ],
                    [
                        -86.2358361,
                        37.2882426
                    ],
                    [
                        -86.2353402,
                        37.2881736
                    ],
                    [
                        -86.2338896,
                        37.288144
                    ],
                    [
                        -86.2322903,
                        37.2873845
                    ],
                    [
                        -86.2315092,
                        37.2867631
                    ],
                    [
                        -86.2311497,
                        37.2857372
                    ],
                    [
                        -86.2306042,
                        37.2849777
                    ],
                    [
                        -86.2299347,
                        37.2842576
                    ],
                    [
                        -86.2297488,
                        37.2838433
                    ],
                    [
                        -86.2295132,
                        37.2828076
                    ],
                    [
                        -86.2295752,
                        37.282196
                    ],
                    [
                        -86.2297983,
                        37.2818113
                    ],
                    [
                        -86.2302199,
                        37.2815449
                    ],
                    [
                        -86.2304678,
                        37.2815153
                    ],
                    [
                        -86.2312489,
                        37.2814956
                    ],
                    [
                        -86.2317572,
                        37.2815942
                    ],
                    [
                        -86.2321167,
                        37.2819099
                    ],
                    [
                        -86.232935,
                        37.282413
                    ],
                    [
                        -86.2337284,
                        37.2831134
                    ],
                    [
                        -86.235179,
                        37.2839814
                    ],
                    [
                        -86.2356005,
                        37.2847015
                    ],
                    [
                        -86.2360592,
                        37.2852243
                    ],
                    [
                        -86.2375842,
                        37.287345
                    ],
                    [
                        -86.2384396,
                        37.2880947
                    ],
                    [
                        -86.2396794,
                        37.2888443
                    ],
                    [
                        -86.2392083,
                        37.2880749
                    ],
                    [
                        -86.2381421,
                        37.2868222
                    ],
                    [
                        -86.2379189,
                        37.2864277
                    ],
                    [
                        -86.2377949,
                        37.2855893
                    ],
                    [
                        -86.2379933,
                        37.2854512
                    ],
                    [
                        -86.2400265,
                        37.2853722
                    ],
                    [
                        -86.2423697,
                        37.2850073
                    ],
                    [
                        -86.2438078,
                        37.2845239
                    ],
                    [
                        -86.2443409,
                        37.284445
                    ],
                    [
                        -86.24506,
                        37.2842083
                    ],
                    [
                        -86.2452584,
                        37.28408
                    ],
                    [
                        -86.2467089,
                        37.2825018
                    ],
                    [
                        -86.2473784,
                        37.2815449
                    ],
                    [
                        -86.2476262,
                        37.2808209
                    ],
                    [
                        -86.2477464,
                        37.2803701
                    ],
                    [
                        -86.247815,
                        37.2797487
                    ],
                    [
                        -86.2478064,
                        37.2789291
                    ],
                    [
                        -86.2478408,
                        37.2783896
                    ],
                    [
                        -86.2478837,
                        37.2778296
                    ],
                    [
                        -86.2457808,
                        37.2773652
                    ],
                    [
                        -86.2455834,
                        37.2775837
                    ],
                    [
                        -86.24518,
                        37.2778364
                    ],
                    [
                        -86.2446908,
                        37.2780208
                    ],
                    [
                        -86.2442616,
                        37.2781574
                    ],
                    [
                        -86.2438926,
                        37.2781711
                    ],
                    [
                        -86.2435063,
                        37.2779388
                    ],
                    [
                        -86.2431201,
                        37.2777886
                    ],
                    [
                        -86.2425708,
                        37.2777408
                    ],
                    [
                        -86.2423476,
                        37.277611
                    ],
                    [
                        -86.2420644,
                        37.2774881
                    ],
                    [
                        -86.241764,
                        37.2774744
                    ],
                    [
                        -86.2415837,
                        37.2774198
                    ],
                    [
                        -86.2413949,
                        37.2773788
                    ],
                    [
                        -86.2412318,
                        37.2774676
                    ],
                    [
                        -86.2412404,
                        37.2776315
                    ],
                    [
                        -86.2411975,
                        37.2777886
                    ],
                    [
                        -86.2409829,
                        37.2778432
                    ],
                    [
                        -86.2406825,
                        37.2778023
                    ],
                    [
                        -86.2403048,
                        37.2778023
                    ],
                    [
                        -86.2400731,
                        37.2777681
                    ],
                    [
                        -86.2396096,
                        37.2777954
                    ],
                    [
                        -86.2392749,
                        37.2777886
                    ],
                    [
                        -86.2391118,
                        37.2777954
                    ],
                    [
                        -86.2394294,
                        37.277973
                    ],
                    [
                        -86.2398156,
                        37.2781574
                    ],
                    [
                        -86.240219,
                        37.2783418
                    ],
                    [
                        -86.2405881,
                        37.2785535
                    ],
                    [
                        -86.2407168,
                        37.2786833
                    ],
                    [
                        -86.2407426,
                        37.2787584
                    ],
                    [
                        -86.241661,
                        37.2789564
                    ],
                    [
                        -86.2419614,
                        37.2790862
                    ],
                    [
                        -86.2423991,
                        37.2791682
                    ],
                    [
                        -86.2426909,
                        37.2792023
                    ],
                    [
                        -86.2430257,
                        37.2792228
                    ],
                    [
                        -86.2434634,
                        37.2792091
                    ],
                    [
                        -86.2437295,
                        37.2792979
                    ],
                    [
                        -86.2438153,
                        37.279455
                    ],
                    [
                        -86.2439355,
                        37.2796394
                    ],
                    [
                        -86.2441071,
                        37.2796326
                    ],
                    [
                        -86.2443646,
                        37.2794687
                    ],
                    [
                        -86.2447079,
                        37.2793048
                    ],
                    [
                        -86.2450255,
                        37.2792091
                    ],
                    [
                        -86.2452573,
                        37.2792501
                    ],
                    [
                        -86.2453688,
                        37.2794277
                    ],
                    [
                        -86.2452573,
                        37.2796872
                    ],
                    [
                        -86.2450942,
                        37.2799262
                    ],
                    [
                        -86.2449483,
                        37.2800833
                    ],
                    [
                        -86.2449483,
                        37.2802472
                    ],
                    [
                        -86.2450513,
                        37.2804521
                    ],
                    [
                        -86.2449654,
                        37.280698
                    ],
                    [
                        -86.243969,
                        37.2821466
                    ],
                    [
                        -86.2417994,
                        37.2828865
                    ],
                    [
                        -86.2408324,
                        37.2831528
                    ],
                    [
                        -86.2400141,
                        37.2832712
                    ],
                    [
                        -86.2394934,
                        37.2832712
                    ],
                    [
                        -86.2386876,
                        37.2831134
                    ],
                    [
                        -86.238452,
                        37.2830048
                    ],
                    [
                        -86.2370139,
                        37.2819789
                    ],
                    [
                        -86.236146,
                        37.2811207
                    ],
                    [
                        -86.2340508,
                        37.2801737
                    ],
                    [
                        -86.2324639,
                        37.2796114
                    ],
                    [
                        -86.2313481,
                        37.2794536
                    ],
                    [
                        -86.2293272,
                        37.27972
                    ],
                    [
                        -86.2282486,
                        37.280371
                    ],
                    [
                        -86.2274552,
                        37.2809728
                    ],
                    [
                        -86.2271948,
                        37.2809234
                    ],
                    [
                        -86.2270336,
                        37.2807459
                    ],
                    [
                        -86.2270832,
                        37.2798877
                    ],
                    [
                        -86.2266121,
                        37.2793747
                    ],
                    [
                        -86.2264386,
                        37.2789604
                    ],
                    [
                        -86.2266493,
                        37.2785756
                    ],
                    [
                        -86.2274676,
                        37.2777174
                    ],
                    [
                        -86.2280751,
                        37.2773326
                    ],
                    [
                        -86.2279759,
                        37.2765237
                    ],
                    [
                        -86.2283354,
                        37.2757148
                    ],
                    [
                        -86.2284222,
                        37.2753004
                    ],
                    [
                        -86.228633,
                        37.2749255
                    ],
                    [
                        -86.2286578,
                        37.2747184
                    ],
                    [
                        -86.2285338,
                        37.2743336
                    ],
                    [
                        -86.2280875,
                        37.2737713
                    ],
                    [
                        -86.2279263,
                        37.2731497
                    ],
                    [
                        -86.2278023,
                        37.2722322
                    ],
                    [
                        -86.2276535,
                        37.2728538
                    ],
                    [
                        -86.2274552,
                        37.2732484
                    ],
                    [
                        -86.2267733,
                        37.2736726
                    ],
                    [
                        -86.2268477,
                        37.2738699
                    ],
                    [
                        -86.22748,
                        37.2741955
                    ],
                    [
                        -86.2277403,
                        37.2745704
                    ],
                    [
                        -86.2275915,
                        37.2755668
                    ],
                    [
                        -86.2273684,
                        37.2759515
                    ],
                    [
                        -86.2268477,
                        37.2764546
                    ],
                    [
                        -86.2269965,
                        37.2770268
                    ],
                    [
                        -86.2268229,
                        37.2771748
                    ],
                    [
                        -86.2265625,
                        37.2771156
                    ],
                    [
                        -86.2263766,
                        37.276938
                    ],
                    [
                        -86.2261162,
                        37.276869
                    ],
                    [
                        -86.225893,
                        37.2769479
                    ],
                    [
                        -86.2258063,
                        37.2771452
                    ],
                    [
                        -86.225893,
                        37.2773326
                    ],
                    [
                        -86.226327,
                        37.2775595
                    ],
                    [
                        -86.2263766,
                        37.2777568
                    ],
                    [
                        -86.2262774,
                        37.2779443
                    ],
                    [
                        -86.2259178,
                        37.2782402
                    ],
                    [
                        -86.2251244,
                        37.2782205
                    ],
                    [
                        -86.2249012,
                        37.2781218
                    ],
                    [
                        -86.2244177,
                        37.2776089
                    ],
                    [
                        -86.2240582,
                        37.2769578
                    ],
                    [
                        -86.2238102,
                        37.276869
                    ],
                    [
                        -86.224207,
                        37.2779048
                    ],
                    [
                        -86.2252608,
                        37.2790787
                    ],
                    [
                        -86.2257939,
                        37.2799962
                    ],
                    [
                        -86.2259922,
                        37.2803908
                    ],
                    [
                        -86.2259178,
                        37.2807952
                    ],
                    [
                        -86.2254591,
                        37.2809826
                    ],
                    [
                        -86.2249508,
                        37.2810911
                    ],
                    [
                        -86.2236367,
                        37.2810024
                    ],
                    [
                        -86.2228804,
                        37.2807557
                    ],
                    [
                        -86.2216902,
                        37.2801145
                    ],
                    [
                        -86.2203884,
                        37.2796904
                    ],
                    [
                        -86.2201281,
                        37.2796805
                    ],
                    [
                        -86.2224217,
                        37.2810517
                    ],
                    [
                        -86.2244301,
                        37.2816731
                    ],
                    [
                        -86.225955,
                        37.2817422
                    ],
                    [
                        -86.2263642,
                        37.2819789
                    ],
                    [
                        -86.2268477,
                        37.2825116
                    ],
                    [
                        -86.2271576,
                        37.2834882
                    ],
                    [
                        -86.2271204,
                        37.2838926
                    ],
                    [
                        -86.2270088,
                        37.2840702
                    ],
                    [
                        -86.2274304,
                        37.2842675
                    ],
                    [
                        -86.2276535,
                        37.2846324
                    ],
                    [
                        -86.2278643,
                        37.2856583
                    ],
                    [
                        -86.2282362,
                        37.2864277
                    ],
                    [
                        -86.2285214,
                        37.28771
                    ],
                    [
                        -86.2288313,
                        37.2882426
                    ],
                    [
                        -86.2294512,
                        37.2889035
                    ],
                    [
                        -86.2303191,
                        37.2894263
                    ],
                    [
                        -86.2306662,
                        37.289732
                    ],
                    [
                        -86.2319928,
                        37.2906296
                    ],
                    [
                        -86.2327986,
                        37.2910932
                    ],
                    [
                        -86.233121,
                        37.2914186
                    ],
                    [
                        -86.232935,
                        37.2918033
                    ],
                    [
                        -86.2325011,
                        37.2923063
                    ],
                    [
                        -86.2316828,
                        37.2928291
                    ],
                    [
                        -86.2306552,
                        37.2930363
                    ],
                    [
                        -86.2295585,
                        37.2929667
                    ],
                    [
                        -86.2281388,
                        37.292592
                    ],
                    [
                        -86.2265041,
                        37.29177
                    ],
                    [
                        -86.2262948,
                        37.2914823
                    ],
                    [
                        -86.2261425,
                        37.2911795
                    ],
                    [
                        -86.2259141,
                        37.2909221
                    ],
                    [
                        -86.2248294,
                        37.290483
                    ],
                    [
                        -86.2244297,
                        37.290483
                    ],
                    [
                        -86.2232878,
                        37.2901348
                    ],
                    [
                        -86.2224885,
                        37.2899985
                    ],
                    [
                        -86.2212515,
                        37.2900137
                    ],
                    [
                        -86.2200893,
                        37.2902641
                    ],
                    [
                        -86.2192614,
                        37.2905442
                    ],
                    [
                        -86.2189093,
                        37.2907335
                    ],
                    [
                        -86.2187856,
                        37.2908622
                    ],
                    [
                        -86.2185953,
                        37.2909455
                    ],
                    [
                        -86.2184907,
                        37.2908092
                    ],
                    [
                        -86.218367,
                        37.2901657
                    ],
                    [
                        -86.2182718,
                        37.2900219
                    ],
                    [
                        -86.2181386,
                        37.2899008
                    ],
                    [
                        -86.2174535,
                        37.2894768
                    ],
                    [
                        -86.2173202,
                        37.2893557
                    ],
                    [
                        -86.2173773,
                        37.2891967
                    ],
                    [
                        -86.2178436,
                        37.2889015
                    ],
                    [
                        -86.2180815,
                        37.2886441
                    ],
                    [
                        -86.2181481,
                        37.2884775
                    ],
                    [
                        -86.2180815,
                        37.2883261
                    ],
                    [
                        -86.2179197,
                        37.2880157
                    ],
                    [
                        -86.2175581,
                        37.2875236
                    ],
                    [
                        -86.2174059,
                        37.2873874
                    ],
                    [
                        -86.2170253,
                        37.2871678
                    ],
                    [
                        -86.2167969,
                        37.286918
                    ],
                    [
                        -86.2167017,
                        37.2867666
                    ],
                    [
                        -86.2165685,
                        37.2862896
                    ],
                    [
                        -86.2164353,
                        37.2859565
                    ],
                    [
                        -86.2163401,
                        37.2857899
                    ],
                    [
                        -86.2162069,
                        37.2856688
                    ],
                    [
                        -86.2160832,
                        37.2859716
                    ],
                    [
                        -86.2158358,
                        37.286229
                    ],
                    [
                        -86.2157502,
                        37.2863729
                    ],
                    [
                        -86.2157026,
                        37.2870088
                    ],
                    [
                        -86.215617,
                        37.2871602
                    ],
                    [
                        -86.2150365,
                        37.2871905
                    ],
                    [
                        -86.2146559,
                        37.2873041
                    ],
                    [
                        -86.2144846,
                        37.2874101
                    ],
                    [
                        -86.2140374,
                        37.287569
                    ],
                    [
                        -86.2137329,
                        37.2878189
                    ],
                    [
                        -86.2136472,
                        37.2879551
                    ],
                    [
                        -86.2135045,
                        37.2880763
                    ],
                    [
                        -86.2133142,
                        37.2880309
                    ],
                    [
                        -86.2130478,
                        37.2877886
                    ],
                    [
                        -86.2123341,
                        37.2869407
                    ],
                    [
                        -86.211944,
                        37.2862896
                    ],
                    [
                        -86.2113064,
                        37.2856007
                    ],
                    [
                        -86.2111637,
                        37.2854947
                    ],
                    [
                        -86.2109829,
                        37.285419
                    ],
                    [
                        -86.2105737,
                        37.285313
                    ],
                    [
                        -86.2104119,
                        37.2851918
                    ],
                    [
                        -86.2103263,
                        37.2850556
                    ],
                    [
                        -86.2103263,
                        37.2845635
                    ],
                    [
                        -86.2104024,
                        37.2840789
                    ],
                    [
                        -86.2105452,
                        37.2837685
                    ],
                    [
                        -86.2105642,
                        37.2836171
                    ],
                    [
                        -86.2105452,
                        37.2834581
                    ],
                    [
                        -86.2104024,
                        37.2831325
                    ],
                    [
                        -86.2103644,
                        37.2827994
                    ],
                    [
                        -86.2102978,
                        37.2826556
                    ],
                    [
                        -86.210155,
                        37.282542
                    ],
                    [
                        -86.2098315,
                        37.2823678
                    ],
                    [
                        -86.2096983,
                        37.2822391
                    ],
                    [
                        -86.209508,
                        37.2819514
                    ],
                    [
                        -86.2091749,
                        37.281323
                    ],
                    [
                        -86.2090512,
                        37.2811792
                    ],
                    [
                        -86.2087848,
                        37.2809142
                    ],
                    [
                        -86.208328,
                        37.2805659
                    ],
                    [
                        -86.2078713,
                        37.2796725
                    ],
                    [
                        -86.2078332,
                        37.2795135
                    ],
                    [
                        -86.2075192,
                        37.2796952
                    ],
                    [
                        -86.2073099,
                        37.2797028
                    ],
                    [
                        -86.206463,
                        37.2795286
                    ],
                    [
                        -86.2067199,
                        37.2797633
                    ],
                    [
                        -86.2076524,
                        37.2803615
                    ],
                    [
                        -86.2077761,
                        37.2804902
                    ],
                    [
                        -86.2078523,
                        37.2808082
                    ],
                    [
                        -86.2079284,
                        37.280952
                    ],
                    [
                        -86.2082424,
                        37.2811413
                    ],
                    [
                        -86.2086801,
                        37.2817167
                    ],
                    [
                        -86.2087467,
                        37.281853
                    ],
                    [
                        -86.209508,
                        37.282701
                    ],
                    [
                        -86.2096031,
                        37.2828448
                    ],
                    [
                        -86.2096888,
                        37.2833067
                    ],
                    [
                        -86.2096317,
                        37.2837761
                    ],
                    [
                        -86.209546,
                        37.2840865
                    ],
                    [
                        -86.2093652,
                        37.2845256
                    ],
                    [
                        -86.2093652,
                        37.2849799
                    ],
                    [
                        -86.2094604,
                        37.2852827
                    ],
                    [
                        -86.2093024,
                        37.2856748
                    ],
                    [
                        -86.2090198,
                        37.2857444
                    ],
                    [
                        -86.2086161,
                        37.2858943
                    ],
                    [
                        -86.2081787,
                        37.2862048
                    ],
                    [
                        -86.2080374,
                        37.2862476
                    ],
                    [
                        -86.2074789,
                        37.2861191
                    ],
                    [
                        -86.2070685,
                        37.2858996
                    ],
                    [
                        -86.2068397,
                        37.2857176
                    ],
                    [
                        -86.2064899,
                        37.2853108
                    ],
                    [
                        -86.2062409,
                        37.2848664
                    ],
                    [
                        -86.2057901,
                        37.2843793
                    ],
                    [
                        -86.2056555,
                        37.2841812
                    ],
                    [
                        -86.205568,
                        37.2840955
                    ],
                    [
                        -86.2054335,
                        37.2840741
                    ],
                    [
                        -86.2054873,
                        37.2842722
                    ],
                    [
                        -86.2059987,
                        37.2853161
                    ],
                    [
                        -86.2060592,
                        37.2855517
                    ],
                    [
                        -86.2062813,
                        37.2859585
                    ],
                    [
                        -86.2064158,
                        37.2861512
                    ],
                    [
                        -86.2067725,
                        37.286526
                    ],
                    [
                        -86.2068936,
                        37.2865634
                    ],
                    [
                        -86.2071089,
                        37.2866866
                    ],
                    [
                        -86.2076001,
                        37.2870934
                    ],
                    [
                        -86.2076741,
                        37.2871844
                    ],
                    [
                        -86.2077077,
                        37.2873022
                    ],
                    [
                        -86.2076202,
                        37.2873825
                    ],
                    [
                        -86.2071963,
                        37.2873825
                    ],
                    [
                        -86.2067725,
                        37.2874842
                    ],
                    [
                        -86.2063822,
                        37.2876341
                    ],
                    [
                        -86.2058776,
                        37.2879071
                    ],
                    [
                        -86.2056353,
                        37.2880677
                    ],
                    [
                        -86.2054671,
                        37.2883568
                    ],
                    [
                        -86.205494,
                        37.2884638
                    ],
                    [
                        -86.2057026,
                        37.2887422
                    ],
                    [
                        -86.2057228,
                        37.2888546
                    ],
                    [
                        -86.2055882,
                        37.289058
                    ],
                    [
                        -86.2054604,
                        37.2891009
                    ],
                    [
                        -86.205023,
                        37.2890527
                    ],
                    [
                        -86.2044175,
                        37.289058
                    ],
                    [
                        -86.2042627,
                        37.2890794
                    ],
                    [
                        -86.2041483,
                        37.289133
                    ],
                    [
                        -86.204007,
                        37.289331
                    ],
                    [
                        -86.2035226,
                        37.2895559
                    ],
                    [
                        -86.2031054,
                        37.2896951
                    ],
                    [
                        -86.2026546,
                        37.2900216
                    ],
                    [
                        -86.2023047,
                        37.2902197
                    ],
                    [
                        -86.2018404,
                        37.2903802
                    ],
                    [
                        -86.2015444,
                        37.2904284
                    ],
                    [
                        -86.2010869,
                        37.2904338
                    ],
                    [
                        -86.200959,
                        37.2903695
                    ],
                    [
                        -86.2008783,
                        37.2902785
                    ],
                    [
                        -86.2006764,
                        37.290209
                    ],
                    [
                        -86.1997883,
                        37.2899413
                    ],
                    [
                        -86.1993442,
                        37.2898503
                    ],
                    [
                        -86.1988934,
                        37.2898342
                    ],
                    [
                        -86.1984695,
                        37.2898824
                    ],
                    [
                        -86.1981869,
                        37.2899734
                    ],
                    [
                        -86.1980859,
                        37.2900484
                    ],
                    [
                        -86.1977966,
                        37.2900805
                    ],
                    [
                        -86.1976822,
                        37.2898503
                    ],
                    [
                        -86.1976149,
                        37.2895933
                    ],
                    [
                        -86.19744,
                        37.28924
                    ],
                    [
                        -86.196424,
                        37.2881641
                    ],
                    [
                        -86.1965451,
                        37.2887315
                    ],
                    [
                        -86.1966797,
                        37.2889456
                    ],
                    [
                        -86.1970363,
                        37.2893418
                    ],
                    [
                        -86.1972583,
                        37.2899413
                    ],
                    [
                        -86.1971978,
                        37.2902732
                    ],
                    [
                        -86.1970901,
                        37.2904766
                    ],
                    [
                        -86.1969825,
                        37.2905515
                    ],
                    [
                        -86.1968277,
                        37.2905783
                    ],
                    [
                        -86.1960876,
                        37.2906051
                    ],
                    [
                        -86.1955493,
                        37.2907496
                    ],
                    [
                        -86.1951254,
                        37.2907871
                    ],
                    [
                        -86.1949774,
                        37.290771
                    ],
                    [
                        -86.1947082,
                        37.290664
                    ],
                    [
                        -86.1943785,
                        37.2904231
                    ],
                    [
                        -86.1940959,
                        37.2904177
                    ],
                    [
                        -86.1938268,
                        37.2905034
                    ],
                    [
                        -86.1936047,
                        37.2906479
                    ],
                    [
                        -86.193524,
                        37.2907443
                    ],
                    [
                        -86.1933962,
                        37.2912046
                    ],
                    [
                        -86.1932616,
                        37.2914187
                    ],
                    [
                        -86.1930194,
                        37.2915686
                    ],
                    [
                        -86.1928848,
                        37.2916168
                    ],
                    [
                        -86.1927368,
                        37.2916329
                    ],
                    [
                        -86.1926224,
                        37.2917131
                    ],
                    [
                        -86.19273,
                        37.2917827
                    ],
                    [
                        -86.192979,
                        37.2918577
                    ],
                    [
                        -86.1933894,
                        37.2918577
                    ],
                    [
                        -86.1938066,
                        37.2913973
                    ],
                    [
                        -86.193921,
                        37.2913224
                    ],
                    [
                        -86.194069,
                        37.2912903
                    ],
                    [
                        -86.1943314,
                        37.2912956
                    ],
                    [
                        -86.194466,
                        37.2913598
                    ],
                    [
                        -86.1950245,
                        37.2913117
                    ],
                    [
                        -86.1956098,
                        37.2913063
                    ],
                    [
                        -86.1955358,
                        37.2912635
                    ],
                    [
                        -86.1959395,
                        37.2911297
                    ],
                    [
                        -86.1967671,
                        37.2910066
                    ],
                    [
                        -86.1974871,
                        37.2908192
                    ],
                    [
                        -86.1980187,
                        37.2907389
                    ],
                    [
                        -86.1982811,
                        37.2906533
                    ],
                    [
                        -86.1993576,
                        37.2906265
                    ],
                    [
                        -86.1999161,
                        37.2907014
                    ],
                    [
                        -86.2008244,
                        37.2909958
                    ],
                    [
                        -86.2008917,
                        37.2910868
                    ],
                    [
                        -86.2008917,
                        37.2911939
                    ],
                    [
                        -86.200737,
                        37.2919647
                    ],
                    [
                        -86.2007841,
                        37.2920664
                    ],
                    [
                        -86.2011272,
                        37.2916971
                    ],
                    [
                        -86.2013964,
                        37.2912688
                    ],
                    [
                        -86.201504,
                        37.2911778
                    ],
                    [
                        -86.2020019,
                        37.2909744
                    ],
                    [
                        -86.2025402,
                        37.2908031
                    ],
                    [
                        -86.2032736,
                        37.2903535
                    ],
                    [
                        -86.2035293,
                        37.290225
                    ],
                    [
                        -86.2039465,
                        37.2901822
                    ],
                    [
                        -86.2041752,
                        37.2900537
                    ],
                    [
                        -86.2051845,
                        37.289952
                    ],
                    [
                        -86.2058776,
                        37.2899413
                    ],
                    [
                        -86.2061265,
                        37.2898556
                    ],
                    [
                        -86.2063687,
                        37.2896897
                    ],
                    [
                        -86.2064562,
                        37.2895933
                    ],
                    [
                        -86.2066042,
                        37.2893632
                    ],
                    [
                        -86.2067119,
                        37.2890259
                    ],
                    [
                        -86.2067926,
                        37.2889349
                    ],
                    [
                        -86.2071627,
                        37.2887101
                    ],
                    [
                        -86.2072973,
                        37.2886726
                    ],
                    [
                        -86.2078827,
                        37.2886405
                    ],
                    [
                        -86.2080172,
                        37.2885923
                    ],
                    [
                        -86.2087304,
                        37.2881801
                    ],
                    [
                        -86.2089861,
                        37.2879018
                    ],
                    [
                        -86.2091342,
                        37.2875859
                    ],
                    [
                        -86.2091543,
                        37.287436
                    ],
                    [
                        -86.209336,
                        37.2871141
                    ],
                    [
                        -86.2096455,
                        37.2869856
                    ],
                    [
                        -86.2099147,
                        37.2869321
                    ],
                    [
                        -86.2104933,
                        37.2868999
                    ],
                    [
                        -86.2107625,
                        37.2869642
                    ],
                    [
                        -86.2108836,
                        37.2871676
                    ],
                    [
                        -86.2109239,
                        37.2873817
                    ],
                    [
                        -86.2110047,
                        37.2875852
                    ],
                    [
                        -86.2113142,
                        37.2879492
                    ],
                    [
                        -86.2120678,
                        37.2885916
                    ],
                    [
                        -86.2124177,
                        37.2889234
                    ],
                    [
                        -86.2126868,
                        37.2889984
                    ],
                    [
                        -86.2131174,
                        37.2892553
                    ],
                    [
                        -86.2133866,
                        37.2893624
                    ],
                    [
                        -86.2139249,
                        37.2893838
                    ],
                    [
                        -86.2142075,
                        37.2893624
                    ],
                    [
                        -86.2144631,
                        37.289266
                    ],
                    [
                        -86.2148399,
                        37.2889127
                    ],
                    [
                        -86.2151091,
                        37.2885059
                    ],
                    [
                        -86.2153244,
                        37.2883881
                    ],
                    [
                        -86.2155801,
                        37.2883988
                    ],
                    [
                        -86.2157819,
                        37.2885487
                    ],
                    [
                        -86.2153917,
                        37.2892875
                    ],
                    [
                        -86.2147054,
                        37.2900048
                    ],
                    [
                        -86.2144228,
                        37.2906364
                    ],
                    [
                        -86.2141133,
                        37.2909897
                    ],
                    [
                        -86.2141536,
                        37.2916214
                    ],
                    [
                        -86.2142747,
                        37.2918141
                    ],
                    [
                        -86.2147996,
                        37.2912574
                    ],
                    [
                        -86.214988,
                        37.2910968
                    ],
                    [
                        -86.2154186,
                        37.2908184
                    ],
                    [
                        -86.2156743,
                        37.2907542
                    ],
                    [
                        -86.2161856,
                        37.2907756
                    ],
                    [
                        -86.2164682,
                        37.2908291
                    ],
                    [
                        -86.2167105,
                        37.2909469
                    ],
                    [
                        -86.2167778,
                        37.2913751
                    ],
                    [
                        -86.2169258,
                        37.2915571
                    ],
                    [
                        -86.2170334,
                        37.2917499
                    ],
                    [
                        -86.2170334,
                        37.2919747
                    ],
                    [
                        -86.2168181,
                        37.2921139
                    ],
                    [
                        -86.2166297,
                        37.2922959
                    ],
                    [
                        -86.2164548,
                        37.2926277
                    ],
                    [
                        -86.2161991,
                        37.2927134
                    ],
                    [
                        -86.2159703,
                        37.2928633
                    ],
                    [
                        -86.2158761,
                        37.2933022
                    ],
                    [
                        -86.2158627,
                        37.2939766
                    ],
                    [
                        -86.2158896,
                        37.2941908
                    ],
                    [
                        -86.2157281,
                        37.2943835
                    ],
                    [
                        -86.2147592,
                        37.2952185
                    ],
                    [
                        -86.2147323,
                        37.2954326
                    ],
                    [
                        -86.2149341,
                        37.2958394
                    ],
                    [
                        -86.2148938,
                        37.2963639
                    ],
                    [
                        -86.2149072,
                        37.2968136
                    ],
                    [
                        -86.215136,
                        37.2969634
                    ],
                    [
                        -86.215136,
                        37.2971882
                    ],
                    [
                        -86.2150418,
                        37.2976379
                    ],
                    [
                        -86.2149745,
                        37.2978627
                    ],
                    [
                        -86.2147727,
                        37.2982909
                    ],
                    [
                        -86.2145977,
                        37.2984514
                    ],
                    [
                        -86.2143689,
                        37.2985799
                    ],
                    [
                        -86.2138441,
                        37.2987726
                    ],
                    [
                        -86.2134808,
                        37.2989439
                    ],
                    [
                        -86.2127541,
                        37.2993828
                    ],
                    [
                        -86.2126599,
                        37.2995969
                    ],
                    [
                        -86.2127676,
                        37.2997895
                    ],
                    [
                        -86.2130771,
                        37.3001642
                    ],
                    [
                        -86.2130502,
                        37.300389
                    ],
                    [
                        -86.2128079,
                        37.3010099
                    ],
                    [
                        -86.2124446,
                        37.3013631
                    ],
                    [
                        -86.212485,
                        37.3015879
                    ],
                    [
                        -86.212956,
                        37.3018234
                    ],
                    [
                        -86.2133193,
                        37.3018555
                    ],
                    [
                        -86.213575,
                        37.3031615
                    ],
                    [
                        -86.2138441,
                        37.3037716
                    ],
                    [
                        -86.2141805,
                        37.3043817
                    ],
                    [
                        -86.2143286,
                        37.3045744
                    ],
                    [
                        -86.214517,
                        37.3047243
                    ],
                    [
                        -86.2159229,
                        37.3055673
                    ],
                    [
                        -86.2162664,
                        37.3057733
                    ],
                    [
                        -86.2164682,
                        37.3059338
                    ],
                    [
                        -86.2166297,
                        37.3061265
                    ],
                    [
                        -86.2167239,
                        37.3063513
                    ],
                    [
                        -86.216697,
                        37.306576
                    ],
                    [
                        -86.2163875,
                        37.3069614
                    ],
                    [
                        -86.2161991,
                        37.3071326
                    ],
                    [
                        -86.2159838,
                        37.3072718
                    ],
                    [
                        -86.2152851,
                        37.3075061
                    ],
                    [
                        -86.2143555,
                        37.3078177
                    ],
                    [
                        -86.2137634,
                        37.307914
                    ],
                    [
                        -86.2134539,
                        37.307914
                    ],
                    [
                        -86.2131713,
                        37.3079782
                    ],
                    [
                        -86.2136288,
                        37.3082351
                    ],
                    [
                        -86.2138845,
                        37.3082886
                    ],
                    [
                        -86.2141671,
                        37.3082886
                    ],
                    [
                        -86.2147457,
                        37.3082244
                    ],
                    [
                        -86.2155262,
                        37.3079675
                    ],
                    [
                        -86.2163471,
                        37.3077856
                    ],
                    [
                        -86.2166028,
                        37.3076892
                    ],
                    [
                        -86.2168719,
                        37.3075715
                    ],
                    [
                        -86.2176255,
                        37.3071219
                    ],
                    [
                        -86.218729,
                        37.3066724
                    ],
                    [
                        -86.2192269,
                        37.3068115
                    ],
                    [
                        -86.2194557,
                        37.30694
                    ],
                    [
                        -86.219671,
                        37.3071005
                    ],
                    [
                        -86.2200478,
                        37.3074752
                    ],
                    [
                        -86.2203573,
                        37.3074323
                    ],
                    [
                        -86.2205188,
                        37.3067687
                    ],
                    [
                        -86.220613,
                        37.3065332
                    ],
                    [
                        -86.2210571,
                        37.3062228
                    ],
                    [
                        -86.2213262,
                        37.3062442
                    ],
                    [
                        -86.2215685,
                        37.3063299
                    ],
                    [
                        -86.2218107,
                        37.306469
                    ],
                    [
                        -86.2220125,
                        37.3066403
                    ],
                    [
                        -86.2221606,
                        37.3068436
                    ],
                    [
                        -86.2223759,
                        37.3072504
                    ],
                    [
                        -86.2225239,
                        37.3074537
                    ],
                    [
                        -86.2230756,
                        37.3074109
                    ],
                    [
                        -86.2233179,
                        37.3072932
                    ],
                    [
                        -86.2234793,
                        37.3071112
                    ],
                    [
                        -86.2235466,
                        37.3068864
                    ],
                    [
                        -86.2236005,
                        37.3061586
                    ],
                    [
                        -86.2236812,
                        37.3059231
                    ],
                    [
                        -86.2238158,
                        37.305709
                    ],
                    [
                        -86.2240176,
                        37.3055485
                    ],
                    [
                        -86.2242868,
                        37.3054735
                    ],
                    [
                        -86.2245425,
                        37.3054735
                    ],
                    [
                        -86.2248116,
                        37.3055164
                    ],
                    [
                        -86.2249462,
                        37.305709
                    ],
                    [
                        -86.2250135,
                        37.3059124
                    ],
                    [
                        -86.2251884,
                        37.3060837
                    ],
                    [
                        -86.2257805,
                        37.3062228
                    ],
                    [
                        -86.2260496,
                        37.3061907
                    ],
                    [
                        -86.2261842,
                        37.3059873
                    ],
                    [
                        -86.2265476,
                        37.3053023
                    ],
                    [
                        -86.2267629,
                        37.3051631
                    ],
                    [
                        -86.2270051,
                        37.3050775
                    ],
                    [
                        -86.2272608,
                        37.3050347
                    ],
                    [
                        -86.2275434,
                        37.3050347
                    ],
                    [
                        -86.2277721,
                        37.3051524
                    ],
                    [
                        -86.2278663,
                        37.3053558
                    ],
                    [
                        -86.2281355,
                        37.3057518
                    ],
                    [
                        -86.228122,
                        37.3059873
                    ],
                    [
                        -86.2279336,
                        37.3066189
                    ],
                    [
                        -86.2279067,
                        37.3068436
                    ],
                    [
                        -86.227974,
                        37.3070577
                    ],
                    [
                        -86.2282297,
                        37.3071112
                    ],
                    [
                        -86.2284988,
                        37.3070791
                    ],
                    [
                        -86.228741,
                        37.3069935
                    ],
                    [
                        -86.2290102,
                        37.3069614
                    ],
                    [
                        -86.2292928,
                        37.3069828
                    ],
                    [
                        -86.229535,
                        37.3070791
                    ],
                    [
                        -86.2297369,
                        37.3072504
                    ],
                    [
                        -86.229683,
                        37.3074644
                    ],
                    [
                        -86.2295216,
                        37.3076464
                    ],
                    [
                        -86.2292928,
                        37.3077749
                    ],
                    [
                        -86.2292793,
                        37.3079996
                    ],
                    [
                        -86.2294408,
                        37.3081816
                    ],
                    [
                        -86.2302753,
                        37.3087527
                    ],
                    [
                        -86.2309795,
                        37.3089797
                    ],
                    [
                        -86.231303,
                        37.3091311
                    ],
                    [
                        -86.231945,
                        37.3097238
                    ],
                    [
                        -86.231675,
                        37.3099607
                    ],
                    [
                        -86.2314889,
                        37.3100125
                    ],
                    [
                        -86.2299995,
                        37.3098867
                    ],
                    [
                        -86.229683,
                        37.309672
                    ],
                    [
                        -86.22905,
                        37.309672
                    ],
                    [
                        -86.2288824,
                        37.3096053
                    ],
                    [
                        -86.2285845,
                        37.3093536
                    ],
                    [
                        -86.2281656,
                        37.3093536
                    ],
                    [
                        -86.2279702,
                        37.3094202
                    ],
                    [
                        -86.2276816,
                        37.3096423
                    ],
                    [
                        -86.2274768,
                        37.3097312
                    ],
                    [
                        -86.227272,
                        37.3097312
                    ],
                    [
                        -86.2266483,
                        37.3091093
                    ],
                    [
                        -86.2264249,
                        37.3088131
                    ],
                    [
                        -86.2262294,
                        37.3087835
                    ],
                    [
                        -86.2259967,
                        37.3087909
                    ],
                    [
                        -86.2255219,
                        37.3090648
                    ],
                    [
                        -86.2253265,
                        37.309087
                    ],
                    [
                        -86.2251682,
                        37.3089908
                    ],
                    [
                        -86.2245445,
                        37.3089686
                    ],
                    [
                        -86.2243583,
                        37.3089093
                    ],
                    [
                        -86.2240232,
                        37.3087242
                    ],
                    [
                        -86.223716,
                        37.3083096
                    ],
                    [
                        -86.2231203,
                        37.3083096
                    ],
                    [
                        -86.2227479,
                        37.3081467
                    ],
                    [
                        -86.2223477,
                        37.3081837
                    ],
                    [
                        -86.2222173,
                        37.3082948
                    ],
                    [
                        -86.2221801,
                        37.308591
                    ],
                    [
                        -86.2220591,
                        37.3087168
                    ],
                    [
                        -86.2216402,
                        37.3088279
                    ],
                    [
                        -86.2206069,
                        37.3088353
                    ],
                    [
                        -86.2197877,
                        37.3089686
                    ],
                    [
                        -86.2191547,
                        37.3089834
                    ],
                    [
                        -86.2175164,
                        37.3087835
                    ],
                    [
                        -86.2173209,
                        37.3087835
                    ],
                    [
                        -86.2158687,
                        37.308976
                    ],
                    [
                        -86.2149472,
                        37.3092795
                    ],
                    [
                        -86.2142862,
                        37.309672
                    ],
                    [
                        -86.2140628,
                        37.3099385
                    ],
                    [
                        -86.2139046,
                        37.3102346
                    ],
                    [
                        -86.2138115,
                        37.3105382
                    ],
                    [
                        -86.2136346,
                        37.3108196
                    ],
                    [
                        -86.213253,
                        37.311212
                    ],
                    [
                        -86.2129449,
                        37.3113205
                    ],
                    [
                        -86.2121629,
                        37.3114538
                    ],
                    [
                        -86.2113903,
                        37.3116907
                    ],
                    [
                        -86.2105525,
                        37.3118166
                    ],
                    [
                        -86.2104036,
                        37.3119351
                    ],
                    [
                        -86.210478,
                        37.3120831
                    ],
                    [
                        -86.2107945,
                        37.3121572
                    ],
                    [
                        -86.2115486,
                        37.3122386
                    ],
                    [
                        -86.2121071,
                        37.3124163
                    ],
                    [
                        -86.2122839,
                        37.3125051
                    ],
                    [
                        -86.2123677,
                        37.3126384
                    ],
                    [
                        -86.2123026,
                        37.3129346
                    ],
                    [
                        -86.2122188,
                        37.3130752
                    ],
                    [
                        -86.2122374,
                        37.3135787
                    ],
                    [
                        -86.2121816,
                        37.3138896
                    ],
                    [
                        -86.2119768,
                        37.3144671
                    ],
                    [
                        -86.2118557,
                        37.315089
                    ],
                    [
                        -86.2115299,
                        37.3158589
                    ],
                    [
                        -86.211502,
                        37.3160144
                    ],
                    [
                        -86.2113996,
                        37.3161476
                    ],
                    [
                        -86.2110831,
                        37.3163253
                    ],
                    [
                        -86.21099,
                        37.3164586
                    ],
                    [
                        -86.211139,
                        37.3165474
                    ],
                    [
                        -86.2113251,
                        37.3165918
                    ],
                    [
                        -86.2116509,
                        37.3167991
                    ],
                    [
                        -86.2118278,
                        37.3168584
                    ],
                    [
                        -86.212135,
                        37.317036
                    ],
                    [
                        -86.2132521,
                        37.3179836
                    ],
                    [
                        -86.2136989,
                        37.3182798
                    ],
                    [
                        -86.2140619,
                        37.3183908
                    ],
                    [
                        -86.2153,
                        37.3185463
                    ],
                    [
                        -86.2155048,
                        37.3185315
                    ],
                    [
                        -86.2165381,
                        37.3182502
                    ],
                    [
                        -86.2173386,
                        37.3181391
                    ],
                    [
                        -86.2179344,
                        37.3181465
                    ],
                    [
                        -86.2182071,
                        37.3182449
                    ],
                    [
                        -86.2181512,
                        37.3183855
                    ],
                    [
                        -86.2177509,
                        37.3187483
                    ],
                    [
                        -86.2168294,
                        37.3194072
                    ],
                    [
                        -86.2164663,
                        37.3197921
                    ],
                    [
                        -86.2161405,
                        37.3203547
                    ],
                    [
                        -86.2158706,
                        37.3212949
                    ],
                    [
                        -86.2158426,
                        37.3216428
                    ],
                    [
                        -86.2158892,
                        37.3222498
                    ],
                    [
                        -86.2158147,
                        37.3223979
                    ],
                    [
                        -86.2156285,
                        37.3224423
                    ],
                    [
                        -86.215461,
                        37.3221536
                    ],
                    [
                        -86.2151259,
                        37.3219315
                    ],
                    [
                        -86.2148559,
                        37.3216428
                    ],
                    [
                        -86.2145673,
                        37.3213985
                    ],
                    [
                        -86.2140926,
                        37.3211024
                    ],
                    [
                        -86.2135434,
                        37.3208655
                    ],
                    [
                        -86.2131431,
                        37.3207397
                    ],
                    [
                        -86.2121284,
                        37.320636
                    ],
                    [
                        -86.2113,
                        37.3206138
                    ],
                    [
                        -86.2110952,
                        37.3206508
                    ],
                    [
                        -86.2097361,
                        37.3211394
                    ],
                    [
                        -86.2087773,
                        37.3218131
                    ],
                    [
                        -86.2077626,
                        37.3222795
                    ],
                    [
                        -86.2073717,
                        37.3223461
                    ],
                    [
                        -86.2071948,
                        37.3224275
                    ],
                    [
                        -86.2074834,
                        37.3226348
                    ],
                    [
                        -86.2077161,
                        37.3228791
                    ],
                    [
                        -86.2078371,
                        37.3234713
                    ],
                    [
                        -86.2080419,
                        37.3237378
                    ],
                    [
                        -86.2081071,
                        37.3242782
                    ],
                    [
                        -86.2075206,
                        37.325581
                    ],
                    [
                        -86.2074368,
                        37.3258697
                    ],
                    [
                        -86.2074834,
                        37.3260251
                    ],
                    [
                        -86.2074647,
                        37.3261732
                    ],
                    [
                        -86.2071203,
                        37.3265433
                    ],
                    [
                        -86.2065525,
                        37.32698
                    ],
                    [
                        -86.2062825,
                        37.3272095
                    ],
                    [
                        -86.2061801,
                        37.3273427
                    ],
                    [
                        -86.2066456,
                        37.327587
                    ],
                    [
                        -86.2067107,
                        37.3277202
                    ],
                    [
                        -86.2065525,
                        37.3281496
                    ],
                    [
                        -86.2067107,
                        37.3284012
                    ],
                    [
                        -86.2071948,
                        37.3286233
                    ],
                    [
                        -86.2077347,
                        37.3285197
                    ],
                    [
                        -86.2079302,
                        37.3285123
                    ],
                    [
                        -86.2081071,
                        37.3285715
                    ],
                    [
                        -86.2082188,
                        37.3288602
                    ],
                    [
                        -86.2082281,
                        37.3298298
                    ],
                    [
                        -86.2083863,
                        37.3302517
                    ],
                    [
                        -86.2083956,
                        37.3304072
                    ],
                    [
                        -86.2082839,
                        37.330533
                    ],
                    [
                        -86.2078929,
                        37.3306292
                    ],
                    [
                        -86.2075113,
                        37.3307921
                    ],
                    [
                        -86.2071576,
                        37.3310215
                    ],
                    [
                        -86.2069435,
                        37.3312732
                    ],
                    [
                        -86.2067666,
                        37.3313324
                    ],
                    [
                        -86.2066176,
                        37.3312214
                    ],
                    [
                        -86.2066642,
                        37.3310585
                    ],
                    [
                        -86.2069341,
                        37.3306662
                    ],
                    [
                        -86.2069341,
                        37.330496
                    ],
                    [
                        -86.2068224,
                        37.3303702
                    ],
                    [
                        -86.2066549,
                        37.3302591
                    ],
                    [
                        -86.2064594,
                        37.3302073
                    ],
                    [
                        -86.2060684,
                        37.3302073
                    ],
                    [
                        -86.2058078,
                        37.3299557
                    ],
                    [
                        -86.2053051,
                        37.3297262
                    ],
                    [
                        -86.2048117,
                        37.3293413
                    ],
                    [
                        -86.204579,
                        37.329593
                    ],
                    [
                        -86.2043928,
                        37.3296226
                    ],
                    [
                        -86.2042067,
                        37.3295634
                    ],
                    [
                        -86.2037971,
                        37.3292599
                    ],
                    [
                        -86.203313,
                        37.3290082
                    ],
                    [
                        -86.2031827,
                        37.3288824
                    ],
                    [
                        -86.2032293,
                        37.3287269
                    ],
                    [
                        -86.203341,
                        37.3285789
                    ],
                    [
                        -86.2032572,
                        37.3284382
                    ],
                    [
                        -86.2024566,
                        37.3283642
                    ],
                    [
                        -86.2022518,
                        37.328305
                    ],
                    [
                        -86.2023263,
                        37.328157
                    ],
                    [
                        -86.2027638,
                        37.3278387
                    ],
                    [
                        -86.2028197,
                        37.3276758
                    ],
                    [
                        -86.2017771,
                        37.3276684
                    ],
                    [
                        -86.2015909,
                        37.3276314
                    ],
                    [
                        -86.2014606,
                        37.3273279
                    ],
                    [
                        -86.2011534,
                        37.3260621
                    ],
                    [
                        -86.2009579,
                        37.3256106
                    ],
                    [
                        -86.2009765,
                        37.3252775
                    ],
                    [
                        -86.2013582,
                        37.3247001
                    ],
                    [
                        -86.2014047,
                        37.3245372
                    ],
                    [
                        -86.2013675,
                        37.3242189
                    ],
                    [
                        -86.2012372,
                        37.3238858
                    ],
                    [
                        -86.2007624,
                        37.3229605
                    ],
                    [
                        -86.2007159,
                        37.322805
                    ],
                    [
                        -86.1996081,
                        37.321517
                    ],
                    [
                        -86.1995337,
                        37.3211987
                    ],
                    [
                        -86.1995244,
                        37.3207249
                    ],
                    [
                        -86.1994871,
                        37.320562
                    ],
                    [
                        -86.1990962,
                        37.3206212
                    ],
                    [
                        -86.1989007,
                        37.3206805
                    ],
                    [
                        -86.1981001,
                        37.3212061
                    ],
                    [
                        -86.1979046,
                        37.3212579
                    ],
                    [
                        -86.197765,
                        37.3211394
                    ],
                    [
                        -86.1976998,
                        37.320984
                    ],
                    [
                        -86.1976905,
                        37.3208285
                    ],
                    [
                        -86.1978302,
                        37.3203991
                    ],
                    [
                        -86.1978115,
                        37.3202511
                    ],
                    [
                        -86.1976626,
                        37.3201475
                    ],
                    [
                        -86.1970855,
                        37.3200734
                    ],
                    [
                        -86.1969086,
                        37.3199624
                    ],
                    [
                        -86.1968807,
                        37.3196515
                    ],
                    [
                        -86.1970017,
                        37.3191629
                    ],
                    [
                        -86.1970482,
                        37.3190074
                    ],
                    [
                        -86.1974206,
                        37.3186372
                    ],
                    [
                        -86.1974485,
                        37.3184818
                    ],
                    [
                        -86.1973647,
                        37.3183485
                    ],
                    [
                        -86.1971785,
                        37.3183041
                    ],
                    [
                        -86.1969738,
                        37.3183041
                    ],
                    [
                        -86.1967969,
                        37.3183633
                    ],
                    [
                        -86.1965642,
                        37.3184744
                    ],
                    [
                        -86.1964525,
                        37.3186002
                    ],
                    [
                        -86.1961546,
                        37.3187927
                    ],
                    [
                        -86.1948886,
                        37.3189556
                    ],
                    [
                        -86.1943021,
                        37.3191777
                    ],
                    [
                        -86.1939112,
                        37.3191851
                    ],
                    [
                        -86.193334,
                        37.3190148
                    ],
                    [
                        -86.1929337,
                        37.3189926
                    ],
                    [
                        -86.1927383,
                        37.318926
                    ],
                    [
                        -86.1926266,
                        37.3186224
                    ],
                    [
                        -86.1922263,
                        37.3186372
                    ],
                    [
                        -86.1920494,
                        37.3185706
                    ],
                    [
                        -86.1917795,
                        37.3183263
                    ],
                    [
                        -86.1904204,
                        37.3181486
                    ],
                    [
                        -86.1902342,
                        37.3180968
                    ],
                    [
                        -86.1892009,
                        37.318045
                    ],
                    [
                        -86.1880094,
                        37.3178673
                    ],
                    [
                        -86.1864641,
                        37.3173787
                    ],
                    [
                        -86.1859149,
                        37.3171196
                    ],
                    [
                        -86.185827,
                        37.3171164
                    ],
                    [
                        -86.1857101,
                        37.3171122
                    ],
                    [
                        -86.1867806,
                        37.3178599
                    ],
                    [
                        -86.1872926,
                        37.3183633
                    ],
                    [
                        -86.1876464,
                        37.3185706
                    ],
                    [
                        -86.1880094,
                        37.3186521
                    ],
                    [
                        -86.1885959,
                        37.3186743
                    ],
                    [
                        -86.1889775,
                        37.3187927
                    ],
                    [
                        -86.1892847,
                        37.318963
                    ],
                    [
                        -86.1898246,
                        37.3191777
                    ],
                    [
                        -86.1899736,
                        37.3192887
                    ],
                    [
                        -86.1902435,
                        37.3197255
                    ],
                    [
                        -86.1904297,
                        37.3197625
                    ],
                    [
                        -86.1907927,
                        37.3196959
                    ],
                    [
                        -86.1911744,
                        37.3197847
                    ],
                    [
                        -86.1916678,
                        37.3199994
                    ],
                    [
                        -86.1917981,
                        37.3201919
                    ],
                    [
                        -86.1935295,
                        37.3208581
                    ],
                    [
                        -86.1944045,
                        37.3211024
                    ],
                    [
                        -86.1948793,
                        37.3214207
                    ],
                    [
                        -86.195503,
                        37.3220352
                    ],
                    [
                        -86.1959684,
                        37.3223091
                    ],
                    [
                        -86.19689,
                        37.3226274
                    ],
                    [
                        -86.1974299,
                        37.3227458
                    ],
                    [
                        -86.1986493,
                        37.3234565
                    ],
                    [
                        -86.1990403,
                        37.3238118
                    ],
                    [
                        -86.1992079,
                        37.3240783
                    ],
                    [
                        -86.1994685,
                        37.3246927
                    ],
                    [
                        -86.1994964,
                        37.3248407
                    ],
                    [
                        -86.1994685,
                        37.3253663
                    ],
                    [
                        -86.1992637,
                        37.3258993
                    ],
                    [
                        -86.1993908,
                        37.3268389
                    ],
                    [
                        -86.1991539,
                        37.3272367
                    ],
                    [
                        -86.19868,
                        37.3274461
                    ],
                    [
                        -86.1983167,
                        37.3274399
                    ],
                    [
                        -86.1955916,
                        37.3271887
                    ],
                    [
                        -86.1924321,
                        37.3275969
                    ],
                    [
                        -86.1921951,
                        37.3276807
                    ],
                    [
                        -86.1914184,
                        37.3283192
                    ],
                    [
                        -86.1907207,
                        37.3287275
                    ],
                    [
                        -86.1905495,
                        37.328895
                    ],
                    [
                        -86.1900625,
                        37.3305803
                    ],
                    [
                        -86.1896675,
                        37.3316376
                    ],
                    [
                        -86.1897597,
                        37.3322447
                    ],
                    [
                        -86.1899966,
                        37.3323284
                    ],
                    [
                        -86.1900756,
                        37.3325587
                    ],
                    [
                        -86.1899966,
                        37.3333961
                    ],
                    [
                        -86.1898913,
                        37.333595
                    ],
                    [
                        -86.1896675,
                        37.3337206
                    ],
                    [
                        -86.1890751,
                        37.3337729
                    ],
                    [
                        -86.1888513,
                        37.3338986
                    ],
                    [
                        -86.1896149,
                        37.3344743
                    ],
                    [
                        -86.1895095,
                        37.3351023
                    ],
                    [
                        -86.189786,
                        37.3354372
                    ],
                    [
                        -86.1897465,
                        37.3356361
                    ],
                    [
                        -86.1892989,
                        37.3359292
                    ],
                    [
                        -86.1887065,
                        37.3359397
                    ],
                    [
                        -86.1886143,
                        37.3365991
                    ],
                    [
                        -86.1886933,
                        37.3368084
                    ],
                    [
                        -86.1889171,
                        37.3369445
                    ],
                    [
                        -86.1889171,
                        37.3371538
                    ],
                    [
                        -86.1885617,
                        37.3375202
                    ],
                    [
                        -86.1885222,
                        37.3377295
                    ],
                    [
                        -86.1887197,
                        37.3381273
                    ],
                    [
                        -86.1884959,
                        37.3385145
                    ],
                    [
                        -86.1882457,
                        37.3386087
                    ],
                    [
                        -86.1871662,
                        37.3386506
                    ],
                    [
                        -86.1869556,
                        37.3385041
                    ],
                    [
                        -86.1872452,
                        37.3374155
                    ],
                    [
                        -86.1876138,
                        37.337112
                    ],
                    [
                        -86.1876665,
                        37.3369026
                    ],
                    [
                        -86.1863369,
                        37.3353849
                    ],
                    [
                        -86.1852047,
                        37.3346836
                    ],
                    [
                        -86.184665,
                        37.3344429
                    ],
                    [
                        -86.1843227,
                        37.3341079
                    ],
                    [
                        -86.1843885,
                        37.3336578
                    ],
                    [
                        -86.1846255,
                        37.3332496
                    ],
                    [
                        -86.1854812,
                        37.3324017
                    ],
                    [
                        -86.1856128,
                        37.3319516
                    ],
                    [
                        -86.1855997,
                        37.3317318
                    ],
                    [
                        -86.1851389,
                        37.3312084
                    ],
                    [
                        -86.1849151,
                        37.3303082
                    ],
                    [
                        -86.1847703,
                        37.3301197
                    ],
                    [
                        -86.1838356,
                        37.3295231
                    ],
                    [
                        -86.182348,
                        37.3288845
                    ],
                    [
                        -86.1817556,
                        37.3289055
                    ],
                    [
                        -86.1817424,
                        37.3291148
                    ],
                    [
                        -86.1822427,
                        37.3296277
                    ],
                    [
                        -86.1829536,
                        37.3299523
                    ],
                    [
                        -86.1831774,
                        37.3305594
                    ],
                    [
                        -86.183625,
                        37.3313445
                    ],
                    [
                        -86.1836645,
                        37.3315852
                    ],
                    [
                        -86.1834538,
                        37.3317318
                    ],
                    [
                        -86.1829536,
                        37.3315852
                    ],
                    [
                        -86.1826639,
                        37.3315852
                    ],
                    [
                        -86.1824138,
                        37.3317108
                    ],
                    [
                        -86.1826245,
                        37.3321191
                    ],
                    [
                        -86.1825455,
                        37.3323389
                    ],
                    [
                        -86.1821242,
                        37.3326215
                    ],
                    [
                        -86.1818741,
                        37.3326948
                    ],
                    [
                        -86.1816239,
                        37.3325901
                    ],
                    [
                        -86.1812158,
                        37.3319935
                    ],
                    [
                        -86.1810315,
                        37.331334
                    ],
                    [
                        -86.1806234,
                        37.3304756
                    ],
                    [
                        -86.1805576,
                        37.330036
                    ],
                    [
                        -86.1799784,
                        37.3299313
                    ],
                    [
                        -86.1797414,
                        37.3300255
                    ],
                    [
                        -86.1793596,
                        37.33035
                    ],
                    [
                        -86.1792017,
                        37.3309676
                    ],
                    [
                        -86.1789384,
                        37.330999
                    ],
                    [
                        -86.1785303,
                        37.3307059
                    ],
                    [
                        -86.1782538,
                        37.3306955
                    ],
                    [
                        -86.1780695,
                        37.3308525
                    ],
                    [
                        -86.1778062,
                        37.3309048
                    ],
                    [
                        -86.1778457,
                        37.3315224
                    ],
                    [
                        -86.1780037,
                        37.3317108
                    ],
                    [
                        -86.1785171,
                        37.3318365
                    ],
                    [
                        -86.1787277,
                        37.3319516
                    ],
                    [
                        -86.1788462,
                        37.3321296
                    ],
                    [
                        -86.1788067,
                        37.3323389
                    ],
                    [
                        -86.1785566,
                        37.3324226
                    ],
                    [
                        -86.1782933,
                        37.3324122
                    ],
                    [
                        -86.17803,
                        37.3324854
                    ],
                    [
                        -86.1780827,
                        37.3326948
                    ],
                    [
                        -86.1785171,
                        37.3329146
                    ],
                    [
                        -86.1786882,
                        37.3330926
                    ],
                    [
                        -86.1787014,
                        37.3333019
                    ],
                    [
                        -86.1784381,
                        37.3333857
                    ],
                    [
                        -86.1774639,
                        37.3325273
                    ],
                    [
                        -86.1769768,
                        37.3323284
                    ],
                    [
                        -86.1767135,
                        37.3320144
                    ],
                    [
                        -86.1750416,
                        37.3316585
                    ],
                    [
                        -86.1741859,
                        37.3315957
                    ],
                    [
                        -86.1717768,
                        37.3315957
                    ],
                    [
                        -86.1708948,
                        37.331669
                    ],
                    [
                        -86.1703682,
                        37.3318155
                    ],
                    [
                        -86.1691176,
                        37.3319307
                    ],
                    [
                        -86.1682619,
                        37.3319202
                    ],
                    [
                        -86.1679986,
                        37.3318469
                    ],
                    [
                        -86.1673404,
                        37.3314073
                    ],
                    [
                        -86.1670902,
                        37.3307792
                    ],
                    [
                        -86.1670771,
                        37.3303396
                    ],
                    [
                        -86.1674062,
                        37.3297534
                    ],
                    [
                        -86.1674588,
                        37.3295231
                    ],
                    [
                        -86.1668269,
                        37.3299209
                    ],
                    [
                        -86.1663925,
                        37.3305908
                    ],
                    [
                        -86.1659976,
                        37.3318783
                    ],
                    [
                        -86.1656685,
                        37.3322447
                    ],
                    [
                        -86.1654578,
                        37.3323808
                    ],
                    [
                        -86.1651945,
                        37.3324331
                    ],
                    [
                        -86.1649049,
                        37.3323703
                    ],
                    [
                        -86.1647338,
                        37.3321819
                    ],
                    [
                        -86.1646153,
                        37.3317527
                    ],
                    [
                        -86.1643652,
                        37.331334
                    ],
                    [
                        -86.1643652,
                        37.3306955
                    ],
                    [
                        -86.1639965,
                        37.3301093
                    ],
                    [
                        -86.1637991,
                        37.3299418
                    ],
                    [
                        -86.163549,
                        37.3300674
                    ],
                    [
                        -86.1631014,
                        37.3326006
                    ],
                    [
                        -86.1627854,
                        37.3329356
                    ],
                    [
                        -86.1626406,
                        37.3333333
                    ],
                    [
                        -86.1623905,
                        37.3336997
                    ],
                    [
                        -86.1621798,
                        37.3338462
                    ],
                    [
                        -86.1616532,
                        37.333909
                    ],
                    [
                        -86.1614295,
                        37.3337729
                    ],
                    [
                        -86.1603894,
                        37.3326948
                    ],
                    [
                        -86.1591915,
                        37.3304024
                    ],
                    [
                        -86.1589413,
                        37.3302768
                    ],
                    [
                        -86.159073,
                        37.3308944
                    ],
                    [
                        -86.1593494,
                        37.3315015
                    ],
                    [
                        -86.1599287,
                        37.3338253
                    ],
                    [
                        -86.159876,
                        37.3342544
                    ],
                    [
                        -86.1593174,
                        37.3345392
                    ],
                    [
                        -86.1586754,
                        37.3346212
                    ],
                    [
                        -86.1580304,
                        37.3342025
                    ],
                    [
                        -86.1576617,
                        37.3338571
                    ],
                    [
                        -86.1569377,
                        37.3335431
                    ],
                    [
                        -86.1564243,
                        37.3330197
                    ],
                    [
                        -86.1559635,
                        37.3326847
                    ],
                    [
                        -86.1552526,
                        37.3317113
                    ],
                    [
                        -86.1540941,
                        37.3305912
                    ],
                    [
                        -86.152962,
                        37.3298689
                    ],
                    [
                        -86.1529093,
                        37.3296491
                    ],
                    [
                        -86.1526329,
                        37.3295758
                    ],
                    [
                        -86.1518693,
                        37.330497
                    ],
                    [
                        -86.150487,
                        37.3319311
                    ],
                    [
                        -86.1501974,
                        37.3319939
                    ],
                    [
                        -86.1497235,
                        37.3317531
                    ],
                    [
                        -86.1490916,
                        37.3312193
                    ],
                    [
                        -86.147367,
                        37.3311565
                    ],
                    [
                        -86.1468404,
                        37.3309157
                    ],
                    [
                        -86.146406,
                        37.3305807
                    ],
                    [
                        -86.1458531,
                        37.3306017
                    ],
                    [
                        -86.1448921,
                        37.3310518
                    ],
                    [
                        -86.1443523,
                        37.3309471
                    ],
                    [
                        -86.1440496,
                        37.3309576
                    ],
                    [
                        -86.1438258,
                        37.3310727
                    ],
                    [
                        -86.1432728,
                        37.3310309
                    ],
                    [
                        -86.1431149,
                        37.3308424
                    ],
                    [
                        -86.1431412,
                        37.3306331
                    ],
                    [
                        -86.1434176,
                        37.3300155
                    ],
                    [
                        -86.1435098,
                        37.3295444
                    ],
                    [
                        -86.1437336,
                        37.3291257
                    ],
                    [
                        -86.143602,
                        37.3289373
                    ],
                    [
                        -86.1431675,
                        37.3292199
                    ],
                    [
                        -86.1429964,
                        37.3294188
                    ],
                    [
                        -86.1423513,
                        37.3304237
                    ],
                    [
                        -86.1418642,
                        37.3306645
                    ],
                    [
                        -86.1404425,
                        37.330497
                    ],
                    [
                        -86.1401792,
                        37.3304133
                    ],
                    [
                        -86.1390997,
                        37.3305284
                    ],
                    [
                        -86.1385994,
                        37.3303295
                    ],
                    [
                        -86.1377569,
                        37.3302876
                    ],
                    [
                        -86.1366905,
                        37.3299422
                    ],
                    [
                        -86.1361376,
                        37.3298689
                    ],
                    [
                        -86.1358743,
                        37.3297642
                    ],
                    [
                        -86.1355979,
                        37.3293769
                    ],
                    [
                        -86.1351766,
                        37.3284871
                    ],
                    [
                        -86.1351371,
                        37.328037
                    ],
                    [
                        -86.1353214,
                        37.3276288
                    ],
                    [
                        -86.1355715,
                        37.327545
                    ],
                    [
                        -86.1358612,
                        37.3275869
                    ],
                    [
                        -86.1362429,
                        37.3278695
                    ],
                    [
                        -86.1367827,
                        37.3280998
                    ],
                    [
                        -86.1372303,
                        37.3283825
                    ],
                    [
                        -86.138007,
                        37.3286546
                    ],
                    [
                        -86.1395473,
                        37.3295235
                    ],
                    [
                        -86.1405083,
                        37.3299108
                    ],
                    [
                        -86.1415351,
                        37.3296177
                    ],
                    [
                        -86.1419564,
                        37.3293141
                    ],
                    [
                        -86.142562,
                        37.328529
                    ],
                    [
                        -86.1430227,
                        37.3276916
                    ],
                    [
                        -86.1432202,
                        37.3275241
                    ],
                    [
                        -86.1434966,
                        37.3275136
                    ],
                    [
                        -86.1442446,
                        37.3271894
                    ],
                    [
                        -86.1446449,
                        37.3266416
                    ],
                    [
                        -86.1449242,
                        37.3264344
                    ],
                    [
                        -86.1450917,
                        37.3263603
                    ],
                    [
                        -86.1456782,
                        37.32639
                    ],
                    [
                        -86.1458458,
                        37.3263233
                    ],
                    [
                        -86.1458271,
                        37.3261753
                    ],
                    [
                        -86.14525,
                        37.3257237
                    ],
                    [
                        -86.14525,
                        37.3251094
                    ],
                    [
                        -86.145129,
                        37.3248059
                    ],
                    [
                        -86.1452779,
                        37.3245172
                    ],
                    [
                        -86.1455758,
                        37.3243247
                    ],
                    [
                        -86.145613,
                        37.323999
                    ],
                    [
                        -86.1453989,
                        37.3231699
                    ],
                    [
                        -86.1447287,
                        37.3221409
                    ],
                    [
                        -86.1441609,
                        37.3216005
                    ],
                    [
                        -86.142988,
                        37.3216301
                    ],
                    [
                        -86.1426342,
                        37.3217486
                    ],
                    [
                        -86.1422526,
                        37.3216968
                    ],
                    [
                        -86.1421967,
                        37.3212082
                    ],
                    [
                        -86.1413869,
                        37.3219262
                    ],
                    [
                        -86.14121,
                        37.3219929
                    ],
                    [
                        -86.1410797,
                        37.321867
                    ],
                    [
                        -86.1408935,
                        37.3218374
                    ],
                    [
                        -86.1407166,
                        37.3219114
                    ],
                    [
                        -86.1407073,
                        37.3222075
                    ],
                    [
                        -86.1402419,
                        37.3224889
                    ],
                    [
                        -86.1395437,
                        37.3225185
                    ],
                    [
                        -86.1393575,
                        37.3224444
                    ],
                    [
                        -86.1390876,
                        37.3221927
                    ],
                    [
                        -86.1389107,
                        37.3222446
                    ],
                    [
                        -86.1387711,
                        37.3223704
                    ],
                    [
                        -86.1388921,
                        37.3226517
                    ],
                    [
                        -86.1388828,
                        37.3229774
                    ],
                    [
                        -86.1387432,
                        37.3230959
                    ],
                    [
                        -86.1381288,
                        37.3229774
                    ],
                    [
                        -86.1377285,
                        37.3229774
                    ],
                    [
                        -86.1375609,
                        37.3230737
                    ],
                    [
                        -86.1375796,
                        37.3232217
                    ],
                    [
                        -86.1378123,
                        37.3236289
                    ],
                    [
                        -86.1377285,
                        37.3237547
                    ],
                    [
                        -86.1373189,
                        37.3237473
                    ],
                    [
                        -86.1373189,
                        37.3238953
                    ],
                    [
                        -86.1371421,
                        37.3239546
                    ],
                    [
                        -86.1356713,
                        37.3240212
                    ],
                    [
                        -86.1354851,
                        37.3240878
                    ],
                    [
                        -86.1348893,
                        37.3243913
                    ],
                    [
                        -86.1339212,
                        37.3251908
                    ],
                    [
                        -86.1332882,
                        37.3256053
                    ],
                    [
                        -86.1322363,
                        37.3260495
                    ],
                    [
                        -86.1314544,
                        37.325857
                    ],
                    [
                        -86.1308028,
                        37.3254351
                    ],
                    [
                        -86.1301698,
                        37.3247688
                    ],
                    [
                        -86.1298347,
                        37.323999
                    ],
                    [
                        -86.1305887,
                        37.3240952
                    ],
                    [
                        -86.1313334,
                        37.3243247
                    ],
                    [
                        -86.132106,
                        37.3244135
                    ],
                    [
                        -86.1326831,
                        37.3243839
                    ],
                    [
                        -86.1330741,
                        37.3243247
                    ],
                    [
                        -86.1334278,
                        37.3241766
                    ],
                    [
                        -86.1343587,
                        37.3235622
                    ],
                    [
                        -86.1345821,
                        37.3233031
                    ],
                    [
                        -86.1346287,
                        37.323007
                    ],
                    [
                        -86.1345419,
                        37.3217683
                    ],
                    [
                        -86.1345611,
                        37.3214987
                    ],
                    [
                        -86.1345448,
                        37.3213019
                    ],
                    [
                        -86.1345401,
                        37.3211181
                    ],
                    [
                        -86.1345144,
                        37.3210104
                    ],
                    [
                        -86.134449,
                        37.3209231
                    ],
                    [
                        -86.1344,
                        37.3207894
                    ],
                    [
                        -86.134372,
                        37.3205703
                    ],
                    [
                        -86.1343066,
                        37.3203419
                    ],
                    [
                        -86.1342646,
                        37.3201859
                    ],
                    [
                        -86.1342856,
                        37.3201209
                    ],
                    [
                        -86.1343393,
                        37.3200615
                    ],
                    [
                        -86.1343907,
                        37.3200466
                    ],
                    [
                        -86.1344677,
                        37.3200856
                    ],
                    [
                        -86.1345845,
                        37.3201023
                    ],
                    [
                        -86.1348063,
                        37.3201098
                    ],
                    [
                        -86.1349511,
                        37.3200875
                    ],
                    [
                        -86.1350935,
                        37.3200411
                    ],
                    [
                        -86.1352126,
                        37.3199426
                    ],
                    [
                        -86.1352173,
                        37.3198535
                    ],
                    [
                        -86.1352173,
                        37.3197718
                    ],
                    [
                        -86.135292,
                        37.3196845
                    ],
                    [
                        -86.1353012,
                        37.3195669
                    ],
                    [
                        -86.1352416,
                        37.3194945
                    ],
                    [
                        -86.1351821,
                        37.3194137
                    ],
                    [
                        -86.1351377,
                        37.3192967
                    ],
                    [
                        -86.1351307,
                        37.3190284
                    ],
                    [
                        -86.1351622,
                        37.3189318
                    ],
                    [
                        -86.1352078,
                        37.3188854
                    ],
                    [
                        -86.1352825,
                        37.3188529
                    ],
                    [
                        -86.1353864,
                        37.3188511
                    ],
                    [
                        -86.135488,
                        37.3188752
                    ],
                    [
                        -86.1356523,
                        37.3189077
                    ],
                    [
                        -86.1357479,
                        37.3189133
                    ],
                    [
                        -86.1358487,
                        37.3188908
                    ],
                    [
                        -86.1359213,
                        37.3188514
                    ],
                    [
                        -86.1359195,
                        37.3188134
                    ],
                    [
                        -86.1358576,
                        37.3187684
                    ],
                    [
                        -86.1357408,
                        37.3186783
                    ],
                    [
                        -86.1356116,
                        37.3186164
                    ],
                    [
                        -86.135486,
                        37.3185826
                    ],
                    [
                        -86.135332,
                        37.3184827
                    ],
                    [
                        -86.1353249,
                        37.3183954
                    ],
                    [
                        -86.1353621,
                        37.3183124
                    ],
                    [
                        -86.1354116,
                        37.3182069
                    ],
                    [
                        -86.135493,
                        37.3181365
                    ],
                    [
                        -86.135539,
                        37.3180535
                    ],
                    [
                        -86.1355408,
                        37.3179873
                    ],
                    [
                        -86.1355037,
                        37.317879
                    ],
                    [
                        -86.1354523,
                        37.3178086
                    ],
                    [
                        -86.1354276,
                        37.3177115
                    ],
                    [
                        -86.1354293,
                        37.3174905
                    ],
                    [
                        -86.1353957,
                        37.3173231
                    ],
                    [
                        -86.1354081,
                        37.3172048
                    ],
                    [
                        -86.1355102,
                        37.317121
                    ],
                    [
                        -86.1355406,
                        37.3169613
                    ],
                    [
                        -86.135606,
                        37.3167292
                    ],
                    [
                        -86.1356293,
                        37.3165379
                    ],
                    [
                        -86.1356713,
                        37.3163281
                    ],
                    [
                        -86.1356643,
                        37.3161053
                    ],
                    [
                        -86.135606,
                        37.3159604
                    ],
                    [
                        -86.1355312,
                        37.3157821
                    ],
                    [
                        -86.1355616,
                        37.3156299
                    ],
                    [
                        -86.1355429,
                        37.3154627
                    ],
                    [
                        -86.1356643,
                        37.3151563
                    ],
                    [
                        -86.1358325,
                        37.3149502
                    ],
                    [
                        -86.1358114,
                        37.3147942
                    ],
                    [
                        -86.1358091,
                        37.3146252
                    ],
                    [
                        -86.1358838,
                        37.3144432
                    ],
                    [
                        -86.1359515,
                        37.3143745
                    ],
                    [
                        -86.1359352,
                        37.3141164
                    ],
                    [
                        -86.135953,
                        37.3139081
                    ],
                    [
                        -86.135953,
                        37.3136561
                    ],
                    [
                        -86.1358663,
                        37.3134183
                    ],
                    [
                        -86.1358044,
                        37.3130791
                    ],
                    [
                        -86.1357371,
                        37.3130453
                    ],
                    [
                        -86.1357265,
                        37.3129637
                    ],
                    [
                        -86.1357778,
                        37.3128356
                    ],
                    [
                        -86.1358008,
                        37.3126161
                    ],
                    [
                        -86.1357884,
                        37.3124458
                    ],
                    [
                        -86.1358097,
                        37.3122515
                    ],
                    [
                        -86.1358344,
                        37.3118954
                    ],
                    [
                        -86.1358964,
                        37.3116815
                    ],
                    [
                        -86.1359831,
                        37.311538
                    ],
                    [
                        -86.136107,
                        37.311438
                    ],
                    [
                        -86.1363299,
                        37.3113747
                    ],
                    [
                        -86.1365653,
                        37.3113437
                    ],
                    [
                        -86.1367422,
                        37.3113606
                    ],
                    [
                        -86.1375895,
                        37.3116755
                    ],
                    [
                        -86.1379879,
                        37.3118146
                    ],
                    [
                        -86.1383701,
                        37.3118954
                    ],
                    [
                        -86.1388091,
                        37.3120215
                    ],
                    [
                        -86.1394047,
                        37.3121767
                    ],
                    [
                        -86.1400105,
                        37.3123513
                    ],
                    [
                        -86.1403764,
                        37.3124014
                    ],
                    [
                        -86.1407402,
                        37.3124435
                    ],
                    [
                        -86.1416042,
                        37.3124451
                    ],
                    [
                        -86.1420453,
                        37.3123885
                    ],
                    [
                        -86.1423278,
                        37.3124257
                    ],
                    [
                        -86.1424051,
                        37.3124726
                    ],
                    [
                        -86.1424599,
                        37.3125776
                    ],
                    [
                        -86.142466,
                        37.3126536
                    ],
                    [
                        -86.1425026,
                        37.3127296
                    ],
                    [
                        -86.1425006,
                        37.3126552
                    ],
                    [
                        -86.1425514,
                        37.3125615
                    ],
                    [
                        -86.1426307,
                        37.312403
                    ],
                    [
                        -86.1426469,
                        37.312264
                    ],
                    [
                        -86.1426449,
                        37.3121492
                    ],
                    [
                        -86.1426937,
                        37.3119504
                    ],
                    [
                        -86.1427953,
                        37.3118049
                    ],
                    [
                        -86.1430088,
                        37.3116286
                    ],
                    [
                        -86.1430474,
                        37.3116335
                    ],
                    [
                        -86.143082,
                        37.3115171
                    ],
                    [
                        -86.1434295,
                        37.311142
                    ],
                    [
                        -86.1437101,
                        37.3109302
                    ],
                    [
                        -86.1439845,
                        37.3107669
                    ],
                    [
                        -86.1441817,
                        37.3107443
                    ],
                    [
                        -86.1443179,
                        37.3106958
                    ],
                    [
                        -86.1443951,
                        37.3106958
                    ],
                    [
                        -86.1445049,
                        37.3107313
                    ],
                    [
                        -86.1445801,
                        37.3107394
                    ],
                    [
                        -86.144576,
                        37.3107087
                    ],
                    [
                        -86.1445313,
                        37.3105228
                    ],
                    [
                        -86.1445415,
                        37.3103967
                    ],
                    [
                        -86.144639,
                        37.3102366
                    ],
                    [
                        -86.1449596,
                        37.3099231
                    ],
                    [
                        -86.1450746,
                        37.3097387
                    ],
                    [
                        -86.1451808,
                        37.3095895
                    ],
                    [
                        -86.1453401,
                        37.3095191
                    ],
                    [
                        -86.1455737,
                        37.3092953
                    ],
                    [
                        -86.1457559,
                        37.3091476
                    ],
                    [
                        -86.1458763,
                        37.3089758
                    ],
                    [
                        -86.1459842,
                        37.3087394
                    ],
                    [
                        -86.1460143,
                        37.3086057
                    ],
                    [
                        -86.1460444,
                        37.308434
                    ],
                    [
                        -86.1460479,
                        37.3082622
                    ],
                    [
                        -86.1460461,
                        37.308068
                    ],
                    [
                        -86.1461329,
                        37.3078597
                    ],
                    [
                        -86.146239,
                        37.3077274
                    ],
                    [
                        -86.1464782,
                        37.3075683
                    ],
                    [
                        -86.1465716,
                        37.307403
                    ],
                    [
                        -86.146693,
                        37.3072693
                    ],
                    [
                        -86.1467958,
                        37.306974
                    ],
                    [
                        -86.1468448,
                        37.306896
                    ],
                    [
                        -86.1469709,
                        37.3068625
                    ],
                    [
                        -86.1469826,
                        37.3067827
                    ],
                    [
                        -86.1470246,
                        37.3065821
                    ],
                    [
                        -86.147125,
                        37.3064688
                    ],
                    [
                        -86.147153,
                        37.3063388
                    ],
                    [
                        -86.1471157,
                        37.3061401
                    ],
                    [
                        -86.1470129,
                        37.3060528
                    ],
                    [
                        -86.1468658,
                        37.3059469
                    ],
                    [
                        -86.1467841,
                        37.3057705
                    ],
                    [
                        -86.1466381,
                        37.3055469
                    ],
                    [
                        -86.1464934,
                        37.3052613
                    ],
                    [
                        -86.1464202,
                        37.3049755
                    ],
                    [
                        -86.1464012,
                        37.3048492
                    ],
                    [
                        -86.1464292,
                        37.3047861
                    ],
                    [
                        -86.1465366,
                        37.3046988
                    ],
                    [
                        -86.146588,
                        37.3046022
                    ],
                    [
                        -86.146588,
                        37.3045465
                    ],
                    [
                        -86.1465389,
                        37.3046245
                    ],
                    [
                        -86.1464455,
                        37.3046914
                    ],
                    [
                        -86.1462634,
                        37.3047712
                    ],
                    [
                        -86.1461537,
                        37.3047657
                    ],
                    [
                        -86.1460065,
                        37.3047824
                    ],
                    [
                        -86.1458221,
                        37.3048455
                    ],
                    [
                        -86.1452173,
                        37.3047917
                    ],
                    [
                        -86.1446102,
                        37.3046505
                    ],
                    [
                        -86.1438957,
                        37.3045038
                    ],
                    [
                        -86.143375,
                        37.3043199
                    ],
                    [
                        -86.1430925,
                        37.304162
                    ],
                    [
                        -86.1425484,
                        37.3038091
                    ],
                    [
                        -86.1422332,
                        37.3036345
                    ],
                    [
                        -86.1416191,
                        37.3034302
                    ],
                    [
                        -86.141437,
                        37.3033392
                    ],
                    [
                        -86.1412828,
                        37.3031962
                    ],
                    [
                        -86.1412618,
                        37.3030736
                    ],
                    [
                        -86.1411194,
                        37.3029603
                    ],
                    [
                        -86.1410213,
                        37.3029826
                    ],
                    [
                        -86.1408415,
                        37.3031554
                    ],
                    [
                        -86.1407341,
                        37.3033095
                    ],
                    [
                        -86.1406407,
                        37.3034711
                    ],
                    [
                        -86.1405286,
                        37.3035398
                    ],
                    [
                        -86.1401994,
                        37.3036308
                    ],
                    [
                        -86.1396927,
                        37.3037961
                    ],
                    [
                        -86.1394055,
                        37.3039503
                    ],
                    [
                        -86.1390716,
                        37.3041156
                    ],
                    [
                        -86.138761,
                        37.3041527
                    ],
                    [
                        -86.1384225,
                        37.304006
                    ],
                    [
                        -86.1379368,
                        37.3037181
                    ],
                    [
                        -86.137332,
                        37.3033262
                    ],
                    [
                        -86.136802,
                        37.3030476
                    ],
                    [
                        -86.1363467,
                        37.3027616
                    ],
                    [
                        -86.1362112,
                        37.3026446
                    ],
                    [
                        -86.1361202,
                        37.3024551
                    ],
                    [
                        -86.1361108,
                        37.3021524
                    ],
                    [
                        -86.1361412,
                        37.3018143
                    ],
                    [
                        -86.1361785,
                        37.3015153
                    ],
                    [
                        -86.1362463,
                        37.301311
                    ],
                    [
                        -86.1361552,
                        37.3013556
                    ],
                    [
                        -86.1360244,
                        37.3016546
                    ],
                    [
                        -86.1359777,
                        37.3020707
                    ],
                    [
                        -86.1359474,
                        37.3023288
                    ],
                    [
                        -86.1359637,
                        37.3025164
                    ],
                    [
                        -86.1360805,
                        37.3027077
                    ],
                    [
                        -86.1362556,
                        37.3028415
                    ],
                    [
                        -86.136405,
                        37.3029288
                    ],
                    [
                        -86.1365008,
                        37.3030216
                    ],
                    [
                        -86.1369865,
                        37.3033689
                    ],
                    [
                        -86.1373904,
                        37.3036104
                    ],
                    [
                        -86.1379531,
                        37.3039522
                    ],
                    [
                        -86.1383828,
                        37.3042122
                    ],
                    [
                        -86.138656,
                        37.3043496
                    ],
                    [
                        -86.1388054,
                        37.3043608
                    ],
                    [
                        -86.1388381,
                        37.3043478
                    ],
                    [
                        -86.1388498,
                        37.3043125
                    ],
                    [
                        -86.1389759,
                        37.3042735
                    ],
                    [
                        -86.1390623,
                        37.3042735
                    ],
                    [
                        -86.139095,
                        37.3042828
                    ],
                    [
                        -86.1393261,
                        37.304214
                    ],
                    [
                        -86.1397628,
                        37.3040172
                    ],
                    [
                        -86.1401901,
                        37.303941
                    ],
                    [
                        -86.140566,
                        37.3038704
                    ],
                    [
                        -86.141026,
                        37.3037943
                    ],
                    [
                        -86.1414837,
                        37.3038351
                    ],
                    [
                        -86.1419156,
                        37.303967
                    ],
                    [
                        -86.1424293,
                        37.304188
                    ],
                    [
                        -86.1427562,
                        37.3044258
                    ],
                    [
                        -86.1430761,
                        37.3046115
                    ],
                    [
                        -86.1434381,
                        37.3047545
                    ],
                    [
                        -86.1436972,
                        37.3048158
                    ],
                    [
                        -86.1439798,
                        37.304866
                    ],
                    [
                        -86.1456166,
                        37.3055049
                    ],
                    [
                        -86.1458828,
                        37.3056702
                    ],
                    [
                        -86.1460252,
                        37.3058355
                    ],
                    [
                        -86.1460859,
                        37.3060026
                    ],
                    [
                        -86.1460859,
                        37.3060936
                    ],
                    [
                        -86.1460743,
                        37.3062013
                    ],
                    [
                        -86.1461256,
                        37.3063072
                    ],
                    [
                        -86.1461863,
                        37.3064094
                    ],
                    [
                        -86.146184,
                        37.3065561
                    ],
                    [
                        -86.1461233,
                        37.3066935
                    ],
                    [
                        -86.1458034,
                        37.3071226
                    ],
                    [
                        -86.1455676,
                        37.3073677
                    ],
                    [
                        -86.1454135,
                        37.3076556
                    ],
                    [
                        -86.1453621,
                        37.3080289
                    ],
                    [
                        -86.1452967,
                        37.3084598
                    ],
                    [
                        -86.1452967,
                        37.3087681
                    ],
                    [
                        -86.145257,
                        37.3088888
                    ],
                    [
                        -86.1451519,
                        37.3090689
                    ],
                    [
                        -86.1449254,
                        37.3092528
                    ],
                    [
                        -86.1445635,
                        37.3096075
                    ],
                    [
                        -86.144239,
                        37.3099214
                    ],
                    [
                        -86.1440475,
                        37.3100532
                    ],
                    [
                        -86.143891,
                        37.3101275
                    ],
                    [
                        -86.1438257,
                        37.3101127
                    ],
                    [
                        -86.143765,
                        37.310057
                    ],
                    [
                        -86.1436879,
                        37.3100737
                    ],
                    [
                        -86.1435852,
                        37.310148
                    ],
                    [
                        -86.1434754,
                        37.3102854
                    ],
                    [
                        -86.1433703,
                        37.310421
                    ],
                    [
                        -86.1430598,
                        37.3106067
                    ],
                    [
                        -86.1422122,
                        37.3111146
                    ],
                    [
                        -86.1421289,
                        37.3111308
                    ],
                    [
                        -86.1419622,
                        37.3111211
                    ],
                    [
                        -86.1418565,
                        37.3110887
                    ],
                    [
                        -86.1418809,
                        37.3111275
                    ],
                    [
                        -86.1418728,
                        37.311231
                    ],
                    [
                        -86.1417976,
                        37.3112957
                    ],
                    [
                        -86.1414927,
                        37.3114978
                    ],
                    [
                        -86.1413077,
                        37.3115527
                    ],
                    [
                        -86.1411694,
                        37.3115657
                    ],
                    [
                        -86.1410068,
                        37.3115414
                    ],
                    [
                        -86.1409723,
                        37.3115075
                    ],
                    [
                        -86.140954,
                        37.3114299
                    ],
                    [
                        -86.1408706,
                        37.3114719
                    ],
                    [
                        -86.140706,
                        37.3115139
                    ],
                    [
                        -86.1405413,
                        37.3114961
                    ],
                    [
                        -86.1403381,
                        37.3114202
                    ],
                    [
                        -86.139899,
                        37.3114202
                    ],
                    [
                        -86.1395168,
                        37.3113409
                    ],
                    [
                        -86.1388318,
                        37.3111485
                    ],
                    [
                        -86.138346,
                        37.3109141
                    ],
                    [
                        -86.1379781,
                        37.3107864
                    ],
                    [
                        -86.1378134,
                        37.3107929
                    ],
                    [
                        -86.137724,
                        37.3107444
                    ],
                    [
                        -86.1377158,
                        37.3106829
                    ],
                    [
                        -86.1376488,
                        37.3105568
                    ],
                    [
                        -86.1375593,
                        37.3105503
                    ],
                    [
                        -86.137476,
                        37.310497
                    ],
                    [
                        -86.1374658,
                        37.3103871
                    ],
                    [
                        -86.1373764,
                        37.3103935
                    ],
                    [
                        -86.1371934,
                        37.3102949
                    ],
                    [
                        -86.1369739,
                        37.3101025
                    ],
                    [
                        -86.1367848,
                        37.3100103
                    ],
                    [
                        -86.1366995,
                        37.3099271
                    ],
                    [
                        -86.1366029,
                        37.3098163
                    ],
                    [
                        -86.1365826,
                        37.3097053
                    ],
                    [
                        -86.1366243,
                        37.3095795
                    ],
                    [
                        -86.1366974,
                        37.3093709
                    ],
                    [
                        -86.1365429,
                        37.3094728
                    ],
                    [
                        -86.1363702,
                        37.3096167
                    ],
                    [
                        -86.1362258,
                        37.3097743
                    ],
                    [
                        -86.1361913,
                        37.3098721
                    ],
                    [
                        -86.136171,
                        37.3100095
                    ],
                    [
                        -86.1361344,
                        37.3101098
                    ],
                    [
                        -86.1360744,
                        37.3101833
                    ],
                    [
                        -86.135966,
                        37.3102036
                    ],
                    [
                        -86.1356952,
                        37.3101867
                    ],
                    [
                        -86.1354227,
                        37.3101895
                    ],
                    [
                        -86.135267,
                        37.310205
                    ],
                    [
                        -86.1350971,
                        37.3101571
                    ],
                    [
                        -86.1350157,
                        37.3101684
                    ],
                    [
                        -86.1349591,
                        37.3102134
                    ],
                    [
                        -86.1349307,
                        37.310326
                    ],
                    [
                        -86.1348883,
                        37.3103992
                    ],
                    [
                        -86.1348286,
                        37.3104599
                    ],
                    [
                        -86.1347249,
                        37.3105068
                    ],
                    [
                        -86.1346223,
                        37.3105351
                    ],
                    [
                        -86.134543,
                        37.3105772
                    ],
                    [
                        -86.134483,
                        37.3106168
                    ],
                    [
                        -86.1344475,
                        37.3106491
                    ],
                    [
                        -86.1343682,
                        37.310679
                    ],
                    [
                        -86.1342706,
                        37.310776
                    ],
                    [
                        -86.1341751,
                        37.3108738
                    ],
                    [
                        -86.1341293,
                        37.3108722
                    ],
                    [
                        -86.1339088,
                        37.3109603
                    ],
                    [
                        -86.1338366,
                        37.3109668
                    ],
                    [
                        -86.1336669,
                        37.3109603
                    ],
                    [
                        -86.1334819,
                        37.3109296
                    ],
                    [
                        -86.1333274,
                        37.3108738
                    ],
                    [
                        -86.1330144,
                        37.3107978
                    ],
                    [
                        -86.1326942,
                        37.3107429
                    ],
                    [
                        -86.1324646,
                        37.3106439
                    ],
                    [
                        -86.1323018,
                        37.3105848
                    ],
                    [
                        -86.1319727,
                        37.3105074
                    ],
                    [
                        -86.1318152,
                        37.310444
                    ],
                    [
                        -86.1316064,
                        37.3103455
                    ],
                    [
                        -86.1314436,
                        37.3102118
                    ],
                    [
                        -86.1313586,
                        37.3100274
                    ],
                    [
                        -86.1313551,
                        37.3099289
                    ],
                    [
                        -86.1312613,
                        37.3098487
                    ],
                    [
                        -86.1309357,
                        37.3096699
                    ],
                    [
                        -86.1305464,
                        37.3095658
                    ],
                    [
                        -86.1300639,
                        37.309512
                    ],
                    [
                        -86.1295872,
                        37.3092702
                    ],
                    [
                        -86.1292369,
                        37.3089451
                    ],
                    [
                        -86.129044,
                        37.3087128
                    ],
                    [
                        -86.1289095,
                        37.3085003
                    ],
                    [
                        -86.1286936,
                        37.3080823
                    ],
                    [
                        -86.1286318,
                        37.3079637
                    ],
                    [
                        -86.1286133,
                        37.3077493
                    ],
                    [
                        -86.1284562,
                        37.3075275
                    ],
                    [
                        -86.1280942,
                        37.3072457
                    ],
                    [
                        -86.1279078,
                        37.3071452
                    ],
                    [
                        -86.1276782,
                        37.3070852
                    ],
                    [
                        -86.1272977,
                        37.3071329
                    ],
                    [
                        -86.1271745,
                        37.3071685
                    ],
                    [
                        -86.1270427,
                        37.3072606
                    ],
                    [
                        -86.127,
                        37.3073026
                    ],
                    [
                        -86.1268902,
                        37.3073479
                    ],
                    [
                        -86.1267317,
                        37.3073786
                    ],
                    [
                        -86.1266402,
                        37.3073883
                    ],
                    [
                        -86.1267825,
                        37.3074255
                    ],
                    [
                        -86.1270061,
                        37.3074045
                    ],
                    [
                        -86.1271667,
                        37.3073236
                    ],
                    [
                        -86.127311,
                        37.3072606
                    ],
                    [
                        -86.1276525,
                        37.3072282
                    ],
                    [
                        -86.1277541,
                        37.3072379
                    ],
                    [
                        -86.1278619,
                        37.3072703
                    ],
                    [
                        -86.127872,
                        37.3073495
                    ],
                    [
                        -86.1277135,
                        37.3074077
                    ],
                    [
                        -86.1275244,
                        37.3074691
                    ],
                    [
                        -86.1273293,
                        37.3075645
                    ],
                    [
                        -86.1271728,
                        37.3076163
                    ],
                    [
                        -86.1269797,
                        37.3076227
                    ],
                    [
                        -86.1264999,
                        37.3075645
                    ],
                    [
                        -86.1262601,
                        37.3075192
                    ],
                    [
                        -86.1260609,
                        37.3074449
                    ],
                    [
                        -86.125571,
                        37.30728
                    ],
                    [
                        -86.1250892,
                        37.3070682
                    ],
                    [
                        -86.1248148,
                        37.3069243
                    ],
                    [
                        -86.1246725,
                        37.306824
                    ],
                    [
                        -86.1245648,
                        37.3066817
                    ],
                    [
                        -86.1245607,
                        37.3068289
                    ],
                    [
                        -86.124638,
                        37.3069534
                    ],
                    [
                        -86.1248636,
                        37.307094
                    ],
                    [
                        -86.125573,
                        37.3073915
                    ],
                    [
                        -86.1260649,
                        37.307571
                    ],
                    [
                        -86.1264877,
                        37.3076987
                    ],
                    [
                        -86.1268902,
                        37.3077828
                    ],
                    [
                        -86.1271667,
                        37.3078264
                    ],
                    [
                        -86.1273273,
                        37.307799
                    ],
                    [
                        -86.1273923,
                        37.3077359
                    ],
                    [
                        -86.1275448,
                        37.3076631
                    ],
                    [
                        -86.1277135,
                        37.3076389
                    ],
                    [
                        -86.1279513,
                        37.3076906
                    ],
                    [
                        -86.1280469,
                        37.3077796
                    ],
                    [
                        -86.1281485,
                        37.3079606
                    ],
                    [
                        -86.1282095,
                        37.3081547
                    ],
                    [
                        -86.1282705,
                        37.3083454
                    ],
                    [
                        -86.1283375,
                        37.3086607
                    ],
                    [
                        -86.1284595,
                        37.3089275
                    ],
                    [
                        -86.1287618,
                        37.3094748
                    ],
                    [
                        -86.1289533,
                        37.3097719
                    ],
                    [
                        -86.1289836,
                        37.3098889
                    ],
                    [
                        -86.1289649,
                        37.3099669
                    ],
                    [
                        -86.1287851,
                        37.3100747
                    ],
                    [
                        -86.1287104,
                        37.3101285
                    ],
                    [
                        -86.128638,
                        37.310175
                    ],
                    [
                        -86.1288225,
                        37.3101155
                    ],
                    [
                        -86.129,
                        37.3100635
                    ],
                    [
                        -86.1291704,
                        37.3100728
                    ],
                    [
                        -86.1298079,
                        37.310162
                    ],
                    [
                        -86.1301978,
                        37.3101824
                    ],
                    [
                        -86.130534,
                        37.3103105
                    ],
                    [
                        -86.1306975,
                        37.3104071
                    ],
                    [
                        -86.1308119,
                        37.3104851
                    ],
                    [
                        -86.1309777,
                        37.3105148
                    ],
                    [
                        -86.1312532,
                        37.3106838
                    ],
                    [
                        -86.1315591,
                        37.3109568
                    ],
                    [
                        -86.1320495,
                        37.3112298
                    ],
                    [
                        -86.1321195,
                        37.3113227
                    ],
                    [
                        -86.1323133,
                        37.3113115
                    ],
                    [
                        -86.1325562,
                        37.3113988
                    ],
                    [
                        -86.1328013,
                        37.3115938
                    ],
                    [
                        -86.1332216,
                        37.3117944
                    ],
                    [
                        -86.1336396,
                        37.3120228
                    ],
                    [
                        -86.1338918,
                        37.3121955
                    ],
                    [
                        -86.1340319,
                        37.3124035
                    ],
                    [
                        -86.1341813,
                        37.3126877
                    ],
                    [
                        -86.1342233,
                        37.3128957
                    ],
                    [
                        -86.1343074,
                        37.3130702
                    ],
                    [
                        -86.1343448,
                        37.3132169
                    ],
                    [
                        -86.1344732,
                        37.3133525
                    ],
                    [
                        -86.1345059,
                        37.3135215
                    ],
                    [
                        -86.1344288,
                        37.3137017
                    ],
                    [
                        -86.1345176,
                        37.3140266
                    ],
                    [
                        -86.1345572,
                        37.3141604
                    ],
                    [
                        -86.1345176,
                        37.3143201
                    ],
                    [
                        -86.1345736,
                        37.3145689
                    ],
                    [
                        -86.1345222,
                        37.314736
                    ],
                    [
                        -86.1344265,
                        37.314892
                    ],
                    [
                        -86.1344195,
                        37.3150945
                    ],
                    [
                        -86.1344802,
                        37.3153322
                    ],
                    [
                        -86.1345269,
                        37.3155049
                    ],
                    [
                        -86.1344522,
                        37.3156311
                    ],
                    [
                        -86.1343144,
                        37.3156999
                    ],
                    [
                        -86.1341089,
                        37.315789
                    ],
                    [
                        -86.1339852,
                        37.3158113
                    ],
                    [
                        -86.1339501,
                        37.3158651
                    ],
                    [
                        -86.1340039,
                        37.3159078
                    ],
                    [
                        -86.1341766,
                        37.316023
                    ],
                    [
                        -86.1342981,
                        37.3161233
                    ],
                    [
                        -86.1344405,
                        37.3162848
                    ],
                    [
                        -86.1345579,
                        37.3166408
                    ],
                    [
                        -86.1345701,
                        37.3168704
                    ],
                    [
                        -86.1345335,
                        37.3170288
                    ],
                    [
                        -86.1344441,
                        37.3171807
                    ],
                    [
                        -86.1342184,
                        37.3173355
                    ],
                    [
                        -86.1340862,
                        37.3173921
                    ],
                    [
                        -86.1339805,
                        37.3174697
                    ],
                    [
                        -86.1339602,
                        37.3175634
                    ],
                    [
                        -86.1339744,
                        37.3176685
                    ],
                    [
                        -86.1339805,
                        37.3177881
                    ],
                    [
                        -86.133826,
                        37.318105
                    ],
                    [
                        -86.1336655,
                        37.3182295
                    ],
                    [
                        -86.1336634,
                        37.318286
                    ],
                    [
                        -86.1337305,
                        37.3182909
                    ],
                    [
                        -86.1338943,
                        37.3182998
                    ],
                    [
                        -86.1340334,
                        37.3183556
                    ],
                    [
                        -86.1340883,
                        37.3184218
                    ],
                    [
                        -86.1340517,
                        37.3185641
                    ],
                    [
                        -86.1340435,
                        37.3186255
                    ],
                    [
                        -86.1341005,
                        37.3186837
                    ],
                    [
                        -86.1344094,
                        37.318826
                    ],
                    [
                        -86.1345009,
                        37.3188939
                    ],
                    [
                        -86.1345558,
                        37.3189585
                    ],
                    [
                        -86.1345761,
                        37.3190313
                    ],
                    [
                        -86.1345517,
                        37.319201
                    ],
                    [
                        -86.1344501,
                        37.3193174
                    ],
                    [
                        -86.1343261,
                        37.319395
                    ],
                    [
                        -86.1341248,
                        37.3194564
                    ],
                    [
                        -86.1338687,
                        37.31945
                    ],
                    [
                        -86.1337752,
                        37.3194435
                    ],
                    [
                        -86.1336939,
                        37.319471
                    ],
                    [
                        -86.1336167,
                        37.319547
                    ],
                    [
                        -86.1335557,
                        37.3196343
                    ],
                    [
                        -86.1334622,
                        37.3196957
                    ],
                    [
                        -86.1334093,
                        37.3197248
                    ],
                    [
                        -86.1333544,
                        37.3197975
                    ],
                    [
                        -86.1333422,
                        37.3198913
                    ],
                    [
                        -86.1333646,
                        37.3199447
                    ],
                    [
                        -86.1333565,
                        37.3200497
                    ],
                    [
                        -86.1332955,
                        37.3203795
                    ],
                    [
                        -86.1332752,
                        37.320664
                    ],
                    [
                        -86.1333118,
                        37.3209299
                    ],
                    [
                        -86.1334299,
                        37.3212974
                    ],
                    [
                        -86.1336785,
                        37.3217666
                    ],
                    [
                        -86.1337537,
                        37.3219855
                    ],
                    [
                        -86.1336047,
                        37.3224444
                    ],
                    [
                        -86.1330555,
                        37.3232439
                    ],
                    [
                        -86.132739,
                        37.3234142
                    ],
                    [
                        -86.1319664,
                        37.3233772
                    ],
                    [
                        -86.1306818,
                        37.3229108
                    ],
                    [
                        -86.1304205,
                        37.3226512
                    ],
                    [
                        -86.1303612,
                        37.3218451
                    ],
                    [
                        -86.1303086,
                        37.3217299
                    ],
                    [
                        -86.1301703,
                        37.321709
                    ],
                    [
                        -86.1300453,
                        37.3217718
                    ],
                    [
                        -86.1300321,
                        37.3220754
                    ],
                    [
                        -86.1298412,
                        37.3223581
                    ],
                    [
                        -86.129703,
                        37.3223528
                    ],
                    [
                        -86.1292291,
                        37.3220859
                    ],
                    [
                        -86.1290842,
                        37.3220963
                    ],
                    [
                        -86.1287683,
                        37.3223895
                    ],
                    [
                        -86.1281561,
                        37.3226774
                    ],
                    [
                        -86.1277612,
                        37.323138
                    ],
                    [
                        -86.1277217,
                        37.323562
                    ],
                    [
                        -86.1279258,
                        37.3244413
                    ],
                    [
                        -86.1277678,
                        37.3246088
                    ],
                    [
                        -86.1272478,
                        37.3248235
                    ],
                    [
                        -86.1271688,
                        37.3251218
                    ],
                    [
                        -86.1282483,
                        37.3249281
                    ],
                    [
                        -86.1294362,
                        37.3259892
                    ],
                    [
                        -86.1303485,
                        37.3265518
                    ],
                    [
                        -86.1310373,
                        37.3268035
                    ],
                    [
                        -86.1321358,
                        37.3269515
                    ],
                    [
                        -86.1333832,
                        37.3268663
                    ],
                    [
                        -86.1331594,
                        37.3281748
                    ],
                    [
                        -86.133133,
                        37.3288343
                    ],
                    [
                        -86.1336991,
                        37.3300486
                    ],
                    [
                        -86.1338308,
                        37.330237
                    ],
                    [
                        -86.1342652,
                        37.3304673
                    ],
                    [
                        -86.1350682,
                        37.3306976
                    ],
                    [
                        -86.1374379,
                        37.3310849
                    ],
                    [
                        -86.1376485,
                        37.3314617
                    ],
                    [
                        -86.1381751,
                        37.3314094
                    ],
                    [
                        -86.1386753,
                        37.331535
                    ],
                    [
                        -86.1391098,
                        37.3318072
                    ],
                    [
                        -86.139452,
                        37.3321526
                    ],
                    [
                        -86.139689,
                        37.3320479
                    ],
                    [
                        -86.1402419,
                        37.3320375
                    ],
                    [
                        -86.1412951,
                        37.3321735
                    ],
                    [
                        -86.1430196,
                        37.3326865
                    ],
                    [
                        -86.1436515,
                        37.3331052
                    ],
                    [
                        -86.1437832,
                        37.3332936
                    ],
                    [
                        -86.1439017,
                        37.333953
                    ],
                    [
                        -86.1441255,
                        37.3340682
                    ],
                    [
                        -86.1444414,
                        37.3336809
                    ],
                    [
                        -86.1445336,
                        37.3330319
                    ],
                    [
                        -86.1447047,
                        37.3328435
                    ],
                    [
                        -86.144968,
                        37.3328644
                    ],
                    [
                        -86.1451786,
                        37.333011
                    ],
                    [
                        -86.1454156,
                        37.3329167
                    ],
                    [
                        -86.1459817,
                        37.33299
                    ],
                    [
                        -86.1463108,
                        37.3331889
                    ],
                    [
                        -86.1466926,
                        37.3337541
                    ],
                    [
                        -86.146969,
                        37.3336913
                    ],
                    [
                        -86.1473508,
                        37.3333878
                    ],
                    [
                        -86.1478774,
                        37.3333668
                    ],
                    [
                        -86.1483118,
                        37.3334715
                    ],
                    [
                        -86.1488516,
                        37.3337018
                    ],
                    [
                        -86.1492333,
                        37.3340368
                    ],
                    [
                        -86.1494308,
                        37.3344345
                    ],
                    [
                        -86.1493913,
                        37.3348846
                    ],
                    [
                        -86.1496414,
                        37.3348637
                    ],
                    [
                        -86.1507209,
                        37.3345183
                    ],
                    [
                        -86.1512738,
                        37.3344764
                    ],
                    [
                        -86.151524,
                        37.3343403
                    ],
                    [
                        -86.1523928,
                        37.3329691
                    ],
                    [
                        -86.1527483,
                        37.3326027
                    ],
                    [
                        -86.1529721,
                        37.3324771
                    ],
                    [
                        -86.1532354,
                        37.3324876
                    ],
                    [
                        -86.1534592,
                        37.3326132
                    ],
                    [
                        -86.1547361,
                        37.3341938
                    ],
                    [
                        -86.1559078,
                        37.3354917
                    ],
                    [
                        -86.1559999,
                        37.335722
                    ],
                    [
                        -86.1557366,
                        37.3360988
                    ],
                    [
                        -86.154565,
                        37.3367582
                    ],
                    [
                        -86.1537751,
                        37.3373444
                    ],
                    [
                        -86.153446,
                        37.3377107
                    ],
                    [
                        -86.1526166,
                        37.3382759
                    ],
                    [
                        -86.1516951,
                        37.3387783
                    ],
                    [
                        -86.1509579,
                        37.3390609
                    ],
                    [
                        -86.1504313,
                        37.3391551
                    ],
                    [
                        -86.150247,
                        37.3393435
                    ],
                    [
                        -86.1510106,
                        37.3394586
                    ],
                    [
                        -86.1525771,
                        37.3394691
                    ],
                    [
                        -86.1527088,
                        37.339647
                    ],
                    [
                        -86.1528668,
                        37.3404948
                    ],
                    [
                        -86.1528799,
                        37.3407042
                    ],
                    [
                        -86.1527443,
                        37.3409576
                    ],
                    [
                        -86.1526241,
                        37.3412033
                    ],
                    [
                        -86.1529503,
                        37.341292
                    ],
                    [
                        -86.1532249,
                        37.3415991
                    ],
                    [
                        -86.1535339,
                        37.3420631
                    ],
                    [
                        -86.1539287,
                        37.3426499
                    ],
                    [
                        -86.1540146,
                        37.3430594
                    ],
                    [
                        -86.1537056,
                        37.3431071
                    ],
                    [
                        -86.1529074,
                        37.3430389
                    ],
                    [
                        -86.1513367,
                        37.3430321
                    ],
                    [
                        -86.1504269,
                        37.3430662
                    ],
                    [
                        -86.1494055,
                        37.3429502
                    ],
                    [
                        -86.1486931,
                        37.3430184
                    ],
                    [
                        -86.1479549,
                        37.3431276
                    ],
                    [
                        -86.1474314,
                        37.3432163
                    ],
                    [
                        -86.1469507,
                        37.3433323
                    ],
                    [
                        -86.1465645,
                        37.343578
                    ],
                    [
                        -86.145895,
                        37.3439601
                    ],
                    [
                        -86.1454229,
                        37.3440966
                    ],
                    [
                        -86.1451998,
                        37.3443149
                    ],
                    [
                        -86.1451139,
                        37.3447516
                    ],
                    [
                        -86.1448994,
                        37.3449086
                    ],
                    [
                        -86.1443157,
                        37.3443968
                    ],
                    [
                        -86.1438522,
                        37.3438373
                    ],
                    [
                        -86.1430282,
                        37.3433187
                    ],
                    [
                        -86.1424532,
                        37.3430321
                    ],
                    [
                        -86.1415434,
                        37.3426568
                    ],
                    [
                        -86.1405048,
                        37.3423702
                    ],
                    [
                        -86.1398182,
                        37.3422473
                    ],
                    [
                        -86.1391487,
                        37.3420358
                    ],
                    [
                        -86.1386595,
                        37.3418106
                    ],
                    [
                        -86.1383934,
                        37.3415786
                    ],
                    [
                        -86.1380844,
                        37.3416196
                    ],
                    [
                        -86.1378012,
                        37.3417014
                    ],
                    [
                        -86.1373463,
                        37.3415308
                    ],
                    [
                        -86.1369257,
                        37.3414421
                    ],
                    [
                        -86.1365995,
                        37.3415172
                    ],
                    [
                        -86.1363077,
                        37.3417151
                    ],
                    [
                        -86.1363077,
                        37.3414421
                    ],
                    [
                        -86.1364279,
                        37.3410395
                    ],
                    [
                        -86.1365738,
                        37.3406915
                    ],
                    [
                        -86.1365137,
                        37.3404458
                    ],
                    [
                        -86.1362305,
                        37.3404186
                    ],
                    [
                        -86.1357584,
                        37.340555
                    ],
                    [
                        -86.1353035,
                        37.3406574
                    ],
                    [
                        -86.1348143,
                        37.340671
                    ],
                    [
                        -86.1346168,
                        37.3408075
                    ],
                    [
                        -86.134428,
                        37.3409508
                    ],
                    [
                        -86.1341877,
                        37.3409235
                    ],
                    [
                        -86.1340761,
                        37.3407529
                    ],
                    [
                        -86.1342735,
                        37.3406164
                    ],
                    [
                        -86.1340504,
                        37.3404663
                    ],
                    [
                        -86.1336727,
                        37.3403094
                    ],
                    [
                        -86.1336727,
                        37.3400637
                    ],
                    [
                        -86.1338203,
                        37.339923
                    ],
                    [
                        -86.1340263,
                        37.3398275
                    ],
                    [
                        -86.1342151,
                        37.3397319
                    ],
                    [
                        -86.1342237,
                        37.3395409
                    ],
                    [
                        -86.1341722,
                        37.339227
                    ],
                    [
                        -86.1340864,
                        37.3388585
                    ],
                    [
                        -86.1340263,
                        37.3385923
                    ],
                    [
                        -86.1342494,
                        37.3382852
                    ],
                    [
                        -86.1344726,
                        37.3379509
                    ],
                    [
                        -86.1346185,
                        37.3376984
                    ],
                    [
                        -86.1348846,
                        37.337596
                    ],
                    [
                        -86.1351764,
                        37.3374527
                    ],
                    [
                        -86.1353652,
                        37.3372343
                    ],
                    [
                        -86.134876,
                        37.3371797
                    ],
                    [
                        -86.134464,
                        37.3371592
                    ],
                    [
                        -86.1340005,
                        37.3371797
                    ],
                    [
                        -86.1338117,
                        37.3371592
                    ],
                    [
                        -86.1335885,
                        37.336934
                    ],
                    [
                        -86.1336229,
                        37.337207
                    ],
                    [
                        -86.1335971,
                        37.3374936
                    ],
                    [
                        -86.1333997,
                        37.3376642
                    ],
                    [
                        -86.1331422,
                        37.337869
                    ],
                    [
                        -86.1328847,
                        37.3380669
                    ],
                    [
                        -86.1325672,
                        37.3382716
                    ],
                    [
                        -86.1324298,
                        37.3384354
                    ],
                    [
                        -86.1323526,
                        37.3386128
                    ],
                    [
                        -86.1322324,
                        37.3387083
                    ],
                    [
                        -86.1321037,
                        37.338681
                    ],
                    [
                        -86.1320093,
                        37.3385855
                    ],
                    [
                        -86.1318033,
                        37.3385036
                    ],
                    [
                        -86.1315372,
                        37.3384763
                    ],
                    [
                        -86.1314084,
                        37.3384081
                    ],
                    [
                        -86.1313312,
                        37.3382989
                    ],
                    [
                        -86.1313312,
                        37.338217
                    ],
                    [
                        -86.131108,
                        37.3382102
                    ],
                    [
                        -86.130902,
                        37.3381351
                    ],
                    [
                        -86.1307733,
                        37.3380737
                    ],
                    [
                        -86.1305845,
                        37.3380873
                    ],
                    [
                        -86.1303441,
                        37.3380123
                    ],
                    [
                        -86.1301381,
                        37.3380396
                    ],
                    [
                        -86.1300437,
                        37.337944
                    ],
                    [
                        -86.1298206,
                        37.3378826
                    ],
                    [
                        -86.1294687,
                        37.3378621
                    ],
                    [
                        -86.1290738,
                        37.3378758
                    ],
                    [
                        -86.1285245,
                        37.3378758
                    ],
                    [
                        -86.1280095,
                        37.3379509
                    ],
                    [
                        -86.1274431,
                        37.3380737
                    ],
                    [
                        -86.1268079,
                        37.3383603
                    ],
                    [
                        -86.1264732,
                        37.3385991
                    ],
                    [
                        -86.1260698,
                        37.3388243
                    ],
                    [
                        -86.1256406,
                        37.3390905
                    ],
                    [
                        -86.1253488,
                        37.3393225
                    ],
                    [
                        -86.1251771,
                        37.3395682
                    ],
                    [
                        -86.1247995,
                        37.3401891
                    ],
                    [
                        -86.1244733,
                        37.3407351
                    ],
                    [
                        -86.1242502,
                        37.341281
                    ],
                    [
                        -86.1240957,
                        37.3418064
                    ],
                    [
                        -86.1239583,
                        37.3423182
                    ],
                    [
                        -86.1238553,
                        37.3426798
                    ],
                    [
                        -86.1238553,
                        37.3430074
                    ],
                    [
                        -86.1237008,
                        37.3432257
                    ],
                    [
                        -86.1234949,
                        37.3434236
                    ],
                    [
                        -86.1234004,
                        37.3436898
                    ],
                    [
                        -86.1232288,
                        37.3439491
                    ],
                    [
                        -86.1229799,
                        37.3441606
                    ],
                    [
                        -86.1226966,
                        37.3442356
                    ],
                    [
                        -86.1223447,
                        37.3444745
                    ],
                    [
                        -86.1220186,
                        37.3446451
                    ],
                    [
                        -86.1215122,
                        37.3447542
                    ],
                    [
                        -86.1209972,
                        37.3447815
                    ],
                    [
                        -86.120568,
                        37.3446996
                    ],
                    [
                        -86.1199243,
                        37.3445495
                    ],
                    [
                        -86.1193406,
                        37.3443789
                    ],
                    [
                        -86.11886,
                        37.3441811
                    ],
                    [
                        -86.1184566,
                        37.3440446
                    ],
                    [
                        -86.1181219,
                        37.3439491
                    ],
                    [
                        -86.1179674,
                        37.3438399
                    ],
                    [
                        -86.1179416,
                        37.3436761
                    ],
                    [
                        -86.1178901,
                        37.3434714
                    ],
                    [
                        -86.1178644,
                        37.3432121
                    ],
                    [
                        -86.1178214,
                        37.3428573
                    ],
                    [
                        -86.1178558,
                        37.3426798
                    ],
                    [
                        -86.1180274,
                        37.3425024
                    ],
                    [
                        -86.1181648,
                        37.3421954
                    ],
                    [
                        -86.1182334,
                        37.3418542
                    ],
                    [
                        -86.1183793,
                        37.3414857
                    ],
                    [
                        -86.1185768,
                        37.3412469
                    ],
                    [
                        -86.1187913,
                        37.341008
                    ],
                    [
                        -86.1190145,
                        37.3407351
                    ],
                    [
                        -86.1193921,
                        37.3404758
                    ],
                    [
                        -86.1198299,
                        37.3402506
                    ],
                    [
                        -86.1203449,
                        37.3400049
                    ],
                    [
                        -86.1210143,
                        37.3396773
                    ],
                    [
                        -86.1216409,
                        37.3393907
                    ],
                    [
                        -86.1222932,
                        37.33907
                    ],
                    [
                        -86.1229284,
                        37.3387083
                    ],
                    [
                        -86.1235034,
                        37.3382852
                    ],
                    [
                        -86.1239498,
                        37.3377393
                    ],
                    [
                        -86.1242931,
                        37.3370842
                    ],
                    [
                        -86.1243789,
                        37.3365792
                    ],
                    [
                        -86.1244047,
                        37.3359241
                    ],
                    [
                        -86.1244132,
                        37.335303
                    ],
                    [
                        -86.1243617,
                        37.3346274
                    ],
                    [
                        -86.1242158,
                        37.3338972
                    ],
                    [
                        -86.1239326,
                        37.3332762
                    ],
                    [
                        -86.123512,
                        37.3325937
                    ],
                    [
                        -86.1225988,
                        37.3317272
                    ],
                    [
                        -86.1217224,
                        37.3311999
                    ],
                    [
                        -86.1209526,
                        37.3310586
                    ],
                    [
                        -86.120467,
                        37.3310869
                    ],
                    [
                        -86.1194603,
                        37.3314447
                    ],
                    [
                        -86.1178378,
                        37.3324335
                    ],
                    [
                        -86.1175654,
                        37.33249
                    ],
                    [
                        -86.1170799,
                        37.3324147
                    ],
                    [
                        -86.1166417,
                        37.3322546
                    ],
                    [
                        -86.1163219,
                        37.3319627
                    ],
                    [
                        -86.116085,
                        37.3315766
                    ],
                    [
                        -86.1160969,
                        37.3311716
                    ],
                    [
                        -86.1162508,
                        37.3310021
                    ],
                    [
                        -86.1161324,
                        37.3308326
                    ],
                    [
                        -86.1157298,
                        37.3305407
                    ],
                    [
                        -86.115031,
                        37.3297873
                    ],
                    [
                        -86.1141665,
                        37.3282617
                    ],
                    [
                        -86.1139296,
                        37.328177
                    ],
                    [
                        -86.1138349,
                        37.3283559
                    ],
                    [
                        -86.1138585,
                        37.3285348
                    ],
                    [
                        -86.1141191,
                        37.3290905
                    ],
                    [
                        -86.1146757,
                        37.3299851
                    ],
                    [
                        -86.1148889,
                        37.3309456
                    ],
                    [
                        -86.1152205,
                        37.3317084
                    ],
                    [
                        -86.1155047,
                        37.3327254
                    ],
                    [
                        -86.115635,
                        37.3328855
                    ],
                    [
                        -86.1158245,
                        37.3329797
                    ],
                    [
                        -86.1163101,
                        37.3330362
                    ],
                    [
                        -86.1167719,
                        37.3336953
                    ],
                    [
                        -86.1171509,
                        37.3339308
                    ],
                    [
                        -86.1172694,
                        37.3341097
                    ],
                    [
                        -86.1172694,
                        37.3346841
                    ],
                    [
                        -86.1170562,
                        37.3354657
                    ],
                    [
                        -86.1167364,
                        37.3357952
                    ],
                    [
                        -86.1161443,
                        37.3361625
                    ],
                    [
                        -86.1165825,
                        37.3366145
                    ],
                    [
                        -86.1166417,
                        37.3370099
                    ],
                    [
                        -86.1162982,
                        37.3372924
                    ],
                    [
                        -86.1147586,
                        37.3373395
                    ],
                    [
                        -86.1142612,
                        37.3372453
                    ],
                    [
                        -86.1128992,
                        37.3363979
                    ],
                    [
                        -86.110199,
                        37.333507
                    ],
                    [
                        -86.1088015,
                        37.3324806
                    ],
                    [
                        -86.1079962,
                        37.3320097
                    ],
                    [
                        -86.1054973,
                        37.3313129
                    ],
                    [
                        -86.1047867,
                        37.3309739
                    ],
                    [
                        -86.1045262,
                        37.3309456
                    ],
                    [
                        -86.1039814,
                        37.3310115
                    ],
                    [
                        -86.1016838,
                        37.3306914
                    ],
                    [
                        -86.099256,
                        37.3299286
                    ],
                    [
                        -86.0975032,
                        37.3296178
                    ],
                    [
                        -86.0956438,
                        37.3297402
                    ],
                    [
                        -86.0947082,
                        37.3300698
                    ],
                    [
                        -86.0935358,
                        37.3306537
                    ],
                    [
                        -86.0932871,
                        37.3306914
                    ],
                    [
                        -86.0917593,
                        37.3307102
                    ],
                    [
                        -86.0905276,
                        37.3305407
                    ],
                    [
                        -86.0900539,
                        37.3303994
                    ],
                    [
                        -86.0896749,
                        37.3301263
                    ],
                    [
                        -86.0892959,
                        37.3293918
                    ],
                    [
                        -86.0892722,
                        37.3289963
                    ],
                    [
                        -86.0880761,
                        37.328629
                    ],
                    [
                        -86.0878274,
                        37.3286102
                    ],
                    [
                        -86.0881235,
                        37.3295707
                    ],
                    [
                        -86.0885143,
                        37.330051
                    ],
                    [
                        -86.0889999,
                        37.330503
                    ],
                    [
                        -86.0905631,
                        37.3311151
                    ],
                    [
                        -86.0913211,
                        37.3312093
                    ],
                    [
                        -86.0928133,
                        37.3312093
                    ],
                    [
                        -86.0932752,
                        37.3313035
                    ],
                    [
                        -86.0936305,
                        37.3319909
                    ],
                    [
                        -86.0942345,
                        37.3326595
                    ],
                    [
                        -86.094424,
                        37.3330362
                    ],
                    [
                        -86.0946964,
                        37.3333658
                    ],
                    [
                        -86.0955136,
                        37.3338083
                    ],
                    [
                        -86.0969466,
                        37.3343639
                    ],
                    [
                        -86.0971124,
                        37.3345052
                    ],
                    [
                        -86.0973137,
                        37.3350419
                    ],
                    [
                        -86.0982967,
                        37.3349195
                    ],
                    [
                        -86.0992678,
                        37.3349948
                    ],
                    [
                        -86.1000258,
                        37.3351549
                    ],
                    [
                        -86.1018852,
                        37.3357293
                    ],
                    [
                        -86.1025247,
                        37.3361154
                    ],
                    [
                        -86.1041472,
                        37.3378386
                    ],
                    [
                        -86.1043248,
                        37.3382246
                    ],
                    [
                        -86.1045854,
                        37.3391662
                    ],
                    [
                        -86.1045617,
                        37.3395429
                    ],
                    [
                        -86.1043011,
                        37.3398912
                    ],
                    [
                        -86.1036972,
                        37.3402679
                    ],
                    [
                        -86.102726,
                        37.3410776
                    ],
                    [
                        -86.1021931,
                        37.3413507
                    ],
                    [
                        -86.1014114,
                        37.3416049
                    ],
                    [
                        -86.1008193,
                        37.3422546
                    ],
                    [
                        -86.1005706,
                        37.3423017
                    ],
                    [
                        -86.1001087,
                        37.3418026
                    ],
                    [
                        -86.1000021,
                        37.3416332
                    ],
                    [
                        -86.0998955,
                        37.3410588
                    ],
                    [
                        -86.099706,
                        37.3409364
                    ],
                    [
                        -86.099481,
                        37.3409929
                    ],
                    [
                        -86.0988888,
                        37.3413413
                    ],
                    [
                        -86.099031,
                        37.3414919
                    ],
                    [
                        -86.0994573,
                        37.341652
                    ],
                    [
                        -86.1002271,
                        37.3426877
                    ],
                    [
                        -86.100464,
                        37.3434504
                    ],
                    [
                        -86.1007482,
                        37.343987
                    ],
                    [
                        -86.1007601,
                        37.3443731
                    ],
                    [
                        -86.1006535,
                        37.3445331
                    ],
                    [
                        -86.1004048,
                        37.3445614
                    ],
                    [
                        -86.1001561,
                        37.3444861
                    ],
                    [
                        -86.0987941,
                        37.3437611
                    ],
                    [
                        -86.0985454,
                        37.3441094
                    ],
                    [
                        -86.0981783,
                        37.3443637
                    ],
                    [
                        -86.0981901,
                        37.3445425
                    ],
                    [
                        -86.0990783,
                        37.3447026
                    ],
                    [
                        -86.0995047,
                        37.3449003
                    ],
                    [
                        -86.0998363,
                        37.3454088
                    ],
                    [
                        -86.1007837,
                        37.3454182
                    ],
                    [
                        -86.1012456,
                        37.3455311
                    ],
                    [
                        -86.1013167,
                        37.3459078
                    ],
                    [
                        -86.1014233,
                        37.3460866
                    ],
                    [
                        -86.1018378,
                        37.3461525
                    ],
                    [
                        -86.1027023,
                        37.3471505
                    ],
                    [
                        -86.1034248,
                        37.3481768
                    ],
                    [
                        -86.103555,
                        37.3487417
                    ],
                    [
                        -86.1035313,
                        37.3499373
                    ],
                    [
                        -86.1034603,
                        37.3501256
                    ],
                    [
                        -86.1031761,
                        37.3506717
                    ],
                    [
                        -86.102726,
                        37.3511424
                    ],
                    [
                        -86.1025247,
                        37.3512459
                    ],
                    [
                        -86.1020154,
                        37.3513401
                    ],
                    [
                        -86.1011154,
                        37.3513118
                    ],
                    [
                        -86.1006416,
                        37.3511424
                    ],
                    [
                        -86.0991139,
                        37.350248
                    ],
                    [
                        -86.0983796,
                        37.3496549
                    ],
                    [
                        -86.0980598,
                        37.34909
                    ],
                    [
                        -86.0977164,
                        37.3474707
                    ],
                    [
                        -86.097669,
                        37.3468493
                    ],
                    [
                        -86.0974558,
                        37.3462844
                    ],
                    [
                        -86.0973137,
                        37.3461149
                    ],
                    [
                        -86.0961412,
                        37.3454935
                    ],
                    [
                        -86.0940805,
                        37.3450321
                    ],
                    [
                        -86.0930976,
                        37.3448909
                    ],
                    [
                        -86.0920554,
                        37.344938
                    ],
                    [
                        -86.0915106,
                        37.3451451
                    ],
                    [
                        -86.09125,
                        37.345164
                    ],
                    [
                        -86.090042,
                        37.3454935
                    ],
                    [
                        -86.0896749,
                        37.3457665
                    ],
                    [
                        -86.089438,
                        37.3461149
                    ],
                    [
                        -86.0892486,
                        37.3464821
                    ],
                    [
                        -86.0891657,
                        37.3468775
                    ],
                    [
                        -86.0891538,
                        37.3482521
                    ],
                    [
                        -86.0892959,
                        37.3490053
                    ],
                    [
                        -86.0895446,
                        37.3495419
                    ],
                    [
                        -86.089817,
                        37.3498714
                    ],
                    [
                        -86.0903855,
                        37.3502574
                    ],
                    [
                        -86.090421,
                        37.3504457
                    ],
                    [
                        -86.0900657,
                        37.3507093
                    ],
                    [
                        -86.0895683,
                        37.3508411
                    ],
                    [
                        -86.0890235,
                        37.3508411
                    ],
                    [
                        -86.088384,
                        37.3505775
                    ],
                    [
                        -86.0867023,
                        37.3503421
                    ],
                    [
                        -86.084985,
                        37.3505493
                    ],
                    [
                        -86.0844995,
                        37.3507093
                    ],
                    [
                        -86.0837415,
                        37.3505775
                    ],
                    [
                        -86.0830191,
                        37.3506622
                    ],
                    [
                        -86.082498,
                        37.3506528
                    ],
                    [
                        -86.0812781,
                        37.3503516
                    ],
                    [
                        -86.0808518,
                        37.3501256
                    ],
                    [
                        -86.0805202,
                        37.3497961
                    ],
                    [
                        -86.0803662,
                        37.3494007
                    ],
                    [
                        -86.0803544,
                        37.348977
                    ],
                    [
                        -86.0804491,
                        37.3486004
                    ],
                    [
                        -86.0811716,
                        37.3481391
                    ],
                    [
                        -86.0816927,
                        37.3476966
                    ],
                    [
                        -86.0825454,
                        37.3473012
                    ],
                    [
                        -86.0838007,
                        37.346548
                    ],
                    [
                        -86.0844758,
                        37.3459454
                    ],
                    [
                        -86.0857904,
                        37.3449945
                    ],
                    [
                        -86.0880998,
                        37.3441565
                    ],
                    [
                        -86.0896986,
                        37.3436575
                    ],
                    [
                        -86.0905395,
                        37.3431679
                    ],
                    [
                        -86.0911908,
                        37.3425747
                    ],
                    [
                        -86.0915935,
                        37.341878
                    ],
                    [
                        -86.0916646,
                        37.3414825
                    ],
                    [
                        -86.0914395,
                        37.3406257
                    ],
                    [
                        -86.0905631,
                        37.3396559
                    ],
                    [
                        -86.0903737,
                        37.339524
                    ],
                    [
                        -86.0879577,
                        37.3387896
                    ],
                    [
                        -86.0875668,
                        37.3382717
                    ],
                    [
                        -86.08733,
                        37.3382246
                    ],
                    [
                        -86.0871879,
                        37.3383847
                    ],
                    [
                        -86.0864536,
                        37.3386201
                    ],
                    [
                        -86.0866312,
                        37.3389685
                    ],
                    [
                        -86.0868562,
                        37.3390062
                    ],
                    [
                        -86.0869984,
                        37.3391568
                    ],
                    [
                        -86.0868918,
                        37.3393263
                    ],
                    [
                        -86.0852574,
                        37.3399572
                    ],
                    [
                        -86.083481,
                        37.3412754
                    ],
                    [
                        -86.0826164,
                        37.3422264
                    ],
                    [
                        -86.081894,
                        37.3434692
                    ],
                    [
                        -86.0815742,
                        37.3438458
                    ],
                    [
                        -86.0809821,
                        37.3442036
                    ],
                    [
                        -86.0804728,
                        37.3442413
                    ],
                    [
                        -86.0799872,
                        37.3441377
                    ],
                    [
                        -86.0798096,
                        37.3440059
                    ],
                    [
                        -86.0796201,
                        37.3439588
                    ],
                    [
                        -86.0789569,
                        37.3433468
                    ],
                    [
                        -86.0786963,
                        37.3429984
                    ],
                    [
                        -86.078424,
                        37.3424429
                    ],
                    [
                        -86.0782226,
                        37.3418309
                    ],
                    [
                        -86.0777252,
                        37.3413413
                    ],
                    [
                        -86.0773107,
                        37.3410588
                    ],
                    [
                        -86.0763751,
                        37.3407293
                    ],
                    [
                        -86.0753329,
                        37.3405786
                    ],
                    [
                        -86.0737815,
                        37.3405786
                    ],
                    [
                        -86.0727629,
                        37.3406539
                    ],
                    [
                        -86.0712352,
                        37.3399101
                    ],
                    [
                        -86.0711641,
                        37.3397218
                    ],
                    [
                        -86.0712589,
                        37.3395334
                    ],
                    [
                        -86.0712707,
                        37.338912
                    ],
                    [
                        -86.0713891,
                        37.3385165
                    ],
                    [
                        -86.0723484,
                        37.3371888
                    ],
                    [
                        -86.0729524,
                        37.3365391
                    ],
                    [
                        -86.0731301,
                        37.3357105
                    ],
                    [
                        -86.0740302,
                        37.3342227
                    ],
                    [
                        -86.0741012,
                        37.3336106
                    ],
                    [
                        -86.0739591,
                        37.3331963
                    ],
                    [
                        -86.0735446,
                        37.3332528
                    ],
                    [
                        -86.0732367,
                        37.3337989
                    ],
                    [
                        -86.073059,
                        37.3343451
                    ],
                    [
                        -86.0722063,
                        37.3355975
                    ],
                    [
                        -86.071176,
                        37.336718
                    ],
                    [
                        -86.0708207,
                        37.337057
                    ],
                    [
                        -86.0698022,
                        37.3375843
                    ],
                    [
                        -86.0696127,
                        37.3377538
                    ],
                    [
                        -86.0694824,
                        37.3386295
                    ],
                    [
                        -86.0695771,
                        37.3392604
                    ],
                    [
                        -86.0698732,
                        37.3402302
                    ],
                    [
                        -86.0698851,
                        37.3406351
                    ],
                    [
                        -86.069743,
                        37.3412189
                    ],
                    [
                        -86.0698614,
                        37.341991
                    ],
                    [
                        -86.0698022,
                        37.3421887
                    ],
                    [
                        -86.0695653,
                        37.3422734
                    ],
                    [
                        -86.0690797,
                        37.3422169
                    ],
                    [
                        -86.0686179,
                        37.3420663
                    ],
                    [
                        -86.0677178,
                        37.3415578
                    ],
                    [
                        -86.0673151,
                        37.3412283
                    ],
                    [
                        -86.0665098,
                        37.3403715
                    ],
                    [
                        -86.0659058,
                        37.3394581
                    ],
                    [
                        -86.0656571,
                        37.339411
                    ],
                    [
                        -86.0656334,
                        37.339976
                    ],
                    [
                        -86.0662137,
                        37.3408422
                    ],
                    [
                        -86.0665808,
                        37.3415673
                    ],
                    [
                        -86.0667348,
                        37.3417179
                    ],
                    [
                        -86.0674423,
                        37.3422483
                    ],
                    [
                        -86.068502,
                        37.3426368
                    ],
                    [
                        -86.0693197,
                        37.3429673
                    ],
                    [
                        -86.0687761,
                        37.3432361
                    ],
                    [
                        -86.0680041,
                        37.3434685
                    ],
                    [
                        -86.0674103,
                        37.3439115
                    ],
                    [
                        -86.0665972,
                        37.3445325
                    ],
                    [
                        -86.0659577,
                        37.3449429
                    ],
                    [
                        -86.0643909,
                        37.345611
                    ],
                    [
                        -86.063418,
                        37.3460105
                    ],
                    [
                        -86.0624633,
                        37.3460432
                    ],
                    [
                        -86.0618557,
                        37.3460541
                    ],
                    [
                        -86.0607503,
                        37.3459778
                    ],
                    [
                        -86.0602067,
                        37.3459488
                    ],
                    [
                        -86.0598322,
                        37.3457563
                    ],
                    [
                        -86.0591789,
                        37.3456583
                    ],
                    [
                        -86.0587541,
                        37.3456183
                    ],
                    [
                        -86.0586582,
                        37.3459451
                    ],
                    [
                        -86.0592018,
                        37.3460468
                    ],
                    [
                        -86.0596175,
                        37.3462066
                    ],
                    [
                        -86.0602524,
                        37.3465697
                    ],
                    [
                        -86.0607001,
                        37.3465915
                    ],
                    [
                        -86.0611934,
                        37.3466315
                    ],
                    [
                        -86.0618923,
                        37.3467695
                    ],
                    [
                        -86.0625957,
                        37.3467295
                    ],
                    [
                        -86.0635778,
                        37.3465952
                    ],
                    [
                        -86.0645234,
                        37.3463555
                    ],
                    [
                        -86.0650533,
                        37.3460214
                    ],
                    [
                        -86.0655283,
                        37.3458362
                    ],
                    [
                        -86.0659166,
                        37.345611
                    ],
                    [
                        -86.0667571,
                        37.3450845
                    ],
                    [
                        -86.0671682,
                        37.3447976
                    ],
                    [
                        -86.0673189,
                        37.3445906
                    ],
                    [
                        -86.0676615,
                        37.3444526
                    ],
                    [
                        -86.0680772,
                        37.3442674
                    ],
                    [
                        -86.0682142,
                        37.343966
                    ],
                    [
                        -86.0687715,
                        37.3439624
                    ],
                    [
                        -86.0689131,
                        37.3439769
                    ],
                    [
                        -86.0696531,
                        37.3434757
                    ],
                    [
                        -86.0697079,
                        37.3434104
                    ],
                    [
                        -86.0697548,
                        37.3434033
                    ],
                    [
                        -86.0699561,
                        37.3434786
                    ],
                    [
                        -86.0711641,
                        37.3435822
                    ],
                    [
                        -86.0715786,
                        37.3437799
                    ],
                    [
                        -86.0720642,
                        37.3442695
                    ],
                    [
                        -86.0722774,
                        37.3446179
                    ]
                ],
                [
                    [
                        -86.2292124,
                        37.294528
                    ],
                    [
                        -86.2291491,
                        37.2946261
                    ],
                    [
                        -86.2290354,
                        37.2947141
                    ],
                    [
                        -86.2289089,
                        37.294787
                    ],
                    [
                        -86.2287888,
                        37.2948121
                    ],
                    [
                        -86.2284791,
                        37.2948322
                    ],
                    [
                        -86.2284475,
                        37.2947744
                    ],
                    [
                        -86.2285865,
                        37.2946839
                    ],
                    [
                        -86.228675,
                        37.2945556
                    ],
                    [
                        -86.2288015,
                        37.294533
                    ],
                    [
                        -86.2289121,
                        37.2945104
                    ],
                    [
                        -86.2290448,
                        37.2944928
                    ],
                    [
                        -86.2292124,
                        37.294528
                    ]
                ],
                [
                    [
                        -86.1569431,
                        37.3478862
                    ],
                    [
                        -86.1565139,
                        37.3476132
                    ],
                    [
                        -86.1563423,
                        37.3473608
                    ],
                    [
                        -86.1563251,
                        37.3469991
                    ],
                    [
                        -86.1564968,
                        37.3466102
                    ],
                    [
                        -86.1566856,
                        37.346385
                    ],
                    [
                        -86.1569431,
                        37.3462281
                    ],
                    [
                        -86.1572006,
                        37.3460098
                    ],
                    [
                        -86.1575267,
                        37.3458596
                    ],
                    [
                        -86.1575954,
                        37.3460643
                    ],
                    [
                        -86.1574838,
                        37.3462963
                    ],
                    [
                        -86.1573379,
                        37.3465556
                    ],
                    [
                        -86.1571405,
                        37.3467944
                    ],
                    [
                        -86.1570547,
                        37.3470878
                    ],
                    [
                        -86.1571147,
                        37.3473062
                    ],
                    [
                        -86.1572263,
                        37.3475655
                    ],
                    [
                        -86.1571662,
                        37.3477497
                    ],
                    [
                        -86.1569431,
                        37.3478862
                    ]
                ],
                [
                    [
                        -86.116839,
                        37.3521178
                    ],
                    [
                        -86.1165873,
                        37.3522402
                    ],
                    [
                        -86.1164067,
                        37.3522331
                    ],
                    [
                        -86.1162646,
                        37.352292
                    ],
                    [
                        -86.1161698,
                        37.3522543
                    ],
                    [
                        -86.1161817,
                        37.3521602
                    ],
                    [
                        -86.1163741,
                        37.3520519
                    ],
                    [
                        -86.1163297,
                        37.3519578
                    ],
                    [
                        -86.1163564,
                        37.3518565
                    ],
                    [
                        -86.1165074,
                        37.3517718
                    ],
                    [
                        -86.1166998,
                        37.3517836
                    ],
                    [
                        -86.116839,
                        37.3521178
                    ]
                ],
                [
                    [
                        -86.1425613,
                        37.322629
                    ],
                    [
                        -86.1428964,
                        37.3224735
                    ],
                    [
                        -86.1432688,
                        37.3224291
                    ],
                    [
                        -86.1436318,
                        37.322518
                    ],
                    [
                        -86.1437435,
                        37.322666
                    ],
                    [
                        -86.1438273,
                        37.3228215
                    ],
                    [
                        -86.1439204,
                        37.323273
                    ],
                    [
                        -86.1439204,
                        37.3240873
                    ],
                    [
                        -86.1437528,
                        37.3245463
                    ],
                    [
                        -86.1436783,
                        37.3246943
                    ],
                    [
                        -86.1429243,
                        37.3248202
                    ],
                    [
                        -86.1429429,
                        37.3249682
                    ],
                    [
                        -86.1431291,
                        37.32502
                    ],
                    [
                        -86.1432594,
                        37.3251385
                    ],
                    [
                        -86.1433153,
                        37.3252939
                    ],
                    [
                        -86.1429895,
                        37.3256936
                    ],
                    [
                        -86.1428033,
                        37.3257232
                    ],
                    [
                        -86.1426358,
                        37.3256788
                    ],
                    [
                        -86.1424682,
                        37.3253975
                    ],
                    [
                        -86.1423006,
                        37.3253161
                    ],
                    [
                        -86.1420959,
                        37.3253013
                    ],
                    [
                        -86.1419655,
                        37.3254049
                    ],
                    [
                        -86.1422169,
                        37.3258269
                    ],
                    [
                        -86.1422727,
                        37.3261378
                    ],
                    [
                        -86.1419097,
                        37.3260638
                    ],
                    [
                        -86.1417887,
                        37.3266855
                    ],
                    [
                        -86.1412767,
                        37.3273814
                    ],
                    [
                        -86.1411464,
                        37.327485
                    ],
                    [
                        -86.1410067,
                        37.3273814
                    ],
                    [
                        -86.1408485,
                        37.3266485
                    ],
                    [
                        -86.140774,
                        37.3265227
                    ],
                    [
                        -86.1404203,
                        37.3264043
                    ],
                    [
                        -86.1402434,
                        37.3264265
                    ],
                    [
                        -86.1400852,
                        37.3265153
                    ],
                    [
                        -86.1399548,
                        37.3266411
                    ],
                    [
                        -86.1401876,
                        37.3272407
                    ],
                    [
                        -86.1402341,
                        37.3279143
                    ],
                    [
                        -86.1401969,
                        37.3280698
                    ],
                    [
                        -86.139899,
                        37.3282696
                    ],
                    [
                        -86.139387,
                        37.3280327
                    ],
                    [
                        -86.1387633,
                        37.3275812
                    ],
                    [
                        -86.1375532,
                        37.3268928
                    ],
                    [
                        -86.1368457,
                        37.3266263
                    ],
                    [
                        -86.1365013,
                        37.3264561
                    ],
                    [
                        -86.1354308,
                        37.326086
                    ],
                    [
                        -86.1346302,
                        37.3259897
                    ],
                    [
                        -86.134444,
                        37.3260193
                    ],
                    [
                        -86.1344068,
                        37.3258713
                    ],
                    [
                        -86.1348257,
                        37.3253457
                    ],
                    [
                        -86.13598,
                        37.324909
                    ],
                    [
                        -86.1369481,
                        37.3247313
                    ],
                    [
                        -86.1382327,
                        37.3247165
                    ],
                    [
                        -86.1390519,
                        37.3246277
                    ],
                    [
                        -86.1400107,
                        37.3242576
                    ],
                    [
                        -86.1411557,
                        37.3234729
                    ],
                    [
                        -86.1418073,
                        37.3230806
                    ],
                    [
                        -86.142161,
                        37.3229251
                    ],
                    [
                        -86.1425613,
                        37.322629
                    ]
                ],
                [
                    [
                        -86.1799952,
                        37.3345363
                    ],
                    [
                        -86.1799557,
                        37.3346462
                    ],
                    [
                        -86.179857,
                        37.3347247
                    ],
                    [
                        -86.1797121,
                        37.3347613
                    ],
                    [
                        -86.1795805,
                        37.3347613
                    ],
                    [
                        -86.1794423,
                        37.3345677
                    ],
                    [
                        -86.179383,
                        37.3336884
                    ],
                    [
                        -86.1795476,
                        37.3333849
                    ],
                    [
                        -86.1796924,
                        37.3334163
                    ],
                    [
                        -86.1797253,
                        37.3336308
                    ],
                    [
                        -86.1797187,
                        37.3338611
                    ],
                    [
                        -86.1796332,
                        37.3342013
                    ],
                    [
                        -86.1796858,
                        37.334306
                    ],
                    [
                        -86.1799162,
                        37.3344211
                    ],
                    [
                        -86.1799952,
                        37.3345363
                    ]
                ],
                [
                    [
                        -86.2228297,
                        37.3155121
                    ],
                    [
                        -86.2220333,
                        37.3147373
                    ],
                    [
                        -86.2214606,
                        37.3144127
                    ],
                    [
                        -86.2210591,
                        37.314308
                    ],
                    [
                        -86.2200849,
                        37.3141981
                    ],
                    [
                        -86.2194662,
                        37.3141981
                    ],
                    [
                        -86.2187882,
                        37.3143709
                    ],
                    [
                        -86.2184525,
                        37.314575
                    ],
                    [
                        -86.2175178,
                        37.3155121
                    ],
                    [
                        -86.2167608,
                        37.3160408
                    ],
                    [
                        -86.2166358,
                        37.3160984
                    ],
                    [
                        -86.2163857,
                        37.3161141
                    ],
                    [
                        -86.2159578,
                        37.3159989
                    ],
                    [
                        -86.2157208,
                        37.3158524
                    ],
                    [
                        -86.21553,
                        37.3155592
                    ],
                    [
                        -86.215372,
                        37.3136798
                    ],
                    [
                        -86.2154444,
                        37.3134442
                    ],
                    [
                        -86.2159907,
                        37.3129312
                    ],
                    [
                        -86.2161158,
                        37.312727
                    ],
                    [
                        -86.2161816,
                        37.3125019
                    ],
                    [
                        -86.2161948,
                        37.312125
                    ],
                    [
                        -86.216254,
                        37.3117952
                    ],
                    [
                        -86.2164449,
                        37.3114968
                    ],
                    [
                        -86.216932,
                        37.3112507
                    ],
                    [
                        -86.2172282,
                        37.3112088
                    ],
                    [
                        -86.2180839,
                        37.3112507
                    ],
                    [
                        -86.2190449,
                        37.3116695
                    ],
                    [
                        -86.2195781,
                        37.3120726
                    ],
                    [
                        -86.2199269,
                        37.3124705
                    ],
                    [
                        -86.2200388,
                        37.3128422
                    ],
                    [
                        -86.2202231,
                        37.3131563
                    ],
                    [
                        -86.2204009,
                        37.3133343
                    ],
                    [
                        -86.2206312,
                        37.3134652
                    ],
                    [
                        -86.2212566,
                        37.3137322
                    ],
                    [
                        -86.2214079,
                        37.3137112
                    ],
                    [
                        -86.2217502,
                        37.3134861
                    ],
                    [
                        -86.2218687,
                        37.3132924
                    ],
                    [
                        -86.2220793,
                        37.3134442
                    ],
                    [
                        -86.2221912,
                        37.3136484
                    ],
                    [
                        -86.2222768,
                        37.3141039
                    ],
                    [
                        -86.2224348,
                        37.3144337
                    ],
                    [
                        -86.2225269,
                        37.3148577
                    ],
                    [
                        -86.2228297,
                        37.3155121
                    ]
                ]
            ]
        }
    }
]