[
    {
        "type": "Feature",
        "id": "relation/2382844",
        "properties": {
            "@id": "relation/2382844",
            "name": "Patoka Lake",
            "natural": "water",
            "type": "multipolygon",
            "water": "reservoir",
            "wikidata": "Q7145151",
            "wikipedia": "en:Patoka Lake",
            "@timestamp": "2024-11-11T02:05:53Z",
            "@version": 11,
            "@changeset": 158991074,
            "@user": "katana7",
            "@uid": 20941802,
            "@osm3s:version": 0.6,
            "@osm3s:generator": "Overpass API 0.7.62.5 1bd436f1",
            "@osm3s:timestamp_osm_base": "2025-02-16T09:41:30Z",
            "@osm3s:copyright": "The data included in this document is from www.openstreetmap.org. The data is made available under ODbL."
        },
        "geometry": {
            "type": "Polygon",
            "coordinates": [
                [
                    [
                        -86.5364425,
                        38.414879
                    ],
                    [
                        -86.5366678,
                        38.4149715
                    ],
                    [
                        -86.5368394,
                        38.4151312
                    ],
                    [
                        -86.5370111,
                        38.4153834
                    ],
                    [
                        -86.5370111,
                        38.4156104
                    ],
                    [
                        -86.5371077,
                        38.4157617
                    ],
                    [
                        -86.53729,
                        38.4157617
                    ],
                    [
                        -86.5376334,
                        38.4157617
                    ],
                    [
                        -86.5378587,
                        38.4159886
                    ],
                    [
                        -86.5378801,
                        38.4162829
                    ],
                    [
                        -86.5378372,
                        38.4164762
                    ],
                    [
                        -86.5378699,
                        38.4167586
                    ],
                    [
                        -86.5378807,
                        38.417179
                    ],
                    [
                        -86.5379981,
                        38.4174597
                    ],
                    [
                        -86.5381167,
                        38.417759
                    ],
                    [
                        -86.5382991,
                        38.4180784
                    ],
                    [
                        -86.53846,
                        38.4184399
                    ],
                    [
                        -86.5384166,
                        38.4185693
                    ],
                    [
                        -86.5382556,
                        38.4185609
                    ],
                    [
                        -86.5381054,
                        38.4186113
                    ],
                    [
                        -86.5381382,
                        38.4188517
                    ],
                    [
                        -86.5381596,
                        38.4190031
                    ],
                    [
                        -86.5384917,
                        38.4191241
                    ],
                    [
                        -86.538835,
                        38.4191745
                    ],
                    [
                        -86.5386746,
                        38.4194149
                    ],
                    [
                        -86.5386424,
                        38.4195831
                    ],
                    [
                        -86.5389637,
                        38.4195948
                    ],
                    [
                        -86.5390818,
                        38.4197714
                    ],
                    [
                        -86.5390608,
                        38.4200874
                    ],
                    [
                        -86.5387921,
                        38.4201748
                    ],
                    [
                        -86.5387813,
                        38.4203682
                    ],
                    [
                        -86.5389852,
                        38.4207716
                    ],
                    [
                        -86.538835,
                        38.4210742
                    ],
                    [
                        -86.538621,
                        38.4211381
                    ],
                    [
                        -86.5384386,
                        38.4215248
                    ],
                    [
                        -86.5384595,
                        38.421856
                    ],
                    [
                        -86.5387384,
                        38.421856
                    ],
                    [
                        -86.5388886,
                        38.4217299
                    ],
                    [
                        -86.5391032,
                        38.4218139
                    ],
                    [
                        -86.5393822,
                        38.4220829
                    ],
                    [
                        -86.5396718,
                        38.4222678
                    ],
                    [
                        -86.5400259,
                        38.4223771
                    ],
                    [
                        -86.5405301,
                        38.422562
                    ],
                    [
                        -86.5409378,
                        38.4228058
                    ],
                    [
                        -86.5416465,
                        38.4231555
                    ],
                    [
                        -86.5426437,
                        38.4238565
                    ],
                    [
                        -86.5433947,
                        38.4245457
                    ],
                    [
                        -86.5433846,
                        38.424887
                    ],
                    [
                        -86.543384,
                        38.4251929
                    ],
                    [
                        -86.5437488,
                        38.4253694
                    ],
                    [
                        -86.5441243,
                        38.4255375
                    ],
                    [
                        -86.5440599,
                        38.4257981
                    ],
                    [
                        -86.5439205,
                        38.4261175
                    ],
                    [
                        -86.5441141,
                        38.4264755
                    ],
                    [
                        -86.5444145,
                        38.4268537
                    ],
                    [
                        -86.5447251,
                        38.426958
                    ],
                    [
                        -86.545283,
                        38.4269916
                    ],
                    [
                        -86.5456049,
                        38.4271429
                    ],
                    [
                        -86.5454761,
                        38.427395
                    ],
                    [
                        -86.5453265,
                        38.4275682
                    ],
                    [
                        -86.5451226,
                        38.4277447
                    ],
                    [
                        -86.5452616,
                        38.428101
                    ],
                    [
                        -86.5455298,
                        38.4282775
                    ],
                    [
                        -86.5457551,
                        38.4282187
                    ],
                    [
                        -86.5459375,
                        38.4281767
                    ],
                    [
                        -86.5458951,
                        38.4283834
                    ],
                    [
                        -86.5456907,
                        38.4287566
                    ],
                    [
                        -86.5457556,
                        38.4294677
                    ],
                    [
                        -86.5458409,
                        38.4299669
                    ],
                    [
                        -86.5458624,
                        38.4304628
                    ],
                    [
                        -86.54582,
                        38.4307367
                    ],
                    [
                        -86.5459804,
                        38.4308158
                    ],
                    [
                        -86.5462486,
                        38.4308158
                    ],
                    [
                        -86.5464954,
                        38.430614
                    ],
                    [
                        -86.546667,
                        38.4303619
                    ],
                    [
                        -86.5469889,
                        38.4298492
                    ],
                    [
                        -86.5470533,
                        38.4296307
                    ],
                    [
                        -86.5474181,
                        38.4294122
                    ],
                    [
                        -86.5476005,
                        38.4291516
                    ],
                    [
                        -86.547697,
                        38.4289919
                    ],
                    [
                        -86.5478258,
                        38.4289415
                    ],
                    [
                        -86.5479652,
                        38.429076
                    ],
                    [
                        -86.5481584,
                        38.4289499
                    ],
                    [
                        -86.5485446,
                        38.4288407
                    ],
                    [
                        -86.5490381,
                        38.4287986
                    ],
                    [
                        -86.5496282,
                        38.428723
                    ],
                    [
                        -86.5502183,
                        38.4286642
                    ],
                    [
                        -86.5506904,
                        38.428723
                    ],
                    [
                        -86.5511195,
                        38.4288323
                    ],
                    [
                        -86.5517525,
                        38.4290172
                    ],
                    [
                        -86.5522997,
                        38.4290424
                    ],
                    [
                        -86.5526859,
                        38.4290256
                    ],
                    [
                        -86.5529649,
                        38.4289415
                    ],
                    [
                        -86.5532867,
                        38.4289919
                    ],
                    [
                        -86.5536408,
                        38.4290088
                    ],
                    [
                        -86.5539197,
                        38.4291684
                    ],
                    [
                        -86.5540592,
                        38.4292273
                    ],
                    [
                        -86.554188,
                        38.429118
                    ],
                    [
                        -86.554424,
                        38.4290088
                    ],
                    [
                        -86.5547888,
                        38.4290004
                    ],
                    [
                        -86.5552823,
                        38.4291516
                    ],
                    [
                        -86.5557436,
                        38.4295719
                    ],
                    [
                        -86.5561299,
                        38.4301182
                    ],
                    [
                        -86.5564517,
                        38.4307317
                    ],
                    [
                        -86.5567849,
                        38.4312494
                    ],
                    [
                        -86.5571169,
                        38.4315722
                    ],
                    [
                        -86.5574388,
                        38.4316982
                    ],
                    [
                        -86.5577392,
                        38.431631
                    ],
                    [
                        -86.5578894,
                        38.4314545
                    ],
                    [
                        -86.5579538,
                        38.431236
                    ],
                    [
                        -86.5578894,
                        38.430925
                    ],
                    [
                        -86.5577285,
                        38.4306981
                    ],
                    [
                        -86.557471,
                        38.4305384
                    ],
                    [
                        -86.55731,
                        38.4302106
                    ],
                    [
                        -86.5572135,
                        38.4296475
                    ],
                    [
                        -86.5571813,
                        38.4292021
                    ],
                    [
                        -86.5570204,
                        38.4287398
                    ],
                    [
                        -86.557074,
                        38.4283364
                    ],
                    [
                        -86.5573959,
                        38.4277817
                    ],
                    [
                        -86.5579001,
                        38.4274371
                    ],
                    [
                        -86.5584258,
                        38.427042
                    ],
                    [
                        -86.5590481,
                        38.4267226
                    ],
                    [
                        -86.5599708,
                        38.4265629
                    ],
                    [
                        -86.5604965,
                        38.4265293
                    ],
                    [
                        -86.5606682,
                        38.4265293
                    ],
                    [
                        -86.5608184,
                        38.4267226
                    ],
                    [
                        -86.5609579,
                        38.426689
                    ],
                    [
                        -86.5610973,
                        38.4265377
                    ],
                    [
                        -86.5612261,
                        38.4264789
                    ],
                    [
                        -86.5614299,
                        38.426605
                    ],
                    [
                        -86.561666,
                        38.426647
                    ],
                    [
                        -86.5617631,
                        38.4267697
                    ],
                    [
                        -86.5619342,
                        38.4268571
                    ],
                    [
                        -86.5621273,
                        38.4267731
                    ],
                    [
                        -86.5623311,
                        38.4266218
                    ],
                    [
                        -86.5625028,
                        38.4265629
                    ],
                    [
                        -86.5625243,
                        38.4266638
                    ],
                    [
                        -86.5622453,
                        38.4269243
                    ],
                    [
                        -86.5620635,
                        38.4270723
                    ],
                    [
                        -86.5621278,
                        38.4271731
                    ],
                    [
                        -86.562256,
                        38.4273782
                    ],
                    [
                        -86.5624384,
                        38.427311
                    ],
                    [
                        -86.5625994,
                        38.4272605
                    ],
                    [
                        -86.5627496,
                        38.4273614
                    ],
                    [
                        -86.5629427,
                        38.4274034
                    ],
                    [
                        -86.5630071,
                        38.4275547
                    ],
                    [
                        -86.5631358,
                        38.4276388
                    ],
                    [
                        -86.5632753,
                        38.4275547
                    ],
                    [
                        -86.5634362,
                        38.427622
                    ],
                    [
                        -86.5636186,
                        38.4277312
                    ],
                    [
                        -86.5637795,
                        38.427748
                    ],
                    [
                        -86.5640692,
                        38.427622
                    ],
                    [
                        -86.5642409,
                        38.4274034
                    ],
                    [
                        -86.5643911,
                        38.4271849
                    ],
                    [
                        -86.5646057,
                        38.427084
                    ],
                    [
                        -86.5647988,
                        38.4270588
                    ],
                    [
                        -86.5650455,
                        38.4271513
                    ],
                    [
                        -86.565185,
                        38.4271177
                    ],
                    [
                        -86.5652816,
                        38.4270084
                    ],
                    [
                        -86.5654532,
                        38.4267394
                    ],
                    [
                        -86.5657107,
                        38.4265545
                    ],
                    [
                        -86.5659038,
                        38.4262183
                    ],
                    [
                        -86.5660219,
                        38.4257224
                    ],
                    [
                        -86.5661292,
                        38.4251088
                    ],
                    [
                        -86.5661721,
                        38.4245625
                    ],
                    [
                        -86.5661613,
                        38.4241422
                    ],
                    [
                        -86.5661399,
                        38.4236127
                    ],
                    [
                        -86.5662043,
                        38.4232681
                    ],
                    [
                        -86.5665261,
                        38.4229487
                    ],
                    [
                        -86.5667943,
                        38.4227806
                    ],
                    [
                        -86.5668158,
                        38.4225704
                    ],
                    [
                        -86.5666978,
                        38.4224023
                    ],
                    [
                        -86.5663437,
                        38.4222174
                    ],
                    [
                        -86.5661077,
                        38.4220325
                    ],
                    [
                        -86.5658609,
                        38.4214525
                    ],
                    [
                        -86.5654747,
                        38.4210742
                    ],
                    [
                        -86.565185,
                        38.4207464
                    ],
                    [
                        -86.5648637,
                        38.4202303
                    ],
                    [
                        -86.5647022,
                        38.4198134
                    ],
                    [
                        -86.5641765,
                        38.4192082
                    ],
                    [
                        -86.5640585,
                        38.4189224
                    ],
                    [
                        -86.564037,
                        38.4188131
                    ],
                    [
                        -86.5638439,
                        38.418687
                    ],
                    [
                        -86.5634791,
                        38.4181994
                    ],
                    [
                        -86.5633504,
                        38.417838
                    ],
                    [
                        -86.5633718,
                        38.4176699
                    ],
                    [
                        -86.5632324,
                        38.4174765
                    ],
                    [
                        -86.5632216,
                        38.4172412
                    ],
                    [
                        -86.563286,
                        38.4170058
                    ],
                    [
                        -86.5635328,
                        38.4167536
                    ],
                    [
                        -86.5635435,
                        38.4165098
                    ],
                    [
                        -86.5634148,
                        38.4164342
                    ],
                    [
                        -86.563168,
                        38.4165603
                    ],
                    [
                        -86.5629856,
                        38.4164174
                    ],
                    [
                        -86.562889,
                        38.4161904
                    ],
                    [
                        -86.5630285,
                        38.4160307
                    ],
                    [
                        -86.5633611,
                        38.4159634
                    ],
                    [
                        -86.5635542,
                        38.4158962
                    ],
                    [
                        -86.563522,
                        38.4157112
                    ],
                    [
                        -86.5633289,
                        38.4156524
                    ],
                    [
                        -86.5631036,
                        38.4155851
                    ],
                    [
                        -86.5627496,
                        38.4155767
                    ],
                    [
                        -86.5625457,
                        38.4155179
                    ],
                    [
                        -86.5624277,
                        38.4152825
                    ],
                    [
                        -86.5620844,
                        38.4152068
                    ],
                    [
                        -86.561666,
                        38.4150051
                    ],
                    [
                        -86.5611402,
                        38.4145596
                    ],
                    [
                        -86.560003,
                        38.4136853
                    ],
                    [
                        -86.5586297,
                        38.4127101
                    ],
                    [
                        -86.5575997,
                        38.4119451
                    ],
                    [
                        -86.5574817,
                        38.4117181
                    ],
                    [
                        -86.5575246,
                        38.4112894
                    ],
                    [
                        -86.5576212,
                        38.4107598
                    ],
                    [
                        -86.5579645,
                        38.410331
                    ],
                    [
                        -86.5583937,
                        38.4098938
                    ],
                    [
                        -86.5589194,
                        38.4095323
                    ],
                    [
                        -86.5592091,
                        38.4093138
                    ],
                    [
                        -86.5594129,
                        38.4092717
                    ],
                    [
                        -86.5597348,
                        38.4093558
                    ],
                    [
                        -86.5601425,
                        38.4092801
                    ],
                    [
                        -86.5605716,
                        38.4093138
                    ],
                    [
                        -86.5609364,
                        38.4093222
                    ],
                    [
                        -86.5612904,
                        38.4093978
                    ],
                    [
                        -86.5616338,
                        38.4094819
                    ],
                    [
                        -86.5620737,
                        38.4095071
                    ],
                    [
                        -86.5625135,
                        38.4094567
                    ],
                    [
                        -86.5628461,
                        38.4093306
                    ],
                    [
                        -86.5633933,
                        38.4089691
                    ],
                    [
                        -86.5639834,
                        38.4085235
                    ],
                    [
                        -86.5648417,
                        38.4080363
                    ],
                    [
                        -86.5655498,
                        38.4075907
                    ],
                    [
                        -86.5660648,
                        38.4073889
                    ],
                    [
                        -86.5666012,
                        38.4073637
                    ],
                    [
                        -86.5670304,
                        38.4073637
                    ],
                    [
                        -86.5673844,
                        38.4071199
                    ],
                    [
                        -86.5676526,
                        38.4067836
                    ],
                    [
                        -86.5679209,
                        38.406338
                    ],
                    [
                        -86.5682642,
                        38.4059092
                    ],
                    [
                        -86.5686182,
                        38.4055729
                    ],
                    [
                        -86.5690367,
                        38.4053375
                    ],
                    [
                        -86.5693616,
                        38.4052482
                    ],
                    [
                        -86.5696268,
                        38.4053123
                    ],
                    [
                        -86.5698091,
                        38.4054132
                    ],
                    [
                        -86.5699379,
                        38.4059092
                    ],
                    [
                        -86.569895,
                        38.4065146
                    ],
                    [
                        -86.5698521,
                        38.4069518
                    ],
                    [
                        -86.5696482,
                        38.4078429
                    ],
                    [
                        -86.5696804,
                        38.4084394
                    ],
                    [
                        -86.5697126,
                        38.4089438
                    ],
                    [
                        -86.5693376,
                        38.4093272
                    ],
                    [
                        -86.5691118,
                        38.4094315
                    ],
                    [
                        -86.5692405,
                        38.4096248
                    ],
                    [
                        -86.5695731,
                        38.4098266
                    ],
                    [
                        -86.5699808,
                        38.4102385
                    ],
                    [
                        -86.5699164,
                        38.4108774
                    ],
                    [
                        -86.5696375,
                        38.4115752
                    ],
                    [
                        -86.5691123,
                        38.4120006
                    ],
                    [
                        -86.5688757,
                        38.4120376
                    ],
                    [
                        -86.5680174,
                        38.412004
                    ],
                    [
                        -86.5675239,
                        38.4119367
                    ],
                    [
                        -86.5673201,
                        38.4117518
                    ],
                    [
                        -86.5671698,
                        38.4116509
                    ],
                    [
                        -86.5670733,
                        38.4115752
                    ],
                    [
                        -86.5668163,
                        38.4116475
                    ],
                    [
                        -86.5663974,
                        38.4118106
                    ],
                    [
                        -86.5662579,
                        38.4119787
                    ],
                    [
                        -86.566569,
                        38.4122393
                    ],
                    [
                        -86.5667192,
                        38.4123823
                    ],
                    [
                        -86.566709,
                        38.412732
                    ],
                    [
                        -86.5664296,
                        38.4131136
                    ],
                    [
                        -86.5662584,
                        38.4134297
                    ],
                    [
                        -86.5663115,
                        38.4135844
                    ],
                    [
                        -86.5665368,
                        38.4135003
                    ],
                    [
                        -86.5670411,
                        38.4133406
                    ],
                    [
                        -86.5675883,
                        38.4130548
                    ],
                    [
                        -86.5679101,
                        38.4129119
                    ],
                    [
                        -86.5683071,
                        38.4129791
                    ],
                    [
                        -86.5688114,
                        38.4130548
                    ],
                    [
                        -86.5689723,
                        38.4128362
                    ],
                    [
                        -86.5691118,
                        38.4129455
                    ],
                    [
                        -86.5693585,
                        38.4133826
                    ],
                    [
                        -86.570013,
                        38.4138618
                    ],
                    [
                        -86.5704529,
                        38.4141308
                    ],
                    [
                        -86.5710537,
                        38.4143494
                    ],
                    [
                        -86.5716545,
                        38.4144166
                    ],
                    [
                        -86.5721695,
                        38.4144587
                    ],
                    [
                        -86.5723626,
                        38.4146352
                    ],
                    [
                        -86.5722875,
                        38.4150639
                    ],
                    [
                        -86.572266,
                        38.4155011
                    ],
                    [
                        -86.5725128,
                        38.4157701
                    ],
                    [
                        -86.5725563,
                        38.4162795
                    ],
                    [
                        -86.572427,
                        38.4165939
                    ],
                    [
                        -86.5726737,
                        38.4165182
                    ],
                    [
                        -86.5728883,
                        38.4162997
                    ],
                    [
                        -86.5732746,
                        38.4159046
                    ],
                    [
                        -86.5733818,
                        38.4155095
                    ],
                    [
                        -86.5734033,
                        38.415106
                    ],
                    [
                        -86.573575,
                        38.4147277
                    ],
                    [
                        -86.5740685,
                        38.4144503
                    ],
                    [
                        -86.5750985,
                        38.4142149
                    ],
                    [
                        -86.57571,
                        38.4140215
                    ],
                    [
                        -86.5762035,
                        38.4138282
                    ],
                    [
                        -86.5768902,
                        38.4137357
                    ],
                    [
                        -86.5776305,
                        38.4134919
                    ],
                    [
                        -86.5782742,
                        38.4132397
                    ],
                    [
                        -86.5788106,
                        38.4129203
                    ],
                    [
                        -86.578993,
                        38.4128278
                    ],
                    [
                        -86.5791754,
                        38.4130212
                    ],
                    [
                        -86.5795187,
                        38.4133826
                    ],
                    [
                        -86.5796689,
                        38.4134331
                    ],
                    [
                        -86.579508,
                        38.4132145
                    ],
                    [
                        -86.5794007,
                        38.4129539
                    ],
                    [
                        -86.57939,
                        38.4126597
                    ],
                    [
                        -86.5792511,
                        38.4123285
                    ],
                    [
                        -86.5793042,
                        38.4119367
                    ],
                    [
                        -86.5792183,
                        38.4114743
                    ],
                    [
                        -86.5791754,
                        38.4108943
                    ],
                    [
                        -86.5792505,
                        38.4104151
                    ],
                    [
                        -86.5792934,
                        38.4100788
                    ],
                    [
                        -86.5794329,
                        38.4099863
                    ],
                    [
                        -86.5795617,
                        38.4101208
                    ],
                    [
                        -86.5796266,
                        38.4103949
                    ],
                    [
                        -86.5796588,
                        38.4106723
                    ],
                    [
                        -86.5798513,
                        38.4107766
                    ],
                    [
                        -86.5799801,
                        38.4105916
                    ],
                    [
                        -86.5799908,
                        38.4104151
                    ],
                    [
                        -86.5801625,
                        38.4103814
                    ],
                    [
                        -86.5801088,
                        38.4102469
                    ],
                    [
                        -86.5800981,
                        38.4100704
                    ],
                    [
                        -86.5801303,
                        38.4097845
                    ],
                    [
                        -86.5800337,
                        38.4094315
                    ],
                    [
                        -86.5798835,
                        38.4090279
                    ],
                    [
                        -86.5798728,
                        38.408885
                    ],
                    [
                        -86.5801625,
                        38.4088346
                    ],
                    [
                        -86.5802698,
                        38.4087841
                    ],
                    [
                        -86.5803663,
                        38.4086244
                    ],
                    [
                        -86.5805809,
                        38.4084815
                    ],
                    [
                        -86.5807096,
                        38.408196
                    ],
                    [
                        -86.5809135,
                        38.4081456
                    ],
                    [
                        -86.5812568,
                        38.4080783
                    ],
                    [
                        -86.5815036,
                        38.4082717
                    ],
                    [
                        -86.5817074,
                        38.408431
                    ],
                    [
                        -86.5818474,
                        38.4086546
                    ],
                    [
                        -86.5816865,
                        38.4088564
                    ],
                    [
                        -86.581686,
                        38.4090279
                    ],
                    [
                        -86.5819649,
                        38.4090952
                    ],
                    [
                        -86.5822117,
                        38.4092465
                    ],
                    [
                        -86.5823082,
                        38.4094987
                    ],
                    [
                        -86.5827588,
                        38.4094903
                    ],
                    [
                        -86.5830914,
                        38.40965
                    ],
                    [
                        -86.5834777,
                        38.4099107
                    ],
                    [
                        -86.583564,
                        38.4101427
                    ],
                    [
                        -86.5834675,
                        38.4103108
                    ],
                    [
                        -86.5837137,
                        38.4103646
                    ],
                    [
                        -86.583821,
                        38.4104487
                    ],
                    [
                        -86.583821,
                        38.4106841
                    ],
                    [
                        -86.5838966,
                        38.4108152
                    ],
                    [
                        -86.5840678,
                        38.4106252
                    ],
                    [
                        -86.5842823,
                        38.4106589
                    ],
                    [
                        -86.5844755,
                        38.4108859
                    ],
                    [
                        -86.5853981,
                        38.411508
                    ],
                    [
                        -86.5859453,
                        38.4118947
                    ],
                    [
                        -86.5862564,
                        38.4120712
                    ],
                    [
                        -86.5864174,
                        38.4123486
                    ],
                    [
                        -86.5863101,
                        38.4125336
                    ],
                    [
                        -86.5861282,
                        38.4125807
                    ],
                    [
                        -86.5861492,
                        38.412853
                    ],
                    [
                        -86.5857742,
                        38.4133625
                    ],
                    [
                        -86.5855167,
                        38.4139089
                    ],
                    [
                        -86.5849904,
                        38.4141981
                    ],
                    [
                        -86.58469,
                        38.4144755
                    ],
                    [
                        -86.5846155,
                        38.4146739
                    ],
                    [
                        -86.5850119,
                        38.4145175
                    ],
                    [
                        -86.5852801,
                        38.4144335
                    ],
                    [
                        -86.5855376,
                        38.4144503
                    ],
                    [
                        -86.5856985,
                        38.4146604
                    ],
                    [
                        -86.585602,
                        38.4150219
                    ],
                    [
                        -86.5854094,
                        38.4152875
                    ],
                    [
                        -86.5852909,
                        38.4156776
                    ],
                    [
                        -86.585345,
                        38.4160861
                    ],
                    [
                        -86.5852485,
                        38.4162122
                    ],
                    [
                        -86.5853874,
                        38.4163753
                    ],
                    [
                        -86.5857098,
                        38.4167418
                    ],
                    [
                        -86.5857522,
                        38.4170983
                    ],
                    [
                        -86.5859458,
                        38.4177253
                    ],
                    [
                        -86.5862677,
                        38.4184399
                    ],
                    [
                        -86.5866856,
                        38.418914
                    ],
                    [
                        -86.5866325,
                        38.4191291
                    ],
                    [
                        -86.5865574,
                        38.4192973
                    ],
                    [
                        -86.5866749,
                        38.4194771
                    ],
                    [
                        -86.5869324,
                        38.4199395
                    ],
                    [
                        -86.5871475,
                        38.4206674
                    ],
                    [
                        -86.5871899,
                        38.4210658
                    ],
                    [
                        -86.5874903,
                        38.4213516
                    ],
                    [
                        -86.5878121,
                        38.4216626
                    ],
                    [
                        -86.5880482,
                        38.4220241
                    ],
                    [
                        -86.5883057,
                        38.4220829
                    ],
                    [
                        -86.588649,
                        38.4220997
                    ],
                    [
                        -86.5887348,
                        38.4219484
                    ],
                    [
                        -86.5885202,
                        38.4216963
                    ],
                    [
                        -86.5881125,
                        38.4212339
                    ],
                    [
                        -86.5878658,
                        38.420965
                    ],
                    [
                        -86.5878872,
                        38.4207044
                    ],
                    [
                        -86.5878336,
                        38.4200992
                    ],
                    [
                        -86.5878872,
                        38.4197629
                    ],
                    [
                        -86.5877263,
                        38.4190232
                    ],
                    [
                        -86.587501,
                        38.4184684
                    ],
                    [
                        -86.5873293,
                        38.4180565
                    ],
                    [
                        -86.5873401,
                        38.4178212
                    ],
                    [
                        -86.5871899,
                        38.4174681
                    ],
                    [
                        -86.5869753,
                        38.4169806
                    ],
                    [
                        -86.5869216,
                        38.41672
                    ],
                    [
                        -86.5869216,
                        38.4164174
                    ],
                    [
                        -86.5868143,
                        38.4158794
                    ],
                    [
                        -86.5868895,
                        38.4154927
                    ],
                    [
                        -86.5872864,
                        38.4149126
                    ],
                    [
                        -86.5875332,
                        38.4144587
                    ],
                    [
                        -86.5877263,
                        38.4139795
                    ],
                    [
                        -86.5880052,
                        38.4137189
                    ],
                    [
                        -86.588252,
                        38.4135676
                    ],
                    [
                        -86.5886383,
                        38.413618
                    ],
                    [
                        -86.5889607,
                        38.4137576
                    ],
                    [
                        -86.5891425,
                        38.4141645
                    ],
                    [
                        -86.5892069,
                        38.4146016
                    ],
                    [
                        -86.5893898,
                        38.4149093
                    ],
                    [
                        -86.5900008,
                        38.4153413
                    ],
                    [
                        -86.5903334,
                        38.415644
                    ],
                    [
                        -86.5905265,
                        38.4157533
                    ],
                    [
                        -86.5904514,
                        38.4155851
                    ],
                    [
                        -86.5901832,
                        38.4152405
                    ],
                    [
                        -86.5898721,
                        38.4146268
                    ],
                    [
                        -86.5898613,
                        38.4143074
                    ],
                    [
                        -86.5899579,
                        38.4140636
                    ],
                    [
                        -86.5902905,
                        38.4140131
                    ],
                    [
                        -86.5907947,
                        38.4140047
                    ],
                    [
                        -86.5912454,
                        38.4138618
                    ],
                    [
                        -86.5916423,
                        38.4136096
                    ],
                    [
                        -86.5920822,
                        38.4132986
                    ],
                    [
                        -86.5923075,
                        38.4129623
                    ],
                    [
                        -86.5925006,
                        38.4126933
                    ],
                    [
                        -86.5926616,
                        38.4126765
                    ],
                    [
                        -86.5927903,
                        38.412811
                    ],
                    [
                        -86.5929942,
                        38.4131473
                    ],
                    [
                        -86.5933268,
                        38.4133742
                    ],
                    [
                        -86.5937666,
                        38.4136685
                    ],
                    [
                        -86.59411,
                        38.4139291
                    ],
                    [
                        -86.5943996,
                        38.4142233
                    ],
                    [
                        -86.5945928,
                        38.4143998
                    ],
                    [
                        -86.5948502,
                        38.4144755
                    ],
                    [
                        -86.5948395,
                        38.4143578
                    ],
                    [
                        -86.5945928,
                        38.4140972
                    ],
                    [
                        -86.5944747,
                        38.4137609
                    ],
                    [
                        -86.5942816,
                        38.4134751
                    ],
                    [
                        -86.5934877,
                        38.4126008
                    ],
                    [
                        -86.5934126,
                        38.4122898
                    ],
                    [
                        -86.5932302,
                        38.4121217
                    ],
                    [
                        -86.5930478,
                        38.4118695
                    ],
                    [
                        -86.5931014,
                        38.4116088
                    ],
                    [
                        -86.5933375,
                        38.4111801
                    ],
                    [
                        -86.593198,
                        38.4109363
                    ],
                    [
                        -86.5930693,
                        38.4106673
                    ],
                    [
                        -86.5929727,
                        38.4104235
                    ],
                    [
                        -86.5930263,
                        38.4101292
                    ],
                    [
                        -86.5932517,
                        38.4100031
                    ],
                    [
                        -86.5934126,
                        38.409566
                    ],
                    [
                        -86.5936593,
                        38.4093558
                    ],
                    [
                        -86.5940241,
                        38.4093894
                    ],
                    [
                        -86.5944104,
                        38.4095996
                    ],
                    [
                        -86.5947644,
                        38.4099611
                    ],
                    [
                        -86.5949044,
                        38.4102604
                    ],
                    [
                        -86.5950326,
                        38.4105496
                    ],
                    [
                        -86.5951614,
                        38.4107009
                    ],
                    [
                        -86.595376,
                        38.4107766
                    ],
                    [
                        -86.595612,
                        38.4107513
                    ],
                    [
                        -86.5959017,
                        38.4109447
                    ],
                    [
                        -86.5959982,
                        38.4110624
                    ],
                    [
                        -86.5964274,
                        38.4110792
                    ],
                    [
                        -86.5972642,
                        38.4111801
                    ],
                    [
                        -86.5979616,
                        38.4115248
                    ],
                    [
                        -86.5982727,
                        38.4118526
                    ],
                    [
                        -86.5984766,
                        38.4121805
                    ],
                    [
                        -86.5987019,
                        38.4122898
                    ],
                    [
                        -86.5990989,
                        38.4124831
                    ],
                    [
                        -86.5995387,
                        38.4127101
                    ],
                    [
                        -86.5997962,
                        38.4126933
                    ],
                    [
                        -86.5995495,
                        38.4124327
                    ],
                    [
                        -86.5990774,
                        38.4120376
                    ],
                    [
                        -86.5988521,
                        38.4115584
                    ],
                    [
                        -86.5986912,
                        38.4109111
                    ],
                    [
                        -86.5989379,
                        38.4105832
                    ],
                    [
                        -86.599292,
                        38.4100368
                    ],
                    [
                        -86.5996031,
                        38.4096416
                    ],
                    [
                        -86.5997962,
                        38.4091708
                    ],
                    [
                        -86.5999572,
                        38.4088261
                    ],
                    [
                        -86.6002469,
                        38.4085823
                    ],
                    [
                        -86.6003434,
                        38.4083053
                    ],
                    [
                        -86.6003649,
                        38.4075403
                    ],
                    [
                        -86.6004185,
                        38.4071367
                    ],
                    [
                        -86.6005794,
                        38.4069686
                    ],
                    [
                        -86.6008584,
                        38.4070863
                    ],
                    [
                        -86.601191,
                        38.4072712
                    ],
                    [
                        -86.6013627,
                        38.4072124
                    ],
                    [
                        -86.6015987,
                        38.4073049
                    ],
                    [
                        -86.6016845,
                        38.4072124
                    ],
                    [
                        -86.6015558,
                        38.4070022
                    ],
                    [
                        -86.6013412,
                        38.4066911
                    ],
                    [
                        -86.601191,
                        38.4063969
                    ],
                    [
                        -86.6011481,
                        38.406111
                    ],
                    [
                        -86.6011622,
                        38.4059154
                    ],
                    [
                        -86.6012124,
                        38.4057579
                    ],
                    [
                        -86.6013627,
                        38.405615
                    ],
                    [
                        -86.6012017,
                        38.4053628
                    ],
                    [
                        -86.6010837,
                        38.4050685
                    ],
                    [
                        -86.6010944,
                        38.4045136
                    ],
                    [
                        -86.6011052,
                        38.4039419
                    ],
                    [
                        -86.601309,
                        38.4033365
                    ],
                    [
                        -86.6014485,
                        38.4030086
                    ],
                    [
                        -86.6015343,
                        38.4026975
                    ],
                    [
                        -86.6014485,
                        38.4021426
                    ],
                    [
                        -86.6012339,
                        38.4014279
                    ],
                    [
                        -86.6011481,
                        38.4006965
                    ],
                    [
                        -86.601191,
                        38.4001415
                    ],
                    [
                        -86.6015558,
                        38.3994941
                    ],
                    [
                        -86.6019205,
                        38.3992587
                    ],
                    [
                        -86.6022853,
                        38.3992418
                    ],
                    [
                        -86.6026608,
                        38.3993932
                    ],
                    [
                        -86.6027789,
                        38.3998136
                    ],
                    [
                        -86.6028009,
                        38.4000873
                    ],
                    [
                        -86.6029398,
                        38.4003349
                    ],
                    [
                        -86.6030578,
                        38.4005031
                    ],
                    [
                        -86.6029612,
                        38.400831
                    ],
                    [
                        -86.6029618,
                        38.4011803
                    ],
                    [
                        -86.6030363,
                        38.4013355
                    ],
                    [
                        -86.6032617,
                        38.4013943
                    ],
                    [
                        -86.6036479,
                        38.4013691
                    ],
                    [
                        -86.6042058,
                        38.4014952
                    ],
                    [
                        -86.6049032,
                        38.4016381
                    ],
                    [
                        -86.6052036,
                        38.4018988
                    ],
                    [
                        -86.6052894,
                        38.4023192
                    ],
                    [
                        -86.6054611,
                        38.4024453
                    ],
                    [
                        -86.6055469,
                        38.4027059
                    ],
                    [
                        -86.6055684,
                        38.4028741
                    ],
                    [
                        -86.6060726,
                        38.4030423
                    ],
                    [
                        -86.6066091,
                        38.4032188
                    ],
                    [
                        -86.6069846,
                        38.4034711
                    ],
                    [
                        -86.6072742,
                        38.4038326
                    ],
                    [
                        -86.607757,
                        38.403841
                    ],
                    [
                        -86.608551,
                        38.4037821
                    ],
                    [
                        -86.6092269,
                        38.4038494
                    ],
                    [
                        -86.6099779,
                        38.4040091
                    ],
                    [
                        -86.6105465,
                        38.4041437
                    ],
                    [
                        -86.6110508,
                        38.4041605
                    ],
                    [
                        -86.6115121,
                        38.4041353
                    ],
                    [
                        -86.6120164,
                        38.4037905
                    ],
                    [
                        -86.6123919,
                        38.4036644
                    ],
                    [
                        -86.6127352,
                        38.4034879
                    ],
                    [
                        -86.6133146,
                        38.4029582
                    ],
                    [
                        -86.6139154,
                        38.4026051
                    ],
                    [
                        -86.6144518,
                        38.4022099
                    ],
                    [
                        -86.6149346,
                        38.4021006
                    ],
                    [
                        -86.6153423,
                        38.4019997
                    ],
                    [
                        -86.6154067,
                        38.4019072
                    ],
                    [
                        -86.6152243,
                        38.4004526
                    ],
                    [
                        -86.6152887,
                        38.4003685
                    ],
                    [
                        -86.6155596,
                        38.4003357
                    ],
                    [
                        -86.6156746,
                        38.4004194
                    ],
                    [
                        -86.6157604,
                        38.4007725
                    ],
                    [
                        -86.6158677,
                        38.4016638
                    ],
                    [
                        -86.6160179,
                        38.402555
                    ],
                    [
                        -86.6157604,
                        38.4034631
                    ],
                    [
                        -86.6155029,
                        38.4045224
                    ],
                    [
                        -86.6149665,
                        38.4053296
                    ],
                    [
                        -86.6142798,
                        38.4059853
                    ],
                    [
                        -86.6137005,
                        38.4061367
                    ],
                    [
                        -86.6130996,
                        38.4066243
                    ],
                    [
                        -86.6130138,
                        38.4073137
                    ],
                    [
                        -86.6124559,
                        38.4078518
                    ],
                    [
                        -86.6113616,
                        38.4081544
                    ],
                    [
                        -86.6102887,
                        38.4084907
                    ],
                    [
                        -86.6095806,
                        38.4088438
                    ],
                    [
                        -86.6091085,
                        38.4096509
                    ],
                    [
                        -86.6088725,
                        38.410542
                    ],
                    [
                        -86.6089154,
                        38.4110969
                    ],
                    [
                        -86.6092587,
                        38.4113827
                    ],
                    [
                        -86.6094583,
                        38.4108892
                    ],
                    [
                        -86.6097308,
                        38.4101049
                    ],
                    [
                        -86.6102887,
                        38.4095164
                    ],
                    [
                        -86.610868,
                        38.4096172
                    ],
                    [
                        -86.611647,
                        38.4097291
                    ],
                    [
                        -86.6121984,
                        38.4097013
                    ],
                    [
                        -86.6123057,
                        38.4101889
                    ],
                    [
                        -86.6126276,
                        38.4109119
                    ],
                    [
                        -86.6129924,
                        38.4119375
                    ],
                    [
                        -86.6134494,
                        38.4122679
                    ],
                    [
                        -86.6134923,
                        38.4116963
                    ],
                    [
                        -86.6134859,
                        38.4110128
                    ],
                    [
                        -86.6139579,
                        38.4107438
                    ],
                    [
                        -86.6148592,
                        38.4107606
                    ],
                    [
                        -86.6159321,
                        38.4111137
                    ],
                    [
                        -86.6173912,
                        38.4115172
                    ],
                    [
                        -86.6181637,
                        38.4115508
                    ],
                    [
                        -86.6193224,
                        38.4112818
                    ],
                    [
                        -86.6205884,
                        38.4108783
                    ],
                    [
                        -86.6213673,
                        38.4105866
                    ],
                    [
                        -86.6226547,
                        38.4099981
                    ],
                    [
                        -86.6230024,
                        38.4100162
                    ],
                    [
                        -86.6232598,
                        38.4101801
                    ],
                    [
                        -86.623395,
                        38.4102377
                    ],
                    [
                        -86.6237266,
                        38.4101549
                    ],
                    [
                        -86.6243274,
                        38.4101381
                    ],
                    [
                        -86.6247093,
                        38.4101116
                    ],
                    [
                        -86.6251599,
                        38.4100569
                    ],
                    [
                        -86.6255451,
                        38.410012
                    ],
                    [
                        -86.6260333,
                        38.4099531
                    ],
                    [
                        -86.6264356,
                        38.4099951
                    ],
                    [
                        -86.6269988,
                        38.410096
                    ],
                    [
                        -86.6272563,
                        38.4101969
                    ],
                    [
                        -86.6274816,
                        38.4104365
                    ],
                    [
                        -86.6276973,
                        38.4104983
                    ],
                    [
                        -86.6279162,
                        38.4104659
                    ],
                    [
                        -86.62812,
                        38.4104155
                    ],
                    [
                        -86.6283185,
                        38.4105668
                    ],
                    [
                        -86.6284526,
                        38.4107265
                    ],
                    [
                        -86.6284472,
                        38.4109409
                    ],
                    [
                        -86.6283775,
                        38.4111301
                    ],
                    [
                        -86.6284633,
                        38.4112478
                    ],
                    [
                        -86.6283721,
                        38.4114411
                    ],
                    [
                        -86.6283775,
                        38.4116429
                    ],
                    [
                        -86.6283614,
                        38.411811
                    ],
                    [
                        -86.6281683,
                        38.4122019
                    ],
                    [
                        -86.6279644,
                        38.4124499
                    ],
                    [
                        -86.6278089,
                        38.4126517
                    ],
                    [
                        -86.6277992,
                        38.4127597
                    ],
                    [
                        -86.6279752,
                        38.4127526
                    ],
                    [
                        -86.6281844,
                        38.4127231
                    ],
                    [
                        -86.6284859,
                        38.4125664
                    ],
                    [
                        -86.6287691,
                        38.4123785
                    ],
                    [
                        -86.6290008,
                        38.4123562
                    ],
                    [
                        -86.6292422,
                        38.4123562
                    ],
                    [
                        -86.6293592,
                        38.412244
                    ],
                    [
                        -86.6294879,
                        38.4120884
                    ],
                    [
                        -86.629606,
                        38.4120632
                    ],
                    [
                        -86.6296768,
                        38.4121755
                    ],
                    [
                        -86.6298581,
                        38.4121809
                    ],
                    [
                        -86.6299396,
                        38.4120788
                    ],
                    [
                        -86.6301166,
                        38.4117887
                    ],
                    [
                        -86.6303302,
                        38.4115672
                    ],
                    [
                        -86.6305726,
                        38.4111414
                    ],
                    [
                        -86.6307325,
                        38.4110208
                    ],
                    [
                        -86.6310179,
                        38.4108472
                    ],
                    [
                        -86.6312271,
                        38.4105445
                    ],
                    [
                        -86.6315532,
                        38.4104491
                    ],
                    [
                        -86.6319663,
                        38.4105416
                    ],
                    [
                        -86.6323204,
                        38.4106803
                    ],
                    [
                        -86.6325296,
                        38.4109325
                    ],
                    [
                        -86.6326422,
                        38.4111721
                    ],
                    [
                        -86.6328042,
                        38.4112297
                    ],
                    [
                        -86.6329534,
                        38.4111511
                    ],
                    [
                        -86.6332119,
                        38.4109985
                    ],
                    [
                        -86.633448,
                        38.4109018
                    ],
                    [
                        -86.6337741,
                        38.4109115
                    ],
                    [
                        -86.6343749,
                        38.4111006
                    ],
                    [
                        -86.6348631,
                        38.4112352
                    ],
                    [
                        -86.6353512,
                        38.4112688
                    ],
                    [
                        -86.6357429,
                        38.411294
                    ],
                    [
                        -86.6360969,
                        38.4113949
                    ],
                    [
                        -86.6363061,
                        38.411584
                    ],
                    [
                        -86.6364349,
                        38.4119455
                    ],
                    [
                        -86.6364778,
                        38.4122734
                    ],
                    [
                        -86.6363919,
                        38.4124794
                    ],
                    [
                        -86.6362525,
                        38.4125886
                    ],
                    [
                        -86.6359413,
                        38.4125928
                    ],
                    [
                        -86.6357375,
                        38.4127105
                    ],
                    [
                        -86.6353673,
                        38.4129669
                    ],
                    [
                        -86.6350079,
                        38.413009
                    ],
                    [
                        -86.6345144,
                        38.4130804
                    ],
                    [
                        -86.6340531,
                        38.4130552
                    ],
                    [
                        -86.6337741,
                        38.413093
                    ],
                    [
                        -86.6336829,
                        38.4132654
                    ],
                    [
                        -86.6336293,
                        38.4135344
                    ],
                    [
                        -86.6337151,
                        38.413816
                    ],
                    [
                        -86.6339189,
                        38.4140808
                    ],
                    [
                        -86.6338009,
                        38.4143834
                    ],
                    [
                        -86.6334683,
                        38.4146945
                    ],
                    [
                        -86.633345,
                        38.4150139
                    ],
                    [
                        -86.6333825,
                        38.415388
                    ],
                    [
                        -86.6334415,
                        38.4155982
                    ],
                    [
                        -86.6338385,
                        38.4159848
                    ],
                    [
                        -86.6339404,
                        38.4163715
                    ],
                    [
                        -86.6339619,
                        38.4168339
                    ],
                    [
                        -86.6339082,
                        38.4171659
                    ],
                    [
                        -86.6340048,
                        38.4178258
                    ],
                    [
                        -86.6341711,
                        38.4183302
                    ],
                    [
                        -86.6341925,
                        38.4186244
                    ],
                    [
                        -86.6340316,
                        38.4188429
                    ],
                    [
                        -86.6335059,
                        38.4190783
                    ],
                    [
                        -86.6331357,
                        38.4191497
                    ],
                    [
                        -86.6323579,
                        38.4190867
                    ],
                    [
                        -86.6320629,
                        38.4190951
                    ],
                    [
                        -86.6318161,
                        38.4189102
                    ],
                    [
                        -86.6315211,
                        38.4189144
                    ],
                    [
                        -86.6312743,
                        38.4189984
                    ],
                    [
                        -86.6309578,
                        38.4189354
                    ],
                    [
                        -86.6306896,
                        38.4187294
                    ],
                    [
                        -86.6302872,
                        38.4184268
                    ],
                    [
                        -86.6299868,
                        38.4181158
                    ],
                    [
                        -86.6297186,
                        38.4178174
                    ],
                    [
                        -86.6295201,
                        38.4176409
                    ],
                    [
                        -86.6295309,
                        38.4177628
                    ],
                    [
                        -86.6296274,
                        38.4180149
                    ],
                    [
                        -86.6297401,
                        38.4183175
                    ],
                    [
                        -86.6298098,
                        38.4186034
                    ],
                    [
                        -86.6297776,
                        38.4189144
                    ],
                    [
                        -86.6296864,
                        38.4191413
                    ],
                    [
                        -86.6293753,
                        38.4194229
                    ],
                    [
                        -86.6290481,
                        38.4196121
                    ],
                    [
                        -86.6285599,
                        38.4197003
                    ],
                    [
                        -86.6280664,
                        38.4196751
                    ],
                    [
                        -86.627723,
                        38.4196835
                    ],
                    [
                        -86.6273744,
                        38.4197508
                    ],
                    [
                        -86.6266663,
                        38.4197466
                    ],
                    [
                        -86.6258455,
                        38.4197676
                    ],
                    [
                        -86.6254271,
                        38.4198138
                    ],
                    [
                        -86.6246063,
                        38.4198222
                    ],
                    [
                        -86.6243166,
                        38.4198726
                    ],
                    [
                        -86.6238231,
                        38.4199105
                    ],
                    [
                        -86.6233618,
                        38.4199525
                    ],
                    [
                        -86.6230989,
                        38.420066
                    ],
                    [
                        -86.6228092,
                        38.420066
                    ],
                    [
                        -86.6226429,
                        38.4199861
                    ],
                    [
                        -86.6221601,
                        38.4199357
                    ],
                    [
                        -86.6218705,
                        38.4199861
                    ],
                    [
                        -86.6216827,
                        38.420087
                    ],
                    [
                        -86.6215271,
                        38.4203392
                    ],
                    [
                        -86.6213984,
                        38.4204274
                    ],
                    [
                        -86.6211355,
                        38.420461
                    ],
                    [
                        -86.620819,
                        38.4204863
                    ],
                    [
                        -86.6208727,
                        38.4205325
                    ],
                    [
                        -86.6211302,
                        38.4205871
                    ],
                    [
                        -86.6214735,
                        38.4206586
                    ],
                    [
                        -86.6216827,
                        38.4207889
                    ],
                    [
                        -86.621908,
                        38.4208057
                    ],
                    [
                        -86.6222245,
                        38.4208183
                    ],
                    [
                        -86.6227985,
                        38.4209864
                    ],
                    [
                        -86.6231955,
                        38.4212596
                    ],
                    [
                        -86.6235978,
                        38.4214571
                    ],
                    [
                        -86.62363,
                        38.4215916
                    ],
                    [
                        -86.6237212,
                        38.4216589
                    ],
                    [
                        -86.6239207,
                        38.4215609
                    ],
                    [
                        -86.6240012,
                        38.421439
                    ],
                    [
                        -86.6242415,
                        38.4214109
                    ],
                    [
                        -86.6245001,
                        38.4214054
                    ],
                    [
                        -86.6248155,
                        38.421289
                    ],
                    [
                        -86.625235,
                        38.4211533
                    ],
                    [
                        -86.6256846,
                        38.4211167
                    ],
                    [
                        -86.6257382,
                        38.4212176
                    ],
                    [
                        -86.6258401,
                        38.4214571
                    ],
                    [
                        -86.625985,
                        38.4215412
                    ],
                    [
                        -86.6262596,
                        38.4216702
                    ],
                    [
                        -86.6264356,
                        38.4216715
                    ],
                    [
                        -86.6265375,
                        38.4216084
                    ],
                    [
                        -86.6264892,
                        38.4215202
                    ],
                    [
                        -86.6263927,
                        38.4213647
                    ],
                    [
                        -86.6264731,
                        38.4211965
                    ],
                    [
                        -86.6267038,
                        38.4211797
                    ],
                    [
                        -86.6269828,
                        38.4212512
                    ],
                    [
                        -86.6272242,
                        38.421352
                    ],
                    [
                        -86.6274505,
                        38.4213256
                    ],
                    [
                        -86.6280127,
                        38.4213142
                    ],
                    [
                        -86.6285814,
                        38.4213731
                    ],
                    [
                        -86.6290373,
                        38.4214319
                    ],
                    [
                        -86.6297186,
                        38.4215748
                    ],
                    [
                        -86.6301639,
                        38.4217261
                    ],
                    [
                        -86.6303838,
                        38.4219404
                    ],
                    [
                        -86.6304053,
                        38.422117
                    ],
                    [
                        -86.6303838,
                        38.4222851
                    ],
                    [
                        -86.6305447,
                        38.4223439
                    ],
                    [
                        -86.6308623,
                        38.4223553
                    ],
                    [
                        -86.6310007,
                        38.4222977
                    ],
                    [
                        -86.6310865,
                        38.4220749
                    ],
                    [
                        -86.6312915,
                        38.4219308
                    ],
                    [
                        -86.6313344,
                        38.4217753
                    ],
                    [
                        -86.6315747,
                        38.4216462
                    ],
                    [
                        -86.6318161,
                        38.4215412
                    ],
                    [
                        -86.6321337,
                        38.421397
                    ],
                    [
                        -86.6324824,
                        38.4213004
                    ],
                    [
                        -86.6330285,
                        38.4212848
                    ],
                    [
                        -86.6335123,
                        38.4213046
                    ],
                    [
                        -86.6339082,
                        38.421289
                    ],
                    [
                        -86.6343106,
                        38.4213562
                    ],
                    [
                        -86.6346067,
                        38.4213382
                    ],
                    [
                        -86.6349275,
                        38.4212932
                    ],
                    [
                        -86.6352493,
                        38.4213436
                    ],
                    [
                        -86.6355819,
                        38.421516
                    ],
                    [
                        -86.6357429,
                        38.421621
                    ],
                    [
                        -86.6359896,
                        38.4216294
                    ],
                    [
                        -86.6361398,
                        38.4217429
                    ],
                    [
                        -86.6362525,
                        38.4219867
                    ],
                    [
                        -86.6364188,
                        38.4223019
                    ],
                    [
                        -86.6364241,
                        38.4225162
                    ],
                    [
                        -86.63629,
                        38.4226381
                    ],
                    [
                        -86.6363061,
                        38.4227222
                    ],
                    [
                        -86.636349,
                        38.4227684
                    ],
                    [
                        -86.6365432,
                        38.4226915
                    ],
                    [
                        -86.6367578,
                        38.4226326
                    ],
                    [
                        -86.6368651,
                        38.4224813
                    ],
                    [
                        -86.6368104,
                        38.4222935
                    ],
                    [
                        -86.6367471,
                        38.4221998
                    ],
                    [
                        -86.6368222,
                        38.4220905
                    ],
                    [
                        -86.6370142,
                        38.4220077
                    ],
                    [
                        -86.6375131,
                        38.4220707
                    ],
                    [
                        -86.6383982,
                        38.4222683
                    ],
                    [
                        -86.6391063,
                        38.4224742
                    ],
                    [
                        -86.6395999,
                        38.4227095
                    ],
                    [
                        -86.6399593,
                        38.4229701
                    ],
                    [
                        -86.6401363,
                        38.423176
                    ],
                    [
                        -86.6404582,
                        38.4233652
                    ],
                    [
                        -86.6406781,
                        38.4235291
                    ],
                    [
                        -86.640882,
                        38.4238191
                    ],
                    [
                        -86.6408122,
                        38.4240292
                    ],
                    [
                        -86.6406674,
                        38.4242225
                    ],
                    [
                        -86.640721,
                        38.4243696
                    ],
                    [
                        -86.6408605,
                        38.4244453
                    ],
                    [
                        -86.6412092,
                        38.4244663
                    ],
                    [
                        -86.6415042,
                        38.4244621
                    ],
                    [
                        -86.6418218,
                        38.424528
                    ],
                    [
                        -86.6421533,
                        38.4245251
                    ],
                    [
                        -86.6421705,
                        38.4243978
                    ],
                    [
                        -86.6424226,
                        38.4242086
                    ],
                    [
                        -86.642884,
                        38.4238724
                    ],
                    [
                        -86.6433389,
                        38.4237392
                    ],
                    [
                        -86.6438646,
                        38.4237014
                    ],
                    [
                        -86.6443957,
                        38.4237434
                    ],
                    [
                        -86.645254,
                        38.4239788
                    ],
                    [
                        -86.6455125,
                        38.4240658
                    ],
                    [
                        -86.6460533,
                        38.424088
                    ],
                    [
                        -86.6464556,
                        38.4241931
                    ],
                    [
                        -86.6466755,
                        38.4243066
                    ],
                    [
                        -86.6468526,
                        38.4244789
                    ],
                    [
                        -86.6470618,
                        38.4246008
                    ],
                    [
                        -86.6473096,
                        38.4246541
                    ],
                    [
                        -86.6475939,
                        38.4246331
                    ],
                    [
                        -86.647845,
                        38.4245755
                    ],
                    [
                        -86.6480059,
                        38.4245881
                    ],
                    [
                        -86.6480435,
                        38.4248025
                    ],
                    [
                        -86.6480649,
                        38.4253194
                    ],
                    [
                        -86.6479415,
                        38.4255085
                    ],
                    [
                        -86.6477752,
                        38.4256556
                    ],
                    [
                        -86.647507,
                        38.4256178
                    ],
                    [
                        -86.6473032,
                        38.4255631
                    ],
                    [
                        -86.6467238,
                        38.4255547
                    ],
                    [
                        -86.6462303,
                        38.425685
                    ],
                    [
                        -86.6458387,
                        38.4258237
                    ],
                    [
                        -86.645431,
                        38.4258405
                    ],
                    [
                        -86.6449482,
                        38.4259204
                    ],
                    [
                        -86.644562,
                        38.426059
                    ],
                    [
                        -86.6442884,
                        38.4262524
                    ],
                    [
                        -86.6441328,
                        38.4264751
                    ],
                    [
                        -86.643945,
                        38.4267861
                    ],
                    [
                        -86.6438056,
                        38.4270929
                    ],
                    [
                        -86.6434301,
                        38.4275005
                    ],
                    [
                        -86.6430653,
                        38.4275846
                    ],
                    [
                        -86.6426844,
                        38.4275383
                    ],
                    [
                        -86.6423464,
                        38.4273996
                    ],
                    [
                        -86.6419709,
                        38.4273114
                    ],
                    [
                        -86.6417134,
                        38.4272568
                    ],
                    [
                        -86.6415847,
                        38.4272736
                    ],
                    [
                        -86.6414023,
                        38.4273912
                    ],
                    [
                        -86.6412628,
                        38.4273744
                    ],
                    [
                        -86.6410214,
                        38.427366
                    ],
                    [
                        -86.6408659,
                        38.4273744
                    ],
                    [
                        -86.6405976,
                        38.4272988
                    ],
                    [
                        -86.6405172,
                        38.427324
                    ],
                    [
                        -86.6405976,
                        38.4274501
                    ],
                    [
                        -86.6406996,
                        38.4275846
                    ],
                    [
                        -86.640662,
                        38.4277863
                    ],
                    [
                        -86.6406191,
                        38.4281309
                    ],
                    [
                        -86.6404743,
                        38.4282443
                    ],
                    [
                        -86.6401631,
                        38.4283746
                    ],
                    [
                        -86.6400344,
                        38.4284839
                    ],
                    [
                        -86.6394765,
                        38.4287276
                    ],
                    [
                        -86.6391278,
                        38.4288495
                    ],
                    [
                        -86.6387094,
                        38.4288663
                    ],
                    [
                        -86.6383178,
                        38.4288873
                    ],
                    [
                        -86.6379101,
                        38.4289461
                    ],
                    [
                        -86.6375936,
                        38.4290512
                    ],
                    [
                        -86.6372985,
                        38.4290302
                    ],
                    [
                        -86.6368962,
                        38.4289125
                    ],
                    [
                        -86.6365958,
                        38.4289125
                    ],
                    [
                        -86.6363222,
                        38.4288705
                    ],
                    [
                        -86.6361666,
                        38.4287528
                    ],
                    [
                        -86.635775,
                        38.4287276
                    ],
                    [
                        -86.6352171,
                        38.4285679
                    ],
                    [
                        -86.6349275,
                        38.428362
                    ],
                    [
                        -86.6347504,
                        38.4281939
                    ],
                    [
                        -86.6345359,
                        38.4280384
                    ],
                    [
                        -86.6345037,
                        38.4279292
                    ],
                    [
                        -86.634391,
                        38.4278367
                    ],
                    [
                        -86.6343063,
                        38.4276337
                    ],
                    [
                        -86.6343106,
                        38.4274291
                    ],
                    [
                        -86.6343374,
                        38.4272105
                    ],
                    [
                        -86.6341764,
                        38.4272189
                    ],
                    [
                        -86.6339404,
                        38.4273408
                    ],
                    [
                        -86.6337419,
                        38.4272736
                    ],
                    [
                        -86.6337269,
                        38.427163
                    ],
                    [
                        -86.6336454,
                        38.4269668
                    ],
                    [
                        -86.6334844,
                        38.4267315
                    ],
                    [
                        -86.6332001,
                        38.4265718
                    ],
                    [
                        -86.6329265,
                        38.4264625
                    ],
                    [
                        -86.6328568,
                        38.4263658
                    ],
                    [
                        -86.6328783,
                        38.4262818
                    ],
                    [
                        -86.6327227,
                        38.4262524
                    ],
                    [
                        -86.6324062,
                        38.4261683
                    ],
                    [
                        -86.6320199,
                        38.4261725
                    ],
                    [
                        -86.6318215,
                        38.4261935
                    ],
                    [
                        -86.6316766,
                        38.4263364
                    ],
                    [
                        -86.6315693,
                        38.4264373
                    ],
                    [
                        -86.6316874,
                        38.4264709
                    ],
                    [
                        -86.6319127,
                        38.4265087
                    ],
                    [
                        -86.6321594,
                        38.4266264
                    ],
                    [
                        -86.6323955,
                        38.4268575
                    ],
                    [
                        -86.6328407,
                        38.4273492
                    ],
                    [
                        -86.6329855,
                        38.4275257
                    ],
                    [
                        -86.6330982,
                        38.4277148
                    ],
                    [
                        -86.6331626,
                        38.4279334
                    ],
                    [
                        -86.6331948,
                        38.4281897
                    ],
                    [
                        -86.6331411,
                        38.4284166
                    ],
                    [
                        -86.633007,
                        38.4285931
                    ],
                    [
                        -86.6327227,
                        38.4287612
                    ],
                    [
                        -86.6325242,
                        38.4289503
                    ],
                    [
                        -86.6322345,
                        38.4290008
                    ],
                    [
                        -86.6317732,
                        38.4289251
                    ],
                    [
                        -86.6315211,
                        38.4289377
                    ],
                    [
                        -86.6315801,
                        38.4290176
                    ],
                    [
                        -86.6317785,
                        38.4292235
                    ],
                    [
                        -86.6319127,
                        38.4293916
                    ],
                    [
                        -86.6319448,
                        38.4295807
                    ],
                    [
                        -86.6320414,
                        38.4298202
                    ],
                    [
                        -86.632197,
                        38.4301186
                    ],
                    [
                        -86.6322131,
                        38.4303749
                    ],
                    [
                        -86.6322517,
                        38.4304619
                    ],
                    [
                        -86.6323965,
                        38.4303737
                    ],
                    [
                        -86.6324813,
                        38.4301564
                    ],
                    [
                        -86.6326798,
                        38.430064
                    ],
                    [
                        -86.6330124,
                        38.4300766
                    ],
                    [
                        -86.6332806,
                        38.4301228
                    ],
                    [
                        -86.6335005,
                        38.4302615
                    ],
                    [
                        -86.6339243,
                        38.4303203
                    ],
                    [
                        -86.6342354,
                        38.4305136
                    ],
                    [
                        -86.6343749,
                        38.4307741
                    ],
                    [
                        -86.6343696,
                        38.4311187
                    ],
                    [
                        -86.6343052,
                        38.4316272
                    ],
                    [
                        -86.6340852,
                        38.4321945
                    ],
                    [
                        -86.6338117,
                        38.4327282
                    ],
                    [
                        -86.6335381,
                        38.4331316
                    ],
                    [
                        -86.6331304,
                        38.4335308
                    ],
                    [
                        -86.6327602,
                        38.4337871
                    ],
                    [
                        -86.632433,
                        38.4339888
                    ],
                    [
                        -86.6319931,
                        38.4341233
                    ],
                    [
                        -86.631446,
                        38.4342031
                    ],
                    [
                        -86.6310973,
                        38.4341569
                    ],
                    [
                        -86.6306735,
                        38.4340476
                    ],
                    [
                        -86.6302765,
                        38.4337955
                    ],
                    [
                        -86.6298313,
                        38.4334467
                    ],
                    [
                        -86.6293109,
                        38.43314
                    ],
                    [
                        -86.6288228,
                        38.4329425
                    ],
                    [
                        -86.6285116,
                        38.432766
                    ],
                    [
                        -86.6283142,
                        38.4326387
                    ],
                    [
                        -86.628297,
                        38.4324676
                    ],
                    [
                        -86.6280878,
                        38.4321987
                    ],
                    [
                        -86.6278035,
                        38.4320222
                    ],
                    [
                        -86.6276587,
                        38.4318457
                    ],
                    [
                        -86.627546,
                        38.4316146
                    ],
                    [
                        -86.627369,
                        38.4315894
                    ],
                    [
                        -86.6273368,
                        38.4317449
                    ],
                    [
                        -86.6273797,
                        38.4319886
                    ],
                    [
                        -86.6274387,
                        38.4322239
                    ],
                    [
                        -86.6275192,
                        38.4323584
                    ],
                    [
                        -86.6276909,
                        38.4325769
                    ],
                    [
                        -86.6278089,
                        38.4328753
                    ],
                    [
                        -86.6279698,
                        38.4331946
                    ],
                    [
                        -86.6282005,
                        38.4333459
                    ],
                    [
                        -86.6282112,
                        38.4334467
                    ],
                    [
                        -86.6280503,
                        38.4334383
                    ],
                    [
                        -86.6278357,
                        38.4333375
                    ],
                    [
                        -86.6276158,
                        38.4333417
                    ],
                    [
                        -86.627428,
                        38.4332745
                    ],
                    [
                        -86.6271812,
                        38.4330475
                    ],
                    [
                        -86.6269881,
                        38.4329047
                    ],
                    [
                        -86.6269291,
                        38.4329677
                    ],
                    [
                        -86.6268594,
                        38.43314
                    ],
                    [
                        -86.6267414,
                        38.4332829
                    ],
                    [
                        -86.6267467,
                        38.4335014
                    ],
                    [
                        -86.6268218,
                        38.4337619
                    ],
                    [
                        -86.6268218,
                        38.4339468
                    ],
                    [
                        -86.6267092,
                        38.4340645
                    ],
                    [
                        -86.6265053,
                        38.4340729
                    ],
                    [
                        -86.6264517,
                        38.4342283
                    ],
                    [
                        -86.6262425,
                        38.4343376
                    ],
                    [
                        -86.6260601,
                        38.4344216
                    ],
                    [
                        -86.626103,
                        38.4345225
                    ],
                    [
                        -86.6261191,
                        38.4347284
                    ],
                    [
                        -86.6260118,
                        38.4348881
                    ],
                    [
                        -86.6257758,
                        38.4350141
                    ],
                    [
                        -86.6256095,
                        38.4350687
                    ],
                    [
                        -86.6256041,
                        38.4351276
                    ],
                    [
                        -86.6258348,
                        38.4352284
                    ],
                    [
                        -86.6261405,
                        38.4353377
                    ],
                    [
                        -86.6262907,
                        38.4355015
                    ],
                    [
                        -86.6262907,
                        38.4357663
                    ],
                    [
                        -86.6261459,
                        38.4359344
                    ],
                    [
                        -86.6260279,
                        38.435989
                    ],
                    [
                        -86.6259689,
                        38.4360856
                    ],
                    [
                        -86.6260225,
                        38.4362117
                    ],
                    [
                        -86.6261459,
                        38.4363167
                    ],
                    [
                        -86.62628,
                        38.4364636
                    ],
                    [
                        -86.6262854,
                        38.4366485
                    ],
                    [
                        -86.6260708,
                        38.4369132
                    ],
                    [
                        -86.6257114,
                        38.4372746
                    ],
                    [
                        -86.6254271,
                        38.4374384
                    ],
                    [
                        -86.6250998,
                        38.4374426
                    ],
                    [
                        -86.6249657,
                        38.4373124
                    ],
                    [
                        -86.6247297,
                        38.4371527
                    ],
                    [
                        -86.6245205,
                        38.4370603
                    ],
                    [
                        -86.6243542,
                        38.4369804
                    ],
                    [
                        -86.6242469,
                        38.4370266
                    ],
                    [
                        -86.6241342,
                        38.4372662
                    ],
                    [
                        -86.624027,
                        38.4375561
                    ],
                    [
                        -86.6238768,
                        38.4376359
                    ],
                    [
                        -86.6234047,
                        38.4375771
                    ],
                    [
                        -86.6231204,
                        38.4375183
                    ],
                    [
                        -86.6227878,
                        38.4374678
                    ],
                    [
                        -86.6224391,
                        38.4373628
                    ],
                    [
                        -86.622305,
                        38.4373586
                    ],
                    [
                        -86.6220368,
                        38.4373502
                    ],
                    [
                        -86.6218061,
                        38.4372998
                    ],
                    [
                        -86.621613,
                        38.4373502
                    ],
                    [
                        -86.6213394,
                        38.4374006
                    ],
                    [
                        -86.6209692,
                        38.4373964
                    ],
                    [
                        -86.6206903,
                        38.4373586
                    ],
                    [
                        -86.6205025,
                        38.43743
                    ],
                    [
                        -86.6201056,
                        38.4374847
                    ],
                    [
                        -86.6196228,
                        38.4374762
                    ],
                    [
                        -86.6193009,
                        38.4374594
                    ],
                    [
                        -86.6190702,
                        38.4373292
                    ],
                    [
                        -86.6190005,
                        38.4371401
                    ],
                    [
                        -86.6188288,
                        38.4371191
                    ],
                    [
                        -86.6185123,
                        38.4371527
                    ],
                    [
                        -86.6181905,
                        38.4372325
                    ],
                    [
                        -86.6178793,
                        38.4372325
                    ],
                    [
                        -86.6176701,
                        38.4369636
                    ],
                    [
                        -86.6175425,
                        38.436597
                    ],
                    [
                        -86.6175585,
                        38.4360886
                    ],
                    [
                        -86.6174942,
                        38.4355633
                    ],
                    [
                        -86.6173161,
                        38.4352158
                    ],
                    [
                        -86.6172517,
                        38.4353965
                    ],
                    [
                        -86.6171927,
                        38.435552
                    ],
                    [
                        -86.6171176,
                        38.4358419
                    ],
                    [
                        -86.6170264,
                        38.4361991
                    ],
                    [
                        -86.6169298,
                        38.4364636
                    ],
                    [
                        -86.6167904,
                        38.4366275
                    ],
                    [
                        -86.6164524,
                        38.436825
                    ],
                    [
                        -86.6162807,
                        38.4369048
                    ],
                    [
                        -86.6159106,
                        38.4369048
                    ],
                    [
                        -86.6154761,
                        38.4368039
                    ],
                    [
                        -86.6153044,
                        38.4367955
                    ],
                    [
                        -86.6151328,
                        38.4367115
                    ],
                    [
                        -86.6149557,
                        38.4365476
                    ],
                    [
                        -86.6145695,
                        38.4363587
                    ],
                    [
                        -86.6142476,
                        38.4362411
                    ],
                    [
                        -86.6137756,
                        38.4362243
                    ],
                    [
                        -86.6130782,
                        38.4361487
                    ],
                    [
                        -86.6123486,
                        38.4360814
                    ],
                    [
                        -86.6118175,
                        38.4359974
                    ],
                    [
                        -86.6115386,
                        38.4359848
                    ],
                    [
                        -86.6112006,
                        38.4357873
                    ],
                    [
                        -86.6110837,
                        38.4356263
                    ],
                    [
                        -86.6109431,
                        38.4352326
                    ],
                    [
                        -86.6109056,
                        38.4347788
                    ],
                    [
                        -86.6109217,
                        38.4345099
                    ],
                    [
                        -86.610852,
                        38.4343964
                    ],
                    [
                        -86.6107661,
                        38.4345057
                    ],
                    [
                        -86.6106749,
                        38.43472
                    ],
                    [
                        -86.6105355,
                        38.4349847
                    ],
                    [
                        -86.6104013,
                        38.4351738
                    ],
                    [
                        -86.6103799,
                        38.4356234
                    ],
                    [
                        -86.6103423,
                        38.4358839
                    ],
                    [
                        -86.6102297,
                        38.4360772
                    ],
                    [
                        -86.6099239,
                        38.4361949
                    ],
                    [
                        -86.6095055,
                        38.4363083
                    ],
                    [
                        -86.6088135,
                        38.4361865
                    ],
                    [
                        -86.6084004,
                        38.436031
                    ],
                    [
                        -86.6076709,
                        38.4357285
                    ],
                    [
                        -86.6072041,
                        38.4353755
                    ],
                    [
                        -86.6069574,
                        38.4350309
                    ],
                    [
                        -86.6067589,
                        38.4347536
                    ],
                    [
                        -86.6066409,
                        38.434699
                    ],
                    [
                        -86.6066355,
                        38.4347368
                    ],
                    [
                        -86.6065765,
                        38.4348796
                    ],
                    [
                        -86.6065443,
                        38.4351192
                    ],
                    [
                        -86.6065658,
                        38.4353671
                    ],
                    [
                        -86.6066838,
                        38.4356066
                    ],
                    [
                        -86.6068823,
                        38.4359217
                    ],
                    [
                        -86.6069037,
                        38.4361991
                    ],
                    [
                        -86.6068233,
                        38.4363377
                    ],
                    [
                        -86.6066141,
                        38.4364258
                    ],
                    [
                        -86.606319,
                        38.4365182
                    ],
                    [
                        -86.6061044,
                        38.4365392
                    ],
                    [
                        -86.6058362,
                        38.436493
                    ],
                    [
                        -86.6057558,
                        38.4364594
                    ],
                    [
                        -86.6052461,
                        38.4363125
                    ],
                    [
                        -86.6045005,
                        38.4361108
                    ],
                    [
                        -86.6037226,
                        38.4359386
                    ],
                    [
                        -86.6029931,
                        38.4358419
                    ],
                    [
                        -86.602462,
                        38.4358167
                    ],
                    [
                        -86.6018075,
                        38.4358797
                    ],
                    [
                        -86.601137,
                        38.4359932
                    ],
                    [
                        -86.6006917,
                        38.4361444
                    ],
                    [
                        -86.6004825,
                        38.4362873
                    ],
                    [
                        -86.6001768,
                        38.4364804
                    ],
                    [
                        -86.5998817,
                        38.4367661
                    ],
                    [
                        -86.5994579,
                        38.4370897
                    ],
                    [
                        -86.5991414,
                        38.4371863
                    ],
                    [
                        -86.5986157,
                        38.4372031
                    ],
                    [
                        -86.5981973,
                        38.4371821
                    ],
                    [
                        -86.5978325,
                        38.4371779
                    ],
                    [
                        -86.5973551,
                        38.4371191
                    ],
                    [
                        -86.5969688,
                        38.4369972
                    ],
                    [
                        -86.596529,
                        38.4367535
                    ],
                    [
                        -86.5963852,
                        38.4366222
                    ],
                    [
                        -86.596368,
                        38.4364846
                    ],
                    [
                        -86.596368,
                        38.4364006
                    ],
                    [
                        -86.5961695,
                        38.4363714
                    ],
                    [
                        -86.5958906,
                        38.4361781
                    ],
                    [
                        -86.5957297,
                        38.4359007
                    ],
                    [
                        -86.5955473,
                        38.4355394
                    ],
                    [
                        -86.5954024,
                        38.4354007
                    ],
                    [
                        -86.5955419,
                        38.4357831
                    ],
                    [
                        -86.5956975,
                        38.4360604
                    ],
                    [
                        -86.5957618,
                        38.4362705
                    ],
                    [
                        -86.5957189,
                        38.4365476
                    ],
                    [
                        -86.5958852,
                        38.4368123
                    ],
                    [
                        -86.5960569,
                        38.4370771
                    ],
                    [
                        -86.5962715,
                        38.4372956
                    ],
                    [
                        -86.5966953,
                        38.4375435
                    ],
                    [
                        -86.5971405,
                        38.4376737
                    ],
                    [
                        -86.5980095,
                        38.4378376
                    ],
                    [
                        -86.5986586,
                        38.4379637
                    ],
                    [
                        -86.5988517,
                        38.4380813
                    ],
                    [
                        -86.5990234,
                        38.4383418
                    ],
                    [
                        -86.5990234,
                        38.4385603
                    ],
                    [
                        -86.5988786,
                        38.438762
                    ],
                    [
                        -86.5988517,
                        38.4388629
                    ],
                    [
                        -86.5986801,
                        38.4390645
                    ],
                    [
                        -86.5982778,
                        38.4391822
                    ],
                    [
                        -86.5978218,
                        38.4393503
                    ],
                    [
                        -86.5974087,
                        38.4395982
                    ],
                    [
                        -86.5971566,
                        38.4398335
                    ],
                    [
                        -86.5970225,
                        38.4401444
                    ],
                    [
                        -86.5966899,
                        38.4404931
                    ],
                    [
                        -86.596309,
                        38.44072
                    ],
                    [
                        -86.595794,
                        38.4408965
                    ],
                    [
                        -86.5952308,
                        38.4409133
                    ],
                    [
                        -86.5948445,
                        38.4409805
                    ],
                    [
                        -86.5945548,
                        38.4411276
                    ],
                    [
                        -86.5943832,
                        38.4413671
                    ],
                    [
                        -86.5941203,
                        38.4414973
                    ],
                    [
                        -86.5939165,
                        38.4417536
                    ],
                    [
                        -86.5939379,
                        38.4419805
                    ],
                    [
                        -86.5939594,
                        38.442157
                    ],
                    [
                        -86.5938146,
                        38.4424175
                    ],
                    [
                        -86.5936644,
                        38.4428292
                    ],
                    [
                        -86.5935571,
                        38.4431906
                    ],
                    [
                        -86.5935678,
                        38.4434763
                    ],
                    [
                        -86.5934498,
                        38.4437956
                    ],
                    [
                        -86.593026,
                        38.4440939
                    ],
                    [
                        -86.5927309,
                        38.4443208
                    ],
                    [
                        -86.5927149,
                        38.4445561
                    ],
                    [
                        -86.592849,
                        38.4447367
                    ],
                    [
                        -86.5930217,
                        38.4448659
                    ],
                    [
                        -86.5931601,
                        38.4448712
                    ],
                    [
                        -86.5933006,
                        38.4448407
                    ],
                    [
                        -86.5933586,
                        38.4447661
                    ],
                    [
                        -86.5931065,
                        38.4446989
                    ],
                    [
                        -86.5929455,
                        38.4445813
                    ],
                    [
                        -86.5930056,
                        38.444408
                    ],
                    [
                        -86.5932309,
                        38.4442231
                    ],
                    [
                        -86.5935195,
                        38.4440351
                    ],
                    [
                        -86.593703,
                        38.4438534
                    ],
                    [
                        -86.5938199,
                        38.4437914
                    ],
                    [
                        -86.5939165,
                        38.4438712
                    ],
                    [
                        -86.5939058,
                        38.4440015
                    ],
                    [
                        -86.5939326,
                        38.4440939
                    ],
                    [
                        -86.5941107,
                        38.4441433
                    ],
                    [
                        -86.5943306,
                        38.4441307
                    ],
                    [
                        -86.5945506,
                        38.4440382
                    ],
                    [
                        -86.5946729,
                        38.4438166
                    ],
                    [
                        -86.5948724,
                        38.4436685
                    ],
                    [
                        -86.5950055,
                        38.4436738
                    ],
                    [
                        -86.5950698,
                        38.4437872
                    ],
                    [
                        -86.5951675,
                        38.443824
                    ],
                    [
                        -86.5953756,
                        38.443762
                    ],
                    [
                        -86.595558,
                        38.4436443
                    ],
                    [
                        -86.5956073,
                        38.44345
                    ],
                    [
                        -86.5955848,
                        38.4432284
                    ],
                    [
                        -86.5954518,
                        38.4428744
                    ],
                    [
                        -86.5954239,
                        38.442636
                    ],
                    [
                        -86.5955537,
                        38.4424795
                    ],
                    [
                        -86.59572,
                        38.4424248
                    ],
                    [
                        -86.5961331,
                        38.4423072
                    ],
                    [
                        -86.5966899,
                        38.4421528
                    ],
                    [
                        -86.597281,
                        38.4421265
                    ],
                    [
                        -86.5976072,
                        38.442094
                    ],
                    [
                        -86.597972,
                        38.4421066
                    ],
                    [
                        -86.5983314,
                        38.4422158
                    ],
                    [
                        -86.5984923,
                        38.4421948
                    ],
                    [
                        -86.5984601,
                        38.4420814
                    ],
                    [
                        -86.5983003,
                        38.4419417
                    ],
                    [
                        -86.5982305,
                        38.4417736
                    ],
                    [
                        -86.5982778,
                        38.4414889
                    ],
                    [
                        -86.5983968,
                        38.4412358
                    ],
                    [
                        -86.5986318,
                        38.4408545
                    ],
                    [
                        -86.5989762,
                        38.4405971
                    ],
                    [
                        -86.5994043,
                        38.4402368
                    ],
                    [
                        -86.5997315,
                        38.4399973
                    ],
                    [
                        -86.6000545,
                        38.4395215
                    ],
                    [
                        -86.6002744,
                        38.4390929
                    ],
                    [
                        -86.6005104,
                        38.4387315
                    ],
                    [
                        -86.6006982,
                        38.4381727
                    ],
                    [
                        -86.6008419,
                        38.4376737
                    ],
                    [
                        -86.6010994,
                        38.4374762
                    ],
                    [
                        -86.6012657,
                        38.4374678
                    ],
                    [
                        -86.6013419,
                        38.4374878
                    ],
                    [
                        -86.6013569,
                        38.4373502
                    ],
                    [
                        -86.6016091,
                        38.4372325
                    ],
                    [
                        -86.6021198,
                        38.4370676
                    ],
                    [
                        -86.6026337,
                        38.437014
                    ],
                    [
                        -86.6030306,
                        38.4371107
                    ],
                    [
                        -86.603213,
                        38.4371275
                    ],
                    [
                        -86.6036529,
                        38.4371989
                    ],
                    [
                        -86.6038728,
                        38.4372704
                    ],
                    [
                        -86.6039855,
                        38.4373754
                    ],
                    [
                        -86.604023,
                        38.437451
                    ],
                    [
                        -86.6041893,
                        38.43743
                    ],
                    [
                        -86.6043556,
                        38.4374174
                    ],
                    [
                        -86.6045973,
                        38.4373954
                    ],
                    [
                        -86.6047998,
                        38.4374319
                    ],
                    [
                        -86.6050595,
                        38.4375508
                    ],
                    [
                        -86.6053749,
                        38.437741
                    ],
                    [
                        -86.605553,
                        38.4378744
                    ],
                    [
                        -86.6056388,
                        38.4377189
                    ],
                    [
                        -86.6056925,
                        38.4373113
                    ],
                    [
                        -86.6057021,
                        38.4369846
                    ],
                    [
                        -86.6058319,
                        38.4368995
                    ],
                    [
                        -86.6060508,
                        38.4369258
                    ],
                    [
                        -86.6061098,
                        38.4369594
                    ],
                    [
                        -86.6061795,
                        38.4370477
                    ],
                    [
                        -86.606142,
                        38.4373712
                    ],
                    [
                        -86.6060883,
                        38.4378334
                    ],
                    [
                        -86.6060079,
                        38.4387578
                    ],
                    [
                        -86.6060562,
                        38.4391444
                    ],
                    [
                        -86.6061474,
                        38.4393082
                    ],
                    [
                        -86.6061044,
                        38.4395435
                    ],
                    [
                        -86.6061098,
                        38.4397578
                    ],
                    [
                        -86.6061366,
                        38.440052
                    ],
                    [
                        -86.606083,
                        38.4403545
                    ],
                    [
                        -86.6061699,
                        38.4404122
                    ],
                    [
                        -86.6062557,
                        38.4403072
                    ],
                    [
                        -86.6064327,
                        38.4399459
                    ],
                    [
                        -86.6065615,
                        38.4394627
                    ],
                    [
                        -86.606642,
                        38.4389921
                    ],
                    [
                        -86.6068394,
                        38.4384049
                    ],
                    [
                        -86.6069853,
                        38.4383996
                    ],
                    [
                        -86.6075528,
                        38.438388
                    ],
                    [
                        -86.6079981,
                        38.4384091
                    ],
                    [
                        -86.6082674,
                        38.4385173
                    ],
                    [
                        -86.6083586,
                        38.4386223
                    ],
                    [
                        -86.6084605,
                        38.4386517
                    ],
                    [
                        -86.6085678,
                        38.4385131
                    ],
                    [
                        -86.6087813,
                        38.4383838
                    ],
                    [
                        -86.6094851,
                        38.4382357
                    ],
                    [
                        -86.6098542,
                        38.4381822
                    ],
                    [
                        -86.609999,
                        38.4381948
                    ],
                    [
                        -86.6099936,
                        38.4383502
                    ],
                    [
                        -86.6100645,
                        38.438408
                    ],
                    [
                        -86.6101707,
                        38.438367
                    ],
                    [
                        -86.6104067,
                        38.4382284
                    ],
                    [
                        -86.6108359,
                        38.4381401
                    ],
                    [
                        -86.6114699,
                        38.4379374
                    ],
                    [
                        -86.6118766,
                        38.4378628
                    ],
                    [
                        -86.6123003,
                        38.4379006
                    ],
                    [
                        -86.6129022,
                        38.4380382
                    ],
                    [
                        -86.6137058,
                        38.4382494
                    ],
                    [
                        -86.6144676,
                        38.4385351
                    ],
                    [
                        -86.6149933,
                        38.4387116
                    ],
                    [
                        -86.6152561,
                        38.4388587
                    ],
                    [
                        -86.6153581,
                        38.4390603
                    ],
                    [
                        -86.6153581,
                        38.439283
                    ],
                    [
                        -86.6153527,
                        38.4395982
                    ],
                    [
                        -86.6153902,
                        38.4398125
                    ],
                    [
                        -86.6153688,
                        38.4401108
                    ],
                    [
                        -86.6153259,
                        38.4402788
                    ],
                    [
                        -86.6153956,
                        38.4403671
                    ],
                    [
                        -86.6155093,
                        38.4402652
                    ],
                    [
                        -86.6156585,
                        38.4400604
                    ],
                    [
                        -86.6157132,
                        38.4398114
                    ],
                    [
                        -86.6157186,
                        38.4396013
                    ],
                    [
                        -86.6159267,
                        38.4393545
                    ],
                    [
                        -86.6160662,
                        38.4392746
                    ],
                    [
                        -86.6162539,
                        38.4392746
                    ],
                    [
                        -86.6165221,
                        38.4393419
                    ],
                    [
                        -86.6167324,
                        38.4393576
                    ],
                    [
                        -86.6172957,
                        38.4393534
                    ],
                    [
                        -86.6176176,
                        38.4393072
                    ],
                    [
                        -86.6179223,
                        38.4393082
                    ],
                    [
                        -86.6181154,
                        38.4393881
                    ],
                    [
                        -86.6183514,
                        38.4397452
                    ],
                    [
                        -86.6185338,
                        38.4399637
                    ],
                    [
                        -86.6186733,
                        38.4401738
                    ],
                    [
                        -86.61892,
                        38.4406192
                    ],
                    [
                        -86.6191561,
                        38.4411234
                    ],
                    [
                        -86.6193546,
                        38.4414217
                    ],
                    [
                        -86.619376,
                        38.4415772
                    ],
                    [
                        -86.6192848,
                        38.4417158
                    ],
                    [
                        -86.6193116,
                        38.4417914
                    ],
                    [
                        -86.6193717,
                        38.4417904
                    ],
                    [
                        -86.6195852,
                        38.4417326
                    ],
                    [
                        -86.6196871,
                        38.4417788
                    ],
                    [
                        -86.6198159,
                        38.4420309
                    ],
                    [
                        -86.6198856,
                        38.4423293
                    ],
                    [
                        -86.6198105,
                        38.442615
                    ],
                    [
                        -86.6198213,
                        38.4430225
                    ],
                    [
                        -86.6197086,
                        38.4433334
                    ],
                    [
                        -86.619553,
                        38.4435981
                    ],
                    [
                        -86.6194994,
                        38.44393
                    ],
                    [
                        -86.619435,
                        38.4444972
                    ],
                    [
                        -86.6193492,
                        38.4448292
                    ],
                    [
                        -86.6192258,
                        38.4449762
                    ],
                    [
                        -86.6191614,
                        38.4451023
                    ],
                    [
                        -86.6192526,
                        38.4452157
                    ],
                    [
                        -86.6192652,
                        38.4454501
                    ],
                    [
                        -86.6189748,
                        38.4459877
                    ],
                    [
                        -86.6185027,
                        38.4465927
                    ],
                    [
                        -86.6183847,
                        38.4470548
                    ],
                    [
                        -86.6181164,
                        38.4475674
                    ],
                    [
                        -86.6180564,
                        38.4477405
                    ],
                    [
                        -86.6177624,
                        38.447685
                    ],
                    [
                        -86.6174513,
                        38.4476598
                    ],
                    [
                        -86.6173268,
                        38.4477153
                    ],
                    [
                        -86.6176165,
                        38.4477741
                    ],
                    [
                        -86.6179813,
                        38.4479506
                    ],
                    [
                        -86.6179662,
                        38.448206
                    ],
                    [
                        -86.6175478,
                        38.4494159
                    ],
                    [
                        -86.6171981,
                        38.4500092
                    ],
                    [
                        -86.6167002,
                        38.4504158
                    ],
                    [
                        -86.6164149,
                        38.4508074
                    ],
                    [
                        -86.6163827,
                        38.4510342
                    ],
                    [
                        -86.6165865,
                        38.4510426
                    ],
                    [
                        -86.616844,
                        38.4510006
                    ],
                    [
                        -86.6173804,
                        38.4506057
                    ],
                    [
                        -86.6178203,
                        38.450026
                    ],
                    [
                        -86.6180564,
                        38.4490765
                    ],
                    [
                        -86.6184426,
                        38.4487152
                    ],
                    [
                        -86.6188074,
                        38.4483119
                    ],
                    [
                        -86.6191185,
                        38.4481942
                    ],
                    [
                        -86.6195155,
                        38.4482951
                    ],
                    [
                        -86.6198266,
                        38.4483875
                    ],
                    [
                        -86.6198374,
                        38.4482699
                    ],
                    [
                        -86.6193975,
                        38.4479422
                    ],
                    [
                        -86.6193653,
                        38.4476565
                    ],
                    [
                        -86.619612,
                        38.4467658
                    ],
                    [
                        -86.6198588,
                        38.4462448
                    ],
                    [
                        -86.6201485,
                        38.4460936
                    ],
                    [
                        -86.6205669,
                        38.4461608
                    ],
                    [
                        -86.6210497,
                        38.4461776
                    ],
                    [
                        -86.6210883,
                        38.4460549
                    ],
                    [
                        -86.6207064,
                        38.4458835
                    ],
                    [
                        -86.6204489,
                        38.4457155
                    ],
                    [
                        -86.6204489,
                        38.4453289
                    ],
                    [
                        -86.6205991,
                        38.4444466
                    ],
                    [
                        -86.6208459,
                        38.4443038
                    ],
                    [
                        -86.620921,
                        38.4440769
                    ],
                    [
                        -86.6209853,
                        38.4435391
                    ],
                    [
                        -86.6212278,
                        38.4432988
                    ],
                    [
                        -86.6215432,
                        38.4432534
                    ],
                    [
                        -86.6217643,
                        38.4432652
                    ],
                    [
                        -86.6217364,
                        38.4431189
                    ],
                    [
                        -86.6215969,
                        38.442808
                    ],
                    [
                        -86.6216613,
                        38.4423206
                    ],
                    [
                        -86.6214038,
                        38.4415896
                    ],
                    [
                        -86.6209274,
                        38.4403324
                    ],
                    [
                        -86.6208244,
                        38.4398585
                    ],
                    [
                        -86.6210068,
                        38.4397912
                    ],
                    [
                        -86.6216183,
                        38.439808
                    ],
                    [
                        -86.6223264,
                        38.4399257
                    ],
                    [
                        -86.6230989,
                        38.4399173
                    ],
                    [
                        -86.6246653,
                        38.4397996
                    ],
                    [
                        -86.6257811,
                        38.439682
                    ],
                    [
                        -86.6264249,
                        38.4397576
                    ],
                    [
                        -86.6267682,
                        38.4399089
                    ],
                    [
                        -86.626972,
                        38.4398333
                    ],
                    [
                        -86.6274839,
                        38.4398029
                    ],
                    [
                        -86.6278165,
                        38.4397189
                    ],
                    [
                        -86.6285761,
                        38.4395098
                    ],
                    [
                        -86.628957,
                        38.4394678
                    ],
                    [
                        -86.6290214,
                        38.4395224
                    ],
                    [
                        -86.6291072,
                        38.4396947
                    ],
                    [
                        -86.6290697,
                        38.4398334
                    ],
                    [
                        -86.6290536,
                        38.4399384
                    ],
                    [
                        -86.6292467,
                        38.4400183
                    ],
                    [
                        -86.6295793,
                        38.4400939
                    ],
                    [
                        -86.6296544,
                        38.4402788
                    ],
                    [
                        -86.6296866,
                        38.4406569
                    ],
                    [
                        -86.6296866,
                        38.4410897
                    ],
                    [
                        -86.6296973,
                        38.4414762
                    ],
                    [
                        -86.6296705,
                        38.4416317
                    ],
                    [
                        -86.6294881,
                        38.4416947
                    ],
                    [
                        -86.629134,
                        38.4418964
                    ],
                    [
                        -86.6289087,
                        38.4419888
                    ],
                    [
                        -86.6289624,
                        38.4420351
                    ],
                    [
                        -86.6291501,
                        38.4420603
                    ],
                    [
                        -86.6295256,
                        38.4421317
                    ],
                    [
                        -86.6297831,
                        38.4422031
                    ],
                    [
                        -86.629767,
                        38.4422956
                    ],
                    [
                        -86.6296383,
                        38.4424426
                    ],
                    [
                        -86.6296544,
                        38.4425687
                    ],
                    [
                        -86.6298475,
                        38.4427409
                    ],
                    [
                        -86.6298958,
                        38.4428922
                    ],
                    [
                        -86.6297134,
                        38.4429132
                    ],
                    [
                        -86.6295471,
                        38.4429888
                    ],
                    [
                        -86.6294237,
                        38.4431149
                    ],
                    [
                        -86.6293432,
                        38.4432661
                    ],
                    [
                        -86.629472,
                        38.4433712
                    ],
                    [
                        -86.6296276,
                        38.4434132
                    ],
                    [
                        -86.6301318,
                        38.4434552
                    ],
                    [
                        -86.6302606,
                        38.4434888
                    ],
                    [
                        -86.6303303,
                        38.4437577
                    ],
                    [
                        -86.6302928,
                        38.4439174
                    ],
                    [
                        -86.6303088,
                        38.444161
                    ],
                    [
                        -86.6303249,
                        38.4443123
                    ],
                    [
                        -86.6305234,
                        38.4444467
                    ],
                    [
                        -86.6308077,
                        38.4445434
                    ],
                    [
                        -86.6308775,
                        38.444745
                    ],
                    [
                        -86.6310674,
                        38.4449289
                    ],
                    [
                        -86.6313603,
                        38.4452702
                    ],
                    [
                        -86.6313978,
                        38.4455475
                    ],
                    [
                        -86.6315373,
                        38.4458332
                    ],
                    [
                        -86.6317036,
                        38.4460097
                    ],
                    [
                        -86.6317787,
                        38.4461105
                    ],
                    [
                        -86.6321488,
                        38.4461987
                    ],
                    [
                        -86.632299,
                        38.4461735
                    ],
                    [
                        -86.6323902,
                        38.4459551
                    ],
                    [
                        -86.6323634,
                        38.445682
                    ],
                    [
                        -86.6322508,
                        38.4453501
                    ],
                    [
                        -86.6322025,
                        38.4450728
                    ],
                    [
                        -86.6321542,
                        38.4447535
                    ],
                    [
                        -86.6320308,
                        38.4446064
                    ],
                    [
                        -86.6319793,
                        38.4444247
                    ],
                    [
                        -86.632063,
                        38.4443039
                    ],
                    [
                        -86.6321542,
                        38.4442073
                    ],
                    [
                        -86.6319182,
                        38.4441778
                    ],
                    [
                        -86.6318538,
                        38.4440518
                    ],
                    [
                        -86.6318162,
                        38.4438585
                    ],
                    [
                        -86.6317894,
                        38.4436064
                    ],
                    [
                        -86.6317465,
                        38.4432703
                    ],
                    [
                        -86.6316821,
                        38.4429678
                    ],
                    [
                        -86.6316178,
                        38.4426653
                    ],
                    [
                        -86.6315158,
                        38.442493
                    ],
                    [
                        -86.631489,
                        38.4422157
                    ],
                    [
                        -86.6314161,
                        38.4419794
                    ],
                    [
                        -86.6315695,
                        38.4418292
                    ],
                    [
                        -86.6314139,
                        38.4415561
                    ],
                    [
                        -86.6313549,
                        38.4416191
                    ],
                    [
                        -86.6311993,
                        38.4417241
                    ],
                    [
                        -86.6311403,
                        38.4416443
                    ],
                    [
                        -86.6311725,
                        38.4412914
                    ],
                    [
                        -86.6312337,
                        38.4409542
                    ],
                    [
                        -86.6313463,
                        38.4406769
                    ],
                    [
                        -86.6315019,
                        38.440576
                    ],
                    [
                        -86.6317626,
                        38.4405309
                    ],
                    [
                        -86.6320791,
                        38.4405225
                    ],
                    [
                        -86.6323902,
                        38.4404048
                    ],
                    [
                        -86.6327657,
                        38.4404384
                    ],
                    [
                        -86.632814,
                        38.4406611
                    ],
                    [
                        -86.6329589,
                        38.4407073
                    ],
                    [
                        -86.6331305,
                        38.440762
                    ],
                    [
                        -86.6333076,
                        38.4407073
                    ],
                    [
                        -86.6333344,
                        38.4405981
                    ],
                    [
                        -86.633329,
                        38.4404258
                    ],
                    [
                        -86.6334148,
                        38.4403544
                    ],
                    [
                        -86.6336133,
                        38.4402998
                    ],
                    [
                        -86.6340318,
                        38.4404048
                    ],
                    [
                        -86.6341605,
                        38.4404468
                    ],
                    [
                        -86.6343021,
                        38.440429
                    ],
                    [
                        -86.634418,
                        38.4404132
                    ],
                    [
                        -86.6343268,
                        38.4403124
                    ],
                    [
                        -86.6340532,
                        38.4402241
                    ],
                    [
                        -86.6338815,
                        38.4401149
                    ],
                    [
                        -86.6336294,
                        38.439909
                    ],
                    [
                        -86.6332807,
                        38.4397998
                    ],
                    [
                        -86.6331466,
                        38.4397535
                    ],
                    [
                        -86.633034,
                        38.4397241
                    ],
                    [
                        -86.6330018,
                        38.4395729
                    ],
                    [
                        -86.6327765,
                        38.4395519
                    ],
                    [
                        -86.6325458,
                        38.4395981
                    ],
                    [
                        -86.6323527,
                        38.4395351
                    ],
                    [
                        -86.6323098,
                        38.439367
                    ],
                    [
                        -86.6321757,
                        38.4392703
                    ],
                    [
                        -86.6320845,
                        38.4391737
                    ],
                    [
                        -86.6318806,
                        38.4390687
                    ],
                    [
                        -86.6318323,
                        38.4391653
                    ],
                    [
                        -86.6317143,
                        38.4393502
                    ],
                    [
                        -86.6314944,
                        38.439388
                    ],
                    [
                        -86.6313013,
                        38.4393712
                    ],
                    [
                        -86.6311457,
                        38.4392703
                    ],
                    [
                        -86.6310706,
                        38.4390771
                    ],
                    [
                        -86.6309579,
                        38.4387871
                    ],
                    [
                        -86.6308936,
                        38.438535
                    ],
                    [
                        -86.6310384,
                        38.4383333
                    ],
                    [
                        -86.631518,
                        38.4379205
                    ],
                    [
                        -86.6316499,
                        38.4377199
                    ],
                    [
                        -86.6319096,
                        38.4375171
                    ],
                    [
                        -86.6321381,
                        38.4374594
                    ],
                    [
                        -86.6324171,
                        38.4376064
                    ],
                    [
                        -86.632814,
                        38.4377115
                    ],
                    [
                        -86.6329857,
                        38.4377325
                    ],
                    [
                        -86.6330983,
                        38.4378501
                    ],
                    [
                        -86.6331037,
                        38.438035
                    ],
                    [
                        -86.6331574,
                        38.4381275
                    ],
                    [
                        -86.6333526,
                        38.4381264
                    ],
                    [
                        -86.6336745,
                        38.4380592
                    ],
                    [
                        -86.6338762,
                        38.4380602
                    ],
                    [
                        -86.6344631,
                        38.4382062
                    ],
                    [
                        -86.6347291,
                        38.4381947
                    ],
                    [
                        -86.6349995,
                        38.438097
                    ],
                    [
                        -86.6351046,
                        38.4379594
                    ],
                    [
                        -86.6351476,
                        38.4377661
                    ],
                    [
                        -86.6352892,
                        38.4376852
                    ],
                    [
                        -86.6356271,
                        38.4376012
                    ],
                    [
                        -86.6361207,
                        38.4373575
                    ],
                    [
                        -86.6364243,
                        38.4371316
                    ],
                    [
                        -86.6366946,
                        38.4369667
                    ],
                    [
                        -86.6368234,
                        38.4367482
                    ],
                    [
                        -86.6369124,
                        38.4366484
                    ],
                    [
                        -86.6370305,
                        38.4367156
                    ],
                    [
                        -86.6372504,
                        38.4368375
                    ],
                    [
                        -86.6372611,
                        38.437014
                    ],
                    [
                        -86.6373899,
                        38.4372619
                    ],
                    [
                        -86.6375723,
                        38.4374299
                    ],
                    [
                        -86.6375615,
                        38.4375518
                    ],
                    [
                        -86.6375562,
                        38.4376947
                    ],
                    [
                        -86.6375937,
                        38.4378417
                    ],
                    [
                        -86.6378244,
                        38.4378627
                    ],
                    [
                        -86.6380443,
                        38.4378963
                    ],
                    [
                        -86.6381033,
                        38.4380224
                    ],
                    [
                        -86.6381806,
                        38.4379961
                    ],
                    [
                        -86.6384198,
                        38.4381022
                    ],
                    [
                        -86.638511,
                        38.4384132
                    ],
                    [
                        -86.6386612,
                        38.4389048
                    ],
                    [
                        -86.6387417,
                        38.4391401
                    ],
                    [
                        -86.6389134,
                        38.4395645
                    ],
                    [
                        -86.6392835,
                        38.4400729
                    ],
                    [
                        -86.6393425,
                        38.440283
                    ],
                    [
                        -86.6395356,
                        38.4404973
                    ],
                    [
                        -86.6395893,
                        38.4406947
                    ],
                    [
                        -86.6397663,
                        38.4409636
                    ],
                    [
                        -86.6398092,
                        38.4412872
                    ],
                    [
                        -86.6398682,
                        38.4415477
                    ],
                    [
                        -86.6400238,
                        38.4417872
                    ],
                    [
                        -86.6402008,
                        38.4421317
                    ],
                    [
                        -86.6403457,
                        38.4422451
                    ],
                    [
                        -86.6405356,
                        38.4422483
                    ],
                    [
                        -86.6405817,
                        38.4421653
                    ],
                    [
                        -86.6405442,
                        38.4419426
                    ],
                    [
                        -86.6405388,
                        38.4417535
                    ],
                    [
                        -86.6406246,
                        38.4415267
                    ],
                    [
                        -86.6406997,
                        38.441367
                    ],
                    [
                        -86.6405602,
                        38.4411653
                    ],
                    [
                        -86.6406407,
                        38.4410099
                    ],
                    [
                        -86.6407265,
                        38.4408838
                    ],
                    [
                        -86.6405924,
                        38.4407788
                    ],
                    [
                        -86.6405388,
                        38.4406527
                    ],
                    [
                        -86.6404261,
                        38.4404552
                    ],
                    [
                        -86.6402888,
                        38.4402441
                    ],
                    [
                        -86.640351,
                        38.4401317
                    ],
                    [
                        -86.6403188,
                        38.4400351
                    ],
                    [
                        -86.6401955,
                        38.4399426
                    ],
                    [
                        -86.6400775,
                        38.4395309
                    ],
                    [
                        -86.6400796,
                        38.4393575
                    ],
                    [
                        -86.6401654,
                        38.4391096
                    ],
                    [
                        -86.6404208,
                        38.4390771
                    ],
                    [
                        -86.6409325,
                        38.4391516
                    ],
                    [
                        -86.6414776,
                        38.4390434
                    ],
                    [
                        -86.6414507,
                        38.438951
                    ],
                    [
                        -86.6412469,
                        38.4388166
                    ],
                    [
                        -86.6409679,
                        38.4386653
                    ],
                    [
                        -86.6406836,
                        38.4384678
                    ],
                    [
                        -86.6402223,
                        38.438451
                    ],
                    [
                        -86.6400882,
                        38.4383544
                    ],
                    [
                        -86.6400882,
                        38.4381695
                    ],
                    [
                        -86.6400989,
                        38.4380098
                    ],
                    [
                        -86.6400077,
                        38.4378963
                    ],
                    [
                        -86.6400077,
                        38.4376694
                    ],
                    [
                        -86.6400828,
                        38.4373249
                    ],
                    [
                        -86.6399594,
                        38.4372619
                    ],
                    [
                        -86.6398114,
                        38.4372482
                    ],
                    [
                        -86.6398307,
                        38.4371064
                    ],
                    [
                        -86.6399433,
                        38.4369089
                    ],
                    [
                        -86.6398897,
                        38.4366862
                    ],
                    [
                        -86.6395378,
                        38.4365171
                    ],
                    [
                        -86.6396483,
                        38.436308
                    ],
                    [
                        -86.6396537,
                        38.4361946
                    ],
                    [
                        -86.6395625,
                        38.4361021
                    ],
                    [
                        -86.6393962,
                        38.4360307
                    ],
                    [
                        -86.6393264,
                        38.435871
                    ],
                    [
                        -86.6392191,
                        38.4356819
                    ],
                    [
                        -86.6389777,
                        38.4354676
                    ],
                    [
                        -86.6386559,
                        38.4353584
                    ],
                    [
                        -86.6383984,
                        38.4351987
                    ],
                    [
                        -86.6383447,
                        38.4349634
                    ],
                    [
                        -86.6381463,
                        38.4346062
                    ],
                    [
                        -86.6381194,
                        38.4345054
                    ],
                    [
                        -86.6384756,
                        38.4342942
                    ],
                    [
                        -86.6387685,
                        38.4340558
                    ],
                    [
                        -86.6390797,
                        38.4337994
                    ],
                    [
                        -86.6393178,
                        38.4335841
                    ],
                    [
                        -86.6396429,
                        38.4334801
                    ],
                    [
                        -86.6399863,
                        38.4335515
                    ],
                    [
                        -86.6400775,
                        38.4336692
                    ],
                    [
                        -86.6403746,
                        38.4337185
                    ],
                    [
                        -86.6406461,
                        38.4336061
                    ],
                    [
                        -86.6407856,
                        38.4334338
                    ],
                    [
                        -86.6408843,
                        38.4332101
                    ],
                    [
                        -86.6410484,
                        38.4330851
                    ],
                    [
                        -86.6413005,
                        38.4329338
                    ],
                    [
                        -86.6415366,
                        38.4330514
                    ],
                    [
                        -86.6417351,
                        38.4335011
                    ],
                    [
                        -86.6420086,
                        38.4336145
                    ],
                    [
                        -86.6421503,
                        38.4336471
                    ],
                    [
                        -86.642515,
                        38.4336303
                    ],
                    [
                        -86.6428187,
                        38.4336187
                    ],
                    [
                        -86.6430547,
                        38.4337574
                    ],
                    [
                        -86.6432607,
                        38.4338698
                    ],
                    [
                        -86.6435933,
                        38.4338698
                    ],
                    [
                        -86.6438701,
                        38.4338078
                    ],
                    [
                        -86.6442241,
                        38.4336229
                    ],
                    [
                        -86.6448196,
                        38.4336481
                    ],
                    [
                        -86.6451468,
                        38.4337742
                    ],
                    [
                        -86.6454204,
                        38.4339171
                    ],
                    [
                        -86.6456243,
                        38.4339969
                    ],
                    [
                        -86.645812,
                        38.4339675
                    ],
                    [
                        -86.6458978,
                        38.4338414
                    ],
                    [
                        -86.646091,
                        38.4334843
                    ],
                    [
                        -86.6461017,
                        38.4331775
                    ],
                    [
                        -86.6460641,
                        38.433022
                    ],
                    [
                        -86.646091,
                        38.4327405
                    ],
                    [
                        -86.6461929,
                        38.4325934
                    ],
                    [
                        -86.6464579,
                        38.4325461
                    ],
                    [
                        -86.6467722,
                        38.4324673
                    ],
                    [
                        -86.6471821,
                        38.4321763
                    ],
                    [
                        -86.6473623,
                        38.4318328
                    ],
                    [
                        -86.6476145,
                        38.4317404
                    ],
                    [
                        -86.6477808,
                        38.431837
                    ],
                    [
                        -86.647888,
                        38.4320009
                    ],
                    [
                        -86.6478666,
                        38.4321186
                    ],
                    [
                        -86.64777,
                        38.4322404
                    ],
                    [
                        -86.6477003,
                        38.4324421
                    ],
                    [
                        -86.6476842,
                        38.4326901
                    ],
                    [
                        -86.6479471,
                        38.4333162
                    ],
                    [
                        -86.6480436,
                        38.4335431
                    ],
                    [
                        -86.6482206,
                        38.4338667
                    ],
                    [
                        -86.6482367,
                        38.4341314
                    ],
                    [
                        -86.648167,
                        38.4346693
                    ],
                    [
                        -86.6482743,
                        38.434997
                    ],
                    [
                        -86.6483977,
                        38.4351063
                    ],
                    [
                        -86.648462,
                        38.4353458
                    ],
                    [
                        -86.648521,
                        38.4356399
                    ],
                    [
                        -86.6485586,
                        38.4357576
                    ],
                    [
                        -86.648344,
                        38.4357996
                    ],
                    [
                        -86.6482957,
                        38.4356987
                    ],
                    [
                        -86.6481831,
                        38.4356945
                    ],
                    [
                        -86.6480865,
                        38.4357786
                    ],
                    [
                        -86.6480812,
                        38.4358878
                    ],
                    [
                        -86.6481992,
                        38.4359971
                    ],
                    [
                        -86.6483547,
                        38.4360307
                    ],
                    [
                        -86.6484459,
                        38.4362114
                    ],
                    [
                        -86.6484459,
                        38.4365139
                    ],
                    [
                        -86.6484406,
                        38.4366946
                    ],
                    [
                        -86.6485318,
                        38.4368669
                    ],
                    [
                        -86.6484835,
                        38.4370686
                    ],
                    [
                        -86.6484674,
                        38.4373837
                    ],
                    [
                        -86.6484567,
                        38.4377535
                    ],
                    [
                        -86.6484459,
                        38.4383459
                    ],
                    [
                        -86.6484245,
                        38.4385855
                    ],
                    [
                        -86.6482636,
                        38.4385476
                    ],
                    [
                        -86.6482314,
                        38.4386947
                    ],
                    [
                        -86.6483762,
                        38.4389678
                    ],
                    [
                        -86.6485801,
                        38.4391023
                    ],
                    [
                        -86.6487303,
                        38.4390855
                    ],
                    [
                        -86.6489877,
                        38.4390855
                    ],
                    [
                        -86.6490038,
                        38.4392451
                    ],
                    [
                        -86.649036,
                        38.4394006
                    ],
                    [
                        -86.6490736,
                        38.4395771
                    ],
                    [
                        -86.6491862,
                        38.4397451
                    ],
                    [
                        -86.6493096,
                        38.4399762
                    ],
                    [
                        -86.6495456,
                        38.4400855
                    ],
                    [
                        -86.6496712,
                        38.4400844
                    ],
                    [
                        -86.6499319,
                        38.4400519
                    ],
                    [
                        -86.6499963,
                        38.4399342
                    ],
                    [
                        -86.650066,
                        38.4398208
                    ],
                    [
                        -86.650243,
                        38.4398502
                    ],
                    [
                        -86.6503503,
                        38.4400183
                    ],
                    [
                        -86.6505166,
                        38.4402199
                    ],
                    [
                        -86.6506454,
                        38.440283
                    ],
                    [
                        -86.6509908,
                        38.4402693
                    ],
                    [
                        -86.6510906,
                        38.4401737
                    ],
                    [
                        -86.6511335,
                        38.4400099
                    ],
                    [
                        -86.6510691,
                        38.4397704
                    ],
                    [
                        -86.6510638,
                        38.4395477
                    ],
                    [
                        -86.6509994,
                        38.439451
                    ],
                    [
                        -86.6508546,
                        38.4392998
                    ],
                    [
                        -86.6508277,
                        38.4390981
                    ],
                    [
                        -86.6507902,
                        38.4388838
                    ],
                    [
                        -86.6507258,
                        38.4387703
                    ],
                    [
                        -86.6506883,
                        38.4385224
                    ],
                    [
                        -86.650522,
                        38.4384594
                    ],
                    [
                        -86.6504844,
                        38.4382367
                    ],
                    [
                        -86.6505166,
                        38.4378165
                    ],
                    [
                        -86.6507494,
                        38.437702
                    ],
                    [
                        -86.6509511,
                        38.4375014
                    ],
                    [
                        -86.6510477,
                        38.4373333
                    ],
                    [
                        -86.6510745,
                        38.437182
                    ],
                    [
                        -86.6509994,
                        38.4371316
                    ],
                    [
                        -86.6508707,
                        38.4370476
                    ],
                    [
                        -86.6508782,
                        38.4369163
                    ],
                    [
                        -86.6509458,
                        38.4366316
                    ],
                    [
                        -86.6511121,
                        38.4364593
                    ],
                    [
                        -86.6515627,
                        38.4364215
                    ],
                    [
                        -86.6521549,
                        38.4363868
                    ],
                    [
                        -86.6521603,
                        38.4362776
                    ],
                    [
                        -86.6524446,
                        38.4360927
                    ],
                    [
                        -86.6526516,
                        38.4359635
                    ],
                    [
                        -86.6527482,
                        38.4358038
                    ],
                    [
                        -86.6527053,
                        38.4357324
                    ],
                    [
                        -86.6524478,
                        38.4356441
                    ],
                    [
                        -86.6523942,
                        38.4356483
                    ],
                    [
                        -86.6522386,
                        38.4357534
                    ],
                    [
                        -86.6521045,
                        38.4356315
                    ],
                    [
                        -86.6521367,
                        38.4353038
                    ],
                    [
                        -86.6522515,
                        38.4350842
                    ],
                    [
                        -86.6525658,
                        38.434934
                    ],
                    [
                        -86.6529896,
                        38.4348205
                    ],
                    [
                        -86.6532922,
                        38.4346052
                    ],
                    [
                        -86.6536977,
                        38.4345306
                    ],
                    [
                        -86.6541859,
                        38.4344718
                    ],
                    [
                        -86.6547384,
                        38.4344634
                    ],
                    [
                        -86.655012,
                        38.434518
                    ],
                    [
                        -86.6552427,
                        38.4346903
                    ],
                    [
                        -86.6554572,
                        38.4349088
                    ],
                    [
                        -86.655999,
                        38.4351861
                    ],
                    [
                        -86.6561138,
                        38.4353027
                    ],
                    [
                        -86.6563102,
                        38.4353458
                    ],
                    [
                        -86.6564228,
                        38.4353038
                    ],
                    [
                        -86.6563906,
                        38.4351987
                    ],
                    [
                        -86.6563263,
                        38.4350684
                    ],
                    [
                        -86.6564336,
                        38.4346945
                    ],
                    [
                        -86.656632,
                        38.4341188
                    ],
                    [
                        -86.6568198,
                        38.4338036
                    ],
                    [
                        -86.6569271,
                        38.4333204
                    ],
                    [
                        -86.65697,
                        38.4330683
                    ],
                    [
                        -86.6570827,
                        38.4329842
                    ],
                    [
                        -86.6573187,
                        38.4331061
                    ],
                    [
                        -86.6575569,
                        38.4332101
                    ],
                    [
                        -86.6579088,
                        38.4331145
                    ],
                    [
                        -86.6583186,
                        38.4328697
                    ],
                    [
                        -86.6586491,
                        38.4328497
                    ],
                    [
                        -86.6591211,
                        38.4329296
                    ],
                    [
                        -86.6591694,
                        38.4330725
                    ],
                    [
                        -86.6590514,
                        38.4332363
                    ],
                    [
                        -86.658869,
                        38.4334591
                    ],
                    [
                        -86.6585257,
                        38.4337154
                    ],
                    [
                        -86.6581341,
                        38.4340516
                    ],
                    [
                        -86.6577639,
                        38.4344549
                    ],
                    [
                        -86.6575333,
                        38.4348289
                    ],
                    [
                        -86.6572704,
                        38.435039
                    ],
                    [
                        -86.6572972,
                        38.4351861
                    ],
                    [
                        -86.6574549,
                        38.4352565
                    ],
                    [
                        -86.6578948,
                        38.435143
                    ],
                    [
                        -86.6582382,
                        38.4348825
                    ],
                    [
                        -86.6586866,
                        38.4346356
                    ],
                    [
                        -86.6591823,
                        38.4344287
                    ],
                    [
                        -86.6598561,
                        38.4343877
                    ],
                    [
                        -86.6602316,
                        38.4345096
                    ],
                    [
                        -86.6603925,
                        38.4347911
                    ],
                    [
                        -86.6603979,
                        38.4351861
                    ],
                    [
                        -86.6602959,
                        38.4354928
                    ],
                    [
                        -86.6601296,
                        38.4358626
                    ],
                    [
                        -86.6600384,
                        38.4360391
                    ],
                    [
                        -86.6599151,
                        38.436203
                    ],
                    [
                        -86.660017,
                        38.4363248
                    ],
                    [
                        -86.660355,
                        38.4365181
                    ],
                    [
                        -86.660473,
                        38.4366316
                    ],
                    [
                        -86.6603496,
                        38.4367702
                    ],
                    [
                        -86.6603517,
                        38.4368784
                    ],
                    [
                        -86.6605449,
                        38.4368532
                    ],
                    [
                        -86.6608077,
                        38.436702
                    ],
                    [
                        -86.6611274,
                        38.4364929
                    ],
                    [
                        -86.6612261,
                        38.4363196
                    ],
                    [
                        -86.6614386,
                        38.4361484
                    ],
                    [
                        -86.6615941,
                        38.4362072
                    ],
                    [
                        -86.6618463,
                        38.4364299
                    ],
                    [
                        -86.6618784,
                        38.436598
                    ],
                    [
                        -86.6619804,
                        38.4368669
                    ],
                    [
                        -86.6620877,
                        38.4370266
                    ],
                    [
                        -86.6621198,
                        38.4374299
                    ],
                    [
                        -86.6620233,
                        38.437619
                    ],
                    [
                        -86.6618945,
                        38.4377073
                    ],
                    [
                        -86.6618087,
                        38.4377913
                    ],
                    [
                        -86.6617336,
                        38.4378804
                    ],
                    [
                        -86.6616746,
                        38.437972
                    ],
                    [
                        -86.6615459,
                        38.438035
                    ],
                    [
                        -86.661283,
                        38.4381359
                    ],
                    [
                        -86.6608968,
                        38.4383207
                    ],
                    [
                        -86.6604461,
                        38.4383712
                    ],
                    [
                        -86.6602369,
                        38.4382913
                    ],
                    [
                        -86.6600224,
                        38.4383964
                    ],
                    [
                        -86.6597434,
                        38.4383922
                    ],
                    [
                        -86.6592392,
                        38.4383628
                    ],
                    [
                        -86.659105,
                        38.4384048
                    ],
                    [
                        -86.659105,
                        38.4384972
                    ],
                    [
                        -86.6597917,
                        38.4386695
                    ],
                    [
                        -86.6600492,
                        38.4387535
                    ],
                    [
                        -86.660076,
                        38.4389132
                    ],
                    [
                        -86.6598829,
                        38.4390687
                    ],
                    [
                        -86.6596468,
                        38.4391905
                    ],
                    [
                        -86.6596039,
                        38.4393292
                    ],
                    [
                        -86.65962,
                        38.4394888
                    ],
                    [
                        -86.659738,
                        38.4397241
                    ],
                    [
                        -86.6598024,
                        38.4399846
                    ],
                    [
                        -86.6597219,
                        38.4401569
                    ],
                    [
                        -86.6596039,
                        38.4401527
                    ],
                    [
                        -86.659443,
                        38.4401485
                    ],
                    [
                        -86.6592284,
                        38.4401611
                    ],
                    [
                        -86.6592499,
                        38.4402536
                    ],
                    [
                        -86.6592767,
                        38.4404594
                    ],
                    [
                        -86.6592499,
                        38.4406107
                    ],
                    [
                        -86.6591211,
                        38.4406989
                    ],
                    [
                        -86.6588475,
                        38.4411527
                    ],
                    [
                        -86.6587617,
                        38.4413544
                    ],
                    [
                        -86.6588551,
                        38.4413617
                    ],
                    [
                        -86.6591286,
                        38.4412189
                    ],
                    [
                        -86.6595288,
                        38.4410183
                    ],
                    [
                        -86.6598046,
                        38.4407609
                    ],
                    [
                        -86.6601693,
                        38.4406012
                    ],
                    [
                        -86.6604193,
                        38.440493
                    ],
                    [
                        -86.6607111,
                        38.4402189
                    ],
                    [
                        -86.661047,
                        38.4398628
                    ],
                    [
                        -86.6613527,
                        38.4397115
                    ],
                    [
                        -86.6615137,
                        38.4397493
                    ],
                    [
                        -86.6615673,
                        38.4399216
                    ],
                    [
                        -86.6615619,
                        38.4401149
                    ],
                    [
                        -86.661578,
                        38.4404552
                    ],
                    [
                        -86.6616531,
                        38.4407914
                    ],
                    [
                        -86.6617604,
                        38.4409636
                    ],
                    [
                        -86.6618141,
                        38.4414132
                    ],
                    [
                        -86.6618892,
                        38.4417746
                    ],
                    [
                        -86.6619106,
                        38.4422031
                    ],
                    [
                        -86.6618463,
                        38.4422998
                    ],
                    [
                        -86.661637,
                        38.442367
                    ],
                    [
                        -86.6615265,
                        38.4423953
                    ],
                    [
                        -86.6616263,
                        38.4424762
                    ],
                    [
                        -86.661798,
                        38.4425645
                    ],
                    [
                        -86.6619214,
                        38.4426443
                    ],
                    [
                        -86.6620737,
                        38.4425886
                    ],
                    [
                        -86.6622969,
                        38.4425897
                    ],
                    [
                        -86.6623344,
                        38.4426527
                    ],
                    [
                        -86.6624278,
                        38.4426853
                    ],
                    [
                        -86.6627636,
                        38.4425939
                    ],
                    [
                        -86.6629942,
                        38.4424468
                    ],
                    [
                        -86.6630962,
                        38.4423376
                    ],
                    [
                        -86.6631069,
                        38.4422115
                    ],
                    [
                        -86.6629996,
                        38.4420477
                    ],
                    [
                        -86.6631123,
                        38.4417157
                    ],
                    [
                        -86.6634234,
                        38.4411611
                    ],
                    [
                        -86.6634985,
                        38.4407914
                    ],
                    [
                        -86.6636079,
                        38.4402609
                    ],
                    [
                        -86.6638257,
                        38.4400603
                    ],
                    [
                        -86.6640264,
                        38.4399962
                    ],
                    [
                        -86.6645177,
                        38.4399468
                    ],
                    [
                        -86.6643139,
                        38.4398166
                    ],
                    [
                        -86.6640242,
                        38.4395981
                    ],
                    [
                        -86.663933,
                        38.439409
                    ],
                    [
                        -86.6640028,
                        38.4391401
                    ],
                    [
                        -86.6640457,
                        38.439014
                    ],
                    [
                        -86.6639491,
                        38.4387871
                    ],
                    [
                        -86.6640317,
                        38.4386558
                    ],
                    [
                        -86.6642334,
                        38.4386485
                    ],
                    [
                        -86.6646411,
                        38.4386989
                    ],
                    [
                        -86.6650649,
                        38.4388838
                    ],
                    [
                        -86.6654833,
                        38.4391779
                    ],
                    [
                        -86.6656335,
                        38.4394846
                    ],
                    [
                        -86.6657784,
                        38.4398166
                    ],
                    [
                        -86.6657998,
                        38.4401275
                    ],
                    [
                        -86.6657408,
                        38.4402451
                    ],
                    [
                        -86.6656389,
                        38.4404132
                    ],
                    [
                        -86.6656786,
                        38.4404836
                    ],
                    [
                        -86.665743,
                        38.440408
                    ],
                    [
                        -86.6658106,
                        38.4403166
                    ],
                    [
                        -86.6659232,
                        38.4402451
                    ],
                    [
                        -86.6660466,
                        38.4402578
                    ],
                    [
                        -86.6661721,
                        38.4403365
                    ],
                    [
                        -86.6662558,
                        38.4403124
                    ],
                    [
                        -86.6662344,
                        38.440262
                    ],
                    [
                        -86.6661807,
                        38.4402031
                    ],
                    [
                        -86.6662397,
                        38.4401527
                    ],
                    [
                        -86.6663363,
                        38.4402031
                    ],
                    [
                        -86.6665959,
                        38.4402399
                    ],
                    [
                        -86.6668191,
                        38.4401569
                    ],
                    [
                        -86.6668352,
                        38.4400897
                    ],
                    [
                        -86.6665938,
                        38.4400519
                    ],
                    [
                        -86.6663738,
                        38.4398754
                    ],
                    [
                        -86.6661378,
                        38.4397451
                    ],
                    [
                        -86.6661614,
                        38.4396222
                    ],
                    [
                        -86.6663331,
                        38.4396096
                    ],
                    [
                        -86.6666796,
                        38.4396065
                    ],
                    [
                        -86.6667064,
                        38.4395224
                    ],
                    [
                        -86.6666206,
                        38.4394006
                    ],
                    [
                        -86.6664597,
                        38.4392787
                    ],
                    [
                        -86.6664918,
                        38.4391149
                    ],
                    [
                        -86.6663953,
                        38.4390855
                    ],
                    [
                        -86.6662612,
                        38.4389468
                    ],
                    [
                        -86.6661485,
                        38.4386149
                    ],
                    [
                        -86.6661217,
                        38.4384552
                    ],
                    [
                        -86.6659769,
                        38.4382745
                    ],
                    [
                        -86.665891,
                        38.4383039
                    ],
                    [
                        -86.6657516,
                        38.4382535
                    ],
                    [
                        -86.6655584,
                        38.4380098
                    ],
                    [
                        -86.6655209,
                        38.4377451
                    ],
                    [
                        -86.6655316,
                        38.4375896
                    ],
                    [
                        -86.6655692,
                        38.4374468
                    ],
                    [
                        -86.6655048,
                        38.4373963
                    ],
                    [
                        -86.6653921,
                        38.4374005
                    ],
                    [
                        -86.6653009,
                        38.4374594
                    ],
                    [
                        -86.6652097,
                        38.4375266
                    ],
                    [
                        -86.6651132,
                        38.4374678
                    ],
                    [
                        -86.665022,
                        38.4372241
                    ],
                    [
                        -86.6651025,
                        38.4368921
                    ],
                    [
                        -86.665317,
                        38.436598
                    ],
                    [
                        -86.6655423,
                        38.4364173
                    ],
                    [
                        -86.665596,
                        38.4362366
                    ],
                    [
                        -86.6655799,
                        38.4360097
                    ],
                    [
                        -86.6656979,
                        38.435829
                    ],
                    [
                        -86.6658481,
                        38.4356861
                    ],
                    [
                        -86.6658749,
                        38.435392
                    ],
                    [
                        -86.6657837,
                        38.4352659
                    ],
                    [
                        -86.6655745,
                        38.4351861
                    ],
                    [
                        -86.6654726,
                        38.4350432
                    ],
                    [
                        -86.6655209,
                        38.4348878
                    ],
                    [
                        -86.6656389,
                        38.434476
                    ],
                    [
                        -86.665714,
                        38.4343919
                    ],
                    [
                        -86.6658267,
                        38.4345096
                    ],
                    [
                        -86.665832,
                        38.4346945
                    ],
                    [
                        -86.6658964,
                        38.4349004
                    ],
                    [
                        -86.6661378,
                        38.4350306
                    ],
                    [
                        -86.6666689,
                        38.4351315
                    ],
                    [
                        -86.6670143,
                        38.4351178
                    ],
                    [
                        -86.6673019,
                        38.4348583
                    ],
                    [
                        -86.6675379,
                        38.4344676
                    ],
                    [
                        -86.6678812,
                        38.434144
                    ],
                    [
                        -86.6681409,
                        38.4338152
                    ],
                    [
                        -86.6685411,
                        38.4336692
                    ],
                    [
                        -86.6690292,
                        38.4336902
                    ],
                    [
                        -86.6694852,
                        38.4338625
                    ],
                    [
                        -86.6698768,
                        38.4341524
                    ],
                    [
                        -86.6700699,
                        38.4344003
                    ],
                    [
                        -86.6702416,
                        38.4348037
                    ],
                    [
                        -86.670322,
                        38.435039
                    ],
                    [
                        -86.6702523,
                        38.4356483
                    ],
                    [
                        -86.6702255,
                        38.4358836
                    ],
                    [
                        -86.6701611,
                        38.4360265
                    ],
                    [
                        -86.670027,
                        38.4360895
                    ],
                    [
                        -86.6698929,
                        38.4362198
                    ],
                    [
                        -86.6698071,
                        38.436203
                    ],
                    [
                        -86.6697051,
                        38.4361904
                    ],
                    [
                        -86.6695817,
                        38.4362492
                    ],
                    [
                        -86.6694798,
                        38.4362408
                    ],
                    [
                        -86.6693618,
                        38.4362408
                    ],
                    [
                        -86.6692384,
                        38.4362786
                    ],
                    [
                        -86.6692492,
                        38.4363122
                    ],
                    [
                        -86.6693189,
                        38.4363669
                    ],
                    [
                        -86.6692921,
                        38.4364845
                    ],
                    [
                        -86.6693243,
                        38.4365686
                    ],
                    [
                        -86.6695013,
                        38.4366484
                    ],
                    [
                        -86.6696032,
                        38.4369719
                    ],
                    [
                        -86.6695603,
                        38.4370854
                    ],
                    [
                        -86.6694262,
                        38.4372493
                    ],
                    [
                        -86.669394,
                        38.4377367
                    ],
                    [
                        -86.6695013,
                        38.4380056
                    ],
                    [
                        -86.6696783,
                        38.4384468
                    ],
                    [
                        -86.6700002,
                        38.4391863
                    ],
                    [
                        -86.6701772,
                        38.4395182
                    ],
                    [
                        -86.6703542,
                        38.4401275
                    ],
                    [
                        -86.6706654,
                        38.4407367
                    ],
                    [
                        -86.6708478,
                        38.4410015
                    ],
                    [
                        -86.6710806,
                        38.4410634
                    ],
                    [
                        -86.671293,
                        38.4410225
                    ],
                    [
                        -86.671352,
                        38.440888
                    ],
                    [
                        -86.6713896,
                        38.4406947
                    ],
                    [
                        -86.671293,
                        38.4403502
                    ],
                    [
                        -86.6711911,
                        38.439972
                    ],
                    [
                        -86.6713037,
                        38.4397746
                    ],
                    [
                        -86.6714057,
                        38.4396233
                    ],
                    [
                        -86.6712823,
                        38.4395435
                    ],
                    [
                        -86.6712522,
                        38.4393785
                    ],
                    [
                        -86.6713091,
                        38.4392283
                    ],
                    [
                        -86.6713466,
                        38.4390981
                    ],
                    [
                        -86.6712715,
                        38.4388922
                    ],
                    [
                        -86.6713091,
                        38.4383712
                    ],
                    [
                        -86.6713273,
                        38.4380172
                    ],
                    [
                        -86.6715773,
                        38.4376358
                    ],
                    [
                        -86.6719582,
                        38.4373837
                    ],
                    [
                        -86.6723283,
                        38.4373039
                    ],
                    [
                        -86.6726824,
                        38.4373459
                    ],
                    [
                        -86.6731062,
                        38.437451
                    ],
                    [
                        -86.6740718,
                        38.4377829
                    ],
                    [
                        -86.6742649,
                        38.4378249
                    ],
                    [
                        -86.6743722,
                        38.4376779
                    ],
                    [
                        -86.6744312,
                        38.4374678
                    ],
                    [
                        -86.6743883,
                        38.4371358
                    ],
                    [
                        -86.6743239,
                        38.4368291
                    ],
                    [
                        -86.6742939,
                        38.4362608
                    ],
                    [
                        -86.6744741,
                        38.4360475
                    ],
                    [
                        -86.6743829,
                        38.435892
                    ],
                    [
                        -86.6742649,
                        38.4357786
                    ],
                    [
                        -86.6740289,
                        38.4355517
                    ],
                    [
                        -86.6739001,
                        38.4355475
                    ],
                    [
                        -86.6737606,
                        38.4354466
                    ],
                    [
                        -86.6734227,
                        38.4352407
                    ],
                    [
                        -86.6731384,
                        38.4350474
                    ],
                    [
                        -86.6730686,
                        38.4348079
                    ],
                    [
                        -86.6730976,
                        38.4344287
                    ],
                    [
                        -86.6732853,
                        38.4340085
                    ],
                    [
                        -86.6735943,
                        38.4335935
                    ],
                    [
                        -86.6739613,
                        38.433416
                    ],
                    [
                        -86.6746264,
                        38.4331008
                    ],
                    [
                        -86.6749301,
                        38.4331103
                    ],
                    [
                        -86.6751232,
                        38.433333
                    ],
                    [
                        -86.6754021,
                        38.4337154
                    ],
                    [
                        -86.6755577,
                        38.4342154
                    ],
                    [
                        -86.6757294,
                        38.4345474
                    ],
                    [
                        -86.676003,
                        38.4351735
                    ],
                    [
                        -86.6762551,
                        38.4354802
                    ],
                    [
                        -86.6765662,
                        38.4358038
                    ],
                    [
                        -86.6767486,
                        38.4359467
                    ],
                    [
                        -86.6771885,
                        38.4361315
                    ],
                    [
                        -86.6775265,
                        38.436245
                    ],
                    [
                        -86.6779771,
                        38.436619
                    ],
                    [
                        -86.6782367,
                        38.4367566
                    ],
                    [
                        -86.6787334,
                        38.4367913
                    ],
                    [
                        -86.6791143,
                        38.4368039
                    ],
                    [
                        -86.6795649,
                        38.4368039
                    ],
                    [
                        -86.6798224,
                        38.4368459
                    ],
                    [
                        -86.6801497,
                        38.4370476
                    ],
                    [
                        -86.6802484,
                        38.437244
                    ],
                    [
                        -86.6803589,
                        38.4372367
                    ],
                    [
                        -86.6804522,
                        38.437139
                    ],
                    [
                        -86.680788,
                        38.4370224
                    ],
                    [
                        -86.6816914,
                        38.4369079
                    ],
                    [
                        -86.6822793,
                        38.4367702
                    ],
                    [
                        -86.6829499,
                        38.4366484
                    ],
                    [
                        -86.6832235,
                        38.4367618
                    ],
                    [
                        -86.6836419,
                        38.4369509
                    ],
                    [
                        -86.6837706,
                        38.4371064
                    ],
                    [
                        -86.6839123,
                        38.4371348
                    ],
                    [
                        -86.6840839,
                        38.4370255
                    ],
                    [
                        -86.68432,
                        38.4369247
                    ],
                    [
                        -86.6848296,
                        38.436723
                    ],
                    [
                        -86.6850313,
                        38.4367198
                    ],
                    [
                        -86.6852888,
                        38.4368459
                    ],
                    [
                        -86.6854014,
                        38.4368921
                    ],
                    [
                        -86.6856181,
                        38.4368196
                    ],
                    [
                        -86.6860419,
                        38.4365759
                    ],
                    [
                        -86.6863456,
                        38.4365812
                    ],
                    [
                        -86.6865762,
                        38.4367828
                    ],
                    [
                        -86.6866889,
                        38.4369677
                    ],
                    [
                        -86.6867586,
                        38.4372072
                    ],
                    [
                        -86.6866889,
                        38.437577
                    ],
                    [
                        -86.6866803,
                        38.43766
                    ],
                    [
                        -86.6868766,
                        38.4376568
                    ],
                    [
                        -86.6871341,
                        38.4377367
                    ],
                    [
                        -86.6874292,
                        38.4377493
                    ],
                    [
                        -86.6875815,
                        38.4376894
                    ],
                    [
                        -86.6878208,
                        38.437598
                    ],
                    [
                        -86.6880461,
                        38.4376652
                    ],
                    [
                        -86.6881587,
                        38.4378291
                    ],
                    [
                        -86.6881319,
                        38.438098
                    ],
                    [
                        -86.6880729,
                        38.4385392
                    ],
                    [
                        -86.6879334,
                        38.438867
                    ],
                    [
                        -86.6877188,
                        38.4393586
                    ],
                    [
                        -86.6875472,
                        38.4396653
                    ],
                    [
                        -86.6874023,
                        38.4398334
                    ],
                    [
                        -86.6874292,
                        38.4399216
                    ],
                    [
                        -86.687574,
                        38.4399216
                    ],
                    [
                        -86.6877371,
                        38.4398996
                    ],
                    [
                        -86.6879302,
                        38.4398155
                    ],
                    [
                        -86.6881373,
                        38.4396569
                    ],
                    [
                        -86.6884345,
                        38.4394668
                    ],
                    [
                        -86.6888368,
                        38.4392609
                    ],
                    [
                        -86.6891211,
                        38.4391727
                    ],
                    [
                        -86.6893571,
                        38.4391937
                    ],
                    [
                        -86.6894913,
                        38.4391769
                    ],
                    [
                        -86.6894998,
                        38.4391359
                    ],
                    [
                        -86.6895588,
                        38.4390308
                    ],
                    [
                        -86.6897144,
                        38.438972
                    ],
                    [
                        -86.6899955,
                        38.4388827
                    ],
                    [
                        -86.6904225,
                        38.4387493
                    ],
                    [
                        -86.6906907,
                        38.4386821
                    ],
                    [
                        -86.6908248,
                        38.4387073
                    ],
                    [
                        -86.6908999,
                        38.4388039
                    ],
                    [
                        -86.6911306,
                        38.4388039
                    ],
                    [
                        -86.6915437,
                        38.4389216
                    ],
                    [
                        -86.6917958,
                        38.4389258
                    ],
                    [
                        -86.6921284,
                        38.4389888
                    ],
                    [
                        -86.6923805,
                        38.4391359
                    ],
                    [
                        -86.6925683,
                        38.4392829
                    ],
                    [
                        -86.6928118,
                        38.4393407
                    ],
                    [
                        -86.6930049,
                        38.4392945
                    ],
                    [
                        -86.6932034,
                        38.4390508
                    ],
                    [
                        -86.6935231,
                        38.4387745
                    ],
                    [
                        -86.6938289,
                        38.4387031
                    ],
                    [
                        -86.694124,
                        38.4387409
                    ],
                    [
                        -86.6943922,
                        38.4388418
                    ],
                    [
                        -86.6946711,
                        38.4389888
                    ],
                    [
                        -86.6948428,
                        38.4392829
                    ],
                    [
                        -86.6947784,
                        38.4396275
                    ],
                    [
                        -86.6947033,
                        38.4397451
                    ],
                    [
                        -86.6946229,
                        38.4397956
                    ],
                    [
                        -86.6947623,
                        38.4398922
                    ],
                    [
                        -86.6949447,
                        38.4400141
                    ],
                    [
                        -86.6949662,
                        38.4401569
                    ],
                    [
                        -86.6948964,
                        38.4404258
                    ],
                    [
                        -86.6947623,
                        38.4407367
                    ],
                    [
                        -86.6944029,
                        38.441346
                    ],
                    [
                        -86.6941186,
                        38.4420014
                    ],
                    [
                        -86.6939416,
                        38.4424048
                    ],
                    [
                        -86.6935982,
                        38.4430266
                    ],
                    [
                        -86.6930457,
                        38.4436275
                    ],
                    [
                        -86.692697,
                        38.4439888
                    ],
                    [
                        -86.6923215,
                        38.4442787
                    ],
                    [
                        -86.6918977,
                        38.4444846
                    ],
                    [
                        -86.6911682,
                        38.4448123
                    ],
                    [
                        -86.6907497,
                        38.4449341
                    ],
                    [
                        -86.6903957,
                        38.4450812
                    ],
                    [
                        -86.6901543,
                        38.4452282
                    ],
                    [
                        -86.6900577,
                        38.4453459
                    ],
                    [
                        -86.6899236,
                        38.4455265
                    ],
                    [
                        -86.6898163,
                        38.4456063
                    ],
                    [
                        -86.6899397,
                        38.4456442
                    ],
                    [
                        -86.6900255,
                        38.4456694
                    ],
                    [
                        -86.6899344,
                        38.4457366
                    ],
                    [
                        -86.6899719,
                        38.4457828
                    ],
                    [
                        -86.6900416,
                        38.445745
                    ],
                    [
                        -86.6902154,
                        38.4456767
                    ],
                    [
                        -86.6905588,
                        38.4455549
                    ],
                    [
                        -86.6910126,
                        38.4454467
                    ],
                    [
                        -86.6914686,
                        38.4452996
                    ],
                    [
                        -86.6919299,
                        38.4450896
                    ],
                    [
                        -86.6924664,
                        38.4448711
                    ],
                    [
                        -86.6929223,
                        38.4446526
                    ],
                    [
                        -86.6933751,
                        38.4444247
                    ],
                    [
                        -86.6935468,
                        38.444286
                    ],
                    [
                        -86.6939276,
                        38.4441096
                    ],
                    [
                        -86.6942259,
                        38.4438753
                    ],
                    [
                        -86.6946765,
                        38.4437577
                    ],
                    [
                        -86.6949984,
                        38.4437661
                    ],
                    [
                        -86.6951968,
                        38.4437955
                    ],
                    [
                        -86.6953578,
                        38.4437703
                    ],
                    [
                        -86.6955455,
                        38.4437871
                    ],
                    [
                        -86.6957172,
                        38.4439258
                    ],
                    [
                        -86.6958191,
                        38.4440014
                    ],
                    [
                        -86.6958889,
                        38.4441148
                    ],
                    [
                        -86.6958942,
                        38.4443333
                    ],
                    [
                        -86.6959371,
                        38.4446778
                    ],
                    [
                        -86.6959425,
                        38.4448585
                    ],
                    [
                        -86.6960444,
                        38.4449971
                    ],
                    [
                        -86.6961753,
                        38.4450549
                    ],
                    [
                        -86.6962933,
                        38.4450465
                    ],
                    [
                        -86.6963663,
                        38.4449719
                    ],
                    [
                        -86.6963556,
                        38.4448543
                    ],
                    [
                        -86.6963609,
                        38.4446988
                    ],
                    [
                        -86.6964092,
                        38.444619
                    ],
                    [
                        -86.696436,
                        38.4444467
                    ],
                    [
                        -86.6964521,
                        38.4442241
                    ],
                    [
                        -86.6964789,
                        38.444014
                    ],
                    [
                        -86.6965004,
                        38.4437997
                    ],
                    [
                        -86.696436,
                        38.4435308
                    ],
                    [
                        -86.6963073,
                        38.4431779
                    ],
                    [
                        -86.6960981,
                        38.442867
                    ],
                    [
                        -86.6960122,
                        38.4426527
                    ],
                    [
                        -86.6960444,
                        38.4424174
                    ],
                    [
                        -86.6961592,
                        38.4421138
                    ],
                    [
                        -86.6962858,
                        38.4418964
                    ],
                    [
                        -86.6965884,
                        38.4415718
                    ],
                    [
                        -86.6969692,
                        38.4413113
                    ],
                    [
                        -86.6972911,
                        38.4411559
                    ],
                    [
                        -86.6975218,
                        38.4411012
                    ],
                    [
                        -86.6976505,
                        38.4410886
                    ],
                    [
                        -86.6977074,
                        38.4410477
                    ],
                    [
                        -86.6976806,
                        38.440888
                    ],
                    [
                        -86.6976613,
                        38.440555
                    ],
                    [
                        -86.6977771,
                        38.4401023
                    ],
                    [
                        -86.6977879,
                        38.4397662
                    ],
                    [
                        -86.6979488,
                        38.4392872
                    ],
                    [
                        -86.6981044,
                        38.4386947
                    ],
                    [
                        -86.6981473,
                        38.438451
                    ],
                    [
                        -86.6983801,
                        38.438013
                    ],
                    [
                        -86.6987213,
                        38.4376821
                    ],
                    [
                        -86.6990753,
                        38.4374383
                    ],
                    [
                        -86.6994025,
                        38.4372198
                    ],
                    [
                        -86.6996279,
                        38.437098
                    ],
                    [
                        -86.6998714,
                        38.4370297
                    ],
                    [
                        -86.7000516,
                        38.4370098
                    ],
                    [
                        -86.7002684,
                        38.4370507
                    ],
                    [
                        -86.7003542,
                        38.4370171
                    ],
                    [
                        -86.7003917,
                        38.4368995
                    ],
                    [
                        -86.7003574,
                        38.4367492
                    ],
                    [
                        -86.7003306,
                        38.4365686
                    ],
                    [
                        -86.7003574,
                        38.4363585
                    ],
                    [
                        -86.7004561,
                        38.4361053
                    ],
                    [
                        -86.7005902,
                        38.436017
                    ],
                    [
                        -86.7008102,
                        38.4358406
                    ],
                    [
                        -86.70091,
                        38.4356315
                    ],
                    [
                        -86.700867,
                        38.4353752
                    ],
                    [
                        -86.7008456,
                        38.435039
                    ],
                    [
                        -86.7007973,
                        38.4346693
                    ],
                    [
                        -86.7006686,
                        38.4343373
                    ],
                    [
                        -86.7005452,
                        38.4339969
                    ],
                    [
                        -86.700395,
                        38.4336986
                    ],
                    [
                        -86.7002662,
                        38.4334549
                    ],
                    [
                        -86.7002394,
                        38.4332994
                    ],
                    [
                        -86.7002791,
                        38.4331555
                    ],
                    [
                        -86.7004132,
                        38.433063
                    ],
                    [
                        -86.7005881,
                        38.4329884
                    ],
                    [
                        -86.7006578,
                        38.4329254
                    ],
                    [
                        -86.7006739,
                        38.4327951
                    ],
                    [
                        -86.7007597,
                        38.4326564
                    ],
                    [
                        -86.7009443,
                        38.4324327
                    ],
                    [
                        -86.7010762,
                        38.4323707
                    ],
                    [
                        -86.7012694,
                        38.4324379
                    ],
                    [
                        -86.7014142,
                        38.4325136
                    ],
                    [
                        -86.701543,
                        38.4325934
                    ],
                    [
                        -86.7017146,
                        38.4327699
                    ],
                    [
                        -86.7017683,
                        38.4328582
                    ],
                    [
                        -86.7019399,
                        38.4330136
                    ],
                    [
                        -86.7020901,
                        38.4331817
                    ],
                    [
                        -86.7021277,
                        38.4332826
                    ],
                    [
                        -86.7021223,
                        38.4333708
                    ],
                    [
                        -86.7021277,
                        38.4335137
                    ],
                    [
                        -86.702133,
                        38.4335851
                    ],
                    [
                        -86.7020311,
                        38.4335809
                    ],
                    [
                        -86.7018595,
                        38.4335893
                    ],
                    [
                        -86.7017361,
                        38.4336229
                    ],
                    [
                        -86.7016932,
                        38.4336944
                    ],
                    [
                        -86.7016932,
                        38.4338078
                    ],
                    [
                        -86.7017575,
                        38.4340053
                    ],
                    [
                        -86.701897,
                        38.4341734
                    ],
                    [
                        -86.7020311,
                        38.4342869
                    ],
                    [
                        -86.7021277,
                        38.4344507
                    ],
                    [
                        -86.702192,
                        38.4346861
                    ],
                    [
                        -86.7022671,
                        38.4347449
                    ],
                    [
                        -86.702339,
                        38.4347144
                    ],
                    [
                        -86.7025676,
                        38.4346524
                    ],
                    [
                        -86.7026105,
                        38.4345936
                    ],
                    [
                        -86.702809,
                        38.4344381
                    ],
                    [
                        -86.7028841,
                        38.4343583
                    ],
                    [
                        -86.7031652,
                        38.4342732
                    ],
                    [
                        -86.7033025,
                        38.4342743
                    ],
                    [
                        -86.7035224,
                        38.4343751
                    ],
                    [
                        -86.7036512,
                        38.4344547
                    ],
                    [
                        -86.7037585,
                        38.4345556
                    ],
                    [
                        -86.7038979,
                        38.4346228
                    ],
                    [
                        -86.7039376,
                        38.434706
                    ],
                    [
                        -86.7040986,
                        38.4347648
                    ],
                    [
                        -86.7044773,
                        38.4348413
                    ],
                    [
                        -86.7048313,
                        38.4350094
                    ],
                    [
                        -86.7050996,
                        38.4351691
                    ],
                    [
                        -86.7052927,
                        38.4351987
                    ],
                    [
                        -86.705813,
                        38.4354046
                    ],
                    [
                        -86.7060141,
                        38.4352474
                    ],
                    [
                        -86.7089673,
                        38.4327657
                    ],
                    [
                        -86.7087575,
                        38.4325136
                    ],
                    [
                        -86.7080601,
                        38.4317404
                    ],
                    [
                        -86.7073199,
                        38.4312445
                    ],
                    [
                        -86.7070849,
                        38.4310168
                    ],
                    [
                        -86.7071064,
                        38.430773
                    ],
                    [
                        -86.7074604,
                        38.4306133
                    ],
                    [
                        -86.7083498,
                        38.4304041
                    ],
                    [
                        -86.708941,
                        38.4303696
                    ],
                    [
                        -86.7092618,
                        38.4302444
                    ],
                    [
                        -86.7095847,
                        38.4302015
                    ],
                    [
                        -86.7099066,
                        38.4299746
                    ],
                    [
                        -86.7103787,
                        38.4296636
                    ],
                    [
                        -86.7110428,
                        38.4295048
                    ],
                    [
                        -86.7116329,
                        38.4295132
                    ],
                    [
                        -86.7122873,
                        38.4293451
                    ],
                    [
                        -86.7138441,
                        38.4290921
                    ],
                    [
                        -86.7144867,
                        38.4290005
                    ],
                    [
                        -86.7150886,
                        38.4289744
                    ],
                    [
                        -86.7159137,
                        38.428866
                    ],
                    [
                        -86.7166325,
                        38.428782
                    ],
                    [
                        -86.7173191,
                        38.4288156
                    ],
                    [
                        -86.7181249,
                        38.428882
                    ],
                    [
                        -86.7188544,
                        38.428966
                    ],
                    [
                        -86.7193158,
                        38.4290753
                    ],
                    [
                        -86.7196151,
                        38.4291266
                    ],
                    [
                        -86.7202492,
                        38.4290921
                    ],
                    [
                        -86.7211171,
                        38.4289753
                    ],
                    [
                        -86.7212684,
                        38.4288231
                    ],
                    [
                        -86.7211182,
                        38.428529
                    ],
                    [
                        -86.7207212,
                        38.4279911
                    ],
                    [
                        -86.7207309,
                        38.4277398
                    ],
                    [
                        -86.7208918,
                        38.4275885
                    ],
                    [
                        -86.7211386,
                        38.4275548
                    ],
                    [
                        -86.7213639,
                        38.4274036
                    ],
                    [
                        -86.7214608,
                        38.4271978
                    ],
                    [
                        -86.7214347,
                        38.4269236
                    ],
                    [
                        -86.7209616,
                        38.4267437
                    ],
                    [
                        -86.7205174,
                        38.4268564
                    ],
                    [
                        -86.7201945,
                        38.4267312
                    ],
                    [
                        -86.7199488,
                        38.426495
                    ],
                    [
                        -86.7199917,
                        38.4260243
                    ],
                    [
                        -86.720732,
                        38.4250913
                    ],
                    [
                        -86.721321,
                        38.424529
                    ],
                    [
                        -86.7217072,
                        38.4245374
                    ],
                    [
                        -86.7220613,
                        38.4246383
                    ],
                    [
                        -86.7223939,
                        38.4246215
                    ],
                    [
                        -86.7225548,
                        38.4244702
                    ],
                    [
                        -86.7225977,
                        38.4242432
                    ],
                    [
                        -86.7225226,
                        38.4240583
                    ],
                    [
                        -86.7222651,
                        38.4238902
                    ],
                    [
                        -86.7222222,
                        38.4236969
                    ],
                    [
                        -86.7223402,
                        38.4234868
                    ],
                    [
                        -86.722308,
                        38.4231589
                    ],
                    [
                        -86.7220827,
                        38.4230749
                    ],
                    [
                        -86.7218682,
                        38.4231169
                    ],
                    [
                        -86.721729,
                        38.4232967
                    ],
                    [
                        -86.7214899,
                        38.4233439
                    ],
                    [
                        -86.7212851,
                        38.4234144
                    ],
                    [
                        -86.7211718,
                        38.423383
                    ],
                    [
                        -86.7209056,
                        38.4234548
                    ],
                    [
                        -86.720749,
                        38.4235456
                    ],
                    [
                        -86.7206437,
                        38.4235093
                    ],
                    [
                        -86.720514,
                        38.4233451
                    ],
                    [
                        -86.7204734,
                        38.4231621
                    ],
                    [
                        -86.720291,
                        38.4221167
                    ],
                    [
                        -86.720217,
                        38.4213509
                    ],
                    [
                        -86.7204208,
                        38.4210399
                    ],
                    [
                        -86.7203769,
                        38.4207634
                    ],
                    [
                        -86.7202374,
                        38.4206541
                    ],
                    [
                        -86.7199048,
                        38.4206625
                    ],
                    [
                        -86.7195829,
                        38.420881
                    ],
                    [
                        -86.7192514,
                        38.4213425
                    ],
                    [
                        -86.7191752,
                        38.4217216
                    ],
                    [
                        -86.7191645,
                        38.4222512
                    ],
                    [
                        -86.7191109,
                        38.4228395
                    ],
                    [
                        -86.7190572,
                        38.4232682
                    ],
                    [
                        -86.7189499,
                        38.4234952
                    ],
                    [
                        -86.7186388,
                        38.4233775
                    ],
                    [
                        -86.7181882,
                        38.4232514
                    ],
                    [
                        -86.7181014,
                        38.4233619
                    ],
                    [
                        -86.7182633,
                        38.4234699
                    ],
                    [
                        -86.718553,
                        38.4238062
                    ],
                    [
                        -86.7185959,
                        38.424176
                    ],
                    [
                        -86.7183502,
                        38.424503
                    ],
                    [
                        -86.7181416,
                        38.4246521
                    ],
                    [
                        -86.7178006,
                        38.4247791
                    ],
                    [
                        -86.7175562,
                        38.4250073
                    ],
                    [
                        -86.7173739,
                        38.4253267
                    ],
                    [
                        -86.7173084,
                        38.4256721
                    ],
                    [
                        -86.7169447,
                        38.4261672
                    ],
                    [
                        -86.7163321,
                        38.426437
                    ],
                    [
                        -86.7153558,
                        38.4266051
                    ],
                    [
                        -86.7139288,
                        38.4266891
                    ],
                    [
                        -86.7127701,
                        38.4266807
                    ],
                    [
                        -86.7120942,
                        38.4266135
                    ],
                    [
                        -86.7118827,
                        38.4264949
                    ],
                    [
                        -86.7118324,
                        38.4264562
                    ],
                    [
                        -86.7118505,
                        38.4263373
                    ],
                    [
                        -86.7119118,
                        38.4262016
                    ],
                    [
                        -86.7120262,
                        38.4260904
                    ],
                    [
                        -86.7120845,
                        38.4259318
                    ],
                    [
                        -86.7121254,
                        38.4258813
                    ],
                    [
                        -86.7121988,
                        38.4258392
                    ],
                    [
                        -86.7123131,
                        38.4258036
                    ],
                    [
                        -86.7124124,
                        38.4257784
                    ],
                    [
                        -86.7124151,
                        38.425688
                    ],
                    [
                        -86.7123909,
                        38.4255788
                    ],
                    [
                        -86.7122903,
                        38.4256292
                    ],
                    [
                        -86.7121723,
                        38.4256176
                    ],
                    [
                        -86.7121509,
                        38.4254716
                    ],
                    [
                        -86.7121187,
                        38.4254558
                    ],
                    [
                        -86.7120329,
                        38.4254747
                    ],
                    [
                        -86.7119306,
                        38.4255271
                    ],
                    [
                        -86.7118367,
                        38.4256469
                    ],
                    [
                        -86.7111189,
                        38.425831
                    ],
                    [
                        -86.7105492,
                        38.4262016
                    ],
                    [
                        -86.7101201,
                        38.4265631
                    ],
                    [
                        -86.7098844,
                        38.426788
                    ],
                    [
                        -86.709766,
                        38.4270674
                    ],
                    [
                        -86.7094764,
                        38.4273447
                    ],
                    [
                        -86.7088541,
                        38.4277734
                    ],
                    [
                        -86.7084357,
                        38.4278658
                    ],
                    [
                        -86.7077919,
                        38.4278406
                    ],
                    [
                        -86.7074701,
                        38.4276809
                    ],
                    [
                        -86.7072029,
                        38.4274195
                    ],
                    [
                        -86.707065,
                        38.4272439
                    ],
                    [
                        -86.70706,
                        38.4270129
                    ],
                    [
                        -86.70706,
                        38.4269204
                    ],
                    [
                        -86.7071493,
                        38.4267808
                    ],
                    [
                        -86.7071955,
                        38.4266819
                    ],
                    [
                        -86.7070731,
                        38.4266051
                    ],
                    [
                        -86.7069072,
                        38.4264855
                    ],
                    [
                        -86.7065715,
                        38.4264139
                    ],
                    [
                        -86.7062577,
                        38.4264454
                    ],
                    [
                        -86.7058216,
                        38.4264088
                    ],
                    [
                        -86.7056515,
                        38.4263445
                    ],
                    [
                        -86.705558,
                        38.4262606
                    ],
                    [
                        -86.7055818,
                        38.4261932
                    ],
                    [
                        -86.7059369,
                        38.4259571
                    ],
                    [
                        -86.7063017,
                        38.4256629
                    ],
                    [
                        -86.7067083,
                        38.4255208
                    ],
                    [
                        -86.7074486,
                        38.4254032
                    ],
                    [
                        -86.7082758,
                        38.4252846
                    ],
                    [
                        -86.709295,
                        38.4250913
                    ],
                    [
                        -86.7098315,
                        38.424856
                    ],
                    [
                        -86.7104205,
                        38.4245542
                    ],
                    [
                        -86.7109687,
                        38.4241247
                    ],
                    [
                        -86.7113217,
                        38.4234952
                    ],
                    [
                        -86.7114408,
                        38.4231413
                    ],
                    [
                        -86.7115256,
                        38.4228732
                    ],
                    [
                        -86.711547,
                        38.4227051
                    ],
                    [
                        -86.7113539,
                        38.4227723
                    ],
                    [
                        -86.7112359,
                        38.4226966
                    ],
                    [
                        -86.7112416,
                        38.4223374
                    ],
                    [
                        -86.7109355,
                        38.4217132
                    ],
                    [
                        -86.7103347,
                        38.4210576
                    ],
                    [
                        -86.7097778,
                        38.4204179
                    ],
                    [
                        -86.7095203,
                        38.420048
                    ],
                    [
                        -86.7094882,
                        38.4197706
                    ],
                    [
                        -86.7097564,
                        38.4194428
                    ],
                    [
                        -86.7101426,
                        38.419384
                    ],
                    [
                        -86.710443,
                        38.4192327
                    ],
                    [
                        -86.7105922,
                        38.4190065
                    ],
                    [
                        -86.7103239,
                        38.4190654
                    ],
                    [
                        -86.7100772,
                        38.4189981
                    ],
                    [
                        -86.7097553,
                        38.4186535
                    ],
                    [
                        -86.7097446,
                        38.4183593
                    ],
                    [
                        -86.7099699,
                        38.4182164
                    ],
                    [
                        -86.7101308,
                        38.4179894
                    ],
                    [
                        -86.7099699,
                        38.4178297
                    ],
                    [
                        -86.7094978,
                        38.4177709
                    ],
                    [
                        -86.7087039,
                        38.4178549
                    ],
                    [
                        -86.7084475,
                        38.4178541
                    ],
                    [
                        -86.7084045,
                        38.4177112
                    ],
                    [
                        -86.7084571,
                        38.417443
                    ],
                    [
                        -86.7082865,
                        38.4171984
                    ],
                    [
                        -86.7083509,
                        38.4170639
                    ],
                    [
                        -86.7086084,
                        38.4170303
                    ],
                    [
                        -86.7087039,
                        38.4168714
                    ],
                    [
                        -86.7086824,
                        38.4165352
                    ],
                    [
                        -86.7088552,
                        38.4161897
                    ],
                    [
                        -86.7090043,
                        38.4159804
                    ],
                    [
                        -86.7088863,
                        38.4158879
                    ],
                    [
                        -86.7086932,
                        38.4159047
                    ],
                    [
                        -86.7084893,
                        38.4158879
                    ],
                    [
                        -86.708426,
                        38.4157273
                    ],
                    [
                        -86.7084475,
                        38.4155424
                    ],
                    [
                        -86.7084571,
                        38.4153331
                    ],
                    [
                        -86.7084045,
                        38.41508
                    ],
                    [
                        -86.7086073,
                        38.4148539
                    ],
                    [
                        -86.7089721,
                        38.4145261
                    ],
                    [
                        -86.709295,
                        38.4139872
                    ],
                    [
                        -86.7094549,
                        38.4136013
                    ],
                    [
                        -86.7097017,
                        38.4130717
                    ],
                    [
                        -86.7097886,
                        38.4128187
                    ],
                    [
                        -86.7097446,
                        38.4123067
                    ],
                    [
                        -86.7096051,
                        38.4116426
                    ],
                    [
                        -86.7093476,
                        38.4111466
                    ],
                    [
                        -86.7093487,
                        38.4108515
                    ],
                    [
                        -86.7096169,
                        38.4106161
                    ],
                    [
                        -86.7100343,
                        38.4105161
                    ],
                    [
                        -86.7105289,
                        38.4106245
                    ],
                    [
                        -86.7110213,
                        38.4108692
                    ],
                    [
                        -86.7115256,
                        38.4112223
                    ],
                    [
                        -86.7122669,
                        38.4118267
                    ],
                    [
                        -86.7124493,
                        38.4119948
                    ],
                    [
                        -86.7126317,
                        38.411936
                    ],
                    [
                        -86.7127916,
                        38.4116846
                    ],
                    [
                        -86.7130061,
                        38.4115165
                    ],
                    [
                        -86.7130061,
                        38.4113568
                    ],
                    [
                        -86.7129585,
                        38.4113283
                    ],
                    [
                        -86.7127808,
                        38.4112223
                    ],
                    [
                        -86.7124482,
                        38.4109953
                    ],
                    [
                        -86.712106,
                        38.4104984
                    ],
                    [
                        -86.7118582,
                        38.4100537
                    ],
                    [
                        -86.7118903,
                        38.4097511
                    ],
                    [
                        -86.7123731,
                        38.4094316
                    ],
                    [
                        -86.7133602,
                        38.4091289
                    ],
                    [
                        -86.7139084,
                        38.4090861
                    ],
                    [
                        -86.7144127,
                        38.4089599
                    ],
                    [
                        -86.714873,
                        38.4090785
                    ],
                    [
                        -86.714873,
                        38.4089188
                    ],
                    [
                        -86.7147989,
                        38.4086657
                    ],
                    [
                        -86.7150017,
                        38.4083639
                    ],
                    [
                        -86.7147335,
                        38.4084732
                    ],
                    [
                        -86.7144116,
                        38.408532
                    ],
                    [
                        -86.7139181,
                        38.4084732
                    ],
                    [
                        -86.7135211,
                        38.4084311
                    ],
                    [
                        -86.7134138,
                        38.4083387
                    ],
                    [
                        -86.7135115,
                        38.4081529
                    ],
                    [
                        -86.7136402,
                        38.4078586
                    ],
                    [
                        -86.7132325,
                        38.4080099
                    ],
                    [
                        -86.7127068,
                        38.4082706
                    ],
                    [
                        -86.7120727,
                        38.4085068
                    ],
                    [
                        -86.7114301,
                        38.4086069
                    ],
                    [
                        -86.711194,
                        38.4084471
                    ],
                    [
                        -86.7110857,
                        38.4082546
                    ],
                    [
                        -86.7109569,
                        38.4081285
                    ],
                    [
                        -86.7109151,
                        38.408279
                    ],
                    [
                        -86.7107756,
                        38.408506
                    ],
                    [
                        -86.7106361,
                        38.4088759
                    ],
                    [
                        -86.7102059,
                        38.4090449
                    ],
                    [
                        -86.709648,
                        38.4090869
                    ],
                    [
                        -86.7087693,
                        38.4090188
                    ],
                    [
                        -86.7082774,
                        38.4088368
                    ],
                    [
                        -86.7078681,
                        38.4085753
                    ],
                    [
                        -86.7078573,
                        38.4083315
                    ],
                    [
                        -86.7077678,
                        38.4081032
                    ],
                    [
                        -86.7077628,
                        38.4080172
                    ],
                    [
                        -86.7075304,
                        38.4079757
                    ],
                    [
                        -86.7072988,
                        38.4079142
                    ],
                    [
                        -86.7070171,
                        38.4078711
                    ],
                    [
                        -86.7068692,
                        38.4077838
                    ],
                    [
                        -86.7068535,
                        38.4076767
                    ],
                    [
                        -86.706714,
                        38.4075885
                    ],
                    [
                        -86.7066872,
                        38.407475
                    ],
                    [
                        -86.7066282,
                        38.407248
                    ],
                    [
                        -86.7065129,
                        38.4071219
                    ],
                    [
                        -86.7063328,
                        38.4070166
                    ],
                    [
                        -86.7059573,
                        38.4071448
                    ],
                    [
                        -86.7058092,
                        38.4070435
                    ],
                    [
                        -86.7056462,
                        38.4068842
                    ],
                    [
                        -86.7056043,
                        38.4066312
                    ],
                    [
                        -86.7057749,
                        38.4064302
                    ],
                    [
                        -86.7059466,
                        38.4060939
                    ],
                    [
                        -86.706248,
                        38.4056475
                    ],
                    [
                        -86.706365,
                        38.4054213
                    ],
                    [
                        -86.7062159,
                        38.40537
                    ],
                    [
                        -86.7058404,
                        38.4054877
                    ],
                    [
                        -86.7053243,
                        38.4056735
                    ],
                    [
                        -86.7048951,
                        38.4057408
                    ],
                    [
                        -86.7046698,
                        38.405724
                    ],
                    [
                        -86.7043802,
                        38.4053625
                    ],
                    [
                        -86.7044123,
                        38.4049253
                    ],
                    [
                        -86.704864,
                        38.4045713
                    ],
                    [
                        -86.7051526,
                        38.4042947
                    ],
                    [
                        -86.7047879,
                        38.404135
                    ],
                    [
                        -86.7045089,
                        38.4039
                    ],
                    [
                        -86.7044134,
                        38.4036885
                    ],
                    [
                        -86.7044456,
                        38.4033354
                    ],
                    [
                        -86.7045196,
                        38.4029667
                    ],
                    [
                        -86.704628,
                        38.4027469
                    ],
                    [
                        -86.7048318,
                        38.4023349
                    ],
                    [
                        -86.7050346,
                        38.401983
                    ],
                    [
                        -86.7052385,
                        38.4018148
                    ],
                    [
                        -86.7053576,
                        38.4015025
                    ],
                    [
                        -86.7058189,
                        38.4011409
                    ],
                    [
                        -86.7067094,
                        38.4008467
                    ],
                    [
                        -86.7077812,
                        38.4005789
                    ],
                    [
                        -86.708072,
                        38.4005103
                    ],
                    [
                        -86.7085537,
                        38.4004864
                    ],
                    [
                        -86.7088219,
                        38.4006377
                    ],
                    [
                        -86.7092843,
                        38.4011241
                    ],
                    [
                        -86.7095193,
                        38.401344
                    ],
                    [
                        -86.7094656,
                        38.4011086
                    ],
                    [
                        -86.7093916,
                        38.4008214
                    ],
                    [
                        -86.7094452,
                        38.4005188
                    ],
                    [
                        -86.7098197,
                        38.4002678
                    ],
                    [
                        -86.7102166,
                        38.4001501
                    ],
                    [
                        -86.7107745,
                        38.4000996
                    ],
                    [
                        -86.7111179,
                        38.400066
                    ],
                    [
                        -86.7113646,
                        38.4001416
                    ],
                    [
                        -86.7116232,
                        38.4003338
                    ],
                    [
                        -86.7116447,
                        38.4002581
                    ],
                    [
                        -86.7116114,
                        38.3999819
                    ],
                    [
                        -86.711709,
                        38.3998041
                    ],
                    [
                        -86.7123098,
                        38.3995266
                    ],
                    [
                        -86.7129525,
                        38.3993092
                    ],
                    [
                        -86.7134149,
                        38.3992912
                    ],
                    [
                        -86.7137357,
                        38.3994185
                    ],
                    [
                        -86.7140801,
                        38.3996107
                    ],
                    [
                        -86.7143043,
                        38.3996624
                    ],
                    [
                        -86.7150017,
                        38.3998978
                    ],
                    [
                        -86.7153665,
                        38.4000828
                    ],
                    [
                        -86.7158064,
                        38.400293
                    ],
                    [
                        -86.7164501,
                        38.4006377
                    ],
                    [
                        -86.7169232,
                        38.4009812
                    ],
                    [
                        -86.7172869,
                        38.4010918
                    ],
                    [
                        -86.7174919,
                        38.4011241
                    ],
                    [
                        -86.717449,
                        38.4008467
                    ],
                    [
                        -86.7172762,
                        38.40052
                    ],
                    [
                        -86.7163535,
                        38.3996372
                    ],
                    [
                        -86.715345,
                        38.3990654
                    ],
                    [
                        -86.7148837,
                        38.3988216
                    ],
                    [
                        -86.7147871,
                        38.3987291
                    ],
                    [
                        -86.7149481,
                        38.3985777
                    ],
                    [
                        -86.7155392,
                        38.398299
                    ],
                    [
                        -86.7163117,
                        38.3979627
                    ],
                    [
                        -86.7166647,
                        38.3978042
                    ],
                    [
                        -86.7168696,
                        38.3978702
                    ],
                    [
                        -86.7170509,
                        38.3978378
                    ],
                    [
                        -86.7170413,
                        38.397744
                    ],
                    [
                        -86.7167945,
                        38.39766
                    ],
                    [
                        -86.7168267,
                        38.3974918
                    ],
                    [
                        -86.7172762,
                        38.397266
                    ],
                    [
                        -86.7177708,
                        38.3968948
                    ],
                    [
                        -86.7186935,
                        38.396508
                    ],
                    [
                        -86.7192514,
                        38.3961296
                    ],
                    [
                        -86.7196162,
                        38.3958353
                    ],
                    [
                        -86.7198844,
                        38.3957596
                    ],
                    [
                        -86.7199917,
                        38.3956503
                    ],
                    [
                        -86.7201204,
                        38.3953981
                    ],
                    [
                        -86.7203457,
                        38.395129
                    ],
                    [
                        -86.7209026,
                        38.3950293
                    ],
                    [
                        -86.7215045,
                        38.3950113
                    ],
                    [
                        -86.721675,
                        38.3948444
                    ],
                    [
                        -86.7216654,
                        38.3945151
                    ],
                    [
                        -86.7208382,
                        38.3942978
                    ],
                    [
                        -86.7203554,
                        38.3940203
                    ],
                    [
                        -86.7204208,
                        38.393464
                    ],
                    [
                        -86.7206569,
                        38.3925979
                    ],
                    [
                        -86.7206022,
                        38.3920526
                    ],
                    [
                        -86.7203447,
                        38.3918256
                    ],
                    [
                        -86.7200764,
                        38.3916574
                    ],
                    [
                        -86.7198082,
                        38.3920274
                    ],
                    [
                        -86.7194649,
                        38.3925571
                    ],
                    [
                        -86.7192074,
                        38.3935578
                    ],
                    [
                        -86.719143,
                        38.393911
                    ],
                    [
                        -86.7188426,
                        38.394508
                    ],
                    [
                        -86.7181034,
                        38.3950533
                    ],
                    [
                        -86.7175123,
                        38.3953489
                    ],
                    [
                        -86.7172548,
                        38.3955759
                    ],
                    [
                        -86.7167398,
                        38.395517
                    ],
                    [
                        -86.7164619,
                        38.3958101
                    ],
                    [
                        -86.7162784,
                        38.395702
                    ],
                    [
                        -86.7161293,
                        38.3954233
                    ],
                    [
                        -86.7159244,
                        38.3953405
                    ],
                    [
                        -86.7157956,
                        38.3955002
                    ],
                    [
                        -86.7156669,
                        38.3957861
                    ],
                    [
                        -86.7155703,
                        38.3960636
                    ],
                    [
                        -86.7151412,
                        38.3961477
                    ],
                    [
                        -86.7145511,
                        38.3962318
                    ],
                    [
                        -86.714359,
                        38.3962137
                    ],
                    [
                        -86.7141541,
                        38.3961477
                    ],
                    [
                        -86.7140576,
                        38.396257
                    ],
                    [
                        -86.7141005,
                        38.3963663
                    ],
                    [
                        -86.7140683,
                        38.3965008
                    ],
                    [
                        -86.7137357,
                        38.3965008
                    ],
                    [
                        -86.7134138,
                        38.396442
                    ],
                    [
                        -86.7128023,
                        38.3967447
                    ],
                    [
                        -86.712298,
                        38.3968876
                    ],
                    [
                        -86.7117616,
                        38.3970222
                    ],
                    [
                        -86.7112681,
                        38.3972912
                    ],
                    [
                        -86.7106887,
                        38.3976948
                    ],
                    [
                        -86.7095515,
                        38.3981994
                    ],
                    [
                        -86.708661,
                        38.3983507
                    ],
                    [
                        -86.7079099,
                        38.3983507
                    ],
                    [
                        -86.7074164,
                        38.3983339
                    ],
                    [
                        -86.7070087,
                        38.3985609
                    ],
                    [
                        -86.7065367,
                        38.3985945
                    ],
                    [
                        -86.7061729,
                        38.3984167
                    ],
                    [
                        -86.7056901,
                        38.3977188
                    ],
                    [
                        -86.7053683,
                        38.3970461
                    ],
                    [
                        -86.7052492,
                        38.3962402
                    ],
                    [
                        -86.705143,
                        38.3955746
                    ],
                    [
                        -86.7053243,
                        38.3954077
                    ],
                    [
                        -86.7053672,
                        38.39529
                    ],
                    [
                        -86.7051741,
                        38.3952143
                    ],
                    [
                        -86.7050142,
                        38.3948935
                    ],
                    [
                        -86.705025,
                        38.3944142
                    ],
                    [
                        -86.7050357,
                        38.3939349
                    ],
                    [
                        -86.7051215,
                        38.3935902
                    ],
                    [
                        -86.7051741,
                        38.3934485
                    ],
                    [
                        -86.7050453,
                        38.3932803
                    ],
                    [
                        -86.7050239,
                        38.3924394
                    ],
                    [
                        -86.7050571,
                        38.3913282
                    ],
                    [
                        -86.7053468,
                        38.3907143
                    ],
                    [
                        -86.7053576,
                        38.3903611
                    ],
                    [
                        -86.7053779,
                        38.3899839
                    ],
                    [
                        -86.7054005,
                        38.389579
                    ],
                    [
                        -86.7053254,
                        38.3892343
                    ],
                    [
                        -86.705143,
                        38.3892174
                    ],
                    [
                        -86.704863,
                        38.3894458
                    ],
                    [
                        -86.7045314,
                        38.3896631
                    ],
                    [
                        -86.70423,
                        38.3898158
                    ],
                    [
                        -86.7041549,
                        38.3901353
                    ],
                    [
                        -86.7039295,
                        38.390354
                    ],
                    [
                        -86.7034038,
                        38.3904549
                    ],
                    [
                        -86.7033073,
                        38.3905642
                    ],
                    [
                        -86.7035755,
                        38.3908921
                    ],
                    [
                        -86.703597,
                        38.3915228
                    ],
                    [
                        -86.7035422,
                        38.3921203
                    ],
                    [
                        -86.7032858,
                        38.392246
                    ],
                    [
                        -86.7031893,
                        38.3924226
                    ],
                    [
                        -86.7034682,
                        38.3926749
                    ],
                    [
                        -86.7032429,
                        38.3932551
                    ],
                    [
                        -86.7031142,
                        38.3937092
                    ],
                    [
                        -86.702921,
                        38.3940455
                    ],
                    [
                        -86.7020949,
                        38.3940876
                    ],
                    [
                        -86.7020209,
                        38.3941788
                    ],
                    [
                        -86.7024275,
                        38.3942978
                    ],
                    [
                        -86.7029103,
                        38.3944912
                    ],
                    [
                        -86.7030927,
                        38.3949705
                    ],
                    [
                        -86.7030605,
                        38.3953741
                    ],
                    [
                        -86.7031463,
                        38.3959627
                    ],
                    [
                        -86.7032322,
                        38.3967531
                    ],
                    [
                        -86.702965,
                        38.3969705
                    ],
                    [
                        -86.7025026,
                        38.3972408
                    ],
                    [
                        -86.7022237,
                        38.3974426
                    ],
                    [
                        -86.7025992,
                        38.3975015
                    ],
                    [
                        -86.7031034,
                        38.3976276
                    ],
                    [
                        -86.7033931,
                        38.3979051
                    ],
                    [
                        -86.7035111,
                        38.3983087
                    ],
                    [
                        -86.7035219,
                        38.3988804
                    ],
                    [
                        -86.7032429,
                        38.3994522
                    ],
                    [
                        -86.7029103,
                        38.3997969
                    ],
                    [
                        -86.7023417,
                        38.4000996
                    ],
                    [
                        -86.7019125,
                        38.4005873
                    ],
                    [
                        -86.7014083,
                        38.4014701
                    ],
                    [
                        -86.7011401,
                        38.4021512
                    ],
                    [
                        -86.7006573,
                        38.4027145
                    ],
                    [
                        -86.6999813,
                        38.4033198
                    ],
                    [
                        -86.6997142,
                        38.4032429
                    ],
                    [
                        -86.6991123,
                        38.4031601
                    ],
                    [
                        -86.6987486,
                        38.4030579
                    ],
                    [
                        -86.6984578,
                        38.4026724
                    ],
                    [
                        -86.6982765,
                        38.4024778
                    ],
                    [
                        -86.6981692,
                        38.4020994
                    ],
                    [
                        -86.6978141,
                        38.4018821
                    ],
                    [
                        -86.6976317,
                        38.4017055
                    ],
                    [
                        -86.6976328,
                        38.4015025
                    ],
                    [
                        -86.697857,
                        38.4010918
                    ],
                    [
                        -86.6977283,
                        38.4008059
                    ],
                    [
                        -86.6975995,
                        38.4004527
                    ],
                    [
                        -86.6974279,
                        38.400108
                    ],
                    [
                        -86.6969032,
                        38.3998125
                    ],
                    [
                        -86.6967627,
                        38.3994774
                    ],
                    [
                        -86.6967305,
                        38.3991747
                    ],
                    [
                        -86.6967949,
                        38.3987123
                    ],
                    [
                        -86.6965696,
                        38.3985357
                    ],
                    [
                        -86.6963872,
                        38.398687
                    ],
                    [
                        -86.6961619,
                        38.3989477
                    ],
                    [
                        -86.6959151,
                        38.3991747
                    ],
                    [
                        -86.6956265,
                        38.398896
                    ],
                    [
                        -86.6954656,
                        38.3983915
                    ],
                    [
                        -86.6953357,
                        38.3981657
                    ],
                    [
                        -86.6950032,
                        38.3981657
                    ],
                    [
                        -86.6947779,
                        38.3980144
                    ],
                    [
                        -86.6945418,
                        38.3978378
                    ],
                    [
                        -86.694221,
                        38.3978618
                    ],
                    [
                        -86.6937157,
                        38.3980816
                    ],
                    [
                        -86.6932983,
                        38.3981308
                    ],
                    [
                        -86.693352,
                        38.3979542
                    ],
                    [
                        -86.6936084,
                        38.3977033
                    ],
                    [
                        -86.6936191,
                        38.3973753
                    ],
                    [
                        -86.693426,
                        38.3971651
                    ],
                    [
                        -86.69319,
                        38.3969801
                    ],
                    [
                        -86.6930291,
                        38.3967951
                    ],
                    [
                        -86.692837,
                        38.3966762
                    ],
                    [
                        -86.6929861,
                        38.3964504
                    ],
                    [
                        -86.6927823,
                        38.3962906
                    ],
                    [
                        -86.69244,
                        38.3959614
                    ],
                    [
                        -86.6925033,
                        38.3956852
                    ],
                    [
                        -86.6925999,
                        38.395475
                    ],
                    [
                        -86.6922566,
                        38.3951302
                    ],
                    [
                        -86.6920635,
                        38.3946762
                    ],
                    [
                        -86.6926439,
                        38.3944563
                    ],
                    [
                        -86.6929647,
                        38.3941212
                    ],
                    [
                        -86.6935558,
                        38.3936827
                    ],
                    [
                        -86.6942307,
                        38.3931458
                    ],
                    [
                        -86.6943165,
                        38.3928515
                    ],
                    [
                        -86.6933402,
                        38.3930449
                    ],
                    [
                        -86.6921707,
                        38.3932467
                    ],
                    [
                        -86.6914101,
                        38.393237
                    ],
                    [
                        -86.6911622,
                        38.3929019
                    ],
                    [
                        -86.6911311,
                        38.3923625
                    ],
                    [
                        -86.6912706,
                        38.3917318
                    ],
                    [
                        -86.6913232,
                        38.3911781
                    ],
                    [
                        -86.6915163,
                        38.3909174
                    ],
                    [
                        -86.691645,
                        38.3907492
                    ],
                    [
                        -86.6915174,
                        38.3906386
                    ],
                    [
                        -86.6915388,
                        38.3903863
                    ],
                    [
                        -86.6914519,
                        38.3902194
                    ],
                    [
                        -86.691409,
                        38.3898242
                    ],
                    [
                        -86.6913779,
                        38.3891502
                    ],
                    [
                        -86.6917105,
                        38.3886288
                    ],
                    [
                        -86.6919143,
                        38.388427
                    ],
                    [
                        -86.6920431,
                        38.3882672
                    ],
                    [
                        -86.6916021,
                        38.3882348
                    ],
                    [
                        -86.6912266,
                        38.3881759
                    ],
                    [
                        -86.6909477,
                        38.3879909
                    ],
                    [
                        -86.6906376,
                        38.387914
                    ],
                    [
                        -86.6903468,
                        38.3878227
                    ],
                    [
                        -86.690143,
                        38.3876377
                    ],
                    [
                        -86.6899391,
                        38.3873097
                    ],
                    [
                        -86.6896924,
                        38.3869986
                    ],
                    [
                        -86.6895422,
                        38.3867211
                    ],
                    [
                        -86.6893287,
                        38.3862909
                    ],
                    [
                        -86.6892525,
                        38.3861576
                    ],
                    [
                        -86.689393,
                        38.3860807
                    ],
                    [
                        -86.6893812,
                        38.3859053
                    ],
                    [
                        -86.6892096,
                        38.3857287
                    ],
                    [
                        -86.6889414,
                        38.3855689
                    ],
                    [
                        -86.6884693,
                        38.3852494
                    ],
                    [
                        -86.6881378,
                        38.3846846
                    ],
                    [
                        -86.6879758,
                        38.3843159
                    ],
                    [
                        -86.6877193,
                        38.3840623
                    ],
                    [
                        -86.6875573,
                        38.3837776
                    ],
                    [
                        -86.6875477,
                        38.3835745
                    ],
                    [
                        -86.687655,
                        38.3833727
                    ],
                    [
                        -86.6879232,
                        38.3829774
                    ],
                    [
                        -86.6881582,
                        38.3828105
                    ],
                    [
                        -86.6883416,
                        38.3825905
                    ],
                    [
                        -86.6885444,
                        38.3825161
                    ],
                    [
                        -86.68876,
                        38.382313
                    ],
                    [
                        -86.689231,
                        38.3821293
                    ],
                    [
                        -86.6895744,
                        38.3821293
                    ],
                    [
                        -86.6899928,
                        38.3821629
                    ],
                    [
                        -86.6902396,
                        38.3823227
                    ],
                    [
                        -86.690497,
                        38.3823479
                    ],
                    [
                        -86.690702,
                        38.3822878
                    ],
                    [
                        -86.6908726,
                        38.3822218
                    ],
                    [
                        -86.6910667,
                        38.3822541
                    ],
                    [
                        -86.6916139,
                        38.3821448
                    ],
                    [
                        -86.6924722,
                        38.3820439
                    ],
                    [
                        -86.6928692,
                        38.3819514
                    ],
                    [
                        -86.6934904,
                        38.3819947
                    ],
                    [
                        -86.693705,
                        38.3818938
                    ],
                    [
                        -86.6938659,
                        38.3816919
                    ],
                    [
                        -86.6937372,
                        38.3815069
                    ],
                    [
                        -86.6932865,
                        38.3813976
                    ],
                    [
                        -86.6924175,
                        38.3813555
                    ],
                    [
                        -86.6918607,
                        38.3813542
                    ],
                    [
                        -86.6913993,
                        38.3812365
                    ],
                    [
                        -86.6906912,
                        38.3810767
                    ],
                    [
                        -86.6903576,
                        38.3809014
                    ],
                    [
                        -86.6901226,
                        38.3808496
                    ],
                    [
                        -86.6895636,
                        38.3807668
                    ],
                    [
                        -86.6894145,
                        38.3807235
                    ],
                    [
                        -86.6894467,
                        38.3805553
                    ],
                    [
                        -86.689746,
                        38.3802033
                    ],
                    [
                        -86.6900035,
                        38.3797828
                    ],
                    [
                        -86.6903586,
                        38.3791423
                    ],
                    [
                        -86.6906591,
                        38.3787891
                    ],
                    [
                        -86.6908404,
                        38.3784287
                    ],
                    [
                        -86.691056,
                        38.3780994
                    ],
                    [
                        -86.6912062,
                        38.3780153
                    ],
                    [
                        -86.6916021,
                        38.3779913
                    ],
                    [
                        -86.6917952,
                        38.3779156
                    ],
                    [
                        -86.6917416,
                        38.3778231
                    ],
                    [
                        -86.6915485,
                        38.3777054
                    ],
                    [
                        -86.6914626,
                        38.3775792
                    ],
                    [
                        -86.6912588,
                        38.3773689
                    ],
                    [
                        -86.6913564,
                        38.377149
                    ],
                    [
                        -86.6914852,
                        38.3769976
                    ],
                    [
                        -86.6914101,
                        38.376821
                    ],
                    [
                        -86.6914637,
                        38.3766443
                    ],
                    [
                        -86.6915699,
                        38.3765278
                    ],
                    [
                        -86.6915807,
                        38.3764017
                    ],
                    [
                        -86.6917212,
                        38.3760892
                    ],
                    [
                        -86.69185,
                        38.3757275
                    ],
                    [
                        -86.692086,
                        38.3755257
                    ],
                    [
                        -86.6922995,
                        38.3753924
                    ],
                    [
                        -86.6925141,
                        38.375283
                    ],
                    [
                        -86.6926321,
                        38.37514
                    ],
                    [
                        -86.6929121,
                        38.3749453
                    ],
                    [
                        -86.6931803,
                        38.3748023
                    ],
                    [
                        -86.6935333,
                        38.374812
                    ],
                    [
                        -86.6938241,
                        38.3749958
                    ],
                    [
                        -86.6942414,
                        38.3751148
                    ],
                    [
                        -86.6945,
                        38.3750799
                    ],
                    [
                        -86.6943927,
                        38.374878
                    ],
                    [
                        -86.6942951,
                        38.3746101
                    ],
                    [
                        -86.6944249,
                        38.3743229
                    ],
                    [
                        -86.6945847,
                        38.3741391
                    ],
                    [
                        -86.6950675,
                        38.3739877
                    ],
                    [
                        -86.695486,
                        38.3739961
                    ],
                    [
                        -86.696076,
                        38.374013
                    ],
                    [
                        -86.6965706,
                        38.3739696
                    ],
                    [
                        -86.6973099,
                        38.3739204
                    ],
                    [
                        -86.698254,
                        38.3738868
                    ],
                    [
                        -86.6987164,
                        38.3738435
                    ],
                    [
                        -86.6988548,
                        38.3736933
                    ],
                    [
                        -86.6987057,
                        38.3735491
                    ],
                    [
                        -86.698372,
                        38.373441
                    ],
                    [
                        -86.698018,
                        38.3732812
                    ],
                    [
                        -86.6979321,
                        38.3730877
                    ],
                    [
                        -86.6976854,
                        38.3730877
                    ],
                    [
                        -86.6972884,
                        38.3731045
                    ],
                    [
                        -86.696752,
                        38.3730457
                    ],
                    [
                        -86.6965052,
                        38.3729784
                    ],
                    [
                        -86.696355,
                        38.3730036
                    ],
                    [
                        -86.6960224,
                        38.373012
                    ],
                    [
                        -86.6959151,
                        38.3730288
                    ],
                    [
                        -86.6958175,
                        38.372938
                    ],
                    [
                        -86.6957542,
                        38.3726756
                    ],
                    [
                        -86.695958,
                        38.3725073
                    ],
                    [
                        -86.69612,
                        38.372464
                    ],
                    [
                        -86.6963121,
                        38.372255
                    ],
                    [
                        -86.6963657,
                        38.3720279
                    ],
                    [
                        -86.6962799,
                        38.3719438
                    ],
                    [
                        -86.6954323,
                        38.3720027
                    ],
                    [
                        -86.694853,
                        38.3720868
                    ],
                    [
                        -86.6930516,
                        38.372279
                    ],
                    [
                        -86.6927716,
                        38.3723896
                    ],
                    [
                        -86.6923746,
                        38.372583
                    ],
                    [
                        -86.6918489,
                        38.3727345
                    ],
                    [
                        -86.691409,
                        38.3728774
                    ],
                    [
                        -86.6909906,
                        38.3730288
                    ],
                    [
                        -86.6906043,
                        38.3731634
                    ],
                    [
                        -86.6902621,
                        38.3733388
                    ],
                    [
                        -86.6900572,
                        38.3735335
                    ],
                    [
                        -86.6898426,
                        38.373584
                    ],
                    [
                        -86.6896817,
                        38.3735419
                    ],
                    [
                        -86.68951,
                        38.373298
                    ],
                    [
                        -86.6894349,
                        38.3731382
                    ],
                    [
                        -86.6892954,
                        38.3730709
                    ],
                    [
                        -86.689231,
                        38.3729363
                    ],
                    [
                        -86.6891345,
                        38.3727933
                    ],
                    [
                        -86.6890272,
                        38.3727933
                    ],
                    [
                        -86.6888244,
                        38.3728173
                    ],
                    [
                        -86.6887386,
                        38.3727752
                    ],
                    [
                        -86.6886849,
                        38.3724977
                    ],
                    [
                        -86.6887161,
                        38.372398
                    ],
                    [
                        -86.6888888,
                        38.3723715
                    ],
                    [
                        -86.6889317,
                        38.3722706
                    ],
                    [
                        -86.6889521,
                        38.3721541
                    ],
                    [
                        -86.6888351,
                        38.3717743
                    ],
                    [
                        -86.6886313,
                        38.3712864
                    ],
                    [
                        -86.6883405,
                        38.3707494
                    ],
                    [
                        -86.688008,
                        38.3701774
                    ],
                    [
                        -86.687729,
                        38.3698493
                    ],
                    [
                        -86.6875466,
                        38.3696559
                    ],
                    [
                        -86.687537,
                        38.36952
                    ],
                    [
                        -86.6876432,
                        38.3692857
                    ],
                    [
                        -86.6876861,
                        38.3691259
                    ],
                    [
                        -86.6875895,
                        38.3690586
                    ],
                    [
                        -86.6876003,
                        38.3689661
                    ],
                    [
                        -86.6876217,
                        38.3688652
                    ],
                    [
                        -86.6874715,
                        38.3687979
                    ],
                    [
                        -86.6874071,
                        38.3688399
                    ],
                    [
                        -86.6872784,
                        38.3689913
                    ],
                    [
                        -86.6870638,
                        38.3690502
                    ],
                    [
                        -86.6869029,
                        38.3690418
                    ],
                    [
                        -86.6865381,
                        38.368739
                    ],
                    [
                        -86.6863343,
                        38.3684109
                    ],
                    [
                        -86.686227,
                        38.3682259
                    ],
                    [
                        -86.6860671,
                        38.368233
                    ],
                    [
                        -86.6858622,
                        38.3681417
                    ],
                    [
                        -86.6853365,
                        38.3677716
                    ],
                    [
                        -86.6849728,
                        38.3674002
                    ],
                    [
                        -86.6847786,
                        38.3670903
                    ],
                    [
                        -86.6847904,
                        38.36666
                    ],
                    [
                        -86.6849942,
                        38.3662057
                    ],
                    [
                        -86.6854341,
                        38.365987
                    ],
                    [
                        -86.6859705,
                        38.3657515
                    ],
                    [
                        -86.6866679,
                        38.3655412
                    ],
                    [
                        -86.6872569,
                        38.3651975
                    ],
                    [
                        -86.6876335,
                        38.3646747
                    ],
                    [
                        -86.6877505,
                        38.3642301
                    ],
                    [
                        -86.6880841,
                        38.3640354
                    ],
                    [
                        -86.6883094,
                        38.3640606
                    ],
                    [
                        -86.6885777,
                        38.364069
                    ],
                    [
                        -86.6884908,
                        38.3639021
                    ],
                    [
                        -86.6881903,
                        38.3638011
                    ],
                    [
                        -86.6879543,
                        38.3636749
                    ],
                    [
                        -86.6878578,
                        38.3631786
                    ],
                    [
                        -86.6879339,
                        38.3625464
                    ],
                    [
                        -86.6882236,
                        38.3621258
                    ],
                    [
                        -86.6886206,
                        38.361621
                    ],
                    [
                        -86.6894681,
                        38.3610826
                    ],
                    [
                        -86.6897889,
                        38.3607474
                    ],
                    [
                        -86.6900035,
                        38.3606296
                    ],
                    [
                        -86.6901859,
                        38.3605455
                    ],
                    [
                        -86.690026,
                        38.3604348
                    ],
                    [
                        -86.690305,
                        38.359888
                    ],
                    [
                        -86.6904112,
                        38.3587704
                    ],
                    [
                        -86.6904337,
                        38.3583064
                    ],
                    [
                        -86.6904756,
                        38.3579459
                    ],
                    [
                        -86.690379,
                        38.3573822
                    ],
                    [
                        -86.6905292,
                        38.3567933
                    ],
                    [
                        -86.6907127,
                        38.3560685
                    ],
                    [
                        -86.6907127,
                        38.3556563
                    ],
                    [
                        -86.6905185,
                        38.3553042
                    ],
                    [
                        -86.6903801,
                        38.3550926
                    ],
                    [
                        -86.6903898,
                        38.3547068
                    ],
                    [
                        -86.6899928,
                        38.3550686
                    ],
                    [
                        -86.6895636,
                        38.3556659
                    ],
                    [
                        -86.6891452,
                        38.3564652
                    ],
                    [
                        -86.6891452,
                        38.3573233
                    ],
                    [
                        -86.6893491,
                        38.3581226
                    ],
                    [
                        -86.6893598,
                        38.3588461
                    ],
                    [
                        -86.6893169,
                        38.3592415
                    ],
                    [
                        -86.6889628,
                        38.3597547
                    ],
                    [
                        -86.6880831,
                        38.3607305
                    ],
                    [
                        -86.6874822,
                        38.3612185
                    ],
                    [
                        -86.6871067,
                        38.3614456
                    ],
                    [
                        -86.6867859,
                        38.3614696
                    ],
                    [
                        -86.6861626,
                        38.361311
                    ],
                    [
                        -86.6857334,
                        38.3609661
                    ],
                    [
                        -86.6852399,
                        38.3601837
                    ],
                    [
                        -86.6844674,
                        38.3595023
                    ],
                    [
                        -86.683695,
                        38.3588461
                    ],
                    [
                        -86.6834267,
                        38.3584338
                    ],
                    [
                        -86.682901,
                        38.3578954
                    ],
                    [
                        -86.6825899,
                        38.3574159
                    ],
                    [
                        -86.6825588,
                        38.3569855
                    ],
                    [
                        -86.6823539,
                        38.3565577
                    ],
                    [
                        -86.6821178,
                        38.3560193
                    ],
                    [
                        -86.6816779,
                        38.3554051
                    ],
                    [
                        -86.6815814,
                        38.3555229
                    ],
                    [
                        -86.6816361,
                        38.3556815
                    ],
                    [
                        -86.6818389,
                        38.355994
                    ],
                    [
                        -86.6819354,
                        38.3563138
                    ],
                    [
                        -86.6821607,
                        38.3566839
                    ],
                    [
                        -86.6821822,
                        38.357012
                    ],
                    [
                        -86.6820331,
                        38.3571706
                    ],
                    [
                        -86.6818711,
                        38.3567428
                    ],
                    [
                        -86.6816565,
                        38.3565325
                    ],
                    [
                        -86.6815074,
                        38.3561526
                    ],
                    [
                        -86.6813561,
                        38.3560782
                    ],
                    [
                        -86.6813239,
                        38.3563558
                    ],
                    [
                        -86.6812702,
                        38.3566923
                    ],
                    [
                        -86.6813775,
                        38.3570036
                    ],
                    [
                        -86.6812488,
                        38.3574075
                    ],
                    [
                        -86.6812595,
                        38.3576599
                    ],
                    [
                        -86.6812381,
                        38.3579122
                    ],
                    [
                        -86.6813775,
                        38.3584423
                    ],
                    [
                        -86.6815074,
                        38.3585672
                    ],
                    [
                        -86.6817101,
                        38.358804
                    ],
                    [
                        -86.6817434,
                        38.3590636
                    ],
                    [
                        -86.6820964,
                        38.3592751
                    ],
                    [
                        -86.6825041,
                        38.3595948
                    ],
                    [
                        -86.682901,
                        38.3597126
                    ],
                    [
                        -86.683298,
                        38.359965
                    ],
                    [
                        -86.6837379,
                        38.3603604
                    ],
                    [
                        -86.6839632,
                        38.3607137
                    ],
                    [
                        -86.6842421,
                        38.360924
                    ],
                    [
                        -86.6850683,
                        38.3618242
                    ],
                    [
                        -86.6857774,
                        38.3625043
                    ],
                    [
                        -86.6861304,
                        38.362943
                    ],
                    [
                        -86.6860982,
                        38.3634478
                    ],
                    [
                        -86.6859051,
                        38.3638348
                    ],
                    [
                        -86.6853579,
                        38.3643058
                    ],
                    [
                        -86.6849288,
                        38.3647096
                    ],
                    [
                        -86.6840276,
                        38.3652733
                    ],
                    [
                        -86.6835448,
                        38.3654751
                    ],
                    [
                        -86.6832658,
                        38.3656602
                    ],
                    [
                        -86.6830727,
                        38.3659126
                    ],
                    [
                        -86.6828055,
                        38.3661973
                    ],
                    [
                        -86.6823431,
                        38.3665603
                    ],
                    [
                        -86.6819247,
                        38.3667874
                    ],
                    [
                        -86.6818925,
                        38.3670566
                    ],
                    [
                        -86.6821607,
                        38.367309
                    ],
                    [
                        -86.6822691,
                        38.3677619
                    ],
                    [
                        -86.6824515,
                        38.3680479
                    ],
                    [
                        -86.6826972,
                        38.3683773
                    ],
                    [
                        -86.6830416,
                        38.3686872
                    ],
                    [
                        -86.6832551,
                        38.3689577
                    ],
                    [
                        -86.6834589,
                        38.3695886
                    ],
                    [
                        -86.6835984,
                        38.3698914
                    ],
                    [
                        -86.6835448,
                        38.3701185
                    ],
                    [
                        -86.6832444,
                        38.3702447
                    ],
                    [
                        -86.6832132,
                        38.3703864
                    ],
                    [
                        -86.6833838,
                        38.3704465
                    ],
                    [
                        -86.6838023,
                        38.3706064
                    ],
                    [
                        -86.6841992,
                        38.3709681
                    ],
                    [
                        -86.6844782,
                        38.3713382
                    ],
                    [
                        -86.6847571,
                        38.3721625
                    ],
                    [
                        -86.6847464,
                        38.3726756
                    ],
                    [
                        -86.6847357,
                        38.3729447
                    ],
                    [
                        -86.6848118,
                        38.373036
                    ],
                    [
                        -86.6855414,
                        38.3728089
                    ],
                    [
                        -86.6865166,
                        38.3726672
                    ],
                    [
                        -86.6875681,
                        38.3725242
                    ],
                    [
                        -86.6879768,
                        38.3724809
                    ],
                    [
                        -86.6880723,
                        38.3725662
                    ],
                    [
                        -86.6881152,
                        38.3727849
                    ],
                    [
                        -86.6880616,
                        38.3728774
                    ],
                    [
                        -86.6874501,
                        38.3729616
                    ],
                    [
                        -86.6862913,
                        38.3730877
                    ],
                    [
                        -86.6852828,
                        38.3733148
                    ],
                    [
                        -86.6846187,
                        38.3735659
                    ],
                    [
                        -86.6841778,
                        38.373727
                    ],
                    [
                        -86.6840061,
                        38.3739541
                    ],
                    [
                        -86.6837164,
                        38.374198
                    ],
                    [
                        -86.6832658,
                        38.3745176
                    ],
                    [
                        -86.6827401,
                        38.3746606
                    ],
                    [
                        -86.6816028,
                        38.3749466
                    ],
                    [
                        -86.6806694,
                        38.3750475
                    ],
                    [
                        -86.679854,
                        38.3750475
                    ],
                    [
                        -86.6790612,
                        38.3748276
                    ],
                    [
                        -86.6782876,
                        38.3744503
                    ],
                    [
                        -86.6777619,
                        38.3743242
                    ],
                    [
                        -86.6770753,
                        38.3741307
                    ],
                    [
                        -86.6766998,
                        38.3737774
                    ],
                    [
                        -86.6763682,
                        38.3736332
                    ],
                    [
                        -86.6751655,
                        38.3730793
                    ],
                    [
                        -86.6742429,
                        38.3725915
                    ],
                    [
                        -86.6731163,
                        38.3716242
                    ],
                    [
                        -86.6724619,
                        38.3710269
                    ],
                    [
                        -86.6719362,
                        38.3707998
                    ],
                    [
                        -86.6711851,
                        38.3704802
                    ],
                    [
                        -86.6705736,
                        38.3704802
                    ],
                    [
                        -86.6701455,
                        38.3704453
                    ],
                    [
                        -86.6697797,
                        38.3705811
                    ],
                    [
                        -86.6693317,
                        38.3703814
                    ],
                    [
                        -86.6689911,
                        38.3697968
                    ],
                    [
                        -86.6687796,
                        38.3692897
                    ],
                    [
                        -86.6685516,
                        38.3690857
                    ],
                    [
                        -86.6682109,
                        38.3689826
                    ],
                    [
                        -86.6678327,
                        38.3691719
                    ],
                    [
                        -86.6675159,
                        38.3692079
                    ],
                    [
                        -86.6675323,
                        38.3692581
                    ],
                    [
                        -86.6678649,
                        38.3692434
                    ],
                    [
                        -86.6682538,
                        38.3691067
                    ],
                    [
                        -86.6684523,
                        38.3691214
                    ],
                    [
                        -86.6686508,
                        38.3692897
                    ],
                    [
                        -86.6687447,
                        38.369563
                    ],
                    [
                        -86.6686374,
                        38.3696955
                    ],
                    [
                        -86.6688114,
                        38.3699755
                    ],
                    [
                        -86.6689562,
                        38.3702342
                    ],
                    [
                        -86.6689965,
                        38.3706568
                    ],
                    [
                        -86.669093,
                        38.3710269
                    ],
                    [
                        -86.6693827,
                        38.3712709
                    ],
                    [
                        -86.6698988,
                        38.3715135
                    ],
                    [
                        -86.670241,
                        38.3716914
                    ],
                    [
                        -86.6707356,
                        38.3720014
                    ],
                    [
                        -86.6712173,
                        38.3724989
                    ],
                    [
                        -86.6716476,
                        38.3730444
                    ],
                    [
                        -86.671904,
                        38.3734494
                    ],
                    [
                        -86.6720864,
                        38.3736429
                    ],
                    [
                        -86.6724082,
                        38.3739036
                    ],
                    [
                        -86.6726013,
                        38.3742653
                    ],
                    [
                        -86.6730412,
                        38.3751148
                    ],
                    [
                        -86.6731592,
                        38.3753755
                    ],
                    [
                        -86.673052,
                        38.3756699
                    ],
                    [
                        -86.6729339,
                        38.3758381
                    ],
                    [
                        -86.673171,
                        38.3758789
                    ],
                    [
                        -86.6735777,
                        38.3758466
                    ],
                    [
                        -86.6740186,
                        38.375736
                    ],
                    [
                        -86.6744467,
                        38.3756783
                    ],
                    [
                        -86.6748877,
                        38.375778
                    ],
                    [
                        -86.6754016,
                        38.3759054
                    ],
                    [
                        -86.6759058,
                        38.3760905
                    ],
                    [
                        -86.676571,
                        38.3763428
                    ],
                    [
                        -86.6770109,
                        38.3765615
                    ],
                    [
                        -86.6774948,
                        38.3769303
                    ],
                    [
                        -86.6775795,
                        38.3770661
                    ],
                    [
                        -86.6775688,
                        38.3773773
                    ],
                    [
                        -86.6773006,
                        38.3778736
                    ],
                    [
                        -86.6774626,
                        38.3780237
                    ],
                    [
                        -86.6777201,
                        38.377948
                    ],
                    [
                        -86.6780516,
                        38.3776801
                    ],
                    [
                        -86.6784486,
                        38.3775624
                    ],
                    [
                        -86.6790386,
                        38.3776212
                    ],
                    [
                        -86.6801437,
                        38.3776969
                    ],
                    [
                        -86.6809387,
                        38.3776536
                    ],
                    [
                        -86.6816779,
                        38.3776717
                    ],
                    [
                        -86.6821286,
                        38.3774783
                    ],
                    [
                        -86.6829128,
                        38.3773508
                    ],
                    [
                        -86.6837725,
                        38.377072
                    ],
                    [
                        -86.6838462,
                        38.3770481
                    ],
                    [
                        -86.6842217,
                        38.3768462
                    ],
                    [
                        -86.6847153,
                        38.3765013
                    ],
                    [
                        -86.6849824,
                        38.3761746
                    ],
                    [
                        -86.6852936,
                        38.3760652
                    ],
                    [
                        -86.6856154,
                        38.3762082
                    ],
                    [
                        -86.6858193,
                        38.3764942
                    ],
                    [
                        -86.6857978,
                        38.3767045
                    ],
                    [
                        -86.6857227,
                        38.3770157
                    ],
                    [
                        -86.6855296,
                        38.3774614
                    ],
                    [
                        -86.6850897,
                        38.3779324
                    ],
                    [
                        -86.6844782,
                        38.3786137
                    ],
                    [
                        -86.6840383,
                        38.3791688
                    ],
                    [
                        -86.6836842,
                        38.3795893
                    ],
                    [
                        -86.6835233,
                        38.379951
                    ],
                    [
                        -86.6835769,
                        38.3801108
                    ],
                    [
                        -86.6834697,
                        38.3803547
                    ],
                    [
                        -86.6830083,
                        38.380607
                    ],
                    [
                        -86.6823217,
                        38.3809855
                    ],
                    [
                        -86.6819569,
                        38.3810948
                    ],
                    [
                        -86.6815921,
                        38.38112
                    ],
                    [
                        -86.6813346,
                        38.3811368
                    ],
                    [
                        -86.6813132,
                        38.3813471
                    ],
                    [
                        -86.6812918,
                        38.3813874
                    ],
                    [
                        -86.6812059,
                        38.3815489
                    ],
                    [
                        -86.6808947,
                        38.3816415
                    ],
                    [
                        -86.6807123,
                        38.3817928
                    ],
                    [
                        -86.6807767,
                        38.381961
                    ],
                    [
                        -86.6804656,
                        38.3822386
                    ],
                    [
                        -86.6801437,
                        38.3826339
                    ],
                    [
                        -86.6801008,
                        38.3829198
                    ],
                    [
                        -86.6803154,
                        38.3829787
                    ],
                    [
                        -86.6806051,
                        38.382903
                    ],
                    [
                        -86.6811104,
                        38.3825401
                    ],
                    [
                        -86.6815921,
                        38.3823059
                    ],
                    [
                        -86.6819676,
                        38.3823227
                    ],
                    [
                        -86.6823431,
                        38.3825498
                    ],
                    [
                        -86.6826435,
                        38.3830544
                    ],
                    [
                        -86.6827186,
                        38.3833655
                    ],
                    [
                        -86.682665,
                        38.3838197
                    ],
                    [
                        -86.6825362,
                        38.3842738
                    ],
                    [
                        -86.6826865,
                        38.384585
                    ],
                    [
                        -86.6829547,
                        38.3848541
                    ],
                    [
                        -86.6832444,
                        38.3851905
                    ],
                    [
                        -86.6833087,
                        38.3855521
                    ],
                    [
                        -86.6835233,
                        38.3859642
                    ],
                    [
                        -86.6842003,
                        38.3867534
                    ],
                    [
                        -86.6845533,
                        38.3871079
                    ],
                    [
                        -86.6846713,
                        38.3873097
                    ],
                    [
                        -86.6848,
                        38.387562
                    ],
                    [
                        -86.6847367,
                        38.3876785
                    ],
                    [
                        -86.6849181,
                        38.38789
                    ],
                    [
                        -86.6851755,
                        38.3880666
                    ],
                    [
                        -86.6854759,
                        38.3882012
                    ],
                    [
                        -86.6856905,
                        38.3881675
                    ],
                    [
                        -86.6860875,
                        38.3882348
                    ],
                    [
                        -86.6864094,
                        38.3884114
                    ],
                    [
                        -86.6864737,
                        38.388731
                    ],
                    [
                        -86.686581,
                        38.3889748
                    ],
                    [
                        -86.6869458,
                        38.3893617
                    ],
                    [
                        -86.6870209,
                        38.3894037
                    ],
                    [
                        -86.6871926,
                        38.3895383
                    ],
                    [
                        -86.6872247,
                        38.389841
                    ],
                    [
                        -86.6872569,
                        38.3902026
                    ],
                    [
                        -86.6874286,
                        38.3905053
                    ],
                    [
                        -86.6874286,
                        38.3907744
                    ],
                    [
                        -86.6872784,
                        38.3909426
                    ],
                    [
                        -86.687096,
                        38.3911108
                    ],
                    [
                        -86.6869361,
                        38.3910002
                    ],
                    [
                        -86.686581,
                        38.3907912
                    ],
                    [
                        -86.6862592,
                        38.3906146
                    ],
                    [
                        -86.6858085,
                        38.3905558
                    ],
                    [
                        -86.6854759,
                        38.3905558
                    ],
                    [
                        -86.6853901,
                        38.3906987
                    ],
                    [
                        -86.6854759,
                        38.390951
                    ],
                    [
                        -86.6857227,
                        38.3912201
                    ],
                    [
                        -86.6858085,
                        38.3914892
                    ],
                    [
                        -86.6857656,
                        38.3917835
                    ],
                    [
                        -86.6852399,
                        38.3919433
                    ],
                    [
                        -86.6846606,
                        38.3920862
                    ],
                    [
                        -86.6838666,
                        38.3919517
                    ],
                    [
                        -86.6835136,
                        38.3919588
                    ],
                    [
                        -86.6833302,
                        38.3920694
                    ],
                    [
                        -86.6830201,
                        38.3919168
                    ],
                    [
                        -86.682665,
                        38.3917078
                    ],
                    [
                        -86.6823002,
                        38.3917246
                    ],
                    [
                        -86.681635,
                        38.3916994
                    ],
                    [
                        -86.6812928,
                        38.3917654
                    ],
                    [
                        -86.6810879,
                        38.3919096
                    ],
                    [
                        -86.6806265,
                        38.3919433
                    ],
                    [
                        -86.6796083,
                        38.3918663
                    ],
                    [
                        -86.6788884,
                        38.3916321
                    ],
                    [
                        -86.6783842,
                        38.3912621
                    ],
                    [
                        -86.6782018,
                        38.3911276
                    ],
                    [
                        -86.6781267,
                        38.3913126
                    ],
                    [
                        -86.6781374,
                        38.3916658
                    ],
                    [
                        -86.6779336,
                        38.3919265
                    ],
                    [
                        -86.6773864,
                        38.3921367
                    ],
                    [
                        -86.676968,
                        38.3921703
                    ],
                    [
                        -86.676217,
                        38.3920862
                    ],
                    [
                        -86.6752514,
                        38.3919853
                    ],
                    [
                        -86.673642,
                        38.3919433
                    ],
                    [
                        -86.6731389,
                        38.3917654
                    ],
                    [
                        -86.6726228,
                        38.391649
                    ],
                    [
                        -86.6721078,
                        38.3916406
                    ],
                    [
                        -86.6715285,
                        38.391506
                    ],
                    [
                        -86.6707345,
                        38.3912453
                    ],
                    [
                        -86.6704663,
                        38.391136
                    ],
                    [
                        -86.6704019,
                        38.3912874
                    ],
                    [
                        -86.6704341,
                        38.3916406
                    ],
                    [
                        -86.67052,
                        38.3917919
                    ],
                    [
                        -86.6707667,
                        38.3919769
                    ],
                    [
                        -86.6707882,
                        38.3922292
                    ],
                    [
                        -86.6711607,
                        38.3923852
                    ],
                    [
                        -86.6715714,
                        38.3925571
                    ],
                    [
                        -86.6720982,
                        38.3926736
                    ],
                    [
                        -86.6727204,
                        38.3928166
                    ],
                    [
                        -86.6733642,
                        38.3930941
                    ],
                    [
                        -86.6739425,
                        38.3932719
                    ],
                    [
                        -86.6743716,
                        38.393356
                    ],
                    [
                        -86.6745551,
                        38.3935397
                    ],
                    [
                        -86.6749831,
                        38.3937933
                    ],
                    [
                        -86.6758093,
                        38.3942641
                    ],
                    [
                        -86.6758844,
                        38.3944912
                    ],
                    [
                        -86.6757878,
                        38.3948696
                    ],
                    [
                        -86.675541,
                        38.3954498
                    ],
                    [
                        -86.6752632,
                        38.3959867
                    ],
                    [
                        -86.674908,
                        38.3967531
                    ],
                    [
                        -86.6745647,
                        38.3973081
                    ],
                    [
                        -86.6744682,
                        38.3976696
                    ],
                    [
                        -86.6744478,
                        38.3978029
                    ],
                    [
                        -86.6747911,
                        38.3977356
                    ],
                    [
                        -86.6751988,
                        38.397517
                    ],
                    [
                        -86.6754885,
                        38.3972143
                    ],
                    [
                        -86.6758425,
                        38.3969536
                    ],
                    [
                        -86.6760775,
                        38.3967111
                    ],
                    [
                        -86.6762813,
                        38.3965933
                    ],
                    [
                        -86.676335,
                        38.3963999
                    ],
                    [
                        -86.6764433,
                        38.3961885
                    ],
                    [
                        -86.6766686,
                        38.3961632
                    ],
                    [
                        -86.6766783,
                        38.3958113
                    ],
                    [
                        -86.6767974,
                        38.3953897
                    ],
                    [
                        -86.6771193,
                        38.3951542
                    ],
                    [
                        -86.6774197,
                        38.3948095
                    ],
                    [
                        -86.6777405,
                        38.3946678
                    ],
                    [
                        -86.678117,
                        38.3946161
                    ],
                    [
                        -86.6784164,
                        38.3945332
                    ],
                    [
                        -86.6790826,
                        38.3943049
                    ],
                    [
                        -86.6796942,
                        38.3941115
                    ],
                    [
                        -86.6802521,
                        38.3940274
                    ],
                    [
                        -86.6808733,
                        38.3940371
                    ],
                    [
                        -86.6811951,
                        38.3941212
                    ],
                    [
                        -86.6817101,
                        38.3941296
                    ],
                    [
                        -86.6821929,
                        38.3942557
                    ],
                    [
                        -86.6827937,
                        38.394281
                    ],
                    [
                        -86.6832658,
                        38.3944239
                    ],
                    [
                        -86.6834922,
                        38.3947506
                    ],
                    [
                        -86.6837057,
                        38.3950546
                    ],
                    [
                        -86.6839203,
                        38.3949453
                    ],
                    [
                        -86.684167,
                        38.3947266
                    ],
                    [
                        -86.6844578,
                        38.3946833
                    ],
                    [
                        -86.6850253,
                        38.3947098
                    ],
                    [
                        -86.6857345,
                        38.3947506
                    ],
                    [
                        -86.6860135,
                        38.3948599
                    ],
                    [
                        -86.6863343,
                        38.3949873
                    ],
                    [
                        -86.6866347,
                        38.3950546
                    ],
                    [
                        -86.6868814,
                        38.3952396
                    ],
                    [
                        -86.687096,
                        38.3956011
                    ],
                    [
                        -86.6872784,
                        38.3960384
                    ],
                    [
                        -86.6873106,
                        38.3963999
                    ],
                    [
                        -86.6872569,
                        38.3966942
                    ],
                    [
                        -86.6872999,
                        38.3969297
                    ],
                    [
                        -86.6872247,
                        38.3971399
                    ],
                    [
                        -86.6871282,
                        38.397451
                    ],
                    [
                        -86.6871175,
                        38.3977453
                    ],
                    [
                        -86.687096,
                        38.3981237
                    ],
                    [
                        -86.6868825,
                        38.3982906
                    ],
                    [
                        -86.6863772,
                        38.3986198
                    ],
                    [
                        -86.6860231,
                        38.3988132
                    ],
                    [
                        -86.6859051,
                        38.3990402
                    ],
                    [
                        -86.6860349,
                        38.3991146
                    ],
                    [
                        -86.6863879,
                        38.3991074
                    ],
                    [
                        -86.6869136,
                        38.3992756
                    ],
                    [
                        -86.687214,
                        38.3994438
                    ],
                    [
                        -86.6873224,
                        38.3996611
                    ],
                    [
                        -86.6875359,
                        38.3999651
                    ],
                    [
                        -86.687611,
                        38.4003519
                    ],
                    [
                        -86.687611,
                        38.4006545
                    ],
                    [
                        -86.6875252,
                        38.4008311
                    ],
                    [
                        -86.6870853,
                        38.4008732
                    ],
                    [
                        -86.6866776,
                        38.4009068
                    ],
                    [
                        -86.6860875,
                        38.4009572
                    ],
                    [
                        -86.6858085,
                        38.4009572
                    ],
                    [
                        -86.6856369,
                        38.4010413
                    ],
                    [
                        -86.6853901,
                        38.401159
                    ],
                    [
                        -86.6850468,
                        38.4012851
                    ],
                    [
                        -86.6842207,
                        38.4016131
                    ],
                    [
                        -86.6838666,
                        38.4017476
                    ],
                    [
                        -86.683534,
                        38.4016971
                    ],
                    [
                        -86.6833302,
                        38.4016803
                    ],
                    [
                        -86.6831596,
                        38.4019229
                    ],
                    [
                        -86.6828903,
                        38.4019157
                    ],
                    [
                        -86.6826435,
                        38.4017812
                    ],
                    [
                        -86.6823764,
                        38.4017884
                    ],
                    [
                        -86.6825148,
                        38.4019746
                    ],
                    [
                        -86.6827723,
                        38.4022436
                    ],
                    [
                        -86.6828581,
                        38.4024034
                    ],
                    [
                        -86.6828903,
                        38.4025043
                    ],
                    [
                        -86.6830459,
                        38.4024707
                    ],
                    [
                        -86.6831955,
                        38.402533
                    ],
                    [
                        -86.6832883,
                        38.4026544
                    ],
                    [
                        -86.6834064,
                        38.4025955
                    ],
                    [
                        -86.683534,
                        38.4024791
                    ],
                    [
                        -86.6837175,
                        38.4023433
                    ],
                    [
                        -86.6839525,
                        38.4023361
                    ],
                    [
                        -86.6842421,
                        38.4023529
                    ],
                    [
                        -86.6845211,
                        38.4025884
                    ],
                    [
                        -86.6846831,
                        38.4028141
                    ],
                    [
                        -86.6849406,
                        38.4024946
                    ],
                    [
                        -86.6853579,
                        38.4022268
                    ],
                    [
                        -86.6860231,
                        38.4021427
                    ],
                    [
                        -86.6863879,
                        38.4021848
                    ],
                    [
                        -86.6869351,
                        38.4023782
                    ],
                    [
                        -86.6870531,
                        38.4026977
                    ],
                    [
                        -86.6871926,
                        38.4031517
                    ],
                    [
                        -86.6873106,
                        38.4035637
                    ],
                    [
                        -86.6876003,
                        38.4037823
                    ],
                    [
                        -86.6882021,
                        38.4043527
                    ],
                    [
                        -86.688362,
                        38.4046815
                    ],
                    [
                        -86.6882011,
                        38.4050682
                    ],
                    [
                        -86.6877397,
                        38.4052532
                    ],
                    [
                        -86.6872784,
                        38.4054886
                    ],
                    [
                        -86.6866465,
                        38.4055886
                    ],
                    [
                        -86.6858515,
                        38.4060014
                    ],
                    [
                        -86.6854545,
                        38.4063293
                    ],
                    [
                        -86.6849502,
                        38.4064891
                    ],
                    [
                        -86.6849502,
                        38.4066236
                    ],
                    [
                        -86.685079,
                        38.4067665
                    ],
                    [
                        -86.6852946,
                        38.4067741
                    ],
                    [
                        -86.6857871,
                        38.4067749
                    ],
                    [
                        -86.6862913,
                        38.4064134
                    ],
                    [
                        -86.6866561,
                        38.406178
                    ],
                    [
                        -86.6873653,
                        38.4061435
                    ],
                    [
                        -86.6875691,
                        38.406236
                    ],
                    [
                        -86.687965,
                        38.4062368
                    ],
                    [
                        -86.6880831,
                        38.4063798
                    ],
                    [
                        -86.6880616,
                        38.4067497
                    ],
                    [
                        -86.6879758,
                        38.4070692
                    ],
                    [
                        -86.6878256,
                        38.4074811
                    ],
                    [
                        -86.6878159,
                        38.4077998
                    ],
                    [
                        -86.6877826,
                        38.4083807
                    ],
                    [
                        -86.6876003,
                        38.4088935
                    ],
                    [
                        -86.6873714,
                        38.4094068
                    ],
                    [
                        -86.6872891,
                        38.4095913
                    ],
                    [
                        -86.687214,
                        38.4099192
                    ],
                    [
                        -86.6876228,
                        38.409952
                    ],
                    [
                        -86.6878363,
                        38.4097342
                    ],
                    [
                        -86.6882118,
                        38.4096586
                    ],
                    [
                        -86.6885337,
                        38.4098183
                    ],
                    [
                        -86.6888877,
                        38.4101041
                    ],
                    [
                        -86.6890808,
                        38.409978
                    ],
                    [
                        -86.6890819,
                        38.4097166
                    ],
                    [
                        -86.6888877,
                        38.409398
                    ],
                    [
                        -86.6886517,
                        38.409028
                    ],
                    [
                        -86.6885347,
                        38.4087498
                    ],
                    [
                        -86.6885884,
                        38.408279
                    ],
                    [
                        -86.6888233,
                        38.4078006
                    ],
                    [
                        -86.6894027,
                        38.4074727
                    ],
                    [
                        -86.6896291,
                        38.4073794
                    ],
                    [
                        -86.6898855,
                        38.4072373
                    ],
                    [
                        -86.6897138,
                        38.4071028
                    ],
                    [
                        -86.6896291,
                        38.4069843
                    ],
                    [
                        -86.6894993,
                        38.4068842
                    ],
                    [
                        -86.6894038,
                        38.4065219
                    ],
                    [
                        -86.6894252,
                        38.4059417
                    ],
                    [
                        -86.6896387,
                        38.4055979
                    ],
                    [
                        -86.6900035,
                        38.4053625
                    ],
                    [
                        -86.6904219,
                        38.4052868
                    ],
                    [
                        -86.6910882,
                        38.4053448
                    ],
                    [
                        -86.6918381,
                        38.4053036
                    ],
                    [
                        -86.6926321,
                        38.4051775
                    ],
                    [
                        -86.6934378,
                        38.4051767
                    ],
                    [
                        -86.6940913,
                        38.4051058
                    ],
                    [
                        -86.6941352,
                        38.405101
                    ],
                    [
                        -86.6947886,
                        38.4050682
                    ],
                    [
                        -86.6951222,
                        38.4051178
                    ],
                    [
                        -86.6952832,
                        38.4052523
                    ],
                    [
                        -86.6954334,
                        38.4052607
                    ],
                    [
                        -86.6957874,
                        38.4053869
                    ],
                    [
                        -86.6962917,
                        38.4055802
                    ],
                    [
                        -86.6965159,
                        38.4057156
                    ],
                    [
                        -86.6966447,
                        38.4057997
                    ],
                    [
                        -86.6969461,
                        38.4057904
                    ],
                    [
                        -86.6972455,
                        38.4059594
                    ],
                    [
                        -86.6976532,
                        38.4063041
                    ],
                    [
                        -86.6979547,
                        38.4066396
                    ],
                    [
                        -86.6984686,
                        38.4069178
                    ],
                    [
                        -86.6986413,
                        38.4070599
                    ],
                    [
                        -86.6985651,
                        38.4074055
                    ],
                    [
                        -86.6985437,
                        38.4077081
                    ],
                    [
                        -86.6985759,
                        38.4080024
                    ],
                    [
                        -86.6985759,
                        38.4082378
                    ],
                    [
                        -86.6984589,
                        38.4085228
                    ],
                    [
                        -86.6981585,
                        38.4086741
                    ],
                    [
                        -86.6977497,
                        38.4088011
                    ],
                    [
                        -86.6977605,
                        38.4089103
                    ],
                    [
                        -86.6979858,
                        38.408986
                    ],
                    [
                        -86.6983935,
                        38.4090701
                    ],
                    [
                        -86.6984804,
                        38.4091953
                    ],
                    [
                        -86.6985984,
                        38.4092458
                    ],
                    [
                        -86.6986735,
                        38.4091449
                    ],
                    [
                        -86.6989299,
                        38.4090112
                    ],
                    [
                        -86.6991777,
                        38.4088338
                    ],
                    [
                        -86.6994567,
                        38.4083967
                    ],
                    [
                        -86.6999395,
                        38.4077829
                    ],
                    [
                        -86.7001004,
                        38.4076652
                    ],
                    [
                        -86.7003472,
                        38.4077409
                    ],
                    [
                        -86.7009802,
                        38.408052
                    ],
                    [
                        -86.7012903,
                        38.4081873
                    ],
                    [
                        -86.7015274,
                        38.4084723
                    ],
                    [
                        -86.7020627,
                        38.4087674
                    ],
                    [
                        -86.7029747,
                        38.4093727
                    ],
                    [
                        -86.703716,
                        38.4099604
                    ],
                    [
                        -86.7041237,
                        38.4103723
                    ],
                    [
                        -86.7042632,
                        38.4106666
                    ],
                    [
                        -86.7042192,
                        38.4109112
                    ],
                    [
                        -86.7038544,
                        38.4110962
                    ],
                    [
                        -86.7030712,
                        38.4111298
                    ],
                    [
                        -86.7025133,
                        38.4111214
                    ],
                    [
                        -86.7019662,
                        38.4111466
                    ],
                    [
                        -86.7014523,
                        38.4111037
                    ],
                    [
                        -86.7009684,
                        38.4110457
                    ],
                    [
                        -86.7007753,
                        38.4110709
                    ],
                    [
                        -86.7008075,
                        38.4112307
                    ],
                    [
                        -86.7006154,
                        38.4114652
                    ],
                    [
                        -86.7002925,
                        38.4115753
                    ],
                    [
                        -86.7001541,
                        38.4116586
                    ],
                    [
                        -86.7003686,
                        38.4117342
                    ],
                    [
                        -86.7006465,
                        38.4117351
                    ],
                    [
                        -86.7010971,
                        38.4116762
                    ],
                    [
                        -86.7015703,
                        38.4116922
                    ],
                    [
                        -86.7020209,
                        38.4117006
                    ],
                    [
                        -86.7022773,
                        38.4118275
                    ],
                    [
                        -86.7027601,
                        38.4120209
                    ],
                    [
                        -86.7032858,
                        38.4122479
                    ],
                    [
                        -86.7037053,
                        38.4125329
                    ],
                    [
                        -86.7039939,
                        38.4126178
                    ],
                    [
                        -86.7044456,
                        38.4126674
                    ],
                    [
                        -86.7046484,
                        38.4128111
                    ],
                    [
                        -86.7047128,
                        38.4129961
                    ],
                    [
                        -86.7045422,
                        38.4132979
                    ],
                    [
                        -86.704348,
                        38.4138283
                    ],
                    [
                        -86.7041763,
                        38.4143495
                    ],
                    [
                        -86.7039725,
                        38.4145429
                    ],
                    [
                        -86.7031678,
                        38.4145933
                    ],
                    [
                        -86.7019662,
                        38.4146858
                    ],
                    [
                        -86.7010875,
                        38.414811
                    ],
                    [
                        -86.7007216,
                        38.4150136
                    ],
                    [
                        -86.6997142,
                        38.4152145
                    ],
                    [
                        -86.6987593,
                        38.4154583
                    ],
                    [
                        -86.6983516,
                        38.4157189
                    ],
                    [
                        -86.6975995,
                        38.4160056
                    ],
                    [
                        -86.6975566,
                        38.4162073
                    ],
                    [
                        -86.6977508,
                        38.4162737
                    ],
                    [
                        -86.6982443,
                        38.4161308
                    ],
                    [
                        -86.6987379,
                        38.4159795
                    ],
                    [
                        -86.6993912,
                        38.4159467
                    ],
                    [
                        -86.6998215,
                        38.4160972
                    ],
                    [
                        -86.7000243,
                        38.4163334
                    ],
                    [
                        -86.7001852,
                        38.4164427
                    ],
                    [
                        -86.7004319,
                        38.4162157
                    ],
                    [
                        -86.7007549,
                        38.4160552
                    ],
                    [
                        -86.7012473,
                        38.4160308
                    ],
                    [
                        -86.7017527,
                        38.4160636
                    ],
                    [
                        -86.7023213,
                        38.4162569
                    ],
                    [
                        -86.702685,
                        38.4164595
                    ],
                    [
                        -86.7027708,
                        38.4166613
                    ],
                    [
                        -86.7027923,
                        38.4169639
                    ],
                    [
                        -86.7028899,
                        38.4172152
                    ],
                    [
                        -86.7030712,
                        38.4174178
                    ],
                    [
                        -86.7027923,
                        38.4180735
                    ],
                    [
                        -86.7026635,
                        38.4187628
                    ],
                    [
                        -86.7027601,
                        38.4192755
                    ],
                    [
                        -86.702567,
                        38.4195109
                    ],
                    [
                        -86.7025884,
                        38.419637
                    ],
                    [
                        -86.7027279,
                        38.419948
                    ],
                    [
                        -86.7028889,
                        38.4204523
                    ],
                    [
                        -86.7035444,
                        38.4212837
                    ],
                    [
                        -86.7042847,
                        38.4217544
                    ],
                    [
                        -86.7052395,
                        38.4221579
                    ],
                    [
                        -86.7056687,
                        38.4223176
                    ],
                    [
                        -86.705894,
                        38.4225361
                    ],
                    [
                        -86.7056901,
                        38.4228135
                    ],
                    [
                        -86.7051323,
                        38.4231413
                    ],
                    [
                        -86.7046001,
                        38.4233627
                    ],
                    [
                        -86.7042464,
                        38.4234323
                    ],
                    [
                        -86.7036721,
                        38.4232766
                    ],
                    [
                        -86.7030401,
                        38.4230825
                    ],
                    [
                        -86.7022022,
                        38.4228059
                    ],
                    [
                        -86.7017194,
                        38.4225369
                    ],
                    [
                        -86.7015799,
                        38.4225958
                    ],
                    [
                        -86.7017741,
                        38.4228639
                    ],
                    [
                        -86.7020638,
                        38.4233682
                    ],
                    [
                        -86.7024946,
                        38.4236759
                    ],
                    [
                        -86.7026797,
                        38.4240877
                    ],
                    [
                        -86.7023095,
                        38.4243609
                    ],
                    [
                        -86.701655,
                        38.4247139
                    ],
                    [
                        -86.7010231,
                        38.4248896
                    ],
                    [
                        -86.7005403,
                        38.4245954
                    ],
                    [
                        -86.6998858,
                        38.424192
                    ],
                    [
                        -86.6992732,
                        38.423865
                    ],
                    [
                        -86.6987046,
                        38.4237389
                    ],
                    [
                        -86.6980394,
                        38.4236128
                    ],
                    [
                        -86.6980512,
                        38.4237633
                    ],
                    [
                        -86.6983935,
                        38.4239827
                    ],
                    [
                        -86.6987797,
                        38.4242432
                    ],
                    [
                        -86.6990372,
                        38.4246383
                    ],
                    [
                        -86.6993054,
                        38.4251174
                    ],
                    [
                        -86.6993912,
                        38.4255376
                    ],
                    [
                        -86.699241,
                        38.4259243
                    ],
                    [
                        -86.6990383,
                        38.426142
                    ],
                    [
                        -86.6984793,
                        38.4265294
                    ],
                    [
                        -86.6981263,
                        38.4268564
                    ],
                    [
                        -86.697665,
                        38.4270581
                    ],
                    [
                        -86.6970416,
                        38.4273195
                    ],
                    [
                        -86.6966661,
                        38.4274876
                    ],
                    [
                        -86.6962481,
                        38.4278241
                    ],
                    [
                        -86.6958576,
                        38.4280792
                    ],
                    [
                        -86.6956044,
                        38.4281099
                    ],
                    [
                        -86.6949392,
                        38.428009
                    ],
                    [
                        -86.6946452,
                        38.4280035
                    ],
                    [
                        -86.6944628,
                        38.428096
                    ],
                    [
                        -86.6943277,
                        38.4282275
                    ],
                    [
                        -86.6944199,
                        38.428449
                    ],
                    [
                        -86.6945852,
                        38.4287402
                    ],
                    [
                        -86.6948105,
                        38.429026
                    ],
                    [
                        -86.694907,
                        38.4293117
                    ],
                    [
                        -86.6947954,
                        38.4296677
                    ],
                    [
                        -86.694553,
                        38.4298749
                    ],
                    [
                        -86.694023,
                        38.4300123
                    ],
                    [
                        -86.6938942,
                        38.4301636
                    ],
                    [
                        -86.6938127,
                        38.4304043
                    ],
                    [
                        -86.6938341,
                        38.4306985
                    ],
                    [
                        -86.6938084,
                        38.4307939
                    ],
                    [
                        -86.6936367,
                        38.4308023
                    ],
                    [
                        -86.6933792,
                        38.430651
                    ],
                    [
                        -86.6931968,
                        38.4304577
                    ],
                    [
                        -86.6929072,
                        38.430256
                    ],
                    [
                        -86.692654,
                        38.4300598
                    ],
                    [
                        -86.6924394,
                        38.4300598
                    ],
                    [
                        -86.6921497,
                        38.430085
                    ],
                    [
                        -86.6918128,
                        38.4299366
                    ],
                    [
                        -86.6916626,
                        38.4297938
                    ],
                    [
                        -86.6914373,
                        38.4297769
                    ],
                    [
                        -86.6911948,
                        38.429858
                    ],
                    [
                        -86.6912807,
                        38.4299673
                    ],
                    [
                        -86.6914266,
                        38.4301972
                    ],
                    [
                        -86.6913987,
                        38.4305472
                    ],
                    [
                        -86.6912914,
                        38.4307237
                    ],
                    [
                        -86.6915167,
                        38.4308918
                    ],
                    [
                        -86.6916841,
                        38.4311553
                    ],
                    [
                        -86.6916884,
                        38.4314045
                    ],
                    [
                        -86.6915596,
                        38.4315726
                    ],
                    [
                        -86.6913665,
                        38.4316482
                    ],
                    [
                        -86.6911197,
                        38.431707
                    ],
                    [
                        -86.6910124,
                        38.4318919
                    ],
                    [
                        -86.6912442,
                        38.4320798
                    ],
                    [
                        -86.6916776,
                        38.4321945
                    ],
                    [
                        -86.6920853,
                        38.4322701
                    ],
                    [
                        -86.6924501,
                        38.4323374
                    ],
                    [
                        -86.6927033,
                        38.4324748
                    ],
                    [
                        -86.6927516,
                        38.4326996
                    ],
                    [
                        -86.6926888,
                        38.4327869
                    ],
                    [
                        -86.6925317,
                        38.4328446
                    ],
                    [
                        -86.6921025,
                        38.432895
                    ],
                    [
                        -86.6915768,
                        38.4328278
                    ],
                    [
                        -86.6910661,
                        38.4327072
                    ],
                    [
                        -86.6907614,
                        38.4328026
                    ],
                    [
                        -86.6903258,
                        38.4328416
                    ],
                    [
                        -86.6898173,
                        38.432811
                    ],
                    [
                        -86.6893495,
                        38.4326399
                    ],
                    [
                        -86.6888238,
                        38.4323122
                    ],
                    [
                        -86.6886306,
                        38.4320264
                    ],
                    [
                        -86.6886628,
                        38.4317407
                    ],
                    [
                        -86.6888345,
                        38.4313709
                    ],
                    [
                        -86.6887809,
                        38.4310515
                    ],
                    [
                        -86.6886156,
                        38.4308191
                    ],
                    [
                        -86.6884654,
                        38.4306342
                    ],
                    [
                        -86.6882401,
                        38.430651
                    ],
                    [
                        -86.6880577,
                        38.4308107
                    ],
                    [
                        -86.6876929,
                        38.43092
                    ],
                    [
                        -86.6872316,
                        38.4307351
                    ],
                    [
                        -86.6870964,
                        38.4305977
                    ],
                    [
                        -86.6870921,
                        38.4302308
                    ],
                    [
                        -86.6869634,
                        38.429861
                    ],
                    [
                        -86.6866201,
                        38.4297938
                    ],
                    [
                        -86.686281,
                        38.4297152
                    ],
                    [
                        -86.6862596,
                        38.429463
                    ],
                    [
                        -86.6860729,
                        38.4291634
                    ],
                    [
                        -86.6857768,
                        38.4289083
                    ],
                    [
                        -86.685809,
                        38.428715
                    ],
                    [
                        -86.6860407,
                        38.4285667
                    ],
                    [
                        -86.6865278,
                        38.4285217
                    ],
                    [
                        -86.6869999,
                        38.4285217
                    ],
                    [
                        -86.6875363,
                        38.4284629
                    ],
                    [
                        -86.6878904,
                        38.4283452
                    ],
                    [
                        -86.6882122,
                        38.4280342
                    ],
                    [
                        -86.6885448,
                        38.4276812
                    ],
                    [
                        -86.6890598,
                        38.4274711
                    ],
                    [
                        -86.6893388,
                        38.4272946
                    ],
                    [
                        -86.6898645,
                        38.4270508
                    ],
                    [
                        -86.6900576,
                        38.426908
                    ],
                    [
                        -86.6901863,
                        38.4266474
                    ],
                    [
                        -86.6900469,
                        38.4265381
                    ],
                    [
                        -86.6896241,
                        38.4266083
                    ],
                    [
                        -86.688916,
                        38.4268941
                    ],
                    [
                        -86.6887487,
                        38.4268323
                    ],
                    [
                        -86.6885513,
                        38.4268353
                    ],
                    [
                        -86.6884332,
                        38.4269445
                    ],
                    [
                        -86.6880899,
                        38.4269025
                    ],
                    [
                        -86.6875213,
                        38.4264234
                    ],
                    [
                        -86.687311,
                        38.4260086
                    ],
                    [
                        -86.6872531,
                        38.4256417
                    ],
                    [
                        -86.6869097,
                        38.4254736
                    ],
                    [
                        -86.6864699,
                        38.4254568
                    ],
                    [
                        -86.6862596,
                        38.4255295
                    ],
                    [
                        -86.6857725,
                        38.4257342
                    ],
                    [
                        -86.6854077,
                        38.4258435
                    ],
                    [
                        -86.6851931,
                        38.426062
                    ],
                    [
                        -86.685015,
                        38.4263112
                    ],
                    [
                        -86.684897,
                        38.4263448
                    ],
                    [
                        -86.6847468,
                        38.426244
                    ],
                    [
                        -86.6844743,
                        38.4260368
                    ],
                    [
                        -86.6843928,
                        38.4259162
                    ],
                    [
                        -86.6845859,
                        38.4258153
                    ],
                    [
                        -86.6850043,
                        38.4257901
                    ],
                    [
                        -86.6854871,
                        38.4255884
                    ],
                    [
                        -86.6857982,
                        38.4251009
                    ],
                    [
                        -86.6858304,
                        38.4245881
                    ],
                    [
                        -86.6860021,
                        38.4242267
                    ],
                    [
                        -86.6860772,
                        38.4239662
                    ],
                    [
                        -86.686045,
                        38.4233778
                    ],
                    [
                        -86.6858583,
                        38.4229016
                    ],
                    [
                        -86.6856588,
                        38.4221001
                    ],
                    [
                        -86.6857768,
                        38.4215874
                    ],
                    [
                        -86.6857982,
                        38.4209065
                    ],
                    [
                        -86.685927,
                        38.4205535
                    ],
                    [
                        -86.6861094,
                        38.4204274
                    ],
                    [
                        -86.6864312,
                        38.4201164
                    ],
                    [
                        -86.6864527,
                        38.4198642
                    ],
                    [
                        -86.6862446,
                        38.4198672
                    ],
                    [
                        -86.6859441,
                        38.4198672
                    ],
                    [
                        -86.6858197,
                        38.419755
                    ],
                    [
                        -86.6858626,
                        38.4195868
                    ],
                    [
                        -86.6860772,
                        38.4194271
                    ],
                    [
                        -86.6863411,
                        38.419262
                    ],
                    [
                        -86.6862446,
                        38.4191275
                    ],
                    [
                        -86.6860235,
                        38.4190741
                    ],
                    [
                        -86.6860343,
                        38.418906
                    ],
                    [
                        -86.6858733,
                        38.4187967
                    ],
                    [
                        -86.6856266,
                        38.4187715
                    ],
                    [
                        -86.6855622,
                        38.4186874
                    ],
                    [
                        -86.6855622,
                        38.4185445
                    ],
                    [
                        -86.685766,
                        38.418326
                    ],
                    [
                        -86.6859871,
                        38.4180935
                    ],
                    [
                        -86.6858047,
                        38.4179927
                    ],
                    [
                        -86.6855837,
                        38.4178636
                    ],
                    [
                        -86.6853154,
                        38.4177796
                    ],
                    [
                        -86.6851931,
                        38.4178582
                    ],
                    [
                        -86.6851073,
                        38.4180599
                    ],
                    [
                        -86.6849249,
                        38.4181524
                    ],
                    [
                        -86.6847425,
                        38.4181356
                    ],
                    [
                        -86.6845966,
                        38.4180654
                    ],
                    [
                        -86.6844679,
                        38.4181999
                    ],
                    [
                        -86.6844679,
                        38.4183596
                    ],
                    [
                        -86.6844679,
                        38.4186874
                    ],
                    [
                        -86.6843777,
                        38.4189677
                    ],
                    [
                        -86.684146,
                        38.4190909
                    ],
                    [
                        -86.6839529,
                        38.4191413
                    ],
                    [
                        -86.6836267,
                        38.4190014
                    ],
                    [
                        -86.6831375,
                        38.4186538
                    ],
                    [
                        -86.6827362,
                        38.4183121
                    ],
                    [
                        -86.6818565,
                        38.4178666
                    ],
                    [
                        -86.6808372,
                        38.4173622
                    ],
                    [
                        -86.6803158,
                        38.4170482
                    ],
                    [
                        -86.6795004,
                        38.4164682
                    ],
                    [
                        -86.6787601,
                        38.4159722
                    ],
                    [
                        -86.6779018,
                        38.4154847
                    ],
                    [
                        -86.6772752,
                        38.4152859
                    ],
                    [
                        -86.6764963,
                        38.4152073
                    ],
                    [
                        -86.6759706,
                        38.4150644
                    ],
                    [
                        -86.6759585,
                        38.4150611
                    ],
                    [
                        -86.6750007,
                        38.4148655
                    ],
                    [
                        -86.6744321,
                        38.4147688
                    ],
                    [
                        -86.6742111,
                        38.4146524
                    ],
                    [
                        -86.6738356,
                        38.4144507
                    ],
                    [
                        -86.6736478,
                        38.4140009
                    ],
                    [
                        -86.6732831,
                        38.4134629
                    ],
                    [
                        -86.6731757,
                        38.4130594
                    ],
                    [
                        -86.6732455,
                        38.4128114
                    ],
                    [
                        -86.6732884,
                        38.4126307
                    ],
                    [
                        -86.6731758,
                        38.4126138
                    ],
                    [
                        -86.6730832,
                        38.4126559
                    ],
                    [
                        -86.6727303,
                        38.4127839
                    ],
                    [
                        -86.6724312,
                        38.4127219
                    ],
                    [
                        -86.6722327,
                        38.4125622
                    ],
                    [
                        -86.672002,
                        38.4122932
                    ],
                    [
                        -86.6718722,
                        38.4119622
                    ],
                    [
                        -86.6718722,
                        38.4117648
                    ],
                    [
                        -86.6720117,
                        38.4115757
                    ],
                    [
                        -86.6720813,
                        38.411441
                    ],
                    [
                        -86.6720771,
                        38.4114042
                    ],
                    [
                        -86.6718909,
                        38.4113695
                    ],
                    [
                        -86.6716613,
                        38.4114188
                    ],
                    [
                        -86.6715166,
                        38.4112507
                    ],
                    [
                        -86.6714055,
                        38.4110796
                    ],
                    [
                        -86.6711586,
                        38.4109492
                    ],
                    [
                        -86.6708541,
                        38.410885
                    ],
                    [
                        -86.6705418,
                        38.4108609
                    ],
                    [
                        -86.6700869,
                        38.4109354
                    ],
                    [
                        -86.6695628,
                        38.4110797
                    ],
                    [
                        -86.6694485,
                        38.4111898
                    ],
                    [
                        -86.6693375,
                        38.4111425
                    ],
                    [
                        -86.6691551,
                        38.4110334
                    ],
                    [
                        -86.6688654,
                        38.4110059
                    ],
                    [
                        -86.6687287,
                        38.4111447
                    ],
                    [
                        -86.6687458,
                        38.4113012
                    ],
                    [
                        -86.6687823,
                        38.4116429
                    ],
                    [
                        -86.6687233,
                        38.411769
                    ],
                    [
                        -86.668601,
                        38.4116626
                    ],
                    [
                        -86.6684658,
                        38.411563
                    ],
                    [
                        -86.6682845,
                        38.4114987
                    ],
                    [
                        -86.6680795,
                        38.4115503
                    ],
                    [
                        -86.6680806,
                        38.4116626
                    ],
                    [
                        -86.6681064,
                        38.4118026
                    ],
                    [
                        -86.6684497,
                        38.4120548
                    ],
                    [
                        -86.6688789,
                        38.4122734
                    ],
                    [
                        -86.6692651,
                        38.4124247
                    ],
                    [
                        -86.6695762,
                        38.4126181
                    ],
                    [
                        -86.6697221,
                        38.4127135
                    ],
                    [
                        -86.6699689,
                        38.4127051
                    ],
                    [
                        -86.670031,
                        38.4128701
                    ],
                    [
                        -86.6700912,
                        38.41303
                    ],
                    [
                        -86.6700118,
                        38.4132851
                    ],
                    [
                        -86.6696149,
                        38.4135037
                    ],
                    [
                        -86.6694356,
                        38.4135861
                    ],
                    [
                        -86.6693037,
                        38.4136466
                    ],
                    [
                        -86.6679991,
                        38.4140976
                    ],
                    [
                        -86.6673554,
                        38.4144843
                    ],
                    [
                        -86.6667503,
                        38.4148571
                    ],
                    [
                        -86.6666242,
                        38.4149771
                    ],
                    [
                        -86.6664971,
                        38.415098
                    ],
                    [
                        -86.6661816,
                        38.4155296
                    ],
                    [
                        -86.6659563,
                        38.4160172
                    ],
                    [
                        -86.6655379,
                        38.4166225
                    ],
                    [
                        -86.6654199,
                        38.4169503
                    ],
                    [
                        -86.6653276,
                        38.4173256
                    ],
                    [
                        -86.6650916,
                        38.4175946
                    ],
                    [
                        -86.6645122,
                        38.4181326
                    ],
                    [
                        -86.6641582,
                        38.4184689
                    ],
                    [
                        -86.663493,
                        38.4190236
                    ],
                    [
                        -86.6628664,
                        38.4195646
                    ],
                    [
                        -86.6622914,
                        38.4199231
                    ],
                    [
                        -86.6617764,
                        38.42015
                    ],
                    [
                        -86.6613907,
                        38.4201668
                    ],
                    [
                        -86.6607636,
                        38.4202959
                    ],
                    [
                        -86.6602958,
                        38.4204863
                    ],
                    [
                        -86.659798,
                        38.4205312
                    ],
                    [
                        -86.6597014,
                        38.420464
                    ],
                    [
                        -86.6596628,
                        38.4201921
                    ],
                    [
                        -86.6595619,
                        38.4197747
                    ],
                    [
                        -86.6594117,
                        38.419346
                    ],
                    [
                        -86.6591585,
                        38.418906
                    ],
                    [
                        -86.6590083,
                        38.4185277
                    ],
                    [
                        -86.6592229,
                        38.4177375
                    ],
                    [
                        -86.6595877,
                        38.417603
                    ],
                    [
                        -86.6600919,
                        38.4175862
                    ],
                    [
                        -86.6603988,
                        38.4174042
                    ],
                    [
                        -86.6602743,
                        38.4172248
                    ],
                    [
                        -86.6602743,
                        38.4169978
                    ],
                    [
                        -86.6602636,
                        38.416796
                    ],
                    [
                        -86.6600126,
                        38.416488
                    ],
                    [
                        -86.6598881,
                        38.4159891
                    ],
                    [
                        -86.6600447,
                        38.4155885
                    ],
                    [
                        -86.6598666,
                        38.4152997
                    ],
                    [
                        -86.6595834,
                        38.4148571
                    ],
                    [
                        -86.6595448,
                        38.4145095
                    ],
                    [
                        -86.6597872,
                        38.4141846
                    ],
                    [
                        -86.6599954,
                        38.4139967
                    ],
                    [
                        -86.6602743,
                        38.4138538
                    ],
                    [
                        -86.6604675,
                        38.4137193
                    ],
                    [
                        -86.6605168,
                        38.4135037
                    ],
                    [
                        -86.6607099,
                        38.4133524
                    ],
                    [
                        -86.660843,
                        38.4133999
                    ],
                    [
                        -86.6609824,
                        38.4134755
                    ],
                    [
                        -86.6611863,
                        38.4133578
                    ],
                    [
                        -86.6614009,
                        38.4129711
                    ],
                    [
                        -86.6612614,
                        38.4126601
                    ],
                    [
                        -86.6610575,
                        38.4125004
                    ],
                    [
                        -86.6605168,
                        38.4124529
                    ],
                    [
                        -86.6599525,
                        38.4122818
                    ],
                    [
                        -86.6596692,
                        38.4122427
                    ],
                    [
                        -86.6594804,
                        38.4122145
                    ],
                    [
                        -86.659438,
                        38.4119623
                    ],
                    [
                        -86.6592229,
                        38.4114327
                    ],
                    [
                        -86.6594053,
                        38.4110124
                    ],
                    [
                        -86.6596091,
                        38.4106257
                    ],
                    [
                        -86.6597915,
                        38.4105332
                    ],
                    [
                        -86.6600061,
                        38.410592
                    ],
                    [
                        -86.6600705,
                        38.4104996
                    ],
                    [
                        -86.6600061,
                        38.4102558
                    ],
                    [
                        -86.6600598,
                        38.4100372
                    ],
                    [
                        -86.6602915,
                        38.4099476
                    ],
                    [
                        -86.6604138,
                        38.4097513
                    ],
                    [
                        -86.6603924,
                        38.4094991
                    ],
                    [
                        -86.6599954,
                        38.409373
                    ],
                    [
                        -86.6599267,
                        38.4092583
                    ],
                    [
                        -86.6597486,
                        38.4089779
                    ],
                    [
                        -86.6594654,
                        38.4090145
                    ],
                    [
                        -86.6591006,
                        38.40888
                    ],
                    [
                        -86.6588431,
                        38.4085184
                    ],
                    [
                        -86.6585899,
                        38.4082885
                    ],
                    [
                        -86.6586178,
                        38.4080897
                    ],
                    [
                        -86.6583818,
                        38.4077534
                    ],
                    [
                        -86.6579247,
                        38.4075403
                    ],
                    [
                        -86.657678,
                        38.4075655
                    ],
                    [
                        -86.6575512,
                        38.4076252
                    ],
                    [
                        -86.6575342,
                        38.4077702
                    ],
                    [
                        -86.6576565,
                        38.407969
                    ],
                    [
                        -86.6577638,
                        38.4082801
                    ],
                    [
                        -86.657738,
                        38.4085689
                    ],
                    [
                        -86.6577154,
                        38.4086835
                    ],
                    [
                        -86.6575734,
                        38.4088434
                    ],
                    [
                        -86.6576082,
                        38.4088832
                    ],
                    [
                        -86.6577316,
                        38.4089695
                    ],
                    [
                        -86.6577541,
                        38.4091973
                    ],
                    [
                        -86.6577381,
                        38.4094664
                    ],
                    [
                        -86.657702,
                        38.4096482
                    ],
                    [
                        -86.6575196,
                        38.4097743
                    ],
                    [
                        -86.6573733,
                        38.409996
                    ],
                    [
                        -86.6572434,
                        38.4103608
                    ],
                    [
                        -86.6573024,
                        38.4106024
                    ],
                    [
                        -86.6572472,
                        38.4107841
                    ],
                    [
                        -86.6571066,
                        38.4110164
                    ],
                    [
                        -86.6568127,
                        38.4111919
                    ],
                    [
                        -86.6562266,
                        38.4116238
                    ],
                    [
                        -86.6559506,
                        38.4116597
                    ],
                    [
                        -86.6558326,
                        38.4117522
                    ],
                    [
                        -86.6558283,
                        38.412083
                    ],
                    [
                        -86.655897,
                        38.4124499
                    ],
                    [
                        -86.655485,
                        38.4129657
                    ],
                    [
                        -86.6550279,
                        38.4133663
                    ],
                    [
                        -86.6544765,
                        38.4135373
                    ],
                    [
                        -86.6539872,
                        38.4135764
                    ],
                    [
                        -86.6535152,
                        38.4134419
                    ],
                    [
                        -86.6531354,
                        38.4132935
                    ],
                    [
                        -86.6529144,
                        38.4134083
                    ],
                    [
                        -86.6528714,
                        38.4137025
                    ],
                    [
                        -86.6529101,
                        38.4140249
                    ],
                    [
                        -86.6527706,
                        38.4143443
                    ],
                    [
                        -86.6524354,
                        38.4147689
                    ],
                    [
                        -86.6522582,
                        38.4147899
                    ],
                    [
                        -86.6520721,
                        38.4146649
                    ],
                    [
                        -86.6519123,
                        38.4145209
                    ],
                    [
                        -86.65129,
                        38.4141342
                    ],
                    [
                        -86.6504789,
                        38.413568
                    ],
                    [
                        -86.650157,
                        38.4133074
                    ],
                    [
                        -86.6496635,
                        38.4131056
                    ],
                    [
                        -86.648994,
                        38.4127471
                    ],
                    [
                        -86.6488009,
                        38.4124781
                    ],
                    [
                        -86.6486872,
                        38.4122061
                    ],
                    [
                        -86.6486765,
                        38.4117942
                    ],
                    [
                        -86.6488438,
                        38.4112927
                    ],
                    [
                        -86.6492451,
                        38.4110208
                    ],
                    [
                        -86.6497172,
                        38.4108442
                    ],
                    [
                        -86.6500712,
                        38.4106173
                    ],
                    [
                        -86.6502536,
                        38.4104827
                    ],
                    [
                        -86.6502643,
                        38.4103146
                    ],
                    [
                        -86.6503287,
                        38.4098943
                    ],
                    [
                        -86.6506291,
                        38.4093814
                    ],
                    [
                        -86.6510153,
                        38.4091628
                    ],
                    [
                        -86.6512621,
                        38.4090199
                    ],
                    [
                        -86.6509789,
                        38.40888
                    ],
                    [
                        -86.6508179,
                        38.4086361
                    ],
                    [
                        -86.6506302,
                        38.408365
                    ],
                    [
                        -86.6504896,
                        38.4083052
                    ],
                    [
                        -86.6503823,
                        38.4084987
                    ],
                    [
                        -86.6501635,
                        38.4086866
                    ],
                    [
                        -86.6497558,
                        38.4088127
                    ],
                    [
                        -86.6493588,
                        38.4088715
                    ],
                    [
                        -86.6491121,
                        38.4086361
                    ],
                    [
                        -86.648934,
                        38.4084819
                    ],
                    [
                        -86.6485756,
                        38.4085521
                    ],
                    [
                        -86.6481035,
                        38.4086109
                    ],
                    [
                        -86.6475886,
                        38.4085941
                    ],
                    [
                        -86.6470199,
                        38.4086277
                    ],
                    [
                        -86.6468633,
                        38.4087425
                    ],
                    [
                        -86.6469877,
                        38.4090229
                    ],
                    [
                        -86.6469126,
                        38.4094348
                    ],
                    [
                        -86.64652,
                        38.4098018
                    ],
                    [
                        -86.6457968,
                        38.4100906
                    ],
                    [
                        -86.6451424,
                        38.4100822
                    ],
                    [
                        -86.6447497,
                        38.4100876
                    ],
                    [
                        -86.644681,
                        38.4101746
                    ],
                    [
                        -86.6445888,
                        38.4106509
                    ],
                    [
                        -86.6441553,
                        38.4110574
                    ],
                    [
                        -86.6437948,
                        38.411315
                    ],
                    [
                        -86.6434472,
                        38.4114188
                    ],
                    [
                        -86.6432155,
                        38.4113066
                    ],
                    [
                        -86.6428185,
                        38.4108779
                    ],
                    [
                        -86.6422349,
                        38.4101746
                    ],
                    [
                        -86.6417671,
                        38.4094907
                    ],
                    [
                        -86.6412521,
                        38.4087257
                    ],
                    [
                        -86.6412628,
                        38.4080111
                    ],
                    [
                        -86.6414989,
                        38.4072628
                    ],
                    [
                        -86.6419881,
                        38.4065343
                    ],
                    [
                        -86.6425932,
                        38.4059429
                    ],
                    [
                        -86.6432691,
                        38.4054973
                    ],
                    [
                        -86.6436017,
                        38.4054384
                    ],
                    [
                        -86.6438914,
                        38.4054973
                    ],
                    [
                        -86.6441768,
                        38.4055002
                    ],
                    [
                        -86.6441339,
                        38.4053993
                    ],
                    [
                        -86.6439129,
                        38.4051274
                    ],
                    [
                        -86.6440094,
                        38.4047658
                    ],
                    [
                        -86.6443527,
                        38.4043791
                    ],
                    [
                        -86.6446961,
                        38.4042782
                    ],
                    [
                        -86.6452003,
                        38.4042193
                    ],
                    [
                        -86.6456724,
                        38.4041605
                    ],
                    [
                        -86.6457582,
                        38.4040428
                    ],
                    [
                        -86.6451896,
                        38.4038242
                    ],
                    [
                        -86.6449428,
                        38.4036392
                    ],
                    [
                        -86.6452754,
                        38.4031011
                    ],
                    [
                        -86.64549,
                        38.4028152
                    ],
                    [
                        -86.6452325,
                        38.40279
                    ],
                    [
                        -86.6448785,
                        38.4030759
                    ],
                    [
                        -86.6444064,
                        38.4034963
                    ],
                    [
                        -86.6439129,
                        38.403614
                    ],
                    [
                        -86.6436725,
                        38.4037935
                    ],
                    [
                        -86.6434622,
                        38.403471
                    ],
                    [
                        -86.6433228,
                        38.403202
                    ],
                    [
                        -86.6431897,
                        38.4033311
                    ],
                    [
                        -86.6432048,
                        38.4035804
                    ],
                    [
                        -86.6432691,
                        38.4038746
                    ],
                    [
                        -86.643061,
                        38.4041298
                    ],
                    [
                        -86.6424602,
                        38.4043988
                    ],
                    [
                        -86.6419345,
                        38.4044577
                    ],
                    [
                        -86.6414774,
                        38.4043118
                    ],
                    [
                        -86.6411985,
                        38.4042698
                    ],
                    [
                        -86.6413658,
                        38.4044661
                    ],
                    [
                        -86.6416491,
                        38.4046481
                    ],
                    [
                        -86.6415697,
                        38.4048613
                    ],
                    [
                        -86.6410053,
                        38.4051946
                    ],
                    [
                        -86.6405504,
                        38.4052648
                    ],
                    [
                        -86.6400569,
                        38.4049958
                    ],
                    [
                        -86.6395355,
                        38.4046818
                    ],
                    [
                        -86.6392565,
                        38.40448
                    ],
                    [
                        -86.6388231,
                        38.4044913
                    ],
                    [
                        -86.6386557,
                        38.4045472
                    ],
                    [
                        -86.6387845,
                        38.4046229
                    ],
                    [
                        -86.6389733,
                        38.404836
                    ],
                    [
                        -86.6391171,
                        38.404976
                    ],
                    [
                        -86.6392995,
                        38.4052282
                    ],
                    [
                        -86.6396063,
                        38.4057104
                    ],
                    [
                        -86.6399174,
                        38.406198
                    ],
                    [
                        -86.6397887,
                        38.4067445
                    ],
                    [
                        -86.6394668,
                        38.4071144
                    ],
                    [
                        -86.6388875,
                        38.407518
                    ],
                    [
                        -86.6384154,
                        38.4077114
                    ],
                    [
                        -86.6377609,
                        38.4076609
                    ],
                    [
                        -86.6371923,
                        38.4073414
                    ],
                    [
                        -86.6366494,
                        38.4069013
                    ],
                    [
                        -86.6358405,
                        38.4065259
                    ],
                    [
                        -86.6349178,
                        38.4063073
                    ],
                    [
                        -86.6343492,
                        38.4063073
                    ],
                    [
                        -86.6335874,
                        38.4061728
                    ],
                    [
                        -86.6331368,
                        38.4060299
                    ],
                    [
                        -86.6327077,
                        38.4057945
                    ],
                    [
                        -86.6325939,
                        38.4055225
                    ],
                    [
                        -86.6327656,
                        38.4051358
                    ],
                    [
                        -86.6330016,
                        38.404707
                    ],
                    [
                        -86.6330124,
                        38.4044295
                    ],
                    [
                        -86.632772,
                        38.4044241
                    ],
                    [
                        -86.6326154,
                        38.4045893
                    ],
                    [
                        -86.6323643,
                        38.4048024
                    ],
                    [
                        -86.6319287,
                        38.4048835
                    ],
                    [
                        -86.6313451,
                        38.4049621
                    ],
                    [
                        -86.6303516,
                        38.4050517
                    ],
                    [
                        -86.6291607,
                        38.4051189
                    ],
                    [
                        -86.6284054,
                        38.4051555
                    ],
                    [
                        -86.6278475,
                        38.4051471
                    ],
                    [
                        -86.6271609,
                        38.4051723
                    ],
                    [
                        -86.6265321,
                        38.4052787
                    ],
                    [
                        -86.6262103,
                        38.4053207
                    ],
                    [
                        -86.6259421,
                        38.4054216
                    ],
                    [
                        -86.6258023,
                        38.4055485
                    ],
                    [
                        -86.6257138,
                        38.4055788
                    ],
                    [
                        -86.6254845,
                        38.4056557
                    ],
                    [
                        -86.6253654,
                        38.4056349
                    ],
                    [
                        -86.6251856,
                        38.405638
                    ],
                    [
                        -86.6250475,
                        38.4056201
                    ],
                    [
                        -86.6249764,
                        38.4055823
                    ],
                    [
                        -86.6248152,
                        38.4054267
                    ],
                    [
                        -86.6245886,
                        38.4052627
                    ],
                    [
                        -86.6241302,
                        38.4051736
                    ],
                    [
                        -86.6238325,
                        38.405039
                    ],
                    [
                        -86.6235281,
                        38.4048247
                    ],
                    [
                        -86.6237426,
                        38.4044968
                    ],
                    [
                        -86.6239422,
                        38.4040541
                    ],
                    [
                        -86.6242576,
                        38.4038578
                    ],
                    [
                        -86.6251267,
                        38.4036981
                    ],
                    [
                        -86.6254807,
                        38.4035804
                    ],
                    [
                        -86.6255665,
                        38.4033197
                    ],
                    [
                        -86.6256417,
                        38.4031263
                    ],
                    [
                        -86.6258777,
                        38.4030591
                    ],
                    [
                        -86.6260493,
                        38.4031684
                    ],
                    [
                        -86.6263176,
                        38.403244
                    ],
                    [
                        -86.6266502,
                        38.4032188
                    ],
                    [
                        -86.6272832,
                        38.4031852
                    ],
                    [
                        -86.6275836,
                        38.4030675
                    ],
                    [
                        -86.6275728,
                        38.4028825
                    ],
                    [
                        -86.6274763,
                        38.4026303
                    ],
                    [
                        -86.6275514,
                        38.402378
                    ],
                    [
                        -86.6279805,
                        38.4023528
                    ],
                    [
                        -86.6283196,
                        38.402381
                    ],
                    [
                        -86.6285492,
                        38.4023444
                    ],
                    [
                        -86.6282981,
                        38.402011
                    ],
                    [
                        -86.6281737,
                        38.4016466
                    ],
                    [
                        -86.6283453,
                        38.4015625
                    ],
                    [
                        -86.6286307,
                        38.4014141
                    ],
                    [
                        -86.6284633,
                        38.401243
                    ],
                    [
                        -86.6281821,
                        38.4011001
                    ],
                    [
                        -86.628105,
                        38.4010609
                    ],
                    [
                        -86.6279977,
                        38.4009432
                    ],
                    [
                        -86.6282775,
                        38.4007919
                    ],
                    [
                        -86.6284163,
                        38.4007951
                    ],
                    [
                        -86.6285089,
                        38.4007636
                    ],
                    [
                        -86.628523,
                        38.4006781
                    ],
                    [
                        -86.6287617,
                        38.4005329
                    ],
                    [
                        -86.6288818,
                        38.4003938
                    ],
                    [
                        -86.6291714,
                        38.400192
                    ],
                    [
                        -86.6295684,
                        38.3999061
                    ],
                    [
                        -86.6296113,
                        38.3997632
                    ],
                    [
                        -86.6296113,
                        38.3995277
                    ],
                    [
                        -86.6297277,
                        38.3995038
                    ],
                    [
                        -86.6298431,
                        38.3994802
                    ],
                    [
                        -86.6302735,
                        38.3995559
                    ],
                    [
                        -86.6303247,
                        38.3994824
                    ],
                    [
                        -86.6300512,
                        38.3992418
                    ],
                    [
                        -86.6299611,
                        38.3990598
                    ],
                    [
                        -86.629665,
                        38.3988635
                    ],
                    [
                        -86.6294933,
                        38.3987289
                    ],
                    [
                        -86.6294182,
                        38.3984767
                    ],
                    [
                        -86.6297203,
                        38.3983254
                    ],
                    [
                        -86.6298044,
                        38.3982833
                    ],
                    [
                        -86.6302336,
                        38.3982581
                    ],
                    [
                        -86.630652,
                        38.3983001
                    ],
                    [
                        -86.6308881,
                        38.3983926
                    ],
                    [
                        -86.6311241,
                        38.3983842
                    ],
                    [
                        -86.6314524,
                        38.3984124
                    ],
                    [
                        -86.6316713,
                        38.3986365
                    ],
                    [
                        -86.6318751,
                        38.3988046
                    ],
                    [
                        -86.6319824,
                        38.3987037
                    ],
                    [
                        -86.6318923,
                        38.3983956
                    ],
                    [
                        -86.6317142,
                        38.3980479
                    ],
                    [
                        -86.631403,
                        38.3977704
                    ],
                    [
                        -86.6310383,
                        38.3975518
                    ],
                    [
                        -86.6309632,
                        38.3973332
                    ],
                    [
                        -86.6309632,
                        38.3972154
                    ],
                    [
                        -86.6311026,
                        38.3971314
                    ],
                    [
                        -86.6314352,
                        38.3970893
                    ],
                    [
                        -86.6319824,
                        38.397165
                    ],
                    [
                        -86.6322828,
                        38.3972743
                    ],
                    [
                        -86.6324652,
                        38.3973752
                    ],
                    [
                        -86.6326047,
                        38.3974004
                    ],
                    [
                        -86.6329759,
                        38.3974538
                    ],
                    [
                        -86.6334522,
                        38.3977115
                    ],
                    [
                        -86.6337634,
                        38.3978713
                    ],
                    [
                        -86.6340423,
                        38.3981404
                    ],
                    [
                        -86.6343642,
                        38.3983001
                    ],
                    [
                        -86.6347182,
                        38.3983169
                    ],
                    [
                        -86.6349972,
                        38.3982917
                    ],
                    [
                        -86.6353405,
                        38.3982497
                    ],
                    [
                        -86.6355508,
                        38.3981349
                    ],
                    [
                        -86.6356838,
                        38.3981656
                    ],
                    [
                        -86.6358877,
                        38.3984094
                    ],
                    [
                        -86.6360594,
                        38.3986449
                    ],
                    [
                        -86.6362804,
                        38.3987319
                    ],
                    [
                        -86.6364778,
                        38.3986365
                    ],
                    [
                        -86.6364885,
                        38.3984347
                    ],
                    [
                        -86.6365636,
                        38.3981992
                    ],
                    [
                        -86.6366173,
                        38.3978713
                    ],
                    [
                        -86.6367996,
                        38.3977704
                    ],
                    [
                        -86.6372138,
                        38.397807
                    ],
                    [
                        -86.6374863,
                        38.3977536
                    ],
                    [
                        -86.637894,
                        38.3975266
                    ],
                    [
                        -86.6380764,
                        38.3972911
                    ],
                    [
                        -86.6383832,
                        38.396882
                    ],
                    [
                        -86.638645,
                        38.3966353
                    ],
                    [
                        -86.638763,
                        38.3966437
                    ],
                    [
                        -86.6389197,
                        38.3968148
                    ],
                    [
                        -86.6389948,
                        38.3969409
                    ],
                    [
                        -86.6390849,
                        38.3970977
                    ],
                    [
                        -86.639278,
                        38.3970809
                    ],
                    [
                        -86.6396063,
                        38.3971091
                    ],
                    [
                        -86.6397393,
                        38.3973752
                    ],
                    [
                        -86.639911,
                        38.3973584
                    ],
                    [
                        -86.6399217,
                        38.3970641
                    ],
                    [
                        -86.640029,
                        38.3968707
                    ],
                    [
                        -86.6401578,
                        38.3966353
                    ],
                    [
                        -86.640308,
                        38.3963494
                    ],
                    [
                        -86.6404646,
                        38.3960328
                    ],
                    [
                        -86.6407586,
                        38.3958112
                    ],
                    [
                        -86.6410912,
                        38.3959121
                    ],
                    [
                        -86.641295,
                        38.3959626
                    ],
                    [
                        -86.6414667,
                        38.3961139
                    ],
                    [
                        -86.6416062,
                        38.3961307
                    ],
                    [
                        -86.6418744,
                        38.3959542
                    ],
                    [
                        -86.6421426,
                        38.3960046
                    ],
                    [
                        -86.6424173,
                        38.3960916
                    ],
                    [
                        -86.6425074,
                        38.3962232
                    ],
                    [
                        -86.6426254,
                        38.3964419
                    ],
                    [
                        -86.6427005,
                        38.396341
                    ],
                    [
                        -86.6428936,
                        38.3963494
                    ],
                    [
                        -86.6431297,
                        38.3965512
                    ],
                    [
                        -86.6434622,
                        38.3965344
                    ],
                    [
                        -86.6438699,
                        38.3965848
                    ],
                    [
                        -86.644739,
                        38.3967446
                    ],
                    [
                        -86.645357,
                        38.3968316
                    ],
                    [
                        -86.6460758,
                        38.396655
                    ],
                    [
                        -86.646344,
                        38.3964196
                    ],
                    [
                        -86.6462088,
                        38.3962401
                    ],
                    [
                        -86.6456468,
                        38.3963534
                    ],
                    [
                        -86.6450716,
                        38.3962989
                    ],
                    [
                        -86.6441274,
                        38.3960803
                    ],
                    [
                        -86.6435052,
                        38.3957944
                    ],
                    [
                        -86.642443,
                        38.3949788
                    ],
                    [
                        -86.6422713,
                        38.3948022
                    ],
                    [
                        -86.6422928,
                        38.3945331
                    ],
                    [
                        -86.6419602,
                        38.3943397
                    ],
                    [
                        -86.6417027,
                        38.3943649
                    ],
                    [
                        -86.6416662,
                        38.3945613
                    ],
                    [
                        -86.64128,
                        38.3945949
                    ],
                    [
                        -86.6408551,
                        38.3945499
                    ],
                    [
                        -86.6405719,
                        38.3945024
                    ],
                    [
                        -86.6402651,
                        38.3944658
                    ],
                    [
                        -86.6401106,
                        38.3944856
                    ],
                    [
                        -86.6399968,
                        38.394367
                    ],
                    [
                        -86.6396524,
                        38.3941089
                    ],
                    [
                        -86.639102,
                        38.3939222
                    ],
                    [
                        -86.6388703,
                        38.3937595
                    ],
                    [
                        -86.6389518,
                        38.3935858
                    ],
                    [
                        -86.6392995,
                        38.3934988
                    ],
                    [
                        -86.6396964,
                        38.3932886
                    ],
                    [
                        -86.6401041,
                        38.3930363
                    ],
                    [
                        -86.6403187,
                        38.3928681
                    ],
                    [
                        -86.640308,
                        38.3926327
                    ],
                    [
                        -86.6404646,
                        38.3922825
                    ],
                    [
                        -86.640426,
                        38.3920777
                    ],
                    [
                        -86.6402007,
                        38.3919432
                    ],
                    [
                        -86.6400033,
                        38.3921227
                    ],
                    [
                        -86.639778,
                        38.3923413
                    ],
                    [
                        -86.639263,
                        38.3925347
                    ],
                    [
                        -86.6389304,
                        38.392602
                    ],
                    [
                        -86.6385871,
                        38.3926356
                    ],
                    [
                        -86.6383446,
                        38.392742
                    ],
                    [
                        -86.6383339,
                        38.3926159
                    ],
                    [
                        -86.6383661,
                        38.3922795
                    ],
                    [
                        -86.638409,
                        38.3919263
                    ],
                    [
                        -86.638645,
                        38.3917413
                    ],
                    [
                        -86.6386665,
                        38.3912452
                    ],
                    [
                        -86.6385978,
                        38.3905838
                    ],
                    [
                        -86.6382867,
                        38.3895915
                    ],
                    [
                        -86.6380335,
                        38.3896559
                    ],
                    [
                        -86.637879,
                        38.3900036
                    ],
                    [
                        -86.637894,
                        38.3902866
                    ],
                    [
                        -86.6377717,
                        38.3908529
                    ],
                    [
                        -86.6377974,
                        38.391262
                    ],
                    [
                        -86.6376579,
                        38.3916068
                    ],
                    [
                        -86.6374391,
                        38.3919629
                    ],
                    [
                        -86.6371279,
                        38.3922068
                    ],
                    [
                        -86.6369391,
                        38.3923972
                    ],
                    [
                        -86.6368533,
                        38.3926243
                    ],
                    [
                        -86.636613,
                        38.3930477
                    ],
                    [
                        -86.6364563,
                        38.3934063
                    ],
                    [
                        -86.6362374,
                        38.3935606
                    ],
                    [
                        -86.63598,
                        38.393527
                    ],
                    [
                        -86.6357697,
                        38.3933895
                    ],
                    [
                        -86.6352933,
                        38.3931738
                    ],
                    [
                        -86.6348963,
                        38.3929552
                    ],
                    [
                        -86.6345852,
                        38.3928206
                    ],
                    [
                        -86.634317,
                        38.3928627
                    ],
                    [
                        -86.6337913,
                        38.3928795
                    ],
                    [
                        -86.6333085,
                        38.3927365
                    ],
                    [
                        -86.632772,
                        38.3925179
                    ],
                    [
                        -86.6325789,
                        38.3923161
                    ],
                    [
                        -86.6323536,
                        38.3923581
                    ],
                    [
                        -86.6319717,
                        38.3924309
                    ],
                    [
                        -86.6313129,
                        38.39219
                    ],
                    [
                        -86.6310704,
                        38.3918254
                    ],
                    [
                        -86.6309803,
                        38.3913659
                    ],
                    [
                        -86.6308988,
                        38.3906229
                    ],
                    [
                        -86.6309267,
                        38.3899195
                    ],
                    [
                        -86.6307765,
                        38.3894486
                    ],
                    [
                        -86.6306413,
                        38.3893447
                    ],
                    [
                        -86.6305726,
                        38.3895074
                    ],
                    [
                        -86.6305018,
                        38.3898072
                    ],
                    [
                        -86.6302722,
                        38.3902306
                    ],
                    [
                        -86.6300898,
                        38.3906175
                    ],
                    [
                        -86.6297508,
                        38.3910266
                    ],
                    [
                        -86.6292251,
                        38.3914975
                    ],
                    [
                        -86.6287101,
                        38.3918002
                    ],
                    [
                        -86.6282874,
                        38.3918031
                    ],
                    [
                        -86.6278153,
                        38.3918284
                    ],
                    [
                        -86.6272681,
                        38.3919209
                    ],
                    [
                        -86.6261996,
                        38.3919936
                    ],
                    [
                        -86.62547,
                        38.3919852
                    ],
                    [
                        -86.6248692,
                        38.3920188
                    ],
                    [
                        -86.6243177,
                        38.3920722
                    ],
                    [
                        -86.6233671,
                        38.3923216
                    ],
                    [
                        -86.6229552,
                        38.3922993
                    ],
                    [
                        -86.6223973,
                        38.3923581
                    ],
                    [
                        -86.6219145,
                        38.3923918
                    ],
                    [
                        -86.6215754,
                        38.3925402
                    ],
                    [
                        -86.6207386,
                        38.3925991
                    ],
                    [
                        -86.6203631,
                        38.392557
                    ],
                    [
                        -86.6199876,
                        38.3924141
                    ],
                    [
                        -86.6194576,
                        38.3919966
                    ],
                    [
                        -86.619258,
                        38.3915395
                    ],
                    [
                        -86.6191829,
                        38.3911527
                    ],
                    [
                        -86.6192473,
                        38.3908752
                    ],
                    [
                        -86.6191292,
                        38.3905725
                    ],
                    [
                        -86.618846,
                        38.3899868
                    ],
                    [
                        -86.6187967,
                        38.3896054
                    ],
                    [
                        -86.6189533,
                        38.3890533
                    ],
                    [
                        -86.6191722,
                        38.3886383
                    ],
                    [
                        -86.6194726,
                        38.3884113
                    ],
                    [
                        -86.6198803,
                        38.3882263
                    ],
                    [
                        -86.6204489,
                        38.3880917
                    ],
                    [
                        -86.6209961,
                        38.3879067
                    ],
                    [
                        -86.6212106,
                        38.387789
                    ],
                    [
                        -86.6211463,
                        38.3877049
                    ],
                    [
                        -86.6205455,
                        38.3877133
                    ],
                    [
                        -86.6197408,
                        38.3877469
                    ],
                    [
                        -86.6191078,
                        38.3877385
                    ],
                    [
                        -86.6188675,
                        38.3877078
                    ],
                    [
                        -86.6186851,
                        38.3875564
                    ],
                    [
                        -86.6185284,
                        38.387091
                    ],
                    [
                        -86.6184211,
                        38.3863341
                    ],
                    [
                        -86.6184533,
                        38.3858968
                    ],
                    [
                        -86.6185671,
                        38.3856306
                    ],
                    [
                        -86.6187108,
                        38.3854763
                    ],
                    [
                        -86.6186894,
                        38.3853502
                    ],
                    [
                        -86.6186465,
                        38.3845596
                    ],
                    [
                        -86.6185928,
                        38.3835168
                    ],
                    [
                        -86.6188288,
                        38.3828608
                    ],
                    [
                        -86.618861,
                        38.3826337
                    ],
                    [
                        -86.6189361,
                        38.3824067
                    ],
                    [
                        -86.6192043,
                        38.3822216
                    ],
                    [
                        -86.6196335,
                        38.3820366
                    ],
                    [
                        -86.6199232,
                        38.3819105
                    ],
                    [
                        -86.6202129,
                        38.3819105
                    ],
                    [
                        -86.6205412,
                        38.3819218
                    ],
                    [
                        -86.6207557,
                        38.3817872
                    ],
                    [
                        -86.6204811,
                        38.3816581
                    ],
                    [
                        -86.6205884,
                        38.3816077
                    ],
                    [
                        -86.6208995,
                        38.3816413
                    ],
                    [
                        -86.6211677,
                        38.3815656
                    ],
                    [
                        -86.6216291,
                        38.3815656
                    ],
                    [
                        -86.6223801,
                        38.3812545
                    ],
                    [
                        -86.622762,
                        38.3811144
                    ],
                    [
                        -86.6226054,
                        38.3808928
                    ],
                    [
                        -86.6220582,
                        38.3808003
                    ],
                    [
                        -86.6213287,
                        38.3807751
                    ],
                    [
                        -86.620642,
                        38.3807498
                    ],
                    [
                        -86.6201807,
                        38.3809265
                    ],
                    [
                        -86.6193867,
                        38.3810358
                    ],
                    [
                        -86.6189469,
                        38.3811704
                    ],
                    [
                        -86.6185456,
                        38.3812406
                    ],
                    [
                        -86.6182066,
                        38.3810947
                    ],
                    [
                        -86.6179062,
                        38.3808255
                    ],
                    [
                        -86.6177624,
                        38.38045
                    ],
                    [
                        -86.6176916,
                        38.3799677
                    ],
                    [
                        -86.617992,
                        38.3792612
                    ],
                    [
                        -86.6182602,
                        38.3788827
                    ],
                    [
                        -86.6187709,
                        38.3787259
                    ],
                    [
                        -86.6195369,
                        38.3785715
                    ],
                    [
                        -86.6201442,
                        38.3782717
                    ],
                    [
                        -86.6207171,
                        38.3779912
                    ],
                    [
                        -86.6207987,
                        38.3778175
                    ],
                    [
                        -86.6206849,
                        38.3775875
                    ],
                    [
                        -86.6203373,
                        38.3774811
                    ],
                    [
                        -86.6196936,
                        38.3774895
                    ],
                    [
                        -86.6191614,
                        38.3775202
                    ],
                    [
                        -86.6185778,
                        38.377582
                    ],
                    [
                        -86.6182666,
                        38.3775988
                    ],
                    [
                        -86.6179662,
                        38.3776072
                    ],
                    [
                        -86.6178954,
                        38.3774781
                    ],
                    [
                        -86.6179555,
                        38.377254
                    ],
                    [
                        -86.6181315,
                        38.3770071
                    ],
                    [
                        -86.6181744,
                        38.3764604
                    ],
                    [
                        -86.6182388,
                        38.3760819
                    ],
                    [
                        -86.618228,
                        38.3757371
                    ],
                    [
                        -86.6183418,
                        38.3754961
                    ],
                    [
                        -86.6183139,
                        38.375325
                    ],
                    [
                        -86.6184319,
                        38.3750137
                    ],
                    [
                        -86.6184211,
                        38.3742904
                    ],
                    [
                        -86.6185606,
                        38.3739287
                    ],
                    [
                        -86.6187645,
                        38.3738614
                    ],
                    [
                        -86.6188675,
                        38.3737634
                    ],
                    [
                        -86.6187537,
                        38.3736511
                    ],
                    [
                        -86.618625,
                        38.3734829
                    ],
                    [
                        -86.618728,
                        38.3731999
                    ],
                    [
                        -86.6189533,
                        38.373141
                    ],
                    [
                        -86.6192687,
                        38.3731801
                    ],
                    [
                        -86.6194146,
                        38.3731831
                    ],
                    [
                        -86.6193717,
                        38.3730485
                    ],
                    [
                        -86.6191035,
                        38.3728803
                    ],
                    [
                        -86.6189039,
                        38.3727427
                    ],
                    [
                        -86.6189147,
                        38.3724567
                    ],
                    [
                        -86.6189898,
                        38.3719184
                    ],
                    [
                        -86.6191507,
                        38.371624
                    ],
                    [
                        -86.6195477,
                        38.3714894
                    ],
                    [
                        -86.6197837,
                        38.3714474
                    ],
                    [
                        -86.6198052,
                        38.3713128
                    ],
                    [
                        -86.6201657,
                        38.3709456
                    ],
                    [
                        -86.6201485,
                        38.3707324
                    ],
                    [
                        -86.6196442,
                        38.3703202
                    ],
                    [
                        -86.618964,
                        38.3697764
                    ],
                    [
                        -86.6187709,
                        38.3697007
                    ],
                    [
                        -86.61861,
                        38.3698269
                    ],
                    [
                        -86.6183096,
                        38.3700708
                    ],
                    [
                        -86.6180027,
                        38.3702529
                    ],
                    [
                        -86.6178482,
                        38.3702559
                    ],
                    [
                        -86.6176487,
                        38.3700763
                    ],
                    [
                        -86.6176122,
                        38.3699867
                    ],
                    [
                        -86.6179233,
                        38.3697764
                    ],
                    [
                        -86.6185392,
                        38.3692856
                    ],
                    [
                        -86.6193867,
                        38.3682257
                    ],
                    [
                        -86.6192752,
                        38.3681277
                    ],
                    [
                        -86.619125,
                        38.3679847
                    ],
                    [
                        -86.6188396,
                        38.3677294
                    ],
                    [
                        -86.6185392,
                        38.3677294
                    ],
                    [
                        -86.6185821,
                        38.367536
                    ],
                    [
                        -86.6185778,
                        38.3672192
                    ],
                    [
                        -86.6184641,
                        38.3670565
                    ],
                    [
                        -86.6183782,
                        38.3672079
                    ],
                    [
                        -86.6183782,
                        38.3674014
                    ],
                    [
                        -86.6182237,
                        38.3675978
                    ],
                    [
                        -86.6180735,
                        38.3673707
                    ],
                    [
                        -86.6178525,
                        38.367149
                    ],
                    [
                        -86.6175414,
                        38.3668798
                    ],
                    [
                        -86.617359,
                        38.3669724
                    ],
                    [
                        -86.6170865,
                        38.3674211
                    ],
                    [
                        -86.6168011,
                        38.3678051
                    ],
                    [
                        -86.616711,
                        38.3681193
                    ],
                    [
                        -86.6166938,
                        38.3686968
                    ],
                    [
                        -86.6162646,
                        38.3692351
                    ],
                    [
                        -86.6159385,
                        38.3698101
                    ],
                    [
                        -86.615799,
                        38.3702475
                    ],
                    [
                        -86.6159492,
                        38.3706092
                    ],
                    [
                        -86.6160994,
                        38.3709288
                    ],
                    [
                        -86.6162861,
                        38.3708754
                    ],
                    [
                        -86.6167045,
                        38.370581
                    ],
                    [
                        -86.617241,
                        38.3702025
                    ],
                    [
                        -86.6174448,
                        38.370152
                    ],
                    [
                        -86.6176487,
                        38.3703371
                    ],
                    [
                        -86.6176916,
                        38.3704212
                    ],
                    [
                        -86.6175585,
                        38.3705335
                    ],
                    [
                        -86.6161209,
                        38.3713999
                    ],
                    [
                        -86.616093,
                        38.3715483
                    ],
                    [
                        -86.6160393,
                        38.3718848
                    ],
                    [
                        -86.6159707,
                        38.3721485
                    ],
                    [
                        -86.6160672,
                        38.3723419
                    ],
                    [
                        -86.6161209,
                        38.3726447
                    ],
                    [
                        -86.6159814,
                        38.3726363
                    ],
                    [
                        -86.6156274,
                        38.3726195
                    ],
                    [
                        -86.615284,
                        38.3726868
                    ],
                    [
                        -86.6150051,
                        38.3727877
                    ],
                    [
                        -86.6146939,
                        38.3727541
                    ],
                    [
                        -86.6145223,
                        38.372712
                    ],
                    [
                        -86.614591,
                        38.3728437
                    ],
                    [
                        -86.6146081,
                        38.3730737
                    ],
                    [
                        -86.6148163,
                        38.3733063
                    ],
                    [
                        -86.6148806,
                        38.3736007
                    ],
                    [
                        -86.614827,
                        38.373996
                    ],
                    [
                        -86.6146339,
                        38.3742904
                    ],
                    [
                        -86.6147412,
                        38.374467
                    ],
                    [
                        -86.614827,
                        38.3747866
                    ],
                    [
                        -86.6147476,
                        38.3749746
                    ],
                    [
                        -86.6145759,
                        38.3749578
                    ],
                    [
                        -86.6141833,
                        38.374896
                    ],
                    [
                        -86.6138828,
                        38.3750053
                    ],
                    [
                        -86.6138828,
                        38.3751736
                    ],
                    [
                        -86.6143614,
                        38.3756055
                    ],
                    [
                        -86.6148656,
                        38.376211
                    ],
                    [
                        -86.6151274,
                        38.3767212
                    ],
                    [
                        -86.6151167,
                        38.3773267
                    ],
                    [
                        -86.615063,
                        38.3779575
                    ],
                    [
                        -86.6148592,
                        38.3784958
                    ],
                    [
                        -86.6148055,
                        38.3789164
                    ],
                    [
                        -86.6147798,
                        38.3792389
                    ],
                    [
                        -86.6144901,
                        38.3793062
                    ],
                    [
                        -86.6144086,
                        38.379463
                    ],
                    [
                        -86.6147733,
                        38.3797574
                    ],
                    [
                        -86.6148377,
                        38.3801863
                    ],
                    [
                        -86.6149343,
                        38.3807498
                    ],
                    [
                        -86.614945,
                        38.3811115
                    ],
                    [
                        -86.6152776,
                        38.3816497
                    ],
                    [
                        -86.6153742,
                        38.3823478
                    ],
                    [
                        -86.6155201,
                        38.3827208
                    ],
                    [
                        -86.6155308,
                        38.3832927
                    ],
                    [
                        -86.6154235,
                        38.3838057
                    ],
                    [
                        -86.615063,
                        38.3843157
                    ],
                    [
                        -86.6148656,
                        38.3845626
                    ],
                    [
                        -86.6150737,
                        38.3848203
                    ],
                    [
                        -86.6152411,
                        38.3853783
                    ],
                    [
                        -86.6153527,
                        38.3859472
                    ],
                    [
                        -86.6154063,
                        38.3864855
                    ],
                    [
                        -86.6152626,
                        38.387178
                    ],
                    [
                        -86.615166,
                        38.3877583
                    ],
                    [
                        -86.6149557,
                        38.3881422
                    ],
                    [
                        -86.6145158,
                        38.3882599
                    ],
                    [
                        -86.6142111,
                        38.388431
                    ],
                    [
                        -86.6144515,
                        38.3885374
                    ],
                    [
                        -86.6147519,
                        38.3886467
                    ],
                    [
                        -86.6146768,
                        38.3889999
                    ],
                    [
                        -86.6146188,
                        38.389499
                    ],
                    [
                        -86.6143656,
                        38.39011
                    ],
                    [
                        -86.6142584,
                        38.3903627
                    ],
                    [
                        -86.6134,
                        38.3903963
                    ],
                    [
                        -86.6124559,
                        38.3902113
                    ],
                    [
                        -86.6115976,
                        38.3898413
                    ],
                    [
                        -86.6115761,
                        38.3899422
                    ],
                    [
                        -86.6117907,
                        38.3901608
                    ],
                    [
                        -86.6128851,
                        38.3907999
                    ],
                    [
                        -86.6136575,
                        38.3912372
                    ],
                    [
                        -86.6143871,
                        38.3916913
                    ],
                    [
                        -86.6144729,
                        38.3922127
                    ],
                    [
                        -86.6145588,
                        38.3926667
                    ],
                    [
                        -86.6147948,
                        38.3926836
                    ],
                    [
                        -86.6150737,
                        38.3930872
                    ],
                    [
                        -86.6150308,
                        38.3935245
                    ],
                    [
                        -86.6148806,
                        38.3940963
                    ],
                    [
                        -86.6150094,
                        38.3951389
                    ],
                    [
                        -86.6150952,
                        38.3957444
                    ],
                    [
                        -86.6156746,
                        38.3958116
                    ],
                    [
                        -86.6160887,
                        38.3958058
                    ],
                    [
                        -86.6159964,
                        38.3960134
                    ],
                    [
                        -86.6154814,
                        38.3962657
                    ],
                    [
                        -86.6152454,
                        38.396787
                    ],
                    [
                        -86.6152883,
                        38.3975774
                    ],
                    [
                        -86.6155244,
                        38.3985528
                    ],
                    [
                        -86.6156102,
                        38.3994945
                    ],
                    [
                        -86.6155279,
                        38.3996303
                    ],
                    [
                        -86.6151905,
                        38.3996589
                    ],
                    [
                        -86.6150523,
                        38.3995786
                    ],
                    [
                        -86.6147304,
                        38.3972411
                    ],
                    [
                        -86.6145373,
                        38.3972579
                    ],
                    [
                        -86.6142798,
                        38.3973924
                    ],
                    [
                        -86.6142798,
                        38.3976111
                    ],
                    [
                        -86.6141725,
                        38.3979138
                    ],
                    [
                        -86.6138292,
                        38.3978633
                    ],
                    [
                        -86.6137005,
                        38.3980483
                    ],
                    [
                        -86.6136575,
                        38.3982837
                    ],
                    [
                        -86.6134644,
                        38.398721
                    ],
                    [
                        -86.6132928,
                        38.3989564
                    ],
                    [
                        -86.6128967,
                        38.3989774
                    ],
                    [
                        -86.6125743,
                        38.3988803
                    ],
                    [
                        -86.6121988,
                        38.398628
                    ],
                    [
                        -86.6121559,
                        38.3983253
                    ],
                    [
                        -86.6119949,
                        38.398401
                    ],
                    [
                        -86.6117696,
                        38.3984262
                    ],
                    [
                        -86.6115878,
                        38.3986579
                    ],
                    [
                        -86.6113195,
                        38.3989858
                    ],
                    [
                        -86.6111152,
                        38.3990316
                    ],
                    [
                        -86.6108899,
                        38.3986449
                    ],
                    [
                        -86.6108255,
                        38.3980311
                    ],
                    [
                        -86.6107826,
                        38.3978124
                    ],
                    [
                        -86.6103534,
                        38.3973668
                    ],
                    [
                        -86.6102139,
                        38.396753
                    ],
                    [
                        -86.6101174,
                        38.3959373
                    ],
                    [
                        -86.6099672,
                        38.3953235
                    ],
                    [
                        -86.6094844,
                        38.3945499
                    ],
                    [
                        -86.6086153,
                        38.3938099
                    ],
                    [
                        -86.6075103,
                        38.393154
                    ],
                    [
                        -86.6058366,
                        38.3924645
                    ],
                    [
                        -86.6049032,
                        38.3920357
                    ],
                    [
                        -86.6039161,
                        38.3918507
                    ],
                    [
                        -86.602972,
                        38.3917077
                    ],
                    [
                        -86.6025965,
                        38.3916993
                    ],
                    [
                        -86.6026072,
                        38.3914638
                    ],
                    [
                        -86.6027359,
                        38.3909593
                    ],
                    [
                        -86.6029291,
                        38.3908332
                    ],
                    [
                        -86.6026823,
                        38.3905304
                    ],
                    [
                        -86.6015558,
                        38.3896306
                    ],
                    [
                        -86.6009871,
                        38.3892522
                    ],
                    [
                        -86.5997641,
                        38.3883608
                    ],
                    [
                        -86.5992491,
                        38.3875619
                    ],
                    [
                        -86.5988736,
                        38.3867798
                    ],
                    [
                        -86.5987663,
                        38.3861575
                    ],
                    [
                        -86.5988092,
                        38.3858295
                    ],
                    [
                        -86.5989594,
                        38.3855268
                    ],
                    [
                        -86.5990238,
                        38.385367
                    ],
                    [
                        -86.5987341,
                        38.3852072
                    ],
                    [
                        -86.5981011,
                        38.3849465
                    ],
                    [
                        -86.5977363,
                        38.3844671
                    ],
                    [
                        -86.5974466,
                        38.3839878
                    ],
                    [
                        -86.5974037,
                        38.3835504
                    ],
                    [
                        -86.5975003,
                        38.3832308
                    ],
                    [
                        -86.597908,
                        38.3829449
                    ],
                    [
                        -86.5985732,
                        38.3826421
                    ],
                    [
                        -86.5989379,
                        38.3825076
                    ],
                    [
                        -86.5991311,
                        38.3822973
                    ],
                    [
                        -86.5989701,
                        38.3821291
                    ],
                    [
                        -86.5985624,
                        38.3821628
                    ],
                    [
                        -86.5976403,
                        38.3823861
                    ],
                    [
                        -86.596782,
                        38.3826552
                    ],
                    [
                        -86.595966,
                        38.3828272
                    ],
                    [
                        -86.5958588,
                        38.3827094
                    ],
                    [
                        -86.5956871,
                        38.3823562
                    ],
                    [
                        -86.5957944,
                        38.3819693
                    ],
                    [
                        -86.5960411,
                        38.3815656
                    ],
                    [
                        -86.596009,
                        38.3814815
                    ],
                    [
                        -86.59573,
                        38.381675
                    ],
                    [
                        -86.5952156,
                        38.3819487
                    ],
                    [
                        -86.5951077,
                        38.3819693
                    ],
                    [
                        -86.5949581,
                        38.3818899
                    ],
                    [
                        -86.5946464,
                        38.3816077
                    ],
                    [
                        -86.5940992,
                        38.3812376
                    ],
                    [
                        -86.5937023,
                        38.3810442
                    ],
                    [
                        -86.5931229,
                        38.3808592
                    ],
                    [
                        -86.5925435,
                        38.3807751
                    ],
                    [
                        -86.5925972,
                        38.3806405
                    ],
                    [
                        -86.5926616,
                        38.3804891
                    ],
                    [
                        -86.5925543,
                        38.3804302
                    ],
                    [
                        -86.5923397,
                        38.3804555
                    ],
                    [
                        -86.592168,
                        38.3805143
                    ],
                    [
                        -86.5919642,
                        38.3804471
                    ],
                    [
                        -86.5917603,
                        38.3802704
                    ],
                    [
                        -86.5915136,
                        38.3796985
                    ],
                    [
                        -86.5913419,
                        38.3791519
                    ],
                    [
                        -86.5909771,
                        38.378479
                    ],
                    [
                        -86.5909235,
                        38.3780501
                    ],
                    [
                        -86.5910415,
                        38.3777557
                    ],
                    [
                        -86.5912883,
                        38.3776127
                    ],
                    [
                        -86.5915458,
                        38.3776632
                    ],
                    [
                        -86.5918891,
                        38.3777557
                    ],
                    [
                        -86.5920822,
                        38.3777473
                    ],
                    [
                        -86.5920071,
                        38.3776379
                    ],
                    [
                        -86.5918784,
                        38.3775034
                    ],
                    [
                        -86.5919642,
                        38.3773267
                    ],
                    [
                        -86.5927903,
                        38.3768641
                    ],
                    [
                        -86.5933911,
                        38.3766202
                    ],
                    [
                        -86.593713,
                        38.3764772
                    ],
                    [
                        -86.594067,
                        38.376166
                    ],
                    [
                        -86.5943353,
                        38.3758801
                    ],
                    [
                        -86.5939812,
                        38.3758885
                    ],
                    [
                        -86.5936384,
                        38.3761202
                    ],
                    [
                        -86.5928976,
                        38.3762922
                    ],
                    [
                        -86.5919642,
                        38.3766371
                    ],
                    [
                        -86.5913419,
                        38.3768473
                    ],
                    [
                        -86.5908591,
                        38.376923
                    ],
                    [
                        -86.5906553,
                        38.3769062
                    ],
                    [
                        -86.5905587,
                        38.3768305
                    ],
                    [
                        -86.5905265,
                        38.3766791
                    ],
                    [
                        -86.5903549,
                        38.3756698
                    ],
                    [
                        -86.59043,
                        38.3747951
                    ],
                    [
                        -86.5905587,
                        38.3740381
                    ],
                    [
                        -86.5906231,
                        38.3734409
                    ],
                    [
                        -86.5911703,
                        38.3718511
                    ],
                    [
                        -86.5915458,
                        38.3708249
                    ],
                    [
                        -86.5918247,
                        38.3702614
                    ],
                    [
                        -86.5919105,
                        38.3699585
                    ],
                    [
                        -86.5920822,
                        38.369824
                    ],
                    [
                        -86.5922646,
                        38.3697651
                    ],
                    [
                        -86.5925435,
                        38.3697987
                    ],
                    [
                        -86.5927045,
                        38.3697735
                    ],
                    [
                        -86.5927903,
                        38.3697398
                    ],
                    [
                        -86.5926723,
                        38.3696473
                    ],
                    [
                        -86.592447,
                        38.369395
                    ],
                    [
                        -86.5924684,
                        38.3691678
                    ],
                    [
                        -86.5925972,
                        38.3689323
                    ],
                    [
                        -86.5928225,
                        38.3686716
                    ],
                    [
                        -86.5929191,
                        38.3684444
                    ],
                    [
                        -86.5929727,
                        38.3681668
                    ],
                    [
                        -86.5931229,
                        38.3680575
                    ],
                    [
                        -86.5935521,
                        38.3679734
                    ],
                    [
                        -86.5938632,
                        38.3680238
                    ],
                    [
                        -86.5944318,
                        38.36815
                    ],
                    [
                        -86.5948395,
                        38.3682257
                    ],
                    [
                        -86.5950541,
                        38.3680996
                    ],
                    [
                        -86.5950756,
                        38.3679397
                    ],
                    [
                        -86.5948395,
                        38.3677547
                    ],
                    [
                        -86.5942494,
                        38.3674182
                    ],
                    [
                        -86.5935413,
                        38.3672752
                    ],
                    [
                        -86.5931444,
                        38.367149
                    ],
                    [
                        -86.5929298,
                        38.3669892
                    ],
                    [
                        -86.5927045,
                        38.3667536
                    ],
                    [
                        -86.5927474,
                        38.3663919
                    ],
                    [
                        -86.5929942,
                        38.3657442
                    ],
                    [
                        -86.5930693,
                        38.3655423
                    ],
                    [
                        -86.5929727,
                        38.3653825
                    ],
                    [
                        -86.5928654,
                        38.3652058
                    ],
                    [
                        -86.5928976,
                        38.3649282
                    ],
                    [
                        -86.5930371,
                        38.3645413
                    ],
                    [
                        -86.5931229,
                        38.3643898
                    ],
                    [
                        -86.5931658,
                        38.3641206
                    ],
                    [
                        -86.5933053,
                        38.3639272
                    ],
                    [
                        -86.5933482,
                        38.3637169
                    ],
                    [
                        -86.593316,
                        38.3635402
                    ],
                    [
                        -86.5931229,
                        38.3634393
                    ],
                    [
                        -86.5930478,
                        38.3633467
                    ],
                    [
                        -86.5931336,
                        38.3631701
                    ],
                    [
                        -86.5933589,
                        38.3630691
                    ],
                    [
                        -86.5935199,
                        38.3629934
                    ],
                    [
                        -86.593434,
                        38.3629177
                    ],
                    [
                        -86.5932087,
                        38.3628504
                    ],
                    [
                        -86.5928976,
                        38.3627915
                    ],
                    [
                        -86.5929512,
                        38.3624634
                    ],
                    [
                        -86.5930263,
                        38.362068
                    ],
                    [
                        -86.593198,
                        38.3618745
                    ],
                    [
                        -86.5934662,
                        38.3616474
                    ],
                    [
                        -86.5934555,
                        38.3614203
                    ],
                    [
                        -86.5932409,
                        38.3612352
                    ],
                    [
                        -86.5929083,
                        38.3611595
                    ],
                    [
                        -86.5925114,
                        38.3609912
                    ],
                    [
                        -86.592211,
                        38.360823
                    ],
                    [
                        -86.5921037,
                        38.3607052
                    ],
                    [
                        -86.5921359,
                        38.3606547
                    ],
                    [
                        -86.5922646,
                        38.3606463
                    ],
                    [
                        -86.592447,
                        38.3607472
                    ],
                    [
                        -86.5925865,
                        38.3608482
                    ],
                    [
                        -86.5928869,
                        38.3608818
                    ],
                    [
                        -86.5931765,
                        38.3608903
                    ],
                    [
                        -86.5932517,
                        38.3607809
                    ],
                    [
                        -86.5934877,
                        38.3606295
                    ],
                    [
                        -86.5938954,
                        38.3606715
                    ],
                    [
                        -86.5943245,
                        38.3607641
                    ],
                    [
                        -86.5945391,
                        38.360865
                    ],
                    [
                        -86.5945826,
                        38.3610127
                    ],
                    [
                        -86.5944753,
                        38.3613155
                    ],
                    [
                        -86.5941534,
                        38.3618371
                    ],
                    [
                        -86.5938959,
                        38.3623418
                    ],
                    [
                        -86.5938095,
                        38.362741
                    ],
                    [
                        -86.5938632,
                        38.3628924
                    ],
                    [
                        -86.5940885,
                        38.3629177
                    ],
                    [
                        -86.5942494,
                        38.3628083
                    ],
                    [
                        -86.5943889,
                        38.362455
                    ],
                    [
                        -86.5946464,
                        38.3622279
                    ],
                    [
                        -86.5947751,
                        38.3617736
                    ],
                    [
                        -86.5949468,
                        38.3612268
                    ],
                    [
                        -86.5950648,
                        38.3610669
                    ],
                    [
                        -86.5953438,
                        38.3609155
                    ],
                    [
                        -86.5955691,
                        38.3608566
                    ],
                    [
                        -86.5956013,
                        38.3607052
                    ],
                    [
                        -86.5954618,
                        38.3605706
                    ],
                    [
                        -86.5953867,
                        38.3604696
                    ],
                    [
                        -86.595494,
                        38.3603687
                    ],
                    [
                        -86.5956978,
                        38.3602845
                    ],
                    [
                        -86.5959339,
                        38.3603855
                    ],
                    [
                        -86.596245,
                        38.3604696
                    ],
                    [
                        -86.5969853,
                        38.360478
                    ],
                    [
                        -86.5971248,
                        38.3603434
                    ],
                    [
                        -86.5970711,
                        38.3601331
                    ],
                    [
                        -86.5969424,
                        38.3598134
                    ],
                    [
                        -86.5967171,
                        38.3597041
                    ],
                    [
                        -86.5963201,
                        38.3597882
                    ],
                    [
                        -86.5961377,
                        38.3597882
                    ],
                    [
                        -86.5959982,
                        38.3597293
                    ],
                    [
                        -86.5956549,
                        38.3597209
                    ],
                    [
                        -86.5950112,
                        38.3598807
                    ],
                    [
                        -86.594604,
                        38.3600115
                    ],
                    [
                        -86.5944533,
                        38.3598639
                    ],
                    [
                        -86.5944318,
                        38.3595863
                    ],
                    [
                        -86.5945928,
                        38.3588207
                    ],
                    [
                        -86.5947537,
                        38.3584337
                    ],
                    [
                        -86.5949361,
                        38.3581897
                    ],
                    [
                        -86.5951077,
                        38.358114
                    ],
                    [
                        -86.5951614,
                        38.3579626
                    ],
                    [
                        -86.5949897,
                        38.35787
                    ],
                    [
                        -86.5946786,
                        38.3576345
                    ],
                    [
                        -86.5944855,
                        38.3571297
                    ],
                    [
                        -86.5942923,
                        38.3560276
                    ],
                    [
                        -86.5943674,
                        38.3552872
                    ],
                    [
                        -86.5942602,
                        38.3546814
                    ],
                    [
                        -86.5941314,
                        38.3544122
                    ],
                    [
                        -86.5937988,
                        38.3533689
                    ],
                    [
                        -86.5935413,
                        38.3529819
                    ],
                    [
                        -86.5932517,
                        38.3528305
                    ],
                    [
                        -86.5928654,
                        38.3528894
                    ],
                    [
                        -86.5928761,
                        38.3531923
                    ],
                    [
                        -86.5930483,
                        38.3535166
                    ],
                    [
                        -86.59322,
                        38.35387
                    ],
                    [
                        -86.593338,
                        38.3540719
                    ],
                    [
                        -86.5934877,
                        38.3545973
                    ],
                    [
                        -86.5937452,
                        38.3553377
                    ],
                    [
                        -86.5936492,
                        38.3560574
                    ],
                    [
                        -86.5939168,
                        38.3570035
                    ],
                    [
                        -86.594067,
                        38.3576008
                    ],
                    [
                        -86.5942709,
                        38.358072
                    ],
                    [
                        -86.5941529,
                        38.3583496
                    ],
                    [
                        -86.593971,
                        38.3586318
                    ],
                    [
                        -86.5938417,
                        38.3585094
                    ],
                    [
                        -86.5937023,
                        38.3583243
                    ],
                    [
                        -86.5937881,
                        38.3581645
                    ],
                    [
                        -86.5939276,
                        38.3580383
                    ],
                    [
                        -86.5939168,
                        38.3578532
                    ],
                    [
                        -86.5936915,
                        38.3575504
                    ],
                    [
                        -86.5936057,
                        38.3572138
                    ],
                    [
                        -86.5934877,
                        38.3568437
                    ],
                    [
                        -86.5933375,
                        38.356566
                    ],
                    [
                        -86.5932946,
                        38.3563557
                    ],
                    [
                        -86.5930478,
                        38.3562379
                    ],
                    [
                        -86.5929518,
                        38.3563098
                    ],
                    [
                        -86.5928016,
                        38.3572269
                    ],
                    [
                        -86.5928123,
                        38.3575045
                    ],
                    [
                        -86.5930156,
                        38.3576513
                    ],
                    [
                        -86.59308,
                        38.3579542
                    ],
                    [
                        -86.5930269,
                        38.3580934
                    ],
                    [
                        -86.5926943,
                        38.3583795
                    ],
                    [
                        -86.5926406,
                        38.3586571
                    ],
                    [
                        -86.5927259,
                        38.3588123
                    ],
                    [
                        -86.5925865,
                        38.3590899
                    ],
                    [
                        -86.5923933,
                        38.3592077
                    ],
                    [
                        -86.5921788,
                        38.3598218
                    ],
                    [
                        -86.59219,
                        38.3600957
                    ],
                    [
                        -86.5922222,
                        38.3602639
                    ],
                    [
                        -86.5923724,
                        38.3603565
                    ],
                    [
                        -86.592447,
                        38.3604696
                    ],
                    [
                        -86.5923719,
                        38.3605453
                    ],
                    [
                        -86.5921144,
                        38.3604949
                    ],
                    [
                        -86.5919964,
                        38.3603434
                    ],
                    [
                        -86.5920393,
                        38.3598218
                    ],
                    [
                        -86.59205,
                        38.3592834
                    ],
                    [
                        -86.5920393,
                        38.3586861
                    ],
                    [
                        -86.5920929,
                        38.3579289
                    ],
                    [
                        -86.592211,
                        38.3573821
                    ],
                    [
                        -86.5921895,
                        38.3568605
                    ],
                    [
                        -86.5922431,
                        38.3565913
                    ],
                    [
                        -86.5925006,
                        38.3561285
                    ],
                    [
                        -86.5925006,
                        38.355792
                    ],
                    [
                        -86.592329,
                        38.355304
                    ],
                    [
                        -86.5922861,
                        38.3555312
                    ],
                    [
                        -86.5923719,
                        38.3560276
                    ],
                    [
                        -86.5922217,
                        38.3563473
                    ],
                    [
                        -86.5920398,
                        38.3569072
                    ],
                    [
                        -86.5920291,
                        38.3574961
                    ],
                    [
                        -86.5919213,
                        38.3581645
                    ],
                    [
                        -86.5918038,
                        38.359002
                    ],
                    [
                        -86.5917609,
                        38.3597592
                    ],
                    [
                        -86.5917925,
                        38.3604023
                    ],
                    [
                        -86.5917716,
                        38.3605416
                    ],
                    [
                        -86.5915994,
                        38.3605369
                    ],
                    [
                        -86.591417,
                        38.3604528
                    ],
                    [
                        -86.5911488,
                        38.360436
                    ],
                    [
                        -86.5907304,
                        38.3604528
                    ],
                    [
                        -86.5903763,
                        38.3605033
                    ],
                    [
                        -86.5901617,
                        38.3605958
                    ],
                    [
                        -86.5900866,
                        38.3604107
                    ],
                    [
                        -86.5900437,
                        38.3598976
                    ],
                    [
                        -86.5900652,
                        38.3588796
                    ],
                    [
                        -86.590269,
                        38.3580467
                    ],
                    [
                        -86.5904514,
                        38.3573484
                    ],
                    [
                        -86.5905694,
                        38.3566838
                    ],
                    [
                        -86.5906875,
                        38.356566
                    ],
                    [
                        -86.5909664,
                        38.3566081
                    ],
                    [
                        -86.5911273,
                        38.3565492
                    ],
                    [
                        -86.5912024,
                        38.3564482
                    ],
                    [
                        -86.5915136,
                        38.3564482
                    ],
                    [
                        -86.5917496,
                        38.3564398
                    ],
                    [
                        -86.5919749,
                        38.3563978
                    ],
                    [
                        -86.5920607,
                        38.3562884
                    ],
                    [
                        -86.5920071,
                        38.3561538
                    ],
                    [
                        -86.591718,
                        38.3557209
                    ],
                    [
                        -86.591696,
                        38.3553209
                    ],
                    [
                        -86.5914492,
                        38.3548076
                    ],
                    [
                        -86.5912132,
                        38.3546983
                    ],
                    [
                        -86.5908269,
                        38.3547235
                    ],
                    [
                        -86.5907089,
                        38.3549086
                    ],
                    [
                        -86.5906767,
                        38.3551358
                    ],
                    [
                        -86.5905378,
                        38.3551909
                    ],
                    [
                        -86.5904943,
                        38.3554134
                    ],
                    [
                        -86.5905807,
                        38.3556115
                    ],
                    [
                        -86.5906016,
                        38.3558425
                    ],
                    [
                        -86.5906773,
                        38.3560154
                    ],
                    [
                        -86.5903978,
                        38.3559182
                    ],
                    [
                        -86.5896575,
                        38.3554555
                    ],
                    [
                        -86.5892498,
                        38.3552115
                    ],
                    [
                        -86.5888421,
                        38.3549843
                    ],
                    [
                        -86.5885202,
                        38.3549002
                    ],
                    [
                        -86.5883062,
                        38.3550815
                    ],
                    [
                        -86.5883271,
                        38.3552536
                    ],
                    [
                        -86.5886919,
                        38.3554807
                    ],
                    [
                        -86.5892283,
                        38.3557668
                    ],
                    [
                        -86.5897326,
                        38.3560023
                    ],
                    [
                        -86.5901832,
                        38.3562043
                    ],
                    [
                        -86.5904943,
                        38.35628
                    ],
                    [
                        -86.5906231,
                        38.3563641
                    ],
                    [
                        -86.5906129,
                        38.356436
                    ],
                    [
                        -86.5905051,
                        38.3563978
                    ],
                    [
                        -86.5902047,
                        38.3562884
                    ],
                    [
                        -86.5901408,
                        38.3563519
                    ],
                    [
                        -86.5901188,
                        38.3566249
                    ],
                    [
                        -86.5899799,
                        38.3575297
                    ],
                    [
                        -86.5898726,
                        38.3583458
                    ],
                    [
                        -86.5896575,
                        38.3591404
                    ],
                    [
                        -86.5896682,
                        38.3597377
                    ],
                    [
                        -86.5897004,
                        38.360335
                    ],
                    [
                        -86.5894005,
                        38.3604911
                    ],
                    [
                        -86.5890781,
                        38.3607052
                    ],
                    [
                        -86.5890674,
                        38.3609407
                    ],
                    [
                        -86.589282,
                        38.3610922
                    ],
                    [
                        -86.5894107,
                        38.3612099
                    ],
                    [
                        -86.5895293,
                        38.3622241
                    ],
                    [
                        -86.5894542,
                        38.362569
                    ],
                    [
                        -86.5894327,
                        38.3627793
                    ],
                    [
                        -86.5895609,
                        38.362699
                    ],
                    [
                        -86.5896789,
                        38.3625475
                    ],
                    [
                        -86.5899043,
                        38.3621521
                    ],
                    [
                        -86.5899901,
                        38.361925
                    ],
                    [
                        -86.590033,
                        38.3615717
                    ],
                    [
                        -86.590033,
                        38.3613025
                    ],
                    [
                        -86.5901403,
                        38.3612688
                    ],
                    [
                        -86.5903334,
                        38.3613193
                    ],
                    [
                        -86.590548,
                        38.3613193
                    ],
                    [
                        -86.5907089,
                        38.3613109
                    ],
                    [
                        -86.5907304,
                        38.3612184
                    ],
                    [
                        -86.5907196,
                        38.3611174
                    ],
                    [
                        -86.5909128,
                        38.3610249
                    ],
                    [
                        -86.5912239,
                        38.3610249
                    ],
                    [
                        -86.5914385,
                        38.3610585
                    ],
                    [
                        -86.5915785,
                        38.3612062
                    ],
                    [
                        -86.5917282,
                        38.3612268
                    ],
                    [
                        -86.5917496,
                        38.3611006
                    ],
                    [
                        -86.5917389,
                        38.3608734
                    ],
                    [
                        -86.591696,
                        38.3607052
                    ],
                    [
                        -86.5917067,
                        38.3606379
                    ],
                    [
                        -86.5918676,
                        38.3606463
                    ],
                    [
                        -86.5919105,
                        38.3608145
                    ],
                    [
                        -86.5920071,
                        38.3609576
                    ],
                    [
                        -86.5923612,
                        38.3611342
                    ],
                    [
                        -86.5927796,
                        38.3613361
                    ],
                    [
                        -86.5928547,
                        38.3615969
                    ],
                    [
                        -86.5928767,
                        38.3617025
                    ],
                    [
                        -86.5926728,
                        38.3617698
                    ],
                    [
                        -86.5924041,
                        38.3617063
                    ],
                    [
                        -86.5921573,
                        38.3616137
                    ],
                    [
                        -86.5918247,
                        38.3615128
                    ],
                    [
                        -86.5915887,
                        38.3614791
                    ],
                    [
                        -86.5915141,
                        38.361652
                    ],
                    [
                        -86.5916638,
                        38.3617231
                    ],
                    [
                        -86.5918033,
                        38.3617904
                    ],
                    [
                        -86.5918676,
                        38.3619839
                    ],
                    [
                        -86.5920929,
                        38.3622363
                    ],
                    [
                        -86.5920935,
                        38.3623418
                    ],
                    [
                        -86.5918574,
                        38.3625101
                    ],
                    [
                        -86.5916429,
                        38.3626279
                    ],
                    [
                        -86.5916536,
                        38.3628718
                    ],
                    [
                        -86.5916423,
                        38.3630355
                    ],
                    [
                        -86.5914707,
                        38.3630775
                    ],
                    [
                        -86.5912239,
                        38.3628504
                    ],
                    [
                        -86.5911273,
                        38.3627747
                    ],
                    [
                        -86.5911488,
                        38.3626485
                    ],
                    [
                        -86.5913419,
                        38.362598
                    ],
                    [
                        -86.5914814,
                        38.3625223
                    ],
                    [
                        -86.5914921,
                        38.3624045
                    ],
                    [
                        -86.5913741,
                        38.362211
                    ],
                    [
                        -86.5913097,
                        38.3620512
                    ],
                    [
                        -86.5912561,
                        38.3619502
                    ],
                    [
                        -86.5911381,
                        38.3619418
                    ],
                    [
                        -86.590902,
                        38.3620512
                    ],
                    [
                        -86.5906773,
                        38.362468
                    ],
                    [
                        -86.5906773,
                        38.3626195
                    ],
                    [
                        -86.5906767,
                        38.3628251
                    ],
                    [
                        -86.5905163,
                        38.3631494
                    ],
                    [
                        -86.5903018,
                        38.3636037
                    ],
                    [
                        -86.5903012,
                        38.3638346
                    ],
                    [
                        -86.5903978,
                        38.364087
                    ],
                    [
                        -86.5904841,
                        38.3643608
                    ],
                    [
                        -86.5904729,
                        38.3645665
                    ],
                    [
                        -86.5900872,
                        38.3646384
                    ],
                    [
                        -86.5898506,
                        38.3647852
                    ],
                    [
                        -86.5896789,
                        38.3652058
                    ],
                    [
                        -86.5893469,
                        38.3658666
                    ],
                    [
                        -86.5890996,
                        38.3664003
                    ],
                    [
                        -86.5887348,
                        38.3668546
                    ],
                    [
                        -86.5883486,
                        38.3671742
                    ],
                    [
                        -86.5880911,
                        38.3672163
                    ],
                    [
                        -86.5878443,
                        38.3670733
                    ],
                    [
                        -86.587619,
                        38.3668714
                    ],
                    [
                        -86.5874903,
                        38.3668294
                    ],
                    [
                        -86.5873513,
                        38.3670443
                    ],
                    [
                        -86.5871362,
                        38.3670901
                    ],
                    [
                        -86.5868358,
                        38.3670144
                    ],
                    [
                        -86.5863959,
                        38.3668967
                    ],
                    [
                        -86.5860741,
                        38.3668462
                    ],
                    [
                        -86.5860317,
                        38.3669938
                    ],
                    [
                        -86.5861277,
                        38.367149
                    ],
                    [
                        -86.5864067,
                        38.3673761
                    ],
                    [
                        -86.5870289,
                        38.367679
                    ],
                    [
                        -86.587265,
                        38.3678724
                    ],
                    [
                        -86.5874372,
                        38.3684659
                    ],
                    [
                        -86.5879951,
                        38.370409
                    ],
                    [
                        -86.5880267,
                        38.3715904
                    ],
                    [
                        -86.5879087,
                        38.3728941
                    ],
                    [
                        -86.5876517,
                        38.373538
                    ],
                    [
                        -86.587104,
                        38.3741053
                    ],
                    [
                        -86.5866003,
                        38.3742361
                    ],
                    [
                        -86.5862135,
                        38.3741222
                    ],
                    [
                        -86.5856127,
                        38.3736427
                    ],
                    [
                        -86.5850977,
                        38.3727511
                    ],
                    [
                        -86.5844433,
                        38.3716577
                    ],
                    [
                        -86.5840678,
                        38.370909
                    ],
                    [
                        -86.5837352,
                        38.3706483
                    ],
                    [
                        -86.583424,
                        38.3703875
                    ],
                    [
                        -86.5831344,
                        38.3703371
                    ],
                    [
                        -86.5829096,
                        38.3704006
                    ],
                    [
                        -86.582791,
                        38.3703371
                    ],
                    [
                        -86.5828232,
                        38.37011
                    ],
                    [
                        -86.5829198,
                        38.3700006
                    ],
                    [
                        -86.5829091,
                        38.3698828
                    ],
                    [
                        -86.5827267,
                        38.3698828
                    ],
                    [
                        -86.5823946,
                        38.370123
                    ],
                    [
                        -86.5821157,
                        38.3702239
                    ],
                    [
                        -86.5817825,
                        38.3702109
                    ],
                    [
                        -86.5817611,
                        38.3700679
                    ],
                    [
                        -86.5811281,
                        38.3697987
                    ],
                    [
                        -86.5807418,
                        38.3695043
                    ],
                    [
                        -86.5801732,
                        38.3689407
                    ],
                    [
                        -86.5801625,
                        38.3684444
                    ],
                    [
                        -86.5803019,
                        38.3673257
                    ],
                    [
                        -86.5802376,
                        38.3665938
                    ],
                    [
                        -86.580023,
                        38.366047
                    ],
                    [
                        -86.5799372,
                        38.3657694
                    ],
                    [
                        -86.5799157,
                        38.3656348
                    ],
                    [
                        -86.5796475,
                        38.3656096
                    ],
                    [
                        -86.579508,
                        38.3655423
                    ],
                    [
                        -86.5793256,
                        38.3653909
                    ],
                    [
                        -86.5793256,
                        38.3652479
                    ],
                    [
                        -86.5793578,
                        38.3650628
                    ],
                    [
                        -86.5793578,
                        38.3647347
                    ],
                    [
                        -86.5793793,
                        38.3645581
                    ],
                    [
                        -86.5791325,
                        38.3645244
                    ],
                    [
                        -86.5785961,
                        38.3646086
                    ],
                    [
                        -86.5781991,
                        38.3644908
                    ],
                    [
                        -86.5774373,
                        38.3643225
                    ],
                    [
                        -86.5760319,
                        38.3640365
                    ],
                    [
                        -86.5744547,
                        38.3637673
                    ],
                    [
                        -86.5736501,
                        38.3634561
                    ],
                    [
                        -86.5731244,
                        38.3630943
                    ],
                    [
                        -86.5727703,
                        38.3625307
                    ],
                    [
                        -86.5725021,
                        38.3620007
                    ],
                    [
                        -86.5722339,
                        38.361395
                    ],
                    [
                        -86.5718476,
                        38.3607136
                    ],
                    [
                        -86.5715901,
                        38.359805
                    ],
                    [
                        -86.5716438,
                        38.3594433
                    ],
                    [
                        -86.571633,
                        38.3591909
                    ],
                    [
                        -86.571419,
                        38.3593638
                    ],
                    [
                        -86.5709791,
                        38.3598685
                    ],
                    [
                        -86.5704529,
                        38.3600237
                    ],
                    [
                        -86.5698628,
                        38.3599564
                    ],
                    [
                        -86.5687148,
                        38.3595358
                    ],
                    [
                        -86.5675775,
                        38.3590731
                    ],
                    [
                        -86.5669016,
                        38.3586272
                    ],
                    [
                        -86.5665261,
                        38.3582234
                    ],
                    [
                        -86.5661613,
                        38.3576934
                    ],
                    [
                        -86.5657966,
                        38.357727
                    ],
                    [
                        -86.5648739,
                        38.3578532
                    ],
                    [
                        -86.564552,
                        38.3578869
                    ],
                    [
                        -86.5642194,
                        38.3580888
                    ],
                    [
                        -86.5642414,
                        38.358371
                    ],
                    [
                        -86.5651099,
                        38.3583832
                    ],
                    [
                        -86.5655391,
                        38.3584758
                    ],
                    [
                        -86.5656249,
                        38.3586356
                    ],
                    [
                        -86.5652387,
                        38.3587029
                    ],
                    [
                        -86.5647344,
                        38.3587029
                    ],
                    [
                        -86.5646706,
                        38.3588338
                    ],
                    [
                        -86.5650885,
                        38.3588964
                    ],
                    [
                        -86.5657966,
                        38.358989
                    ],
                    [
                        -86.5661613,
                        38.3590731
                    ],
                    [
                        -86.566097,
                        38.3591993
                    ],
                    [
                        -86.5656785,
                        38.3591825
                    ],
                    [
                        -86.565303,
                        38.3591068
                    ],
                    [
                        -86.565067,
                        38.3591825
                    ],
                    [
                        -86.564971,
                        38.359389
                    ],
                    [
                        -86.5651212,
                        38.3596414
                    ],
                    [
                        -86.5651319,
                        38.3598601
                    ],
                    [
                        -86.5652387,
                        38.3599733
                    ],
                    [
                        -86.5659682,
                        38.3601415
                    ],
                    [
                        -86.5662584,
                        38.3605668
                    ],
                    [
                        -86.5666763,
                        38.3608903
                    ],
                    [
                        -86.5671162,
                        38.3609407
                    ],
                    [
                        -86.5676205,
                        38.3610417
                    ],
                    [
                        -86.5678887,
                        38.3612015
                    ],
                    [
                        -86.5680925,
                        38.3613277
                    ],
                    [
                        -86.5687255,
                        38.3614455
                    ],
                    [
                        -86.5691332,
                        38.3616137
                    ],
                    [
                        -86.5701417,
                        38.3621437
                    ],
                    [
                        -86.5706353,
                        38.3626569
                    ],
                    [
                        -86.5709577,
                        38.3632925
                    ],
                    [
                        -86.5709684,
                        38.3640159
                    ],
                    [
                        -86.5709357,
                        38.3646843
                    ],
                    [
                        -86.5710006,
                        38.3651011
                    ],
                    [
                        -86.5707967,
                        38.3653703
                    ],
                    [
                        -86.570668,
                        38.3655974
                    ],
                    [
                        -86.5708177,
                        38.3657021
                    ],
                    [
                        -86.5713112,
                        38.3657106
                    ],
                    [
                        -86.5718691,
                        38.3656348
                    ],
                    [
                        -86.5723841,
                        38.365761
                    ],
                    [
                        -86.572663,
                        38.3658115
                    ],
                    [
                        -86.5730814,
                        38.3657694
                    ],
                    [
                        -86.5738003,
                        38.3658872
                    ],
                    [
                        -86.5742085,
                        38.3661021
                    ],
                    [
                        -86.5742514,
                        38.3662788
                    ],
                    [
                        -86.5744655,
                        38.3661816
                    ],
                    [
                        -86.5747015,
                        38.3660891
                    ],
                    [
                        -86.5749268,
                        38.3660807
                    ],
                    [
                        -86.5751628,
                        38.3661732
                    ],
                    [
                        -86.5753881,
                        38.3662573
                    ],
                    [
                        -86.5759675,
                        38.3663499
                    ],
                    [
                        -86.576461,
                        38.3665518
                    ],
                    [
                        -86.5768687,
                        38.3669135
                    ],
                    [
                        -86.5769873,
                        38.3672882
                    ],
                    [
                        -86.5767078,
                        38.3676201
                    ],
                    [
                        -86.576247,
                        38.3678266
                    ],
                    [
                        -86.5761284,
                        38.3680323
                    ],
                    [
                        -86.5761821,
                        38.3681332
                    ],
                    [
                        -86.5764825,
                        38.368251
                    ],
                    [
                        -86.5766439,
                        38.3684911
                    ],
                    [
                        -86.5767829,
                        38.3690753
                    ],
                    [
                        -86.5769873,
                        38.3695258
                    ],
                    [
                        -86.5772018,
                        38.3701146
                    ],
                    [
                        -86.5770082,
                        38.3708754
                    ],
                    [
                        -86.576601,
                        38.3717044
                    ],
                    [
                        -86.5758286,
                        38.3724446
                    ],
                    [
                        -86.5748624,
                        38.3730455
                    ],
                    [
                        -86.574841,
                        38.3732054
                    ],
                    [
                        -86.5750234,
                        38.3732811
                    ],
                    [
                        -86.5752916,
                        38.3732726
                    ],
                    [
                        -86.5757851,
                        38.3730371
                    ],
                    [
                        -86.5765469,
                        38.3725409
                    ],
                    [
                        -86.5772657,
                        38.3720278
                    ],
                    [
                        -86.5776197,
                        38.3717838
                    ],
                    [
                        -86.5781025,
                        38.3716913
                    ],
                    [
                        -86.5785102,
                        38.371767
                    ],
                    [
                        -86.5790467,
                        38.3719689
                    ],
                    [
                        -86.5793685,
                        38.3722885
                    ],
                    [
                        -86.5796153,
                        38.3724063
                    ],
                    [
                        -86.5801947,
                        38.3725493
                    ],
                    [
                        -86.5803449,
                        38.3727007
                    ],
                    [
                        -86.5801845,
                        38.3729492
                    ],
                    [
                        -86.5798191,
                        38.3731801
                    ],
                    [
                        -86.579809,
                        38.3734203
                    ],
                    [
                        -86.5799479,
                        38.3734913
                    ],
                    [
                        -86.5801947,
                        38.3734072
                    ],
                    [
                        -86.5804843,
                        38.3732726
                    ],
                    [
                        -86.5807418,
                        38.3732895
                    ],
                    [
                        -86.5811281,
                        38.3734913
                    ],
                    [
                        -86.5819435,
                        38.373996
                    ],
                    [
                        -86.5826408,
                        38.3744923
                    ],
                    [
                        -86.5831773,
                        38.375081
                    ],
                    [
                        -86.583939,
                        38.375796
                    ],
                    [
                        -86.5845935,
                        38.3763511
                    ],
                    [
                        -86.5850226,
                        38.37678
                    ],
                    [
                        -86.5858702,
                        38.377251
                    ],
                    [
                        -86.5862243,
                        38.3776884
                    ],
                    [
                        -86.5862141,
                        38.3778612
                    ],
                    [
                        -86.5859668,
                        38.3779912
                    ],
                    [
                        -86.5858809,
                        38.3782435
                    ],
                    [
                        -86.586235,
                        38.3782771
                    ],
                    [
                        -86.5865569,
                        38.3783276
                    ],
                    [
                        -86.5868036,
                        38.3784201
                    ],
                    [
                        -86.5874157,
                        38.379392
                    ],
                    [
                        -86.5877376,
                        38.3802751
                    ],
                    [
                        -86.5874479,
                        38.3805022
                    ],
                    [
                        -86.5869967,
                        38.3806153
                    ],
                    [
                        -86.5867285,
                        38.380733
                    ],
                    [
                        -86.5862779,
                        38.3809937
                    ],
                    [
                        -86.5857956,
                        38.3811582
                    ],
                    [
                        -86.5850232,
                        38.3813768
                    ],
                    [
                        -86.5841107,
                        38.3813554
                    ],
                    [
                        -86.5834455,
                        38.3814395
                    ],
                    [
                        -86.5831129,
                        38.381389
                    ],
                    [
                        -86.5825228,
                        38.3811115
                    ],
                    [
                        -86.5821151,
                        38.3808844
                    ],
                    [
                        -86.5819542,
                        38.3809937
                    ],
                    [
                        -86.5822439,
                        38.3815236
                    ],
                    [
                        -86.5823297,
                        38.3818516
                    ],
                    [
                        -86.5820937,
                        38.3820955
                    ],
                    [
                        -86.5811281,
                        38.382516
                    ],
                    [
                        -86.5798513,
                        38.3830626
                    ],
                    [
                        -86.5785102,
                        38.3835168
                    ],
                    [
                        -86.5778236,
                        38.3835841
                    ],
                    [
                        -86.5772228,
                        38.3834747
                    ],
                    [
                        -86.5768258,
                        38.3834663
                    ],
                    [
                        -86.5767829,
                        38.3837943
                    ],
                    [
                        -86.5770833,
                        38.3838952
                    ],
                    [
                        -86.5775661,
                        38.3839793
                    ],
                    [
                        -86.5779314,
                        38.3841017
                    ],
                    [
                        -86.5782635,
                        38.3841055
                    ],
                    [
                        -86.5787892,
                        38.3840634
                    ],
                    [
                        -86.5796368,
                        38.3840298
                    ],
                    [
                        -86.5800874,
                        38.3839878
                    ],
                    [
                        -86.5807418,
                        38.3840214
                    ],
                    [
                        -86.5809242,
                        38.3840887
                    ],
                    [
                        -86.581053,
                        38.3839793
                    ],
                    [
                        -86.5812461,
                        38.3838448
                    ],
                    [
                        -86.5812783,
                        38.3836093
                    ],
                    [
                        -86.581289,
                        38.3834243
                    ],
                    [
                        -86.5813641,
                        38.3833402
                    ],
                    [
                        -86.5814928,
                        38.3835084
                    ],
                    [
                        -86.5816109,
                        38.3836429
                    ],
                    [
                        -86.5817718,
                        38.3836261
                    ],
                    [
                        -86.5818254,
                        38.3835336
                    ],
                    [
                        -86.5819649,
                        38.3832308
                    ],
                    [
                        -86.5822009,
                        38.3831383
                    ],
                    [
                        -86.5824584,
                        38.3831383
                    ],
                    [
                        -86.5825979,
                        38.3831888
                    ],
                    [
                        -86.582791,
                        38.3830458
                    ],
                    [
                        -86.5828447,
                        38.382886
                    ],
                    [
                        -86.5829305,
                        38.3828103
                    ],
                    [
                        -86.5831773,
                        38.382844
                    ],
                    [
                        -86.5833597,
                        38.3828272
                    ],
                    [
                        -86.5833918,
                        38.3826674
                    ],
                    [
                        -86.5834455,
                        38.3826253
                    ],
                    [
                        -86.5835421,
                        38.3827347
                    ],
                    [
                        -86.5836386,
                        38.3827935
                    ],
                    [
                        -86.5837995,
                        38.3828103
                    ],
                    [
                        -86.5842502,
                        38.3828356
                    ],
                    [
                        -86.5844111,
                        38.3827851
                    ],
                    [
                        -86.5844755,
                        38.382659
                    ],
                    [
                        -86.5844647,
                        38.3825328
                    ],
                    [
                        -86.5846579,
                        38.3826758
                    ],
                    [
                        -86.5849583,
                        38.3828019
                    ],
                    [
                        -86.585323,
                        38.3828692
                    ],
                    [
                        -86.5855162,
                        38.3829029
                    ],
                    [
                        -86.58572,
                        38.3827935
                    ],
                    [
                        -86.5857737,
                        38.3825076
                    ],
                    [
                        -86.5858273,
                        38.3824151
                    ],
                    [
                        -86.586117,
                        38.3823814
                    ],
                    [
                        -86.5865166,
                        38.3824062
                    ],
                    [
                        -86.5867688,
                        38.382349
                    ],
                    [
                        -86.5870397,
                        38.3823646
                    ],
                    [
                        -86.5872757,
                        38.3824403
                    ],
                    [
                        -86.5875439,
                        38.3825328
                    ],
                    [
                        -86.5877263,
                        38.3825244
                    ],
                    [
                        -86.5879409,
                        38.3826842
                    ],
                    [
                        -86.5882091,
                        38.3827347
                    ],
                    [
                        -86.5885202,
                        38.3827262
                    ],
                    [
                        -86.5891854,
                        38.3829365
                    ],
                    [
                        -86.5899043,
                        38.3835084
                    ],
                    [
                        -86.5904622,
                        38.3841812
                    ],
                    [
                        -86.5907411,
                        38.3844251
                    ],
                    [
                        -86.5911273,
                        38.384711
                    ],
                    [
                        -86.5915565,
                        38.3847615
                    ],
                    [
                        -86.5918676,
                        38.3850222
                    ],
                    [
                        -86.5923719,
                        38.3854343
                    ],
                    [
                        -86.5925221,
                        38.385695
                    ],
                    [
                        -86.5923724,
                        38.3860276
                    ],
                    [
                        -86.5921788,
                        38.386292
                    ],
                    [
                        -86.5920184,
                        38.3864733
                    ],
                    [
                        -86.5920935,
                        38.3866331
                    ],
                    [
                        -86.5924684,
                        38.3866621
                    ],
                    [
                        -86.5930049,
                        38.3864518
                    ],
                    [
                        -86.5933697,
                        38.3865023
                    ],
                    [
                        -86.5941207,
                        38.3870573
                    ],
                    [
                        -86.5948502,
                        38.3878142
                    ],
                    [
                        -86.5949152,
                        38.3881972
                    ],
                    [
                        -86.5950439,
                        38.3884579
                    ],
                    [
                        -86.5953652,
                        38.3887981
                    ],
                    [
                        -86.5955267,
                        38.3891223
                    ],
                    [
                        -86.595215,
                        38.3895297
                    ],
                    [
                        -86.5947322,
                        38.3899081
                    ],
                    [
                        -86.5940241,
                        38.390152
                    ],
                    [
                        -86.5936701,
                        38.3903791
                    ],
                    [
                        -86.5937774,
                        38.3906313
                    ],
                    [
                        -86.5939598,
                        38.3907827
                    ],
                    [
                        -86.5945284,
                        38.3907659
                    ],
                    [
                        -86.595333,
                        38.3907238
                    ],
                    [
                        -86.5958158,
                        38.3907238
                    ],
                    [
                        -86.5960626,
                        38.3908332
                    ],
                    [
                        -86.5964059,
                        38.3913797
                    ],
                    [
                        -86.5967814,
                        38.3918591
                    ],
                    [
                        -86.5970711,
                        38.391817
                    ],
                    [
                        -86.597275,
                        38.39196
                    ],
                    [
                        -86.5972535,
                        38.392557
                    ],
                    [
                        -86.5970389,
                        38.392885
                    ],
                    [
                        -86.5966747,
                        38.3933605
                    ],
                    [
                        -86.5967707,
                        38.3937595
                    ],
                    [
                        -86.5969316,
                        38.3941379
                    ],
                    [
                        -86.5971569,
                        38.3941967
                    ],
                    [
                        -86.5974359,
                        38.3941883
                    ],
                    [
                        -86.5972326,
                        38.3944957
                    ],
                    [
                        -86.5969,
                        38.394832
                    ],
                    [
                        -86.5967712,
                        38.3950927
                    ],
                    [
                        -86.596642,
                        38.3952983
                    ],
                    [
                        -86.5964816,
                        38.3954627
                    ],
                    [
                        -86.5965239,
                        38.3955421
                    ],
                    [
                        -86.5968565,
                        38.3954749
                    ],
                    [
                        -86.5972642,
                        38.3952899
                    ],
                    [
                        -86.5977792,
                        38.3949031
                    ],
                    [
                        -86.598144,
                        38.394819
                    ],
                    [
                        -86.5984122,
                        38.3948022
                    ],
                    [
                        -86.5985415,
                        38.3950254
                    ],
                    [
                        -86.5984015,
                        38.3955842
                    ],
                    [
                        -86.5979616,
                        38.3960887
                    ],
                    [
                        -86.5974686,
                        38.3966483
                    ],
                    [
                        -86.5973072,
                        38.3972407
                    ],
                    [
                        -86.5971462,
                        38.3975181
                    ],
                    [
                        -86.5970073,
                        38.3979096
                    ],
                    [
                        -86.5965781,
                        38.3981618
                    ],
                    [
                        -86.5961055,
                        38.3982665
                    ],
                    [
                        -86.5959553,
                        38.3984767
                    ],
                    [
                        -86.5955696,
                        38.3985738
                    ],
                    [
                        -86.5951292,
                        38.398628
                    ],
                    [
                        -86.5950005,
                        38.3988383
                    ],
                    [
                        -86.5950112,
                        38.3991325
                    ],
                    [
                        -86.5948079,
                        38.3992801
                    ],
                    [
                        -86.5944426,
                        38.399368
                    ],
                    [
                        -86.5936272,
                        38.3994268
                    ],
                    [
                        -86.5929942,
                        38.3995529
                    ],
                    [
                        -86.5924577,
                        38.3996791
                    ],
                    [
                        -86.5923832,
                        38.3999107
                    ],
                    [
                        -86.5924261,
                        38.4001461
                    ],
                    [
                        -86.5927474,
                        38.400192
                    ],
                    [
                        -86.5933482,
                        38.400276
                    ],
                    [
                        -86.5938203,
                        38.4002592
                    ],
                    [
                        -86.5943245,
                        38.4003601
                    ],
                    [
                        -86.5948508,
                        38.4005329
                    ],
                    [
                        -86.5953545,
                        38.4006376
                    ],
                    [
                        -86.5955691,
                        38.4007049
                    ],
                    [
                        -86.5954838,
                        38.400802
                    ],
                    [
                        -86.5953974,
                        38.4011
                    ],
                    [
                        -86.5954409,
                        38.4013065
                    ],
                    [
                        -86.5955691,
                        38.4014616
                    ],
                    [
                        -86.5956871,
                        38.4014952
                    ],
                    [
                        -86.5960519,
                        38.4013102
                    ],
                    [
                        -86.5962986,
                        38.401285
                    ],
                    [
                        -86.5964703,
                        38.4013102
                    ],
                    [
                        -86.5965781,
                        38.4015082
                    ],
                    [
                        -86.5968356,
                        38.4020884
                    ],
                    [
                        -86.5968249,
                        38.4022986
                    ],
                    [
                        -86.5966425,
                        38.4023574
                    ],
                    [
                        -86.5965561,
                        38.4025042
                    ],
                    [
                        -86.5967063,
                        38.4026471
                    ],
                    [
                        -86.59676,
                        38.4027396
                    ],
                    [
                        -86.596878,
                        38.4028909
                    ],
                    [
                        -86.5970497,
                        38.4029582
                    ],
                    [
                        -86.5970389,
                        38.4031179
                    ],
                    [
                        -86.5971253,
                        38.403358
                    ],
                    [
                        -86.5972964,
                        38.4034458
                    ],
                    [
                        -86.5975539,
                        38.4035467
                    ],
                    [
                        -86.5975861,
                        38.4036476
                    ],
                    [
                        -86.597275,
                        38.4038158
                    ],
                    [
                        -86.5971682,
                        38.4039465
                    ],
                    [
                        -86.5970604,
                        38.4041269
                    ],
                    [
                        -86.5971355,
                        38.4042193
                    ],
                    [
                        -86.5973501,
                        38.4042193
                    ],
                    [
                        -86.5975432,
                        38.4042361
                    ],
                    [
                        -86.5977148,
                        38.4044379
                    ],
                    [
                        -86.5978436,
                        38.4046229
                    ],
                    [
                        -86.5977792,
                        38.4048163
                    ],
                    [
                        -86.5975974,
                        38.4049722
                    ],
                    [
                        -86.5975115,
                        38.4053758
                    ],
                    [
                        -86.5974472,
                        38.4057878
                    ],
                    [
                        -86.5973393,
                        38.4060354
                    ],
                    [
                        -86.5972326,
                        38.4064099
                    ],
                    [
                        -86.5968249,
                        38.4067714
                    ],
                    [
                        -86.5964488,
                        38.4069434
                    ],
                    [
                        -86.5962879,
                        38.4069854
                    ],
                    [
                        -86.5959231,
                        38.4067164
                    ],
                    [
                        -86.5957086,
                        38.406254
                    ],
                    [
                        -86.5954832,
                        38.4058672
                    ],
                    [
                        -86.5954081,
                        38.4056066
                    ],
                    [
                        -86.595097,
                        38.4054216
                    ],
                    [
                        -86.594582,
                        38.4050349
                    ],
                    [
                        -86.593713,
                        38.404564
                    ],
                    [
                        -86.5932946,
                        38.4043791
                    ],
                    [
                        -86.5926079,
                        38.4042866
                    ],
                    [
                        -86.5914814,
                        38.4045052
                    ],
                    [
                        -86.5908698,
                        38.4046733
                    ],
                    [
                        -86.5906338,
                        38.4047658
                    ],
                    [
                        -86.5904407,
                        38.4046733
                    ],
                    [
                        -86.5902047,
                        38.4043791
                    ],
                    [
                        -86.589754,
                        38.4041941
                    ],
                    [
                        -86.5893678,
                        38.4040176
                    ],
                    [
                        -86.5892391,
                        38.4042698
                    ],
                    [
                        -86.5892713,
                        38.4046313
                    ],
                    [
                        -86.5891645,
                        38.4047116
                    ],
                    [
                        -86.5888636,
                        38.4046818
                    ],
                    [
                        -86.588767,
                        38.4049003
                    ],
                    [
                        -86.588789,
                        38.4051488
                    ],
                    [
                        -86.5887455,
                        38.4053123
                    ],
                    [
                        -86.5887675,
                        38.4053926
                    ],
                    [
                        -86.5889923,
                        38.4055141
                    ],
                    [
                        -86.5891425,
                        38.4056822
                    ],
                    [
                        -86.5890358,
                        38.4058718
                    ],
                    [
                        -86.5892713,
                        38.4059597
                    ],
                    [
                        -86.5895287,
                        38.4060438
                    ],
                    [
                        -86.5894542,
                        38.4062838
                    ],
                    [
                        -86.5892825,
                        38.4064099
                    ],
                    [
                        -86.589121,
                        38.406523
                    ],
                    [
                        -86.5892498,
                        38.4067079
                    ],
                    [
                        -86.5892283,
                        38.4073049
                    ],
                    [
                        -86.5890572,
                        38.4076962
                    ],
                    [
                        -86.5889177,
                        38.4078391
                    ],
                    [
                        -86.5887885,
                        38.4078513
                    ],
                    [
                        -86.5887241,
                        38.4076243
                    ],
                    [
                        -86.5887026,
                        38.4073133
                    ],
                    [
                        -86.5887455,
                        38.4071031
                    ],
                    [
                        -86.5887777,
                        38.4069518
                    ],
                    [
                        -86.5886812,
                        38.4069181
                    ],
                    [
                        -86.5883271,
                        38.4068929
                    ],
                    [
                        -86.588134,
                        38.4067836
                    ],
                    [
                        -86.5879838,
                        38.4069434
                    ],
                    [
                        -86.5880272,
                        38.4071834
                    ],
                    [
                        -86.5879307,
                        38.4072254
                    ],
                    [
                        -86.5877799,
                        38.4070611
                    ],
                    [
                        -86.5876834,
                        38.4069013
                    ],
                    [
                        -86.5874473,
                        38.4068257
                    ],
                    [
                        -86.587265,
                        38.4066407
                    ],
                    [
                        -86.5871577,
                        38.4064473
                    ],
                    [
                        -86.5869753,
                        38.4064053
                    ],
                    [
                        -86.5869651,
                        38.4067798
                    ],
                    [
                        -86.5869007,
                        38.4069143
                    ],
                    [
                        -86.5866749,
                        38.4070526
                    ],
                    [
                        -86.5866218,
                        38.4071582
                    ],
                    [
                        -86.5867929,
                        38.4074982
                    ],
                    [
                        -86.5869222,
                        38.4077214
                    ],
                    [
                        -86.5870718,
                        38.4079354
                    ],
                    [
                        -86.5869538,
                        38.4079859
                    ],
                    [
                        -86.5866963,
                        38.4079859
                    ],
                    [
                        -86.5864925,
                        38.4080195
                    ],
                    [
                        -86.5865354,
                        38.4082465
                    ],
                    [
                        -86.586611,
                        38.4085538
                    ],
                    [
                        -86.5865359,
                        38.4088648
                    ],
                    [
                        -86.5868465,
                        38.4092633
                    ],
                    [
                        -86.5872328,
                        38.4094146
                    ],
                    [
                        -86.5875546,
                        38.4094651
                    ],
                    [
                        -86.5878443,
                        38.4094567
                    ],
                    [
                        -86.5881984,
                        38.4094062
                    ],
                    [
                        -86.5884129,
                        38.4094483
                    ],
                    [
                        -86.588649,
                        38.4097173
                    ],
                    [
                        -86.5888528,
                        38.4100536
                    ],
                    [
                        -86.5887246,
                        38.4102352
                    ],
                    [
                        -86.588531,
                        38.4102385
                    ],
                    [
                        -86.5880482,
                        38.4102049
                    ],
                    [
                        -86.5874903,
                        38.4099359
                    ],
                    [
                        -86.5870182,
                        38.4096753
                    ],
                    [
                        -86.5865247,
                        38.4093558
                    ],
                    [
                        -86.585999,
                        38.4090363
                    ],
                    [
                        -86.5857415,
                        38.4087421
                    ],
                    [
                        -86.5856449,
                        38.4084478
                    ],
                    [
                        -86.5855483,
                        38.408339
                    ],
                    [
                        -86.5853016,
                        38.4083894
                    ],
                    [
                        -86.5850119,
                        38.4083894
                    ],
                    [
                        -86.5847759,
                        38.4081624
                    ],
                    [
                        -86.5842609,
                        38.407742
                    ],
                    [
                        -86.583585,
                        38.4071283
                    ],
                    [
                        -86.5828554,
                        38.4066659
                    ],
                    [
                        -86.5819005,
                        38.406069
                    ],
                    [
                        -86.5812246,
                        38.405615
                    ],
                    [
                        -86.5806989,
                        38.4052871
                    ],
                    [
                        -86.5800552,
                        38.4048331
                    ],
                    [
                        -86.5797333,
                        38.4045304
                    ],
                    [
                        -86.5794544,
                        38.4043286
                    ],
                    [
                        -86.5793578,
                        38.4042782
                    ],
                    [
                        -86.579412,
                        38.4046191
                    ],
                    [
                        -86.5795622,
                        38.404947
                    ],
                    [
                        -86.5793798,
                        38.4050983
                    ],
                    [
                        -86.5782962,
                        38.4055355
                    ],
                    [
                        -86.5770726,
                        38.4060101
                    ],
                    [
                        -86.576483,
                        38.4063679
                    ],
                    [
                        -86.5762577,
                        38.4067378
                    ],
                    [
                        -86.5760855,
                        38.406792
                    ],
                    [
                        -86.5757529,
                        38.4066155
                    ],
                    [
                        -86.5754745,
                        38.4065108
                    ],
                    [
                        -86.5757535,
                        38.4069396
                    ],
                    [
                        -86.576107,
                        38.4073973
                    ],
                    [
                        -86.5762148,
                        38.4077719
                    ],
                    [
                        -86.5763108,
                        38.4079522
                    ],
                    [
                        -86.576365,
                        38.4080914
                    ],
                    [
                        -86.5764718,
                        38.4082044
                    ],
                    [
                        -86.5763108,
                        38.4082297
                    ],
                    [
                        -86.5761612,
                        38.4084108
                    ],
                    [
                        -86.5761713,
                        38.4085067
                    ],
                    [
                        -86.5763435,
                        38.4087807
                    ],
                    [
                        -86.5764718,
                        38.4089523
                    ],
                    [
                        -86.5764079,
                        38.4091927
                    ],
                    [
                        -86.5760962,
                        38.4096669
                    ],
                    [
                        -86.5756993,
                        38.4100115
                    ],
                    [
                        -86.5759997,
                        38.4102553
                    ],
                    [
                        -86.5763645,
                        38.4105244
                    ],
                    [
                        -86.5765147,
                        38.4107598
                    ],
                    [
                        -86.5764186,
                        38.4109245
                    ],
                    [
                        -86.5761392,
                        38.4110036
                    ],
                    [
                        -86.5755062,
                        38.4109279
                    ],
                    [
                        -86.5748302,
                        38.4106252
                    ],
                    [
                        -86.5733497,
                        38.4098686
                    ],
                    [
                        -86.5729849,
                        38.4096248
                    ],
                    [
                        -86.5727381,
                        38.409381
                    ],
                    [
                        -86.5726523,
                        38.409154
                    ],
                    [
                        -86.5726523,
                        38.4088177
                    ],
                    [
                        -86.5727274,
                        38.4077505
                    ],
                    [
                        -86.572781,
                        38.4072965
                    ],
                    [
                        -86.5729956,
                        38.4067584
                    ],
                    [
                        -86.5730493,
                        38.4059345
                    ],
                    [
                        -86.5728669,
                        38.4051862
                    ],
                    [
                        -86.5725879,
                        38.4045977
                    ],
                    [
                        -86.5722553,
                        38.4039335
                    ],
                    [
                        -86.5720944,
                        38.4034711
                    ],
                    [
                        -86.5717189,
                        38.4028993
                    ],
                    [
                        -86.5716009,
                        38.4026471
                    ],
                    [
                        -86.5717081,
                        38.4024369
                    ],
                    [
                        -86.5719656,
                        38.4022267
                    ],
                    [
                        -86.5718905,
                        38.4021006
                    ],
                    [
                        -86.5713541,
                        38.4021258
                    ],
                    [
                        -86.5708498,
                        38.4021342
                    ],
                    [
                        -86.5702812,
                        38.402109
                    ],
                    [
                        -86.5699164,
                        38.4022687
                    ],
                    [
                        -86.5690796,
                        38.4027984
                    ],
                    [
                        -86.5685008,
                        38.4030301
                    ],
                    [
                        -86.568114,
                        38.4030591
                    ],
                    [
                        -86.567717,
                        38.4029077
                    ],
                    [
                        -86.5673952,
                        38.4027396
                    ],
                    [
                        -86.5672235,
                        38.4024873
                    ],
                    [
                        -86.5671377,
                        38.4020754
                    ],
                    [
                        -86.5672128,
                        38.4017643
                    ],
                    [
                        -86.5670947,
                        38.4017306
                    ],
                    [
                        -86.566752,
                        38.4021809
                    ],
                    [
                        -86.5662799,
                        38.402492
                    ],
                    [
                        -86.5658937,
                        38.4027274
                    ],
                    [
                        -86.5656142,
                        38.4027312
                    ],
                    [
                        -86.5653138,
                        38.4026387
                    ],
                    [
                        -86.5650777,
                        38.402336
                    ],
                    [
                        -86.5647344,
                        38.4020081
                    ],
                    [
                        -86.5642087,
                        38.4013018
                    ],
                    [
                        -86.5639083,
                        38.4008982
                    ],
                    [
                        -86.5636722,
                        38.4007721
                    ],
                    [
                        -86.5633933,
                        38.4008226
                    ],
                    [
                        -86.5631578,
                        38.4009449
                    ],
                    [
                        -86.5633826,
                        38.4012346
                    ],
                    [
                        -86.5635864,
                        38.4019492
                    ],
                    [
                        -86.5637264,
                        38.4025592
                    ],
                    [
                        -86.5641229,
                        38.4030086
                    ],
                    [
                        -86.5647773,
                        38.4035047
                    ],
                    [
                        -86.5651421,
                        38.4038158
                    ],
                    [
                        -86.5654318,
                        38.4039503
                    ],
                    [
                        -86.5657536,
                        38.4040091
                    ],
                    [
                        -86.5660862,
                        38.4040091
                    ],
                    [
                        -86.5663437,
                        38.4040512
                    ],
                    [
                        -86.5663545,
                        38.4041437
                    ],
                    [
                        -86.5660862,
                        38.4043623
                    ],
                    [
                        -86.5657966,
                        38.404295
                    ],
                    [
                        -86.5655176,
                        38.4043034
                    ],
                    [
                        -86.5653567,
                        38.4043539
                    ],
                    [
                        -86.565207,
                        38.4046107
                    ],
                    [
                        -86.5651104,
                        38.4047789
                    ],
                    [
                        -86.5648524,
                        38.4047995
                    ],
                    [
                        -86.5645627,
                        38.4049256
                    ],
                    [
                        -86.5644345,
                        38.4050815
                    ],
                    [
                        -86.5642516,
                        38.4050349
                    ],
                    [
                        -86.5641121,
                        38.404976
                    ],
                    [
                        -86.5638868,
                        38.4048583
                    ],
                    [
                        -86.5637259,
                        38.404976
                    ],
                    [
                        -86.5632222,
                        38.4053674
                    ],
                    [
                        -86.5623955,
                        38.4057243
                    ],
                    [
                        -86.5617518,
                        38.405884
                    ],
                    [
                        -86.5609686,
                        38.4057075
                    ],
                    [
                        -86.560003,
                        38.4054552
                    ],
                    [
                        -86.5589837,
                        38.4051526
                    ],
                    [
                        -86.5584366,
                        38.4050937
                    ],
                    [
                        -86.5578572,
                        38.4051274
                    ],
                    [
                        -86.55731,
                        38.4050685
                    ],
                    [
                        -86.5570633,
                        38.4048583
                    ],
                    [
                        -86.5565376,
                        38.4044884
                    ],
                    [
                        -86.5561191,
                        38.4043118
                    ],
                    [
                        -86.5560339,
                        38.4044426
                    ],
                    [
                        -86.5562264,
                        38.4048499
                    ],
                    [
                        -86.5562377,
                        38.4055019
                    ],
                    [
                        -86.5560553,
                        38.4058886
                    ],
                    [
                        -86.5554009,
                        38.4062165
                    ],
                    [
                        -86.5549502,
                        38.4064856
                    ],
                    [
                        -86.5545206,
                        38.4065482
                    ],
                    [
                        -86.5541021,
                        38.4064978
                    ],
                    [
                        -86.5532116,
                        38.4062876
                    ],
                    [
                        -86.5519885,
                        38.4061026
                    ],
                    [
                        -86.5513234,
                        38.4059513
                    ],
                    [
                        -86.5506153,
                        38.4056486
                    ],
                    [
                        -86.549993,
                        38.4052198
                    ],
                    [
                        -86.54936,
                        38.404749
                    ],
                    [
                        -86.5485339,
                        38.40411
                    ],
                    [
                        -86.5479974,
                        38.403614
                    ],
                    [
                        -86.5471284,
                        38.4031095
                    ],
                    [
                        -86.5468387,
                        38.4028741
                    ],
                    [
                        -86.546667,
                        38.4023528
                    ],
                    [
                        -86.5461091,
                        38.4017811
                    ],
                    [
                        -86.5456156,
                        38.4011169
                    ],
                    [
                        -86.5453259,
                        38.4007553
                    ],
                    [
                        -86.5451328,
                        38.4004022
                    ],
                    [
                        -86.545047,
                        38.4001415
                    ],
                    [
                        -86.5450041,
                        38.3998725
                    ],
                    [
                        -86.5451543,
                        38.3994268
                    ],
                    [
                        -86.5451757,
                        38.3991998
                    ],
                    [
                        -86.5451221,
                        38.3990485
                    ],
                    [
                        -86.5451757,
                        38.3986112
                    ],
                    [
                        -86.5453045,
                        38.3983926
                    ],
                    [
                        -86.5452294,
                        38.3982833
                    ],
                    [
                        -86.5450255,
                        38.398216
                    ],
                    [
                        -86.5446935,
                        38.3985402
                    ],
                    [
                        -86.5442214,
                        38.3992044
                    ],
                    [
                        -86.5439848,
                        38.3994857
                    ],
                    [
                        -86.5435879,
                        38.3996791
                    ],
                    [
                        -86.5431051,
                        38.3997043
                    ],
                    [
                        -86.5432236,
                        38.399978
                    ],
                    [
                        -86.5435879,
                        38.4002676
                    ],
                    [
                        -86.543899,
                        38.4007889
                    ],
                    [
                        -86.5441678,
                        38.4014326
                    ],
                    [
                        -86.5446827,
                        38.4020716
                    ],
                    [
                        -86.5449933,
                        38.4025042
                    ],
                    [
                        -86.5452938,
                        38.4034038
                    ],
                    [
                        -86.5452621,
                        38.4038456
                    ],
                    [
                        -86.5449724,
                        38.4041231
                    ],
                    [
                        -86.5444998,
                        38.4043454
                    ],
                    [
                        -86.5443389,
                        38.4047574
                    ],
                    [
                        -86.5440283,
                        38.4052833
                    ],
                    [
                        -86.5436206,
                        38.4057205
                    ],
                    [
                        -86.5427516,
                        38.4060904
                    ],
                    [
                        -86.5413455,
                        38.4061447
                    ],
                    [
                        -86.5400795,
                        38.4061362
                    ],
                    [
                        -86.5389208,
                        38.4058756
                    ],
                    [
                        -86.5384273,
                        38.4057831
                    ],
                    [
                        -86.5381913,
                        38.4057915
                    ],
                    [
                        -86.5380094,
                        38.40604
                    ],
                    [
                        -86.5385882,
                        38.4062203
                    ],
                    [
                        -86.5389852,
                        38.406296
                    ],
                    [
                        -86.5388028,
                        38.4064305
                    ],
                    [
                        -86.5383415,
                        38.4066071
                    ],
                    [
                        -86.5380947,
                        38.4066659
                    ],
                    [
                        -86.538084,
                        38.4068341
                    ],
                    [
                        -86.5383415,
                        38.4070695
                    ],
                    [
                        -86.5391676,
                        38.4071788
                    ],
                    [
                        -86.5398864,
                        38.4073301
                    ],
                    [
                        -86.540101,
                        38.4075907
                    ],
                    [
                        -86.540219,
                        38.4077336
                    ],
                    [
                        -86.5403585,
                        38.4076328
                    ],
                    [
                        -86.5407876,
                        38.4076496
                    ],
                    [
                        -86.5414636,
                        38.4078345
                    ],
                    [
                        -86.5420536,
                        38.4078513
                    ],
                    [
                        -86.5423433,
                        38.4077252
                    ],
                    [
                        -86.5429012,
                        38.4075991
                    ],
                    [
                        -86.5432445,
                        38.4077841
                    ],
                    [
                        -86.5434806,
                        38.4078093
                    ],
                    [
                        -86.5436737,
                        38.4075403
                    ],
                    [
                        -86.5439526,
                        38.4072208
                    ],
                    [
                        -86.5444354,
                        38.4071283
                    ],
                    [
                        -86.5446822,
                        38.4072124
                    ],
                    [
                        -86.5449504,
                        38.4073049
                    ],
                    [
                        -86.5451114,
                        38.4072796
                    ],
                    [
                        -86.5450363,
                        38.4070863
                    ],
                    [
                        -86.5450684,
                        38.4068172
                    ],
                    [
                        -86.5456478,
                        38.4064221
                    ],
                    [
                        -86.5462057,
                        38.406069
                    ],
                    [
                        -86.5465705,
                        38.405842
                    ],
                    [
                        -86.5470426,
                        38.4057579
                    ],
                    [
                        -86.5476005,
                        38.4058252
                    ],
                    [
                        -86.5481691,
                        38.4062035
                    ],
                    [
                        -86.5490381,
                        38.4067668
                    ],
                    [
                        -86.5500144,
                        38.407431
                    ],
                    [
                        -86.5503685,
                        38.407742
                    ],
                    [
                        -86.5505509,
                        38.407927
                    ],
                    [
                        -86.5512375,
                        38.408339
                    ],
                    [
                        -86.5515701,
                        38.4087
                    ],
                    [
                        -86.5517954,
                        38.4088514
                    ],
                    [
                        -86.5520422,
                        38.4088009
                    ],
                    [
                        -86.5523855,
                        38.4088093
                    ],
                    [
                        -86.5524826,
                        38.4089405
                    ],
                    [
                        -86.5526001,
                        38.4089186
                    ],
                    [
                        -86.5528361,
                        38.4087925
                    ],
                    [
                        -86.5529971,
                        38.4086664
                    ],
                    [
                        -86.5530722,
                        38.4085235
                    ],
                    [
                        -86.5529756,
                        38.4083894
                    ],
                    [
                        -86.5531365,
                        38.408381
                    ],
                    [
                        -86.5534155,
                        38.4084646
                    ],
                    [
                        -86.5535448,
                        38.4085285
                    ],
                    [
                        -86.5535555,
                        38.4086378
                    ],
                    [
                        -86.5533297,
                        38.4087
                    ],
                    [
                        -86.5531687,
                        38.4087589
                    ],
                    [
                        -86.5529971,
                        38.4088009
                    ],
                    [
                        -86.5527294,
                        38.4089993
                    ],
                    [
                        -86.5527503,
                        38.4093053
                    ],
                    [
                        -86.5527396,
                        38.4095407
                    ],
                    [
                        -86.5528796,
                        38.4098316
                    ],
                    [
                        -86.5524612,
                        38.4102436
                    ],
                    [
                        -86.5521715,
                        38.4105042
                    ],
                    [
                        -86.5520105,
                        38.410748
                    ],
                    [
                        -86.5516881,
                        38.4107598
                    ],
                    [
                        -86.5509586,
                        38.4107261
                    ],
                    [
                        -86.5499715,
                        38.4106841
                    ],
                    [
                        -86.5493922,
                        38.4107345
                    ],
                    [
                        -86.5489743,
                        38.4108405
                    ],
                    [
                        -86.5488992,
                        38.410975
                    ],
                    [
                        -86.5491025,
                        38.411012
                    ],
                    [
                        -86.549478,
                        38.4109951
                    ],
                    [
                        -86.5498213,
                        38.4109951
                    ],
                    [
                        -86.549993,
                        38.4111212
                    ],
                    [
                        -86.5501217,
                        38.4112389
                    ],
                    [
                        -86.5503148,
                        38.4111633
                    ],
                    [
                        -86.5505723,
                        38.4111717
                    ],
                    [
                        -86.5507762,
                        38.4113314
                    ],
                    [
                        -86.55098,
                        38.411365
                    ],
                    [
                        -86.5512161,
                        38.4113062
                    ],
                    [
                        -86.5517418,
                        38.411365
                    ],
                    [
                        -86.5522353,
                        38.4114743
                    ],
                    [
                        -86.5525786,
                        38.4117938
                    ],
                    [
                        -86.5529649,
                        38.4121469
                    ],
                    [
                        -86.5531585,
                        38.4123369
                    ],
                    [
                        -86.552879,
                        38.4125504
                    ],
                    [
                        -86.5525148,
                        38.4129421
                    ],
                    [
                        -86.5525577,
                        38.4131187
                    ],
                    [
                        -86.5528147,
                        38.4129371
                    ],
                    [
                        -86.55304,
                        38.4127942
                    ],
                    [
                        -86.5535764,
                        38.4126261
                    ],
                    [
                        -86.5537052,
                        38.4125168
                    ],
                    [
                        -86.554027,
                        38.4125924
                    ],
                    [
                        -86.5540383,
                        38.4128413
                    ],
                    [
                        -86.5539632,
                        38.4133457
                    ],
                    [
                        -86.5536628,
                        38.4136483
                    ],
                    [
                        -86.5536193,
                        38.4138114
                    ],
                    [
                        -86.5536837,
                        38.413887
                    ],
                    [
                        -86.554027,
                        38.4138702
                    ],
                    [
                        -86.5546064,
                        38.4138114
                    ],
                    [
                        -86.5550463,
                        38.4138282
                    ],
                    [
                        -86.5555398,
                        38.4140384
                    ],
                    [
                        -86.5559046,
                        38.4144082
                    ],
                    [
                        -86.556205,
                        38.4146857
                    ],
                    [
                        -86.5567849,
                        38.4149261
                    ],
                    [
                        -86.5573959,
                        38.4154086
                    ],
                    [
                        -86.5579967,
                        38.4157028
                    ],
                    [
                        -86.5584258,
                        38.4159466
                    ],
                    [
                        -86.5585224,
                        38.4161063
                    ],
                    [
                        -86.5584258,
                        38.4162913
                    ],
                    [
                        -86.5580723,
                        38.4165905
                    ],
                    [
                        -86.5579114,
                        38.4168679
                    ],
                    [
                        -86.5577076,
                        38.4170949
                    ],
                    [
                        -86.5577076,
                        38.4172378
                    ],
                    [
                        -86.5580825,
                        38.4170983
                    ],
                    [
                        -86.5585653,
                        38.4169722
                    ],
                    [
                        -86.5591232,
                        38.416989
                    ],
                    [
                        -86.5594987,
                        38.4174177
                    ],
                    [
                        -86.5597031,
                        38.4178682
                    ],
                    [
                        -86.5595744,
                        38.4182045
                    ],
                    [
                        -86.559606,
                        38.41846
                    ],
                    [
                        -86.5599493,
                        38.4184852
                    ],
                    [
                        -86.560239,
                        38.4184264
                    ],
                    [
                        -86.560518,
                        38.4185525
                    ],
                    [
                        -86.5604756,
                        38.4188602
                    ],
                    [
                        -86.5604112,
                        38.4190619
                    ],
                    [
                        -86.5604541,
                        38.4191964
                    ],
                    [
                        -86.5606789,
                        38.4193174
                    ],
                    [
                        -86.5608506,
                        38.4193931
                    ],
                    [
                        -86.5605072,
                        38.419578
                    ],
                    [
                        -86.5603361,
                        38.4197764
                    ],
                    [
                        -86.5603463,
                        38.4198806
                    ],
                    [
                        -86.5605287,
                        38.4199058
                    ],
                    [
                        -86.5609257,
                        38.4199143
                    ],
                    [
                        -86.5608296,
                        38.4200118
                    ],
                    [
                        -86.5604643,
                        38.4201076
                    ],
                    [
                        -86.5604107,
                        38.4203009
                    ],
                    [
                        -86.5605287,
                        38.4203934
                    ],
                    [
                        -86.5609793,
                        38.4204354
                    ],
                    [
                        -86.5612797,
                        38.4205279
                    ],
                    [
                        -86.5613119,
                        38.4207296
                    ],
                    [
                        -86.5609579,
                        38.4209734
                    ],
                    [
                        -86.5607545,
                        38.4212054
                    ],
                    [
                        -86.5607647,
                        38.4213012
                    ],
                    [
                        -86.5610866,
                        38.4212592
                    ],
                    [
                        -86.5613548,
                        38.4212424
                    ],
                    [
                        -86.5613655,
                        38.4214693
                    ],
                    [
                        -86.5611944,
                        38.4216257
                    ],
                    [
                        -86.5611081,
                        38.4217467
                    ],
                    [
                        -86.5611832,
                        38.4218307
                    ],
                    [
                        -86.5613763,
                        38.4218307
                    ],
                    [
                        -86.5615372,
                        38.4219652
                    ],
                    [
                        -86.5615592,
                        38.4220459
                    ],
                    [
                        -86.5617947,
                        38.4220745
                    ],
                    [
                        -86.5618698,
                        38.4218644
                    ],
                    [
                        -86.5618913,
                        38.421587
                    ],
                    [
                        -86.5619556,
                        38.4215197
                    ],
                    [
                        -86.5620737,
                        38.4216458
                    ],
                    [
                        -86.5621064,
                        38.421861
                    ],
                    [
                        -86.5622131,
                        38.4219989
                    ],
                    [
                        -86.5624062,
                        38.4220997
                    ],
                    [
                        -86.5625135,
                        38.4219568
                    ],
                    [
                        -86.5625565,
                        38.4217719
                    ],
                    [
                        -86.5626637,
                        38.4217131
                    ],
                    [
                        -86.5627174,
                        38.4214273
                    ],
                    [
                        -86.5628461,
                        38.4212508
                    ],
                    [
                        -86.562932,
                        38.4211331
                    ],
                    [
                        -86.5629641,
                        38.4214273
                    ],
                    [
                        -86.5629218,
                        38.4215752
                    ],
                    [
                        -86.5631036,
                        38.4215702
                    ],
                    [
                        -86.5633826,
                        38.4214861
                    ],
                    [
                        -86.5636079,
                        38.421671
                    ],
                    [
                        -86.563544,
                        38.4218778
                    ],
                    [
                        -86.5637581,
                        38.4219989
                    ],
                    [
                        -86.5638976,
                        38.4220577
                    ],
                    [
                        -86.5638654,
                        38.4222258
                    ],
                    [
                        -86.5636508,
                        38.4221838
                    ],
                    [
                        -86.5634362,
                        38.4222006
                    ],
                    [
                        -86.5632967,
                        38.4222678
                    ],
                    [
                        -86.5631578,
                        38.4224074
                    ],
                    [
                        -86.5630714,
                        38.42252
                    ],
                    [
                        -86.5632002,
                        38.4226461
                    ],
                    [
                        -86.5632753,
                        38.422747
                    ],
                    [
                        -86.563522,
                        38.4227049
                    ],
                    [
                        -86.5636508,
                        38.4226881
                    ],
                    [
                        -86.5637581,
                        38.4228982
                    ],
                    [
                        -86.5636621,
                        38.4232311
                    ],
                    [
                        -86.5636621,
                        38.4233824
                    ],
                    [
                        -86.5638546,
                        38.4234194
                    ],
                    [
                        -86.5639619,
                        38.4235371
                    ],
                    [
                        -86.5637903,
                        38.423722
                    ],
                    [
                        -86.5639297,
                        38.4239069
                    ],
                    [
                        -86.5638332,
                        38.4241591
                    ],
                    [
                        -86.5638444,
                        38.4242986
                    ],
                    [
                        -86.5635006,
                        38.4243524
                    ],
                    [
                        -86.5630392,
                        38.4243104
                    ],
                    [
                        -86.5622775,
                        38.4239069
                    ],
                    [
                        -86.5616874,
                        38.4236211
                    ],
                    [
                        -86.5608828,
                        38.4232933
                    ],
                    [
                        -86.5598957,
                        38.4230748
                    ],
                    [
                        -86.5587906,
                        38.4229235
                    ],
                    [
                        -86.5579001,
                        38.4229739
                    ],
                    [
                        -86.5568487,
                        38.4231924
                    ],
                    [
                        -86.5558617,
                        38.4234026
                    ],
                    [
                        -86.5548746,
                        38.4238144
                    ],
                    [
                        -86.5537486,
                        38.4245507
                    ],
                    [
                        -86.5529112,
                        38.4251173
                    ],
                    [
                        -86.5523748,
                        38.4252097
                    ],
                    [
                        -86.5520529,
                        38.4251509
                    ],
                    [
                        -86.5518169,
                        38.4248231
                    ],
                    [
                        -86.5517096,
                        38.4240498
                    ],
                    [
                        -86.5516774,
                        38.4235959
                    ],
                    [
                        -86.5515916,
                        38.4233269
                    ],
                    [
                        -86.551613,
                        38.4231168
                    ],
                    [
                        -86.5513663,
                        38.4231252
                    ],
                    [
                        -86.5511517,
                        38.4231
                    ],
                    [
                        -86.551023,
                        38.4228562
                    ],
                    [
                        -86.5510766,
                        38.4225032
                    ],
                    [
                        -86.5512161,
                        38.4223099
                    ],
                    [
                        -86.5512912,
                        38.4222594
                    ],
                    [
                        -86.551141,
                        38.4220325
                    ],
                    [
                        -86.5511195,
                        38.4217299
                    ],
                    [
                        -86.5510122,
                        38.4215029
                    ],
                    [
                        -86.5508406,
                        38.4213348
                    ],
                    [
                        -86.5507225,
                        38.4212087
                    ],
                    [
                        -86.550508,
                        38.4211247
                    ],
                    [
                        -86.5504221,
                        38.4210322
                    ],
                    [
                        -86.550347,
                        38.4213264
                    ],
                    [
                        -86.5504334,
                        38.4220711
                    ],
                    [
                        -86.5503578,
                        38.4225368
                    ],
                    [
                        -86.550251,
                        38.4228781
                    ],
                    [
                        -86.5500794,
                        38.4229453
                    ],
                    [
                        -86.549596,
                        38.4227974
                    ],
                    [
                        -86.5490918,
                        38.4226041
                    ],
                    [
                        -86.5484808,
                        38.4226175
                    ],
                    [
                        -86.5480838,
                        38.4226259
                    ],
                    [
                        -86.5478579,
                        38.4227217
                    ],
                    [
                        -86.547601,
                        38.4230462
                    ],
                    [
                        -86.5474186,
                        38.4232815
                    ],
                    [
                        -86.5467958,
                        38.423058
                    ],
                    [
                        -86.5465598,
                        38.4228058
                    ],
                    [
                        -86.5461413,
                        38.4223855
                    ],
                    [
                        -86.5458946,
                        38.4221838
                    ],
                    [
                        -86.5457873,
                        38.4219064
                    ],
                    [
                        -86.5458838,
                        38.421671
                    ],
                    [
                        -86.5459375,
                        38.4216374
                    ],
                    [
                        -86.545916,
                        38.4213264
                    ],
                    [
                        -86.545916,
                        38.4211331
                    ],
                    [
                        -86.5459804,
                        38.4209734
                    ],
                    [
                        -86.5461091,
                        38.4207464
                    ],
                    [
                        -86.5463237,
                        38.420469
                    ],
                    [
                        -86.5466778,
                        38.4202589
                    ],
                    [
                        -86.5470962,
                        38.4200151
                    ],
                    [
                        -86.5473108,
                        38.4198974
                    ],
                    [
                        -86.5474395,
                        38.4196453
                    ],
                    [
                        -86.5473966,
                        38.4194435
                    ],
                    [
                        -86.5467856,
                        38.4197764
                    ],
                    [
                        -86.5462808,
                        38.4198806
                    ],
                    [
                        -86.5460877,
                        38.4197293
                    ],
                    [
                        -86.5458522,
                        38.4198268
                    ],
                    [
                        -86.5456054,
                        38.4203312
                    ],
                    [
                        -86.545466,
                        38.4206506
                    ],
                    [
                        -86.5452187,
                        38.4205867
                    ],
                    [
                        -86.5452723,
                        38.4207884
                    ],
                    [
                        -86.545305,
                        38.4210036
                    ],
                    [
                        -86.5451221,
                        38.4210238
                    ],
                    [
                        -86.544929,
                        38.4208473
                    ],
                    [
                        -86.5447144,
                        38.4207884
                    ],
                    [
                        -86.5443711,
                        38.4207548
                    ],
                    [
                        -86.5441141,
                        38.4208439
                    ],
                    [
                        -86.5442531,
                        38.421049
                    ],
                    [
                        -86.5445427,
                        38.421276
                    ],
                    [
                        -86.5446398,
                        38.4217181
                    ],
                    [
                        -86.5447364,
                        38.4219535
                    ],
                    [
                        -86.5449719,
                        38.4221502
                    ],
                    [
                        -86.5452401,
                        38.4222762
                    ],
                    [
                        -86.5454976,
                        38.4226713
                    ],
                    [
                        -86.5456693,
                        38.4228646
                    ],
                    [
                        -86.54568,
                        38.423058
                    ],
                    [
                        -86.5453474,
                        38.4229991
                    ],
                    [
                        -86.5444247,
                        38.4227806
                    ],
                    [
                        -86.5437273,
                        38.4225957
                    ],
                    [
                        -86.5436844,
                        38.4223603
                    ],
                    [
                        -86.5435986,
                        38.4221502
                    ],
                    [
                        -86.5432982,
                        38.4219148
                    ],
                    [
                        -86.5428368,
                        38.4215702
                    ],
                    [
                        -86.5424077,
                        38.4211835
                    ],
                    [
                        -86.5421287,
                        38.4207212
                    ],
                    [
                        -86.5419249,
                        38.4200824
                    ],
                    [
                        -86.5416567,
                        38.419225
                    ],
                    [
                        -86.5413885,
                        38.4184684
                    ],
                    [
                        -86.5410129,
                        38.4179473
                    ],
                    [
                        -86.5404658,
                        38.4174093
                    ],
                    [
                        -86.5401868,
                        38.4168629
                    ],
                    [
                        -86.5401976,
                        38.4165771
                    ],
                    [
                        -86.5399937,
                        38.4163501
                    ],
                    [
                        -86.5396289,
                        38.4162324
                    ],
                    [
                        -86.5390174,
                        38.4157028
                    ],
                    [
                        -86.5385882,
                        38.4151564
                    ],
                    [
                        -86.5382234,
                        38.4149463
                    ],
                    [
                        -86.5377728,
                        38.4146184
                    ],
                    [
                        -86.5372257,
                        38.4144082
                    ],
                    [
                        -86.5366034,
                        38.4143494
                    ],
                    [
                        -86.5362708,
                        38.4143494
                    ],
                    [
                        -86.5362493,
                        38.4145511
                    ],
                    [
                        -86.5359956,
                        38.4146659
                    ],
                    [
                        -86.5358631,
                        38.4145932
                    ],
                    [
                        -86.535692,
                        38.4143292
                    ],
                    [
                        -86.5353052,
                        38.4141476
                    ],
                    [
                        -86.5349477,
                        38.4140149
                    ],
                    [
                        -86.5347793,
                        38.4139461
                    ],
                    [
                        -86.5346452,
                        38.4140176
                    ],
                    [
                        -86.5345325,
                        38.4140974
                    ],
                    [
                        -86.5345969,
                        38.4143917
                    ],
                    [
                        -86.5345593,
                        38.4146901
                    ],
                    [
                        -86.5343501,
                        38.4150726
                    ],
                    [
                        -86.5340604,
                        38.4153332
                    ],
                    [
                        -86.5336152,
                        38.4157241
                    ],
                    [
                        -86.5332343,
                        38.4162116
                    ],
                    [
                        -86.5327408,
                        38.416737
                    ],
                    [
                        -86.5323224,
                        38.4171111
                    ],
                    [
                        -86.5321936,
                        38.4172876
                    ],
                    [
                        -86.5321829,
                        38.4174768
                    ],
                    [
                        -86.5320649,
                        38.4178719
                    ],
                    [
                        -86.5320649,
                        38.4183426
                    ],
                    [
                        -86.5318396,
                        38.4188217
                    ],
                    [
                        -86.5314104,
                        38.4195783
                    ],
                    [
                        -86.53111,
                        38.420091
                    ],
                    [
                        -86.5308203,
                        38.4205407
                    ],
                    [
                        -86.5307881,
                        38.4210703
                    ],
                    [
                        -86.5308311,
                        38.4216335
                    ],
                    [
                        -86.5308042,
                        38.4219445
                    ],
                    [
                        -86.5304555,
                        38.4222219
                    ],
                    [
                        -86.529962,
                        38.4224404
                    ],
                    [
                        -86.5292378,
                        38.4226421
                    ],
                    [
                        -86.5287336,
                        38.4229363
                    ],
                    [
                        -86.5283634,
                        38.4231338
                    ],
                    [
                        -86.5276178,
                        38.4231801
                    ],
                    [
                        -86.5269579,
                        38.4231675
                    ],
                    [
                        -86.5268667,
                        38.4232767
                    ],
                    [
                        -86.5268775,
                        38.4235289
                    ],
                    [
                        -86.5267112,
                        38.4235667
                    ],
                    [
                        -86.5264934,
                        38.423648
                    ],
                    [
                        -86.5264322,
                        38.4237348
                    ],
                    [
                        -86.5261586,
                        38.4237516
                    ],
                    [
                        -86.5258604,
                        38.4236985
                    ],
                    [
                        -86.5256973,
                        38.4236676
                    ],
                    [
                        -86.5258743,
                        38.4237727
                    ],
                    [
                        -86.5260835,
                        38.4238735
                    ],
                    [
                        -86.5264537,
                        38.423987
                    ],
                    [
                        -86.526797,
                        38.4240374
                    ],
                    [
                        -86.5269794,
                        38.4239912
                    ],
                    [
                        -86.5271886,
                        38.423966
                    ],
                    [
                        -86.5274515,
                        38.4239534
                    ],
                    [
                        -86.5276982,
                        38.424008
                    ],
                    [
                        -86.5282186,
                        38.4240837
                    ],
                    [
                        -86.5286155,
                        38.4241215
                    ],
                    [
                        -86.5289642,
                        38.4240248
                    ],
                    [
                        -86.5292271,
                        38.4238567
                    ],
                    [
                        -86.5293344,
                        38.4238273
                    ],
                    [
                        -86.5293988,
                        38.4237222
                    ],
                    [
                        -86.5294739,
                        38.423676
                    ],
                    [
                        -86.5296294,
                        38.4236172
                    ],
                    [
                        -86.5297474,
                        38.4236088
                    ],
                    [
                        -86.5298279,
                        38.4234322
                    ],
                    [
                        -86.5298816,
                        38.4233734
                    ],
                    [
                        -86.5301551,
                        38.4233776
                    ],
                    [
                        -86.5302785,
                        38.423323
                    ],
                    [
                        -86.530418,
                        38.4232599
                    ],
                    [
                        -86.5305467,
                        38.4232683
                    ],
                    [
                        -86.5306326,
                        38.4233524
                    ],
                    [
                        -86.5307184,
                        38.423386
                    ],
                    [
                        -86.5308954,
                        38.4234154
                    ],
                    [
                        -86.5309759,
                        38.4233314
                    ],
                    [
                        -86.5309652,
                        38.4232263
                    ],
                    [
                        -86.5310564,
                        38.4231254
                    ],
                    [
                        -86.531169,
                        38.4230876
                    ],
                    [
                        -86.5313836,
                        38.4230582
                    ],
                    [
                        -86.531566,
                        38.4230498
                    ],
                    [
                        -86.5317001,
                        38.4231128
                    ],
                    [
                        -86.53192,
                        38.4232725
                    ],
                    [
                        -86.5321368,
                        38.4234715
                    ],
                    [
                        -86.5324404,
                        38.4237138
                    ],
                    [
                        -86.5327301,
                        38.4239996
                    ],
                    [
                        -86.5329178,
                        38.4244577
                    ],
                    [
                        -86.5330466,
                        38.4247939
                    ],
                    [
                        -86.5330787,
                        38.4254243
                    ],
                    [
                        -86.5330305,
                        38.4257059
                    ],
                    [
                        -86.5331109,
                        38.4260631
                    ],
                    [
                        -86.5331807,
                        38.4264833
                    ],
                    [
                        -86.5333577,
                        38.4268195
                    ],
                    [
                        -86.5336903,
                        38.4273869
                    ],
                    [
                        -86.5339692,
                        38.4279122
                    ],
                    [
                        -86.5343769,
                        38.4288157
                    ],
                    [
                        -86.5348007,
                        38.4296394
                    ],
                    [
                        -86.5349563,
                        38.4299755
                    ],
                    [
                        -86.5351601,
                        38.4303285
                    ],
                    [
                        -86.5355196,
                        38.4307656
                    ],
                    [
                        -86.5360292,
                        38.4314085
                    ],
                    [
                        -86.5366461,
                        38.4322111
                    ],
                    [
                        -86.5369948,
                        38.4330264
                    ],
                    [
                        -86.5370591,
                        38.4336105
                    ],
                    [
                        -86.5369948,
                        38.4341189
                    ],
                    [
                        -86.5365656,
                        38.4344131
                    ],
                    [
                        -86.5360045,
                        38.4345952
                    ],
                    [
                        -86.5354895,
                        38.4345574
                    ],
                    [
                        -86.5348672,
                        38.4345196
                    ],
                    [
                        -86.5342128,
                        38.4343809
                    ],
                    [
                        -86.5338265,
                        38.434196
                    ],
                    [
                        -86.5334349,
                        38.4339187
                    ],
                    [
                        -86.5330519,
                        38.4336483
                    ],
                    [
                        -86.5327891,
                        38.4333961
                    ],
                    [
                        -86.532714,
                        38.433123
                    ],
                    [
                        -86.5324994,
                        38.4329339
                    ],
                    [
                        -86.5322687,
                        38.4328457
                    ],
                    [
                        -86.5319597,
                        38.4328513
                    ],
                    [
                        -86.5318127,
                        38.4329129
                    ],
                    [
                        -86.531861,
                        38.4333415
                    ],
                    [
                        -86.531979,
                        38.4335264
                    ],
                    [
                        -86.5318181,
                        38.433581
                    ],
                    [
                        -86.5315821,
                        38.4335558
                    ],
                    [
                        -86.5314394,
                        38.4333976
                    ],
                    [
                        -86.5313031,
                        38.4330726
                    ],
                    [
                        -86.5312602,
                        38.4329465
                    ],
                    [
                        -86.5310403,
                        38.4328877
                    ],
                    [
                        -86.5306755,
                        38.4329255
                    ],
                    [
                        -86.5306755,
                        38.4332659
                    ],
                    [
                        -86.5308525,
                        38.4334508
                    ],
                    [
                        -86.5310242,
                        38.4335516
                    ],
                    [
                        -86.5309222,
                        38.4336147
                    ],
                    [
                        -86.5301197,
                        38.4333178
                    ],
                    [
                        -86.5296798,
                        38.4331539
                    ],
                    [
                        -86.5292292,
                        38.4329102
                    ],
                    [
                        -86.5291305,
                        38.4329759
                    ],
                    [
                        -86.5292807,
                        38.4331398
                    ],
                    [
                        -86.5289181,
                        38.4331917
                    ],
                    [
                        -86.5287175,
                        38.4332323
                    ],
                    [
                        -86.5286263,
                        38.4333247
                    ],
                    [
                        -86.5283656,
                        38.4333388
                    ],
                    [
                        -86.5277969,
                        38.4332211
                    ],
                    [
                        -86.5274622,
                        38.4329885
                    ],
                    [
                        -86.5271103,
                        38.4327043
                    ],
                    [
                        -86.5270974,
                        38.4325179
                    ],
                    [
                        -86.5272637,
                        38.4322069
                    ],
                    [
                        -86.5273442,
                        38.43198
                    ],
                    [
                        -86.5272476,
                        38.4315346
                    ],
                    [
                        -86.5270921,
                        38.4311648
                    ],
                    [
                        -86.5265878,
                        38.4294755
                    ],
                    [
                        -86.5261962,
                        38.428303
                    ],
                    [
                        -86.5261501,
                        38.428149
                    ],
                    [
                        -86.5260782,
                        38.4281055
                    ],
                    [
                        -86.5260112,
                        38.4281176
                    ],
                    [
                        -86.5259387,
                        38.4281307
                    ],
                    [
                        -86.5258958,
                        38.4282778
                    ],
                    [
                        -86.5259387,
                        38.4286182
                    ],
                    [
                        -86.5260996,
                        38.4289754
                    ],
                    [
                        -86.5262498,
                        38.4294629
                    ],
                    [
                        -86.5268131,
                        38.4313203
                    ],
                    [
                        -86.5270062,
                        38.4317405
                    ],
                    [
                        -86.5269955,
                        38.4320725
                    ],
                    [
                        -86.5268131,
                        38.432354
                    ],
                    [
                        -86.5266951,
                        38.4325389
                    ],
                    [
                        -86.5266522,
                        38.432686
                    ],
                    [
                        -86.5269579,
                        38.4330138
                    ],
                    [
                        -86.5273656,
                        38.4332365
                    ],
                    [
                        -86.5275373,
                        38.4334003
                    ],
                    [
                        -86.5278806,
                        38.4335054
                    ],
                    [
                        -86.5282669,
                        38.4335936
                    ],
                    [
                        -86.5285995,
                        38.4336231
                    ],
                    [
                        -86.5288945,
                        38.4337239
                    ],
                    [
                        -86.5290823,
                        38.4338668
                    ],
                    [
                        -86.5293451,
                        38.4340349
                    ],
                    [
                        -86.5297689,
                        38.4341651
                    ],
                    [
                        -86.5301712,
                        38.4343038
                    ],
                    [
                        -86.5306487,
                        38.4344635
                    ],
                    [
                        -86.5312978,
                        38.43464
                    ],
                    [
                        -86.5323224,
                        38.4348122
                    ],
                    [
                        -86.5328481,
                        38.4348417
                    ],
                    [
                        -86.5331538,
                        38.4350097
                    ],
                    [
                        -86.5334489,
                        38.435161
                    ],
                    [
                        -86.5337868,
                        38.4353081
                    ],
                    [
                        -86.5338727,
                        38.4354257
                    ],
                    [
                        -86.5336849,
                        38.4355686
                    ],
                    [
                        -86.5334703,
                        38.4358711
                    ],
                    [
                        -86.5333952,
                        38.4362913
                    ],
                    [
                        -86.5333792,
                        38.4365771
                    ],
                    [
                        -86.5335401,
                        38.4366149
                    ],
                    [
                        -86.5335133,
                        38.4367283
                    ],
                    [
                        -86.5333792,
                        38.4371317
                    ],
                    [
                        -86.533288,
                        38.4375351
                    ],
                    [
                        -86.5331914,
                        38.4376738
                    ],
                    [
                        -86.5330541,
                        38.4376963
                    ],
                    [
                        -86.5327998,
                        38.4376612
                    ],
                    [
                        -86.5324908,
                        38.437671
                    ],
                    [
                        -86.5320777,
                        38.4376626
                    ],
                    [
                        -86.5316196,
                        38.4375309
                    ],
                    [
                        -86.5314694,
                        38.4375309
                    ],
                    [
                        -86.5313031,
                        38.4376402
                    ],
                    [
                        -86.5311175,
                        38.4377005
                    ],
                    [
                        -86.5308364,
                        38.437699
                    ],
                    [
                        -86.5303053,
                        38.4376276
                    ],
                    [
                        -86.5299534,
                        38.4375408
                    ],
                    [
                        -86.5298247,
                        38.437503
                    ],
                    [
                        -86.5296906,
                        38.4374946
                    ],
                    [
                        -86.5294256,
                        38.4380225
                    ],
                    [
                        -86.5291574,
                        38.4383251
                    ],
                    [
                        -86.5286821,
                        38.4385408
                    ],
                    [
                        -86.5281918,
                        38.4387158
                    ],
                    [
                        -86.527827,
                        38.4391066
                    ],
                    [
                        -86.5276017,
                        38.4392537
                    ],
                    [
                        -86.5275695,
                        38.4393713
                    ],
                    [
                        -86.5277197,
                        38.4393839
                    ],
                    [
                        -86.5279396,
                        38.4392915
                    ],
                    [
                        -86.5281488,
                        38.439199
                    ],
                    [
                        -86.5283473,
                        38.4390562
                    ],
                    [
                        -86.5284332,
                        38.4390982
                    ],
                    [
                        -86.5282776,
                        38.4392999
                    ],
                    [
                        -86.528181,
                        38.4393881
                    ],
                    [
                        -86.5283044,
                        38.4395436
                    ],
                    [
                        -86.5285136,
                        38.439594
                    ],
                    [
                        -86.5287014,
                        38.4395478
                    ],
                    [
                        -86.5288087,
                        38.4393587
                    ],
                    [
                        -86.5288677,
                        38.4393083
                    ],
                    [
                        -86.5289428,
                        38.4396486
                    ],
                    [
                        -86.5290608,
                        38.4398167
                    ],
                    [
                        -86.529152,
                        38.4399133
                    ],
                    [
                        -86.5293505,
                        38.4400226
                    ],
                    [
                        -86.5295436,
                        38.4400436
                    ],
                    [
                        -86.5295758,
                        38.4402495
                    ],
                    [
                        -86.5295704,
                        38.4405352
                    ],
                    [
                        -86.5295436,
                        38.4407033
                    ],
                    [
                        -86.5294041,
                        38.4407747
                    ],
                    [
                        -86.5292754,
                        38.4407705
                    ],
                    [
                        -86.5291788,
                        38.4406318
                    ],
                    [
                        -86.5290876,
                        38.4405352
                    ],
                    [
                        -86.5288838,
                        38.4405856
                    ],
                    [
                        -86.5287228,
                        38.4406192
                    ],
                    [
                        -86.5285351,
                        38.4405856
                    ],
                    [
                        -86.5283012,
                        38.4405367
                    ],
                    [
                        -86.5281542,
                        38.4405982
                    ],
                    [
                        -86.5281167,
                        38.440657
                    ],
                    [
                        -86.5281971,
                        38.4406612
                    ],
                    [
                        -86.5283366,
                        38.4406528
                    ],
                    [
                        -86.528519,
                        38.4406696
                    ],
                    [
                        -86.5286692,
                        38.4407453
                    ],
                    [
                        -86.5287818,
                        38.4407495
                    ],
                    [
                        -86.5289535,
                        38.4406864
                    ],
                    [
                        -86.5290447,
                        38.440678
                    ],
                    [
                        -86.5291198,
                        38.4407495
                    ],
                    [
                        -86.5292271,
                        38.4408839
                    ],
                    [
                        -86.529329,
                        38.4409133
                    ],
                    [
                        -86.5296294,
                        38.4409091
                    ],
                    [
                        -86.5298118,
                        38.4407495
                    ],
                    [
                        -86.5298386,
                        38.4405268
                    ],
                    [
                        -86.5298816,
                        38.4401402
                    ],
                    [
                        -86.5300908,
                        38.4399343
                    ],
                    [
                        -86.5302141,
                        38.4399427
                    ],
                    [
                        -86.5303375,
                        38.4401318
                    ],
                    [
                        -86.530477,
                        38.4404007
                    ],
                    [
                        -86.530756,
                        38.4405688
                    ],
                    [
                        -86.5309115,
                        38.4406066
                    ],
                    [
                        -86.5311636,
                        38.4406066
                    ],
                    [
                        -86.5314104,
                        38.4403881
                    ],
                    [
                        -86.5317645,
                        38.4400772
                    ],
                    [
                        -86.5320649,
                        38.4398335
                    ],
                    [
                        -86.5325552,
                        38.4396081
                    ],
                    [
                        -86.5331431,
                        38.4393167
                    ],
                    [
                        -86.5335079,
                        38.4392284
                    ],
                    [
                        -86.533701,
                        38.4391402
                    ],
                    [
                        -86.5338727,
                        38.4389763
                    ],
                    [
                        -86.5340712,
                        38.4387663
                    ],
                    [
                        -86.5341516,
                        38.4385646
                    ],
                    [
                        -86.5343823,
                        38.4384217
                    ],
                    [
                        -86.5344628,
                        38.438283
                    ],
                    [
                        -86.5345593,
                        38.4381948
                    ],
                    [
                        -86.5346183,
                        38.4381948
                    ],
                    [
                        -86.5346934,
                        38.4383335
                    ],
                    [
                        -86.5347685,
                        38.4384385
                    ],
                    [
                        -86.534908,
                        38.4384679
                    ],
                    [
                        -86.5351011,
                        38.4383923
                    ],
                    [
                        -86.5352513,
                        38.4382494
                    ],
                    [
                        -86.5352621,
                        38.4381108
                    ],
                    [
                        -86.5352782,
                        38.4379469
                    ],
                    [
                        -86.5353854,
                        38.4378839
                    ],
                    [
                        -86.5355625,
                        38.4378923
                    ],
                    [
                        -86.5357663,
                        38.437804
                    ],
                    [
                        -86.5360345,
                        38.4375855
                    ],
                    [
                        -86.5361365,
                        38.4374595
                    ],
                    [
                        -86.5362223,
                        38.437283
                    ],
                    [
                        -86.5362545,
                        38.4371737
                    ],
                    [
                        -86.536394,
                        38.4371275
                    ],
                    [
                        -86.5369143,
                        38.4370855
                    ],
                    [
                        -86.5374615,
                        38.4371569
                    ],
                    [
                        -86.5378209,
                        38.4373208
                    ],
                    [
                        -86.5380194,
                        38.4373838
                    ],
                    [
                        -86.5383251,
                        38.437262
                    ],
                    [
                        -86.538529,
                        38.4371275
                    ],
                    [
                        -86.5389313,
                        38.4370267
                    ],
                    [
                        -86.5392156,
                        38.4369468
                    ],
                    [
                        -86.5392264,
                        38.4368208
                    ],
                    [
                        -86.539221,
                        38.4366695
                    ],
                    [
                        -86.5394141,
                        38.4365771
                    ],
                    [
                        -86.5395643,
                        38.4366023
                    ],
                    [
                        -86.5397682,
                        38.4365897
                    ],
                    [
                        -86.5399345,
                        38.4365183
                    ],
                    [
                        -86.5399988,
                        38.436388
                    ],
                    [
                        -86.5400203,
                        38.4360602
                    ],
                    [
                        -86.5400257,
                        38.4358081
                    ],
                    [
                        -86.5400525,
                        38.435472
                    ],
                    [
                        -86.5399527,
                        38.4351205
                    ],
                    [
                        -86.5397682,
                        38.4347786
                    ],
                    [
                        -86.5395911,
                        38.4341987
                    ],
                    [
                        -86.5393873,
                        38.433518
                    ],
                    [
                        -86.5391244,
                        38.4329339
                    ],
                    [
                        -86.5388723,
                        38.4323708
                    ],
                    [
                        -86.5387972,
                        38.4321061
                    ],
                    [
                        -86.5385934,
                        38.4318287
                    ],
                    [
                        -86.5384807,
                        38.4315976
                    ],
                    [
                        -86.5381588,
                        38.430732
                    ],
                    [
                        -86.5379711,
                        38.4304714
                    ],
                    [
                        -86.5378102,
                        38.4302445
                    ],
                    [
                        -86.5377941,
                        38.4299419
                    ],
                    [
                        -86.5376063,
                        38.4294797
                    ],
                    [
                        -86.5374207,
                        38.4291492
                    ],
                    [
                        -86.5372415,
                        38.4287695
                    ],
                    [
                        -86.5370645,
                        38.4284459
                    ],
                    [
                        -86.5368177,
                        38.4281853
                    ],
                    [
                        -86.5366354,
                        38.4279962
                    ],
                    [
                        -86.5365463,
                        38.4277287
                    ],
                    [
                        -86.5366568,
                        38.4274331
                    ],
                    [
                        -86.5367105,
                        38.4271809
                    ],
                    [
                        -86.5367105,
                        38.4267901
                    ],
                    [
                        -86.5366514,
                        38.4264497
                    ],
                    [
                        -86.5365334,
                        38.4261765
                    ],
                    [
                        -86.5363564,
                        38.4257899
                    ],
                    [
                        -86.5362083,
                        38.4254846
                    ],
                    [
                        -86.5361257,
                        38.4251889
                    ],
                    [
                        -86.5359219,
                        38.4247056
                    ],
                    [
                        -86.535761,
                        38.4243694
                    ],
                    [
                        -86.5356376,
                        38.4240416
                    ],
                    [
                        -86.5356,
                        38.423344
                    ],
                    [
                        -86.5357019,
                        38.422806
                    ],
                    [
                        -86.5356537,
                        38.4223353
                    ],
                    [
                        -86.5357341,
                        38.4221168
                    ],
                    [
                        -86.5358468,
                        38.4219613
                    ],
                    [
                        -86.5358468,
                        38.4217217
                    ],
                    [
                        -86.53557,
                        38.4210591
                    ],
                    [
                        -86.5352513,
                        38.4205617
                    ],
                    [
                        -86.535085,
                        38.4202213
                    ],
                    [
                        -86.5350099,
                        38.419717
                    ],
                    [
                        -86.5348758,
                        38.419242
                    ],
                    [
                        -86.5348383,
                        38.4189142
                    ],
                    [
                        -86.5348061,
                        38.4186746
                    ],
                    [
                        -86.5347042,
                        38.4185569
                    ],
                    [
                        -86.5346291,
                        38.4184393
                    ],
                    [
                        -86.5345593,
                        38.4182039
                    ],
                    [
                        -86.5345861,
                        38.4180652
                    ],
                    [
                        -86.5347471,
                        38.4179517
                    ],
                    [
                        -86.5350636,
                        38.4179013
                    ],
                    [
                        -86.5352621,
                        38.4178172
                    ],
                    [
                        -86.5353372,
                        38.4177668
                    ],
                    [
                        -86.5354123,
                        38.4178046
                    ],
                    [
                        -86.5354337,
                        38.4176575
                    ],
                    [
                        -86.5354981,
                        38.4175776
                    ],
                    [
                        -86.5356376,
                        38.4175776
                    ],
                    [
                        -86.5356859,
                        38.417523
                    ],
                    [
                        -86.5357395,
                        38.4173675
                    ],
                    [
                        -86.5357019,
                        38.4171573
                    ],
                    [
                        -86.5358629,
                        38.4170649
                    ],
                    [
                        -86.5358682,
                        38.4168421
                    ],
                    [
                        -86.5359702,
                        38.4165731
                    ],
                    [
                        -86.5360292,
                        38.4163714
                    ],
                    [
                        -86.5360882,
                        38.4162957
                    ],
                    [
                        -86.5361847,
                        38.4163377
                    ],
                    [
                        -86.5361847,
                        38.4161696
                    ],
                    [
                        -86.5361633,
                        38.4159553
                    ],
                    [
                        -86.5362706,
                        38.4157787
                    ],
                    [
                        -86.5363618,
                        38.415619
                    ],
                    [
                        -86.5363189,
                        38.4154383
                    ],
                    [
                        -86.5362491,
                        38.4152407
                    ],
                    [
                        -86.5361526,
                        38.4151146
                    ],
                    [
                        -86.5361901,
                        38.4150306
                    ],
                    [
                        -86.5362191,
                        38.4149732
                    ],
                    [
                        -86.5363832,
                        38.4148919
                    ],
                    [
                        -86.5364425,
                        38.414879
                    ]
                ],
                [
                    [
                        -86.6394711,
                        38.4168632
                    ],
                    [
                        -86.6390205,
                        38.4164092
                    ],
                    [
                        -86.6390848,
                        38.416073
                    ],
                    [
                        -86.6396857,
                        38.4155854
                    ],
                    [
                        -86.6399431,
                        38.4149297
                    ],
                    [
                        -86.6402221,
                        38.4146439
                    ],
                    [
                        -86.6406512,
                        38.4146775
                    ],
                    [
                        -86.6406083,
                        38.4150138
                    ],
                    [
                        -86.6403347,
                        38.4156359
                    ],
                    [
                        -86.6401818,
                        38.4161381
                    ],
                    [
                        -86.640383,
                        38.4164744
                    ],
                    [
                        -86.6405574,
                        38.4168506
                    ],
                    [
                        -86.6404715,
                        38.4170334
                    ],
                    [
                        -86.6402865,
                        38.417149
                    ],
                    [
                        -86.6394711,
                        38.4168632
                    ]
                ],
                [
                    [
                        -86.5922753,
                        38.409835
                    ],
                    [
                        -86.5921037,
                        38.4096584
                    ],
                    [
                        -86.5920286,
                        38.4094651
                    ],
                    [
                        -86.5920286,
                        38.4091708
                    ],
                    [
                        -86.5921573,
                        38.4090615
                    ],
                    [
                        -86.5923397,
                        38.4090784
                    ],
                    [
                        -86.5926079,
                        38.4092129
                    ],
                    [
                        -86.5926299,
                        38.4094281
                    ],
                    [
                        -86.5925334,
                        38.4096971
                    ],
                    [
                        -86.5924792,
                        38.4098518
                    ],
                    [
                        -86.5922753,
                        38.409835
                    ]
                ],
                [
                    [
                        -86.6775581,
                        38.4223772
                    ],
                    [
                        -86.6775152,
                        38.4225117
                    ],
                    [
                        -86.677366,
                        38.4226454
                    ],
                    [
                        -86.6771514,
                        38.4223764
                    ],
                    [
                        -86.6767974,
                        38.42183
                    ],
                    [
                        -86.6765496,
                        38.4213181
                    ],
                    [
                        -86.6765496,
                        38.4210239
                    ],
                    [
                        -86.6768822,
                        38.4210323
                    ],
                    [
                        -86.6771504,
                        38.4212425
                    ],
                    [
                        -86.6773864,
                        38.4217468
                    ],
                    [
                        -86.6775581,
                        38.4223772
                    ]
                ]
            ]
        }
    }
]