[
    {
        "type": "Feature",
        "id": "relation/2966392",
        "properties": {
            "@id": "relation/2966392",
            "name": "Rough River Lake",
            "natural": "water",
            "type": "multipolygon",
            "water": "reservoir",
            "wikidata": "Q7348316",
            "wikipedia": "en:Rough River Lake",
            "@timestamp": "2017-03-04T06:12:15Z",
            "@version": 5,
            "@changeset": 46565017,
            "@user": "nyuriks",
            "@uid": 339581,
            "@osm3s:version": 0.6,
            "@osm3s:generator": "Overpass API 0.7.62.5 1bd436f1",
            "@osm3s:timestamp_osm_base": "2025-02-16T09:42:31Z",
            "@osm3s:copyright": "The data included in this document is from www.openstreetmap.org. The data is made available under ODbL."
        },
        "geometry": {
            "type": "Polygon",
            "coordinates": [
                [
                    [
                        -86.47679,
                        37.6104467
                    ],
                    [
                        -86.4771962,
                        37.6110647
                    ],
                    [
                        -86.4772349,
                        37.6111975
                    ],
                    [
                        -86.4772284,
                        37.6115959
                    ],
                    [
                        -86.4772478,
                        37.6117338
                    ],
                    [
                        -86.4773251,
                        37.6118462
                    ],
                    [
                        -86.477409,
                        37.6117338
                    ],
                    [
                        -86.4775186,
                        37.6116368
                    ],
                    [
                        -86.4776604,
                        37.6115806
                    ],
                    [
                        -86.4784119,
                        37.6114955
                    ],
                    [
                        -86.4788496,
                        37.6116111
                    ],
                    [
                        -86.4791961,
                        37.6118422
                    ],
                    [
                        -86.4794697,
                        37.6121167
                    ],
                    [
                        -86.4798162,
                        37.6123189
                    ],
                    [
                        -86.4802539,
                        37.612449
                    ],
                    [
                        -86.4806551,
                        37.6126223
                    ],
                    [
                        -86.4813663,
                        37.6130557
                    ],
                    [
                        -86.4817675,
                        37.6132291
                    ],
                    [
                        -86.4821688,
                        37.6133735
                    ],
                    [
                        -86.4826612,
                        37.6139659
                    ],
                    [
                        -86.4830259,
                        37.6137636
                    ],
                    [
                        -86.4835001,
                        37.6137347
                    ],
                    [
                        -86.4839195,
                        37.6138503
                    ],
                    [
                        -86.4843055,
                        37.6140425
                    ],
                    [
                        -86.4846473,
                        37.6141548
                    ],
                    [
                        -86.4849632,
                        37.6142774
                    ],
                    [
                        -86.4851309,
                        37.6143234
                    ],
                    [
                        -86.4856273,
                        37.6144102
                    ],
                    [
                        -86.4859626,
                        37.6144204
                    ],
                    [
                        -86.4861045,
                        37.6144817
                    ],
                    [
                        -86.4862012,
                        37.6145992
                    ],
                    [
                        -86.4861947,
                        37.614732
                    ],
                    [
                        -86.4861303,
                        37.6149874
                    ],
                    [
                        -86.4859626,
                        37.6152376
                    ],
                    [
                        -86.4857627,
                        37.6154521
                    ],
                    [
                        -86.4850599,
                        37.6159169
                    ],
                    [
                        -86.4848923,
                        37.6159935
                    ],
                    [
                        -86.4842088,
                        37.6164021
                    ],
                    [
                        -86.4840863,
                        37.616494
                    ],
                    [
                        -86.4835963,
                        37.6169282
                    ],
                    [
                        -86.4831514,
                        37.6173878
                    ],
                    [
                        -86.482887,
                        37.6175819
                    ],
                    [
                        -86.4827452,
                        37.6176636
                    ],
                    [
                        -86.4818812,
                        37.618537
                    ],
                    [
                        -86.4816039,
                        37.6190477
                    ],
                    [
                        -86.4813911,
                        37.6192877
                    ],
                    [
                        -86.4811526,
                        37.6194563
                    ],
                    [
                        -86.4810043,
                        37.6196759
                    ],
                    [
                        -86.480856,
                        37.6197372
                    ],
                    [
                        -86.4806819,
                        37.6197372
                    ],
                    [
                        -86.4805207,
                        37.6197678
                    ],
                    [
                        -86.4803659,
                        37.6198138
                    ],
                    [
                        -86.4802176,
                        37.6199006
                    ],
                    [
                        -86.4802047,
                        37.6202887
                    ],
                    [
                        -86.4801403,
                        37.6205696
                    ],
                    [
                        -86.4800822,
                        37.6207024
                    ],
                    [
                        -86.4799984,
                        37.6208352
                    ],
                    [
                        -86.4796825,
                        37.6211569
                    ],
                    [
                        -86.4795406,
                        37.6212386
                    ],
                    [
                        -86.4793923,
                        37.6212948
                    ],
                    [
                        -86.4792118,
                        37.6213408
                    ],
                    [
                        -86.4788958,
                        37.6213663
                    ],
                    [
                        -86.4782833,
                        37.6212489
                    ],
                    [
                        -86.4777481,
                        37.6212335
                    ],
                    [
                        -86.4775612,
                        37.621208
                    ],
                    [
                        -86.4772646,
                        37.6210957
                    ],
                    [
                        -86.4768648,
                        37.6208658
                    ],
                    [
                        -86.4765746,
                        37.6206769
                    ],
                    [
                        -86.4763361,
                        37.620493
                    ],
                    [
                        -86.4762394,
                        37.6203909
                    ],
                    [
                        -86.4759299,
                        37.6201508
                    ],
                    [
                        -86.4758654,
                        37.6200283
                    ],
                    [
                        -86.4757687,
                        37.6197627
                    ],
                    [
                        -86.4756784,
                        37.6193439
                    ],
                    [
                        -86.4755495,
                        37.619252
                    ],
                    [
                        -86.4753883,
                        37.6193235
                    ],
                    [
                        -86.4752593,
                        37.6194205
                    ],
                    [
                        -86.4750014,
                        37.6195737
                    ],
                    [
                        -86.4748402,
                        37.6196401
                    ],
                    [
                        -86.474679,
                        37.6195788
                    ],
                    [
                        -86.4744017,
                        37.6193286
                    ],
                    [
                        -86.4738924,
                        37.6187872
                    ],
                    [
                        -86.4734862,
                        37.6184144
                    ],
                    [
                        -86.4732734,
                        37.6181846
                    ],
                    [
                        -86.4730348,
                        37.6179854
                    ],
                    [
                        -86.4725899,
                        37.6177096
                    ],
                    [
                        -86.4724674,
                        37.6176177
                    ],
                    [
                        -86.472274,
                        37.6174134
                    ],
                    [
                        -86.4719322,
                        37.6171069
                    ],
                    [
                        -86.4715131,
                        37.6168567
                    ],
                    [
                        -86.4713906,
                        37.6167545
                    ],
                    [
                        -86.4707974,
                        37.6163561
                    ],
                    [
                        -86.470662,
                        37.6162693
                    ],
                    [
                        -86.4701978,
                        37.6161008
                    ],
                    [
                        -86.4697722,
                        37.6158914
                    ],
                    [
                        -86.4693402,
                        37.6156309
                    ],
                    [
                        -86.4684827,
                        37.6150078
                    ],
                    [
                        -86.4677605,
                        37.6150027
                    ],
                    [
                        -86.4670835,
                        37.6150946
                    ],
                    [
                        -86.4667611,
                        37.6152121
                    ],
                    [
                        -86.4666064,
                        37.6152836
                    ],
                    [
                        -86.4664839,
                        37.6153806
                    ],
                    [
                        -86.4663936,
                        37.6154879
                    ],
                    [
                        -86.4661099,
                        37.6158607
                    ],
                    [
                        -86.4659487,
                        37.616111
                    ],
                    [
                        -86.4658133,
                        37.6162744
                    ],
                    [
                        -86.4656908,
                        37.6163868
                    ],
                    [
                        -86.4653426,
                        37.6165247
                    ],
                    [
                        -86.4652459,
                        37.6166268
                    ],
                    [
                        -86.4650847,
                        37.616683
                    ],
                    [
                        -86.4649557,
                        37.616586
                    ],
                    [
                        -86.4646334,
                        37.616254
                    ],
                    [
                        -86.4645495,
                        37.6161416
                    ],
                    [
                        -86.4644915,
                        37.6160191
                    ],
                    [
                        -86.4644851,
                        37.6158812
                    ],
                    [
                        -86.4645366,
                        37.6157586
                    ],
                    [
                        -86.4645947,
                        37.615636
                    ],
                    [
                        -86.4646978,
                        37.6155339
                    ],
                    [
                        -86.464672,
                        37.615396
                    ],
                    [
                        -86.4645108,
                        37.6153551
                    ],
                    [
                        -86.4643239,
                        37.6153449
                    ],
                    [
                        -86.4641949,
                        37.6154266
                    ],
                    [
                        -86.4641627,
                        37.615825
                    ],
                    [
                        -86.4641885,
                        37.6159578
                    ],
                    [
                        -86.4642981,
                        37.6162029
                    ],
                    [
                        -86.4643754,
                        37.6168097
                    ],
                    [
                        -86.4644528,
                        37.6170548
                    ],
                    [
                        -86.4646205,
                        37.6172796
                    ],
                    [
                        -86.4647236,
                        37.6175043
                    ],
                    [
                        -86.4645818,
                        37.6177392
                    ],
                    [
                        -86.4643625,
                        37.6179435
                    ],
                    [
                        -86.4641949,
                        37.618158
                    ],
                    [
                        -86.464311,
                        37.6184032
                    ],
                    [
                        -86.4646849,
                        37.6188219
                    ],
                    [
                        -86.46493,
                        37.619302
                    ],
                    [
                        -86.4650202,
                        37.6195472
                    ],
                    [
                        -86.4650202,
                        37.6197923
                    ],
                    [
                        -86.4649171,
                        37.6200477
                    ],
                    [
                        -86.4647236,
                        37.620252
                    ],
                    [
                        -86.4645173,
                        37.620446
                    ],
                    [
                        -86.4642207,
                        37.6205584
                    ],
                    [
                        -86.4638854,
                        37.6205992
                    ],
                    [
                        -86.4635114,
                        37.6206197
                    ],
                    [
                        -86.4631633,
                        37.6206197
                    ],
                    [
                        -86.4628538,
                        37.6205175
                    ],
                    [
                        -86.4621445,
                        37.6199557
                    ],
                    [
                        -86.461614,
                        37.6196017
                    ],
                    [
                        -86.46133,
                        37.6190394
                    ],
                    [
                        -86.4614089,
                        37.6187269
                    ],
                    [
                        -86.461614,
                        37.6184645
                    ],
                    [
                        -86.4619295,
                        37.6182771
                    ],
                    [
                        -86.4622924,
                        37.6181271
                    ],
                    [
                        -86.4627341,
                        37.6181021
                    ],
                    [
                        -86.4630497,
                        37.6179022
                    ],
                    [
                        -86.4629077,
                        37.6176022
                    ],
                    [
                        -86.4627341,
                        37.6173023
                    ],
                    [
                        -86.4626237,
                        37.6169524
                    ],
                    [
                        -86.462671,
                        37.6166275
                    ],
                    [
                        -86.4628288,
                        37.6163275
                    ],
                    [
                        -86.462813,
                        37.6159901
                    ],
                    [
                        -86.4625921,
                        37.6157152
                    ],
                    [
                        -86.4623397,
                        37.6154402
                    ],
                    [
                        -86.4621346,
                        37.6151653
                    ],
                    [
                        -86.4619611,
                        37.6148654
                    ],
                    [
                        -86.4618191,
                        37.6145529
                    ],
                    [
                        -86.4616297,
                        37.6141905
                    ],
                    [
                        -86.4613458,
                        37.6139406
                    ],
                    [
                        -86.4609987,
                        37.6140905
                    ],
                    [
                        -86.4607305,
                        37.614328
                    ],
                    [
                        -86.4603991,
                        37.6145154
                    ],
                    [
                        -86.4600047,
                        37.6145404
                    ],
                    [
                        -86.4599574,
                        37.6142155
                    ],
                    [
                        -86.4599574,
                        37.6138906
                    ],
                    [
                        -86.4600363,
                        37.6135531
                    ],
                    [
                        -86.4600363,
                        37.6128908
                    ],
                    [
                        -86.4599258,
                        37.6125658
                    ],
                    [
                        -86.4596261,
                        37.6131407
                    ],
                    [
                        -86.4593894,
                        37.6134032
                    ],
                    [
                        -86.4591686,
                        37.6136906
                    ],
                    [
                        -86.458995,
                        37.6139906
                    ],
                    [
                        -86.4589004,
                        37.6142905
                    ],
                    [
                        -86.4588846,
                        37.6145904
                    ],
                    [
                        -86.458853,
                        37.6149154
                    ],
                    [
                        -86.4585217,
                        37.6150778
                    ],
                    [
                        -86.4580957,
                        37.6150653
                    ],
                    [
                        -86.4576855,
                        37.6149279
                    ],
                    [
                        -86.4570229,
                        37.6145529
                    ],
                    [
                        -86.4567705,
                        37.6142905
                    ],
                    [
                        -86.4563761,
                        37.6141655
                    ],
                    [
                        -86.4561236,
                        37.614403
                    ],
                    [
                        -86.4554452,
                        37.6147404
                    ],
                    [
                        -86.4552559,
                        37.6150403
                    ],
                    [
                        -86.4563918,
                        37.6151778
                    ],
                    [
                        -86.4567863,
                        37.6152403
                    ],
                    [
                        -86.4571491,
                        37.6153653
                    ],
                    [
                        -86.4573384,
                        37.6156277
                    ],
                    [
                        -86.4574331,
                        37.6160901
                    ],
                    [
                        -86.4574331,
                        37.616415
                    ],
                    [
                        -86.4574647,
                        37.6167149
                    ],
                    [
                        -86.4578433,
                        37.6167025
                    ],
                    [
                        -86.4582219,
                        37.6168024
                    ],
                    [
                        -86.4580484,
                        37.6170649
                    ],
                    [
                        -86.457938,
                        37.6173648
                    ],
                    [
                        -86.4576067,
                        37.6179896
                    ],
                    [
                        -86.4574173,
                        37.6183145
                    ],
                    [
                        -86.4571176,
                        37.6185145
                    ],
                    [
                        -86.4567547,
                        37.6186894
                    ],
                    [
                        -86.456313,
                        37.6187269
                    ],
                    [
                        -86.4559185,
                        37.6187769
                    ],
                    [
                        -86.4556503,
                        37.6189894
                    ],
                    [
                        -86.4555241,
                        37.6192643
                    ],
                    [
                        -86.4552875,
                        37.6195017
                    ],
                    [
                        -86.4550193,
                        37.6197267
                    ],
                    [
                        -86.4549877,
                        37.6200516
                    ],
                    [
                        -86.4553348,
                        37.620139
                    ],
                    [
                        -86.4555872,
                        37.6203765
                    ],
                    [
                        -86.4554926,
                        37.6206639
                    ],
                    [
                        -86.4552559,
                        37.6208888
                    ],
                    [
                        -86.4549246,
                        37.6210638
                    ],
                    [
                        -86.4545302,
                        37.6212262
                    ],
                    [
                        -86.4542777,
                        37.6214637
                    ],
                    [
                        -86.4543566,
                        37.6217511
                    ],
                    [
                        -86.4544671,
                        37.6220385
                    ],
                    [
                        -86.4547984,
                        37.6221884
                    ],
                    [
                        -86.4551928,
                        37.6222009
                    ],
                    [
                        -86.455603,
                        37.6221884
                    ],
                    [
                        -86.4559816,
                        37.622076
                    ],
                    [
                        -86.4563445,
                        37.621951
                    ],
                    [
                        -86.4570702,
                        37.6216136
                    ],
                    [
                        -86.4574331,
                        37.6215386
                    ],
                    [
                        -86.4578118,
                        37.6214886
                    ],
                    [
                        -86.4581431,
                        37.6216386
                    ],
                    [
                        -86.4580326,
                        37.6222509
                    ],
                    [
                        -86.4580326,
                        37.6225633
                    ],
                    [
                        -86.4580011,
                        37.6228882
                    ],
                    [
                        -86.4578906,
                        37.623613
                    ],
                    [
                        -86.4574016,
                        37.6241253
                    ],
                    [
                        -86.4571018,
                        37.6243377
                    ],
                    [
                        -86.4567705,
                        37.6245127
                    ],
                    [
                        -86.4564234,
                        37.6246626
                    ],
                    [
                        -86.4560605,
                        37.6247876
                    ],
                    [
                        -86.4556346,
                        37.6248875
                    ],
                    [
                        -86.4547984,
                        37.624925
                    ],
                    [
                        -86.4545619,
                        37.6248723
                    ],
                    [
                        -86.4542232,
                        37.6249186
                    ],
                    [
                        -86.453823,
                        37.6250141
                    ],
                    [
                        -86.453263,
                        37.6252195
                    ],
                    [
                        -86.4529525,
                        37.624925
                    ],
                    [
                        -86.4528235,
                        37.6245184
                    ],
                    [
                        -86.4522847,
                        37.6242874
                    ],
                    [
                        -86.4521264,
                        37.6236021
                    ],
                    [
                        -86.451783,
                        37.6235902
                    ],
                    [
                        -86.4517615,
                        37.6239872
                    ],
                    [
                        -86.4520532,
                        37.6246501
                    ],
                    [
                        -86.4521637,
                        37.6249375
                    ],
                    [
                        -86.4522425,
                        37.6252249
                    ],
                    [
                        -86.452353,
                        37.6255248
                    ],
                    [
                        -86.452353,
                        37.6258372
                    ],
                    [
                        -86.4523372,
                        37.6261496
                    ],
                    [
                        -86.4524161,
                        37.6264495
                    ],
                    [
                        -86.4526685,
                        37.6266869
                    ],
                    [
                        -86.4529683,
                        37.6268743
                    ],
                    [
                        -86.4532838,
                        37.6270492
                    ],
                    [
                        -86.4541358,
                        37.6276115
                    ],
                    [
                        -86.4544513,
                        37.627774
                    ],
                    [
                        -86.4556188,
                        37.6281613
                    ],
                    [
                        -86.4563445,
                        37.6284237
                    ],
                    [
                        -86.4567232,
                        37.6285487
                    ],
                    [
                        -86.4571018,
                        37.6286486
                    ],
                    [
                        -86.457512,
                        37.6287361
                    ],
                    [
                        -86.4578749,
                        37.6287861
                    ],
                    [
                        -86.4582219,
                        37.6288735
                    ],
                    [
                        -86.4584902,
                        37.6290859
                    ],
                    [
                        -86.4584113,
                        37.6293733
                    ],
                    [
                        -86.4579853,
                        37.6299231
                    ],
                    [
                        -86.4570545,
                        37.6303104
                    ],
                    [
                        -86.4566758,
                        37.6304479
                    ],
                    [
                        -86.456313,
                        37.6306103
                    ],
                    [
                        -86.4559343,
                        37.6307477
                    ],
                    [
                        -86.4555714,
                        37.6308977
                    ],
                    [
                        -86.4553348,
                        37.6311351
                    ],
                    [
                        -86.4551612,
                        37.63141
                    ],
                    [
                        -86.4546722,
                        37.6323345
                    ],
                    [
                        -86.4544671,
                        37.6326719
                    ],
                    [
                        -86.4543093,
                        37.6329967
                    ],
                    [
                        -86.4541989,
                        37.6332966
                    ],
                    [
                        -86.4541673,
                        37.633609
                    ],
                    [
                        -86.4541042,
                        37.6339338
                    ],
                    [
                        -86.4540411,
                        37.6342462
                    ],
                    [
                        -86.4539464,
                        37.6345335
                    ],
                    [
                        -86.4537887,
                        37.6348334
                    ],
                    [
                        -86.4536151,
                        37.6351082
                    ],
                    [
                        -86.4533942,
                        37.6353706
                    ],
                    [
                        -86.4530156,
                        37.6359578
                    ],
                    [
                        -86.4528105,
                        37.6362452
                    ],
                    [
                        -86.4526685,
                        37.6365325
                    ],
                    [
                        -86.4523372,
                        37.6371322
                    ],
                    [
                        -86.4522741,
                        37.6374446
                    ],
                    [
                        -86.4521952,
                        37.6377319
                    ],
                    [
                        -86.4521952,
                        37.6383816
                    ],
                    [
                        -86.4522268,
                        37.6386814
                    ],
                    [
                        -86.4522268,
                        37.6392936
                    ],
                    [
                        -86.4519428,
                        37.6395185
                    ],
                    [
                        -86.4515484,
                        37.639456
                    ],
                    [
                        -86.4512328,
                        37.6392436
                    ],
                    [
                        -86.4511697,
                        37.6389063
                    ],
                    [
                        -86.4509173,
                        37.6379318
                    ],
                    [
                        -86.4509015,
                        37.6375945
                    ],
                    [
                        -86.4509488,
                        37.6372697
                    ],
                    [
                        -86.4511224,
                        37.6369823
                    ],
                    [
                        -86.451359,
                        37.6367324
                    ],
                    [
                        -86.451927,
                        37.6362577
                    ],
                    [
                        -86.4521479,
                        37.6359953
                    ],
                    [
                        -86.4522583,
                        37.6356955
                    ],
                    [
                        -86.4523056,
                        37.6353831
                    ],
                    [
                        -86.4523056,
                        37.6350583
                    ],
                    [
                        -86.4521163,
                        37.6347459
                    ],
                    [
                        -86.4511539,
                        37.6341462
                    ],
                    [
                        -86.4508226,
                        37.6339463
                    ],
                    [
                        -86.4500811,
                        37.633584
                    ],
                    [
                        -86.4496709,
                        37.6335465
                    ],
                    [
                        -86.4493712,
                        37.6333466
                    ],
                    [
                        -86.449103,
                        37.6330592
                    ],
                    [
                        -86.4484561,
                        37.6326344
                    ],
                    [
                        -86.4477777,
                        37.6322721
                    ],
                    [
                        -86.4473991,
                        37.632347
                    ],
                    [
                        -86.4466575,
                        37.6325969
                    ],
                    [
                        -86.4462947,
                        37.6327094
                    ],
                    [
                        -86.4458845,
                        37.6327219
                    ],
                    [
                        -86.4456636,
                        37.632447
                    ],
                    [
                        -86.4451588,
                        37.6318972
                    ],
                    [
                        -86.4444015,
                        37.6311226
                    ],
                    [
                        -86.4441964,
                        37.6308352
                    ],
                    [
                        -86.4440544,
                        37.6305353
                    ],
                    [
                        -86.444007,
                        37.6302105
                    ],
                    [
                        -86.4442121,
                        37.6299481
                    ],
                    [
                        -86.4446066,
                        37.6299731
                    ],
                    [
                        -86.4449694,
                        37.6300855
                    ],
                    [
                        -86.4453638,
                        37.6300605
                    ],
                    [
                        -86.4457267,
                        37.6298856
                    ],
                    [
                        -86.4457425,
                        37.6295607
                    ],
                    [
                        -86.4455058,
                        37.6292984
                    ],
                    [
                        -86.4453323,
                        37.6289985
                    ],
                    [
                        -86.4449063,
                        37.629036
                    ],
                    [
                        -86.4444803,
                        37.6290235
                    ],
                    [
                        -86.4440859,
                        37.6289485
                    ],
                    [
                        -86.4437073,
                        37.6287986
                    ],
                    [
                        -86.4433129,
                        37.6286986
                    ],
                    [
                        -86.4424451,
                        37.6283237
                    ],
                    [
                        -86.4420665,
                        37.6281238
                    ],
                    [
                        -86.4416879,
                        37.6280114
                    ],
                    [
                        -86.4412777,
                        37.6279114
                    ],
                    [
                        -86.440899,
                        37.6278364
                    ],
                    [
                        -86.4405046,
                        37.6277865
                    ],
                    [
                        -86.4402837,
                        37.6275116
                    ],
                    [
                        -86.4399682,
                        37.6272867
                    ],
                    [
                        -86.4396211,
                        37.6278489
                    ],
                    [
                        -86.4394791,
                        37.6281363
                    ],
                    [
                        -86.4392898,
                        37.6284237
                    ],
                    [
                        -86.4390531,
                        37.6286736
                    ],
                    [
                        -86.4386745,
                        37.6292109
                    ],
                    [
                        -86.4385167,
                        37.6294858
                    ],
                    [
                        -86.4384221,
                        37.6297732
                    ],
                    [
                        -86.4382958,
                        37.6303854
                    ],
                    [
                        -86.4382801,
                        37.6306978
                    ],
                    [
                        -86.4382801,
                        37.6310101
                    ],
                    [
                        -86.4384063,
                        37.6315974
                    ],
                    [
                        -86.4384378,
                        37.6318972
                    ],
                    [
                        -86.4383905,
                        37.6322096
                    ],
                    [
                        -86.4382327,
                        37.6324845
                    ],
                    [
                        -86.4381065,
                        37.6327843
                    ],
                    [
                        -86.4381223,
                        37.6330967
                    ],
                    [
                        -86.4379961,
                        37.6333966
                    ],
                    [
                        -86.4376805,
                        37.6337089
                    ],
                    [
                        -86.4373019,
                        37.6338089
                    ],
                    [
                        -86.4370021,
                        37.6339963
                    ],
                    [
                        -86.4366077,
                        37.6340463
                    ],
                    [
                        -86.4362133,
                        37.6339088
                    ],
                    [
                        -86.4361186,
                        37.6335965
                    ],
                    [
                        -86.4362834,
                        37.6331636
                    ],
                    [
                        -86.4360382,
                        37.632943
                    ],
                    [
                        -86.4356959,
                        37.6328413
                    ],
                    [
                        -86.4355207,
                        37.633112
                    ],
                    [
                        -86.4353227,
                        37.6330863
                    ],
                    [
                        -86.4353456,
                        37.6328718
                    ],
                    [
                        -86.4351878,
                        37.6322471
                    ],
                    [
                        -86.43503,
                        37.6319472
                    ],
                    [
                        -86.4348249,
                        37.6316598
                    ],
                    [
                        -86.4345883,
                        37.6322721
                    ],
                    [
                        -86.434399,
                        37.6325345
                    ],
                    [
                        -86.4340834,
                        37.6327594
                    ],
                    [
                        -86.433689,
                        37.6328468
                    ],
                    [
                        -86.4332946,
                        37.6328468
                    ],
                    [
                        -86.4328686,
                        37.6328093
                    ],
                    [
                        -86.4324742,
                        37.6327344
                    ],
                    [
                        -86.4321113,
                        37.6325969
                    ],
                    [
                        -86.4317642,
                        37.632422
                    ],
                    [
                        -86.4310543,
                        37.6320972
                    ],
                    [
                        -86.4306756,
                        37.6319472
                    ],
                    [
                        -86.4303128,
                        37.6317723
                    ],
                    [
                        -86.4299499,
                        37.6315724
                    ],
                    [
                        -86.4295713,
                        37.6314349
                    ],
                    [
                        -86.4291611,
                        37.6313725
                    ],
                    [
                        -86.4287351,
                        37.63136
                    ],
                    [
                        -86.4283091,
                        37.6313975
                    ],
                    [
                        -86.4279305,
                        37.6314849
                    ],
                    [
                        -86.4275834,
                        37.6316349
                    ],
                    [
                        -86.4272521,
                        37.6318473
                    ],
                    [
                        -86.4268892,
                        37.6320097
                    ],
                    [
                        -86.4265106,
                        37.6320972
                    ],
                    [
                        -86.4261004,
                        37.6321471
                    ],
                    [
                        -86.4257733,
                        37.6321681
                    ],
                    [
                        -86.4250817,
                        37.6320232
                    ],
                    [
                        -86.4248185,
                        37.6318501
                    ],
                    [
                        -86.4247426,
                        37.6315462
                    ],
                    [
                        -86.4247739,
                        37.6310303
                    ],
                    [
                        -86.4249523,
                        37.6305356
                    ],
                    [
                        -86.425336,
                        37.6299915
                    ],
                    [
                        -86.4267326,
                        37.6283165
                    ],
                    [
                        -86.4268754,
                        37.6274437
                    ],
                    [
                        -86.426456,
                        37.6269808
                    ],
                    [
                        -86.4263756,
                        37.6265814
                    ],
                    [
                        -86.4263801,
                        37.6261963
                    ],
                    [
                        -86.4271698,
                        37.6256485
                    ],
                    [
                        -86.4279328,
                        37.6257121
                    ],
                    [
                        -86.4286021,
                        37.6261079
                    ],
                    [
                        -86.4290929,
                        37.6262987
                    ],
                    [
                        -86.4293561,
                        37.6263093
                    ],
                    [
                        -86.4290349,
                        37.6261397
                    ],
                    [
                        -86.4290572,
                        37.6260372
                    ],
                    [
                        -86.4283656,
                        37.625546
                    ],
                    [
                        -86.4280488,
                        37.6253446
                    ],
                    [
                        -86.427732,
                        37.6252492
                    ],
                    [
                        -86.427616,
                        37.6250831
                    ],
                    [
                        -86.4267906,
                        37.6251008
                    ],
                    [
                        -86.4264604,
                        37.6252492
                    ],
                    [
                        -86.4259429,
                        37.6253906
                    ],
                    [
                        -86.4256171,
                        37.625387
                    ],
                    [
                        -86.4246043,
                        37.625076
                    ],
                    [
                        -86.4243366,
                        37.6248923
                    ],
                    [
                        -86.423886,
                        37.624447
                    ],
                    [
                        -86.4237772,
                        37.6240414
                    ],
                    [
                        -86.4240485,
                        37.6232268
                    ],
                    [
                        -86.4243262,
                        37.622837
                    ],
                    [
                        -86.4240454,
                        37.6228795
                    ],
                    [
                        -86.4237804,
                        37.6230369
                    ],
                    [
                        -86.423345,
                        37.6235542
                    ],
                    [
                        -86.4233828,
                        37.6245537
                    ],
                    [
                        -86.4232598,
                        37.6247661
                    ],
                    [
                        -86.4233197,
                        37.625006
                    ],
                    [
                        -86.4236226,
                        37.6250834
                    ],
                    [
                        -86.4240233,
                        37.6255232
                    ],
                    [
                        -86.4244713,
                        37.6257181
                    ],
                    [
                        -86.4248215,
                        37.626013
                    ],
                    [
                        -86.4246637,
                        37.6262729
                    ],
                    [
                        -86.4241558,
                        37.6264578
                    ],
                    [
                        -86.423162,
                        37.6264428
                    ],
                    [
                        -86.4217675,
                        37.6261054
                    ],
                    [
                        -86.4213857,
                        37.6259755
                    ],
                    [
                        -86.4208147,
                        37.6256582
                    ],
                    [
                        -86.4201679,
                        37.6249535
                    ],
                    [
                        -86.4189564,
                        37.6233567
                    ],
                    [
                        -86.4183349,
                        37.622797
                    ],
                    [
                        -86.4178301,
                        37.6224671
                    ],
                    [
                        -86.4171171,
                        37.6221648
                    ],
                    [
                        -86.4165208,
                        37.6220048
                    ],
                    [
                        -86.4163283,
                        37.6219949
                    ],
                    [
                        -86.4159529,
                        37.6220698
                    ],
                    [
                        -86.4151389,
                        37.6224047
                    ],
                    [
                        -86.4148865,
                        37.6226746
                    ],
                    [
                        -86.4146184,
                        37.6231219
                    ],
                    [
                        -86.4142934,
                        37.6242613
                    ],
                    [
                        -86.4140852,
                        37.6245362
                    ],
                    [
                        -86.4138738,
                        37.6246386
                    ],
                    [
                        -86.4135646,
                        37.6246936
                    ],
                    [
                        -86.413511,
                        37.6246536
                    ],
                    [
                        -86.4137476,
                        37.6237641
                    ],
                    [
                        -86.4133942,
                        37.6232668
                    ],
                    [
                        -86.412331,
                        37.6225146
                    ],
                    [
                        -86.4124572,
                        37.6222922
                    ],
                    [
                        -86.4128421,
                        37.6219174
                    ],
                    [
                        -86.4136498,
                        37.6213251
                    ],
                    [
                        -86.4141987,
                        37.6207929
                    ],
                    [
                        -86.414183,
                        37.6203231
                    ],
                    [
                        -86.4144669,
                        37.6196284
                    ],
                    [
                        -86.4144448,
                        37.6195334
                    ],
                    [
                        -86.414082,
                        37.6196483
                    ],
                    [
                        -86.4138107,
                        37.6195534
                    ],
                    [
                        -86.4133848,
                        37.619276
                    ],
                    [
                        -86.4128484,
                        37.6187437
                    ],
                    [
                        -86.4126781,
                        37.6183164
                    ],
                    [
                        -86.4125866,
                        37.617894
                    ],
                    [
                        -86.4126528,
                        37.6176941
                    ],
                    [
                        -86.4124541,
                        37.6172568
                    ],
                    [
                        -86.4123626,
                        37.6169069
                    ],
                    [
                        -86.4123752,
                        37.6166745
                    ],
                    [
                        -86.4127506,
                        37.6162047
                    ],
                    [
                        -86.4128863,
                        37.6159398
                    ],
                    [
                        -86.4123941,
                        37.6154399
                    ],
                    [
                        -86.4123468,
                        37.6152775
                    ],
                    [
                        -86.4121827,
                        37.6143828
                    ],
                    [
                        -86.4124698,
                        37.6142778
                    ],
                    [
                        -86.4124193,
                        37.6141929
                    ],
                    [
                        -86.4121133,
                        37.6140404
                    ],
                    [
                        -86.4110974,
                        37.613798
                    ],
                    [
                        -86.4107567,
                        37.6136281
                    ],
                    [
                        -86.410438,
                        37.6132882
                    ],
                    [
                        -86.4102266,
                        37.6129158
                    ],
                    [
                        -86.4100815,
                        37.6128383
                    ],
                    [
                        -86.4098607,
                        37.6126059
                    ],
                    [
                        -86.409785,
                        37.6123784
                    ],
                    [
                        -86.4098291,
                        37.6120985
                    ],
                    [
                        -86.4096998,
                        37.6119336
                    ],
                    [
                        -86.4093373,
                        37.6117836
                    ],
                    [
                        -86.4092867,
                        37.6118596
                    ],
                    [
                        -86.4092418,
                        37.6119271
                    ],
                    [
                        -86.4095289,
                        37.6120471
                    ],
                    [
                        -86.4096014,
                        37.6121521
                    ],
                    [
                        -86.4095099,
                        37.612317
                    ],
                    [
                        -86.4091976,
                        37.6123245
                    ],
                    [
                        -86.4088064,
                        37.6122645
                    ],
                    [
                        -86.4088285,
                        37.612357
                    ],
                    [
                        -86.4094121,
                        37.6126469
                    ],
                    [
                        -86.4096109,
                        37.6131442
                    ],
                    [
                        -86.4098065,
                        37.6132442
                    ],
                    [
                        -86.4100116,
                        37.6141939
                    ],
                    [
                        -86.4106363,
                        37.615451
                    ],
                    [
                        -86.4106205,
                        37.6160982
                    ],
                    [
                        -86.4104848,
                        37.6165856
                    ],
                    [
                        -86.4106646,
                        37.6167005
                    ],
                    [
                        -86.410652,
                        37.6168005
                    ],
                    [
                        -86.4112294,
                        37.6182125
                    ],
                    [
                        -86.4120339,
                        37.619277
                    ],
                    [
                        -86.4125639,
                        37.6201342
                    ],
                    [
                        -86.4127532,
                        37.6205615
                    ],
                    [
                        -86.4126491,
                        37.6207889
                    ],
                    [
                        -86.412362,
                        37.6207989
                    ],
                    [
                        -86.4122958,
                        37.6210013
                    ],
                    [
                        -86.4125229,
                        37.6211538
                    ],
                    [
                        -86.4124598,
                        37.6212687
                    ],
                    [
                        -86.4121885,
                        37.6213737
                    ],
                    [
                        -86.4117531,
                        37.621831
                    ],
                    [
                        -86.4113272,
                        37.6222958
                    ],
                    [
                        -86.4111789,
                        37.6226256
                    ],
                    [
                        -86.4112325,
                        37.622873
                    ],
                    [
                        -86.4114092,
                        37.6231304
                    ],
                    [
                        -86.4118478,
                        37.6233528
                    ],
                    [
                        -86.4122895,
                        37.6234852
                    ],
                    [
                        -86.4124661,
                        37.6236052
                    ],
                    [
                        -86.4125482,
                        37.6239025
                    ],
                    [
                        -86.412463,
                        37.6242574
                    ],
                    [
                        -86.4122958,
                        37.6246197
                    ],
                    [
                        -86.4117626,
                        37.6252319
                    ],
                    [
                        -86.4116963,
                        37.6257242
                    ],
                    [
                        -86.4114849,
                        37.6263663
                    ],
                    [
                        -86.4112641,
                        37.6264513
                    ],
                    [
                        -86.4109517,
                        37.6266962
                    ],
                    [
                        -86.4104406,
                        37.6269386
                    ],
                    [
                        -86.4101251,
                        37.6268986
                    ],
                    [
                        -86.4084877,
                        37.6263713
                    ],
                    [
                        -86.4080744,
                        37.6261365
                    ],
                    [
                        -86.4076233,
                        37.6254418
                    ],
                    [
                        -86.407333,
                        37.6254593
                    ],
                    [
                        -86.4070333,
                        37.6255642
                    ],
                    [
                        -86.4069481,
                        37.6257092
                    ],
                    [
                        -86.4072731,
                        37.6258966
                    ],
                    [
                        -86.407393,
                        37.6260765
                    ],
                    [
                        -86.407374,
                        37.6262789
                    ],
                    [
                        -86.4077368,
                        37.6263688
                    ],
                    [
                        -86.4079135,
                        37.6265862
                    ],
                    [
                        -86.408554,
                        37.6268236
                    ],
                    [
                        -86.4092263,
                        37.6271926
                    ],
                    [
                        -86.4097863,
                        37.6273428
                    ],
                    [
                        -86.4099804,
                        37.6274771
                    ],
                    [
                        -86.4102213,
                        37.6275071
                    ],
                    [
                        -86.4104422,
                        37.6276449
                    ],
                    [
                        -86.4106898,
                        37.6277068
                    ],
                    [
                        -86.4110512,
                        37.6276167
                    ],
                    [
                        -86.4112208,
                        37.6276785
                    ],
                    [
                        -86.4112721,
                        37.6278287
                    ],
                    [
                        -86.4113658,
                        37.6278428
                    ],
                    [
                        -86.4115576,
                        37.6276043
                    ],
                    [
                        -86.4117584,
                        37.6275195
                    ],
                    [
                        -86.4125303,
                        37.6273675
                    ],
                    [
                        -86.4130479,
                        37.6274241
                    ],
                    [
                        -86.4131549,
                        37.6273569
                    ],
                    [
                        -86.4134003,
                        37.6273552
                    ],
                    [
                        -86.4134762,
                        37.6273993
                    ],
                    [
                        -86.4136792,
                        37.6273587
                    ],
                    [
                        -86.4140339,
                        37.6273711
                    ],
                    [
                        -86.4142347,
                        37.6271431
                    ],
                    [
                        -86.4144533,
                        37.6267332
                    ],
                    [
                        -86.4145403,
                        37.6266749
                    ],
                    [
                        -86.4145872,
                        37.6267262
                    ],
                    [
                        -86.4143797,
                        37.6273625
                    ],
                    [
                        -86.4143172,
                        37.627836
                    ],
                    [
                        -86.413996,
                        37.6288325
                    ],
                    [
                        -86.4138844,
                        37.6294651
                    ],
                    [
                        -86.4138131,
                        37.6299598
                    ],
                    [
                        -86.4138309,
                        37.6311683
                    ],
                    [
                        -86.4139826,
                        37.6312637
                    ],
                    [
                        -86.4142146,
                        37.6315216
                    ],
                    [
                        -86.4148705,
                        37.632352
                    ],
                    [
                        -86.4154862,
                        37.6327124
                    ],
                    [
                        -86.4154416,
                        37.6327831
                    ],
                    [
                        -86.4144466,
                        37.6327795
                    ],
                    [
                        -86.4127333,
                        37.6329244
                    ],
                    [
                        -86.4117383,
                        37.6333025
                    ],
                    [
                        -86.4114795,
                        37.6333484
                    ],
                    [
                        -86.4107612,
                        37.6332566
                    ],
                    [
                        -86.4100919,
                        37.6327513
                    ],
                    [
                        -86.4097216,
                        37.6326241
                    ],
                    [
                        -86.4094227,
                        37.6326099
                    ],
                    [
                        -86.4090166,
                        37.6324121
                    ],
                    [
                        -86.4085303,
                        37.6322424
                    ],
                    [
                        -86.4086998,
                        37.6324898
                    ],
                    [
                        -86.4090791,
                        37.6327195
                    ],
                    [
                        -86.4094405,
                        37.6328184
                    ],
                    [
                        -86.4097796,
                        37.6328396
                    ],
                    [
                        -86.4102659,
                        37.6333343
                    ],
                    [
                        -86.4106496,
                        37.633624
                    ],
                    [
                        -86.4108861,
                        37.6340586
                    ],
                    [
                        -86.4108058,
                        37.6343802
                    ],
                    [
                        -86.4104042,
                        37.6351823
                    ],
                    [
                        -86.4098242,
                        37.6361221
                    ],
                    [
                        -86.4094807,
                        37.6364013
                    ],
                    [
                        -86.4087757,
                        37.6367228
                    ],
                    [
                        -86.4083607,
                        37.6367334
                    ],
                    [
                        -86.407861,
                        37.6366769
                    ],
                    [
                        -86.4070133,
                        37.6364861
                    ],
                    [
                        -86.406759,
                        37.6365355
                    ],
                    [
                        -86.4060897,
                        37.6368182
                    ],
                    [
                        -86.4059826,
                        37.6367758
                    ],
                    [
                        -86.4054874,
                        37.6367723
                    ],
                    [
                        -86.4049609,
                        37.6368889
                    ],
                    [
                        -86.4038811,
                        37.6366415
                    ],
                    [
                        -86.4029575,
                        37.6363341
                    ],
                    [
                        -86.4033457,
                        37.6367016
                    ],
                    [
                        -86.4045058,
                        37.6371538
                    ],
                    [
                        -86.4047512,
                        37.6371326
                    ],
                    [
                        -86.4051527,
                        37.6372174
                    ],
                    [
                        -86.4056792,
                        37.6371503
                    ],
                    [
                        -86.4059782,
                        37.6370443
                    ],
                    [
                        -86.4060719,
                        37.6371503
                    ],
                    [
                        -86.4062726,
                        37.637175
                    ],
                    [
                        -86.407049,
                        37.6370796
                    ],
                    [
                        -86.40816,
                        37.6375319
                    ],
                    [
                        -86.4091549,
                        37.6383516
                    ],
                    [
                        -86.4092888,
                        37.6385212
                    ],
                    [
                        -86.4094494,
                        37.6384894
                    ],
                    [
                        -86.4103016,
                        37.6379594
                    ],
                    [
                        -86.4108415,
                        37.6374612
                    ],
                    [
                        -86.4111271,
                        37.6369949
                    ],
                    [
                        -86.4112475,
                        37.6365956
                    ],
                    [
                        -86.4117517,
                        37.635419
                    ],
                    [
                        -86.4120016,
                        37.6350445
                    ],
                    [
                        -86.4122737,
                        37.6348749
                    ],
                    [
                        -86.412711,
                        37.6347441
                    ],
                    [
                        -86.4128805,
                        37.634412
                    ],
                    [
                        -86.4130679,
                        37.634253
                    ],
                    [
                        -86.4134026,
                        37.6341576
                    ],
                    [
                        -86.4150534,
                        37.6340692
                    ],
                    [
                        -86.4152631,
                        37.6342212
                    ],
                    [
                        -86.4154148,
                        37.6342494
                    ],
                    [
                        -86.4165526,
                        37.6342212
                    ],
                    [
                        -86.4170568,
                        37.6343236
                    ],
                    [
                        -86.4178064,
                        37.6345498
                    ],
                    [
                        -86.4184444,
                        37.6348431
                    ],
                    [
                        -86.4186362,
                        37.6350621
                    ],
                    [
                        -86.4186675,
                        37.6352989
                    ],
                    [
                        -86.4181187,
                        37.6360161
                    ],
                    [
                        -86.4180116,
                        37.6370408
                    ],
                    [
                        -86.4180741,
                        37.637274
                    ],
                    [
                        -86.4180473,
                        37.6375107
                    ],
                    [
                        -86.4183819,
                        37.6375248
                    ],
                    [
                        -86.4187567,
                        37.6376485
                    ],
                    [
                        -86.4189218,
                        37.6379418
                    ],
                    [
                        -86.4191494,
                        37.6381785
                    ],
                    [
                        -86.4199079,
                        37.6384859
                    ],
                    [
                        -86.4200551,
                        37.6386979
                    ],
                    [
                        -86.4201711,
                        37.6386873
                    ],
                    [
                        -86.4201237,
                        37.6384236
                    ],
                    [
                        -86.4200038,
                        37.6382037
                    ],
                    [
                        -86.4196757,
                        37.6381837
                    ],
                    [
                        -86.4194359,
                        37.6378939
                    ],
                    [
                        -86.4192592,
                        37.6374792
                    ],
                    [
                        -86.4188617,
                        37.6372243
                    ],
                    [
                        -86.418704,
                        37.6368496
                    ],
                    [
                        -86.4189122,
                        37.6363099
                    ],
                    [
                        -86.4197766,
                        37.6355854
                    ],
                    [
                        -86.4200858,
                        37.6351656
                    ],
                    [
                        -86.4214298,
                        37.6346959
                    ],
                    [
                        -86.4219725,
                        37.6342062
                    ],
                    [
                        -86.4220861,
                        37.6337915
                    ],
                    [
                        -86.4220861,
                        37.6333567
                    ],
                    [
                        -86.4217958,
                        37.632932
                    ],
                    [
                        -86.4210828,
                        37.6325072
                    ],
                    [
                        -86.4205528,
                        37.6322774
                    ],
                    [
                        -86.4186572,
                        37.6319234
                    ],
                    [
                        -86.4177604,
                        37.6319693
                    ],
                    [
                        -86.4172339,
                        37.6318704
                    ],
                    [
                        -86.41652,
                        37.6315877
                    ],
                    [
                        -86.4157793,
                        37.6310683
                    ],
                    [
                        -86.4155027,
                        37.630987
                    ],
                    [
                        -86.4152841,
                        37.6307927
                    ],
                    [
                        -86.4151234,
                        37.6302838
                    ],
                    [
                        -86.4151502,
                        37.629775
                    ],
                    [
                        -86.4153465,
                        37.6291849
                    ],
                    [
                        -86.4153153,
                        37.6288845
                    ],
                    [
                        -86.4154134,
                        37.6281849
                    ],
                    [
                        -86.4157347,
                        37.6279905
                    ],
                    [
                        -86.4158329,
                        37.6278704
                    ],
                    [
                        -86.4155875,
                        37.6275311
                    ],
                    [
                        -86.4155875,
                        37.6273262
                    ],
                    [
                        -86.4159176,
                        37.6257748
                    ],
                    [
                        -86.4158105,
                        37.625531
                    ],
                    [
                        -86.4157749,
                        37.6250115
                    ],
                    [
                        -86.4158686,
                        37.624803
                    ],
                    [
                        -86.4160113,
                        37.6246511
                    ],
                    [
                        -86.4159846,
                        37.6244532
                    ],
                    [
                        -86.416047,
                        37.6240009
                    ],
                    [
                        -86.4162433,
                        37.6238065
                    ],
                    [
                        -86.4170242,
                        37.6234354
                    ],
                    [
                        -86.4173499,
                        37.6234354
                    ],
                    [
                        -86.4180771,
                        37.6241882
                    ],
                    [
                        -86.4187509,
                        37.6250292
                    ],
                    [
                        -86.4189293,
                        37.6254433
                    ],
                    [
                        -86.4194915,
                        37.6261924
                    ],
                    [
                        -86.420491,
                        37.6268921
                    ],
                    [
                        -86.4222935,
                        37.6275918
                    ],
                    [
                        -86.4247564,
                        37.6278392
                    ],
                    [
                        -86.4248546,
                        37.6280865
                    ],
                    [
                        -86.4242835,
                        37.6286873
                    ],
                    [
                        -86.423757,
                        37.6294152
                    ],
                    [
                        -86.4234625,
                        37.6300936
                    ],
                    [
                        -86.4229896,
                        37.6309629
                    ],
                    [
                        -86.4229449,
                        37.6317332
                    ],
                    [
                        -86.4232484,
                        37.632659
                    ],
                    [
                        -86.4236767,
                        37.6330406
                    ],
                    [
                        -86.4240425,
                        37.6332667
                    ],
                    [
                        -86.4251937,
                        37.6334999
                    ],
                    [
                        -86.4257916,
                        37.6336837
                    ],
                    [
                        -86.4259828,
                        37.6335391
                    ],
                    [
                        -86.4278631,
                        37.6327796
                    ],
                    [
                        -86.4284563,
                        37.6324598
                    ],
                    [
                        -86.4290822,
                        37.632497
                    ],
                    [
                        -86.4294766,
                        37.6325719
                    ],
                    [
                        -86.4298552,
                        37.6326969
                    ],
                    [
                        -86.4305494,
                        37.6330342
                    ],
                    [
                        -86.4308334,
                        37.6332341
                    ],
                    [
                        -86.4322691,
                        37.6337964
                    ],
                    [
                        -86.4328844,
                        37.6341462
                    ],
                    [
                        -86.4331368,
                        37.6343586
                    ],
                    [
                        -86.4334366,
                        37.6345585
                    ],
                    [
                        -86.4337363,
                        37.6347334
                    ],
                    [
                        -86.4338468,
                        37.6350333
                    ],
                    [
                        -86.4337994,
                        37.6353581
                    ],
                    [
                        -86.4337048,
                        37.6356455
                    ],
                    [
                        -86.4336259,
                        37.6359453
                    ],
                    [
                        -86.4335628,
                        37.6362452
                    ],
                    [
                        -86.4334366,
                        37.6365325
                    ],
                    [
                        -86.4317958,
                        37.639381
                    ],
                    [
                        -86.4320956,
                        37.6396809
                    ],
                    [
                        -86.4324111,
                        37.6390937
                    ],
                    [
                        -86.4326635,
                        37.6388313
                    ],
                    [
                        -86.4329948,
                        37.6386439
                    ],
                    [
                        -86.4336259,
                        37.6382566
                    ],
                    [
                        -86.4338941,
                        37.6380068
                    ],
                    [
                        -86.4340834,
                        37.6377194
                    ],
                    [
                        -86.4344147,
                        37.6371072
                    ],
                    [
                        -86.4346672,
                        37.6368574
                    ],
                    [
                        -86.4348407,
                        37.6365575
                    ],
                    [
                        -86.4349038,
                        37.6362452
                    ],
                    [
                        -86.4355349,
                        37.6353081
                    ],
                    [
                        -86.4358978,
                        37.6351582
                    ],
                    [
                        -86.436308,
                        37.6350958
                    ],
                    [
                        -86.4366866,
                        37.6351332
                    ],
                    [
                        -86.4370179,
                        37.6352832
                    ],
                    [
                        -86.4374123,
                        37.6353331
                    ],
                    [
                        -86.4377752,
                        37.6352582
                    ],
                    [
                        -86.4381223,
                        37.6351457
                    ],
                    [
                        -86.4389111,
                        37.6349333
                    ],
                    [
                        -86.439274,
                        37.6348209
                    ],
                    [
                        -86.4395422,
                        37.634596
                    ],
                    [
                        -86.4397315,
                        37.6342836
                    ],
                    [
                        -86.4398577,
                        37.6339588
                    ],
                    [
                        -86.4399366,
                        37.6336215
                    ],
                    [
                        -86.4400155,
                        37.6329218
                    ],
                    [
                        -86.4401575,
                        37.6326094
                    ],
                    [
                        -86.4405361,
                        37.6325345
                    ],
                    [
                        -86.4408359,
                        37.6327094
                    ],
                    [
                        -86.441467,
                        37.6330967
                    ],
                    [
                        -86.4417036,
                        37.6333716
                    ],
                    [
                        -86.4419087,
                        37.6336464
                    ],
                    [
                        -86.4419718,
                        37.6339338
                    ],
                    [
                        -86.4416247,
                        37.6343211
                    ],
                    [
                        -86.4408359,
                        37.634596
                    ],
                    [
                        -86.4404573,
                        37.6346585
                    ],
                    [
                        -86.4401102,
                        37.6348084
                    ],
                    [
                        -86.4400155,
                        37.6351082
                    ],
                    [
                        -86.439984,
                        37.6354081
                    ],
                    [
                        -86.4398577,
                        37.6360078
                    ],
                    [
                        -86.4396053,
                        37.6365825
                    ],
                    [
                        -86.4393844,
                        37.6371947
                    ],
                    [
                        -86.4392424,
                        37.637482
                    ],
                    [
                        -86.4391478,
                        37.6377819
                    ],
                    [
                        -86.438848,
                        37.6383691
                    ],
                    [
                        -86.4386272,
                        37.6386314
                    ],
                    [
                        -86.4383747,
                        37.6388938
                    ],
                    [
                        -86.4381065,
                        37.6391312
                    ],
                    [
                        -86.4378699,
                        37.639381
                    ],
                    [
                        -86.437649,
                        37.6396184
                    ],
                    [
                        -86.4374281,
                        37.6398808
                    ],
                    [
                        -86.4372861,
                        37.6401681
                    ],
                    [
                        -86.4372388,
                        37.6404679
                    ],
                    [
                        -86.437223,
                        37.6407928
                    ],
                    [
                        -86.4377222,
                        37.6404274
                    ],
                    [
                        -86.4382643,
                        37.6400307
                    ],
                    [
                        -86.4384536,
                        37.6397558
                    ],
                    [
                        -86.4390689,
                        37.6393685
                    ],
                    [
                        -86.4393056,
                        37.6391062
                    ],
                    [
                        -86.4396369,
                        37.6384815
                    ],
                    [
                        -86.4397631,
                        37.6381817
                    ],
                    [
                        -86.4398577,
                        37.6378444
                    ],
                    [
                        -86.4402364,
                        37.6373821
                    ],
                    [
                        -86.4404099,
                        37.6370698
                    ],
                    [
                        -86.4405046,
                        37.6367199
                    ],
                    [
                        -86.4405204,
                        37.6363951
                    ],
                    [
                        -86.4406624,
                        37.6357329
                    ],
                    [
                        -86.4408044,
                        37.6354206
                    ],
                    [
                        -86.4410252,
                        37.6351457
                    ],
                    [
                        -86.441325,
                        37.6349458
                    ],
                    [
                        -86.4416721,
                        37.6347459
                    ],
                    [
                        -86.4420192,
                        37.634571
                    ],
                    [
                        -86.4423663,
                        37.6344211
                    ],
                    [
                        -86.4426502,
                        37.6342212
                    ],
                    [
                        -86.4427922,
                        37.6339213
                    ],
                    [
                        -86.4428238,
                        37.6334465
                    ],
                    [
                        -86.4420507,
                        37.6325969
                    ],
                    [
                        -86.4417983,
                        37.6322721
                    ],
                    [
                        -86.4416879,
                        37.6319597
                    ],
                    [
                        -86.4415616,
                        37.6316474
                    ],
                    [
                        -86.4415459,
                        37.6313225
                    ],
                    [
                        -86.4416879,
                        37.6310226
                    ],
                    [
                        -86.4420192,
                        37.6308602
                    ],
                    [
                        -86.4424294,
                        37.6308602
                    ],
                    [
                        -86.4428238,
                        37.6309477
                    ],
                    [
                        -86.443092,
                        37.6311601
                    ],
                    [
                        -86.4434706,
                        37.6317098
                    ],
                    [
                        -86.4441806,
                        37.6324345
                    ],
                    [
                        -86.4444803,
                        37.6330092
                    ],
                    [
                        -86.444859,
                        37.633534
                    ],
                    [
                        -86.4455847,
                        37.6343336
                    ],
                    [
                        -86.4457898,
                        37.6345835
                    ],
                    [
                        -86.4460896,
                        37.6347709
                    ],
                    [
                        -86.4464209,
                        37.6349083
                    ],
                    [
                        -86.4467838,
                        37.6350333
                    ],
                    [
                        -86.4475884,
                        37.6351457
                    ],
                    [
                        -86.4480144,
                        37.6351832
                    ],
                    [
                        -86.448393,
                        37.6351832
                    ],
                    [
                        -86.4487716,
                        37.6352707
                    ],
                    [
                        -86.4490872,
                        37.6354206
                    ],
                    [
                        -86.4493081,
                        37.635658
                    ],
                    [
                        -86.4492923,
                        37.6359578
                    ],
                    [
                        -86.4492923,
                        37.6362577
                    ],
                    [
                        -86.4492449,
                        37.6365575
                    ],
                    [
                        -86.4491503,
                        37.6368449
                    ],
                    [
                        -86.4490083,
                        37.6371197
                    ],
                    [
                        -86.4489136,
                        37.6374071
                    ],
                    [
                        -86.4489136,
                        37.6377194
                    ],
                    [
                        -86.4489294,
                        37.6380443
                    ],
                    [
                        -86.4490556,
                        37.6386439
                    ],
                    [
                        -86.449103,
                        37.6389313
                    ],
                    [
                        -86.4491818,
                        37.6392186
                    ],
                    [
                        -86.4492449,
                        37.6395185
                    ],
                    [
                        -86.4493238,
                        37.6398058
                    ],
                    [
                        -86.4494343,
                        37.6400807
                    ],
                    [
                        -86.449592,
                        37.6403555
                    ],
                    [
                        -86.4498287,
                        37.6406179
                    ],
                    [
                        -86.450444,
                        37.6409677
                    ],
                    [
                        -86.4512013,
                        37.6412425
                    ],
                    [
                        -86.4515641,
                        37.641305
                    ],
                    [
                        -86.4519428,
                        37.64128
                    ],
                    [
                        -86.4527316,
                        37.6411301
                    ],
                    [
                        -86.453126,
                        37.6410051
                    ],
                    [
                        -86.453552,
                        37.6409052
                    ],
                    [
                        -86.4539464,
                        37.6408302
                    ],
                    [
                        -86.4543409,
                        37.6408052
                    ],
                    [
                        -86.4547195,
                        37.6408427
                    ],
                    [
                        -86.4555241,
                        37.6409677
                    ],
                    [
                        -86.4559185,
                        37.6409801
                    ],
                    [
                        -86.456313,
                        37.6410301
                    ],
                    [
                        -86.4567232,
                        37.6409801
                    ],
                    [
                        -86.4559816,
                        37.6406428
                    ],
                    [
                        -86.4553348,
                        37.6402181
                    ],
                    [
                        -86.455035,
                        37.6399932
                    ],
                    [
                        -86.454751,
                        37.6397683
                    ],
                    [
                        -86.454546,
                        37.639481
                    ],
                    [
                        -86.4543882,
                        37.6391562
                    ],
                    [
                        -86.4542935,
                        37.6388313
                    ],
                    [
                        -86.4541515,
                        37.6385065
                    ],
                    [
                        -86.4541515,
                        37.6381692
                    ],
                    [
                        -86.4541989,
                        37.6378444
                    ],
                    [
                        -86.4544986,
                        37.6372447
                    ],
                    [
                        -86.4547353,
                        37.6369948
                    ],
                    [
                        -86.4549246,
                        37.6367199
                    ],
                    [
                        -86.4550824,
                        37.6364326
                    ],
                    [
                        -86.455461,
                        37.635608
                    ],
                    [
                        -86.4555714,
                        37.6352957
                    ],
                    [
                        -86.4557923,
                        37.6343336
                    ],
                    [
                        -86.4558081,
                        37.6339713
                    ],
                    [
                        -86.4558712,
                        37.633634
                    ],
                    [
                        -86.4559974,
                        37.6333216
                    ],
                    [
                        -86.456313,
                        37.6327344
                    ],
                    [
                        -86.4566285,
                        37.6321221
                    ],
                    [
                        -86.4568651,
                        37.6318473
                    ],
                    [
                        -86.4571965,
                        37.6316224
                    ],
                    [
                        -86.4575435,
                        37.6314225
                    ],
                    [
                        -86.4578433,
                        37.631235
                    ],
                    [
                        -86.4586321,
                        37.6309602
                    ],
                    [
                        -86.459421,
                        37.6308102
                    ],
                    [
                        -86.4598154,
                        37.6306603
                    ],
                    [
                        -86.4601467,
                        37.6304479
                    ],
                    [
                        -86.4604623,
                        37.6302729
                    ],
                    [
                        -86.4607936,
                        37.630048
                    ],
                    [
                        -86.4610302,
                        37.6295607
                    ],
                    [
                        -86.4609829,
                        37.6292359
                    ],
                    [
                        -86.4608409,
                        37.6285986
                    ],
                    [
                        -86.4606989,
                        37.6282988
                    ],
                    [
                        -86.4604623,
                        37.6280489
                    ],
                    [
                        -86.460194,
                        37.6278114
                    ],
                    [
                        -86.4598627,
                        37.6276115
                    ],
                    [
                        -86.4594841,
                        37.6274491
                    ],
                    [
                        -86.4590739,
                        37.6273491
                    ],
                    [
                        -86.4586795,
                        37.6272742
                    ],
                    [
                        -86.4582851,
                        37.6272242
                    ],
                    [
                        -86.4578906,
                        37.6271492
                    ],
                    [
                        -86.4570545,
                        37.6270243
                    ],
                    [
                        -86.4566285,
                        37.6269243
                    ],
                    [
                        -86.4563918,
                        37.6266744
                    ],
                    [
                        -86.4562341,
                        37.6263745
                    ],
                    [
                        -86.4562656,
                        37.6260496
                    ],
                    [
                        -86.4564234,
                        37.6257622
                    ],
                    [
                        -86.4567863,
                        37.6256498
                    ],
                    [
                        -86.4571649,
                        37.6255998
                    ],
                    [
                        -86.4575751,
                        37.6254998
                    ],
                    [
                        -86.4579222,
                        37.6253249
                    ],
                    [
                        -86.458427,
                        37.6247876
                    ],
                    [
                        -86.4586953,
                        37.6245252
                    ],
                    [
                        -86.459137,
                        37.6239878
                    ],
                    [
                        -86.4593105,
                        37.6237004
                    ],
                    [
                        -86.4594683,
                        37.6234005
                    ],
                    [
                        -86.4599732,
                        37.6225008
                    ],
                    [
                        -86.4601309,
                        37.6221884
                    ],
                    [
                        -86.4602572,
                        37.6218885
                    ],
                    [
                        -86.4604307,
                        37.6215886
                    ],
                    [
                        -86.4606989,
                        37.6213637
                    ],
                    [
                        -86.4610933,
                        37.6213762
                    ],
                    [
                        -86.461419,
                        37.6215858
                    ],
                    [
                        -86.4617156,
                        37.6217492
                    ],
                    [
                        -86.4618833,
                        37.6218207
                    ],
                    [
                        -86.4620445,
                        37.6218769
                    ],
                    [
                        -86.4621992,
                        37.6219075
                    ],
                    [
                        -86.4625538,
                        37.6219432
                    ],
                    [
                        -86.4636887,
                        37.6219841
                    ],
                    [
                        -86.4651136,
                        37.6219943
                    ],
                    [
                        -86.4652813,
                        37.6220352
                    ],
                    [
                        -86.465436,
                        37.6221016
                    ],
                    [
                        -86.4655263,
                        37.6222139
                    ],
                    [
                        -86.4655779,
                        37.6223365
                    ],
                    [
                        -86.4655908,
                        37.6224642
                    ],
                    [
                        -86.4655843,
                        37.622602
                    ],
                    [
                        -86.4655134,
                        37.6230106
                    ],
                    [
                        -86.4655198,
                        37.6231383
                    ],
                    [
                        -86.465565,
                        37.6234038
                    ],
                    [
                        -86.4656101,
                        37.6235315
                    ],
                    [
                        -86.4655521,
                        37.6239503
                    ],
                    [
                        -86.4660034,
                        37.6248184
                    ],
                    [
                        -86.4660808,
                        37.6249512
                    ],
                    [
                        -86.4661904,
                        37.6250636
                    ],
                    [
                        -86.4662678,
                        37.6251708
                    ],
                    [
                        -86.4664225,
                        37.6254312
                    ],
                    [
                        -86.466861,
                        37.625896
                    ],
                    [
                        -86.4673768,
                        37.6262177
                    ],
                    [
                        -86.4679571,
                        37.6265394
                    ],
                    [
                        -86.4680732,
                        37.6266518
                    ],
                    [
                        -86.4681505,
                        37.626759
                    ],
                    [
                        -86.4681957,
                        37.6268867
                    ],
                    [
                        -86.4681828,
                        37.6272901
                    ],
                    [
                        -86.4681054,
                        37.6275607
                    ],
                    [
                        -86.4680409,
                        37.6276884
                    ],
                    [
                        -86.4676154,
                        37.6281327
                    ],
                    [
                        -86.4671382,
                        37.628531
                    ],
                    [
                        -86.4669383,
                        37.6287506
                    ],
                    [
                        -86.4667062,
                        37.6290825
                    ],
                    [
                        -86.4666417,
                        37.6292102
                    ],
                    [
                        -86.4666095,
                        37.6293276
                    ],
                    [
                        -86.4666224,
                        37.6298536
                    ],
                    [
                        -86.4666869,
                        37.6299761
                    ],
                    [
                        -86.4667771,
                        37.6300936
                    ],
                    [
                        -86.4671705,
                        37.6305123
                    ],
                    [
                        -86.4673123,
                        37.6305736
                    ],
                    [
                        -86.4677894,
                        37.6307268
                    ],
                    [
                        -86.4686535,
                        37.6308493
                    ],
                    [
                        -86.4693627,
                        37.6308595
                    ],
                    [
                        -86.4695561,
                        37.6308544
                    ],
                    [
                        -86.4700591,
                        37.6308085
                    ],
                    [
                        -86.4702396,
                        37.6308136
                    ],
                    [
                        -86.4707167,
                        37.6308851
                    ],
                    [
                        -86.4708715,
                        37.630931
                    ],
                    [
                        -86.4711358,
                        37.6311659
                    ],
                    [
                        -86.4711745,
                        37.6312987
                    ],
                    [
                        -86.4711681,
                        37.6314212
                    ],
                    [
                        -86.4710456,
                        37.6319727
                    ],
                    [
                        -86.4710456,
                        37.6321208
                    ],
                    [
                        -86.471052,
                        37.6322791
                    ],
                    [
                        -86.4711874,
                        37.6323557
                    ],
                    [
                        -86.4715485,
                        37.6318808
                    ],
                    [
                        -86.4719741,
                        37.6314315
                    ],
                    [
                        -86.4721997,
                        37.6310842
                    ],
                    [
                        -86.4722964,
                        37.6309668
                    ],
                    [
                        -86.4724899,
                        37.6307523
                    ],
                    [
                        -86.4726124,
                        37.6306502
                    ],
                    [
                        -86.4729219,
                        37.6305378
                    ],
                    [
                        -86.4730831,
                        37.6305123
                    ],
                    [
                        -86.4732314,
                        37.6304715
                    ],
                    [
                        -86.473399,
                        37.6304561
                    ],
                    [
                        -86.4739858,
                        37.6306042
                    ],
                    [
                        -86.4740696,
                        37.6307063
                    ],
                    [
                        -86.4741018,
                        37.6308289
                    ],
                    [
                        -86.4740954,
                        37.6316408
                    ],
                    [
                        -86.4739535,
                        37.6322893
                    ],
                    [
                        -86.4739793,
                        37.632851
                    ],
                    [
                        -86.4739987,
                        37.6329787
                    ],
                    [
                        -86.4740954,
                        37.633234
                    ],
                    [
                        -86.4742566,
                        37.6334535
                    ],
                    [
                        -86.4743597,
                        37.6335403
                    ],
                    [
                        -86.4746177,
                        37.6336986
                    ],
                    [
                        -86.4753849,
                        37.6339591
                    ],
                    [
                        -86.4757138,
                        37.634005
                    ],
                    [
                        -86.4758814,
                        37.6339897
                    ],
                    [
                        -86.4760426,
                        37.6339488
                    ],
                    [
                        -86.4765842,
                        37.6337599
                    ],
                    [
                        -86.4767132,
                        37.6336782
                    ],
                    [
                        -86.4770162,
                        37.6335506
                    ],
                    [
                        -86.4775449,
                        37.6331676
                    ],
                    [
                        -86.4777126,
                        37.633137
                    ],
                    [
                        -86.4778609,
                        37.6331727
                    ],
                    [
                        -86.4780156,
                        37.6331625
                    ],
                    [
                        -86.4781897,
                        37.6331063
                    ],
                    [
                        -86.4783767,
                        37.6330246
                    ],
                    [
                        -86.4785379,
                        37.6330144
                    ],
                    [
                        -86.4785895,
                        37.6331318
                    ],
                    [
                        -86.4785315,
                        37.6333718
                    ],
                    [
                        -86.4785379,
                        37.6340459
                    ],
                    [
                        -86.4786282,
                        37.6344339
                    ],
                    [
                        -86.4786282,
                        37.6346892
                    ],
                    [
                        -86.4785444,
                        37.6348679
                    ],
                    [
                        -86.4784476,
                        37.6349803
                    ],
                    [
                        -86.4783316,
                        37.6350824
                    ],
                    [
                        -86.4783058,
                        37.635205
                    ],
                    [
                        -86.4786088,
                        37.6352815
                    ],
                    [
                        -86.4787829,
                        37.6352918
                    ],
                    [
                        -86.4789248,
                        37.6353479
                    ],
                    [
                        -86.4791182,
                        37.6355522
                    ],
                    [
                        -86.479331,
                        37.6359147
                    ],
                    [
                        -86.4793826,
                        37.6360423
                    ],
                    [
                        -86.4794084,
                        37.63617
                    ],
                    [
                        -86.4798661,
                        37.637181
                    ],
                    [
                        -86.4798919,
                        37.6373188
                    ],
                    [
                        -86.4798726,
                        37.6375792
                    ],
                    [
                        -86.4797114,
                        37.6382328
                    ],
                    [
                        -86.4795438,
                        37.6384881
                    ],
                    [
                        -86.4791053,
                        37.6389578
                    ],
                    [
                        -86.4789312,
                        37.6393255
                    ],
                    [
                        -86.4788861,
                        37.6396012
                    ],
                    [
                        -86.4789054,
                        37.6397339
                    ],
                    [
                        -86.4791118,
                        37.6401424
                    ],
                    [
                        -86.4792214,
                        37.6402292
                    ],
                    [
                        -86.4794212,
                        37.6404334
                    ],
                    [
                        -86.4795695,
                        37.6405253
                    ],
                    [
                        -86.4797243,
                        37.640561
                    ],
                    [
                        -86.4798855,
                        37.6405559
                    ],
                    [
                        -86.4800338,
                        37.6405253
                    ],
                    [
                        -86.4803239,
                        37.6403619
                    ],
                    [
                        -86.4804722,
                        37.6403109
                    ],
                    [
                        -86.4807882,
                        37.6402598
                    ],
                    [
                        -86.4826774,
                        37.6395195
                    ],
                    [
                        -86.4828321,
                        37.6394684
                    ],
                    [
                        -86.4829998,
                        37.6394429
                    ],
                    [
                        -86.4831545,
                        37.6394633
                    ],
                    [
                        -86.4833157,
                        37.6395399
                    ],
                    [
                        -86.4834382,
                        37.6396369
                    ],
                    [
                        -86.4836445,
                        37.6398513
                    ],
                    [
                        -86.4838251,
                        37.6400658
                    ],
                    [
                        -86.4838509,
                        37.6401985
                    ],
                    [
                        -86.4838122,
                        37.6407704
                    ],
                    [
                        -86.4836574,
                        37.6410001
                    ],
                    [
                        -86.483518,
                        37.6416331
                    ],
                    [
                        -86.483464,
                        37.6418783
                    ],
                    [
                        -86.4835994,
                        37.6417405
                    ],
                    [
                        -86.4836768,
                        37.641623
                    ],
                    [
                        -86.4842442,
                        37.6406632
                    ],
                    [
                        -86.484328,
                        37.6402445
                    ],
                    [
                        -86.4843216,
                        37.6401117
                    ],
                    [
                        -86.4842893,
                        37.6399892
                    ],
                    [
                        -86.4842248,
                        37.6398667
                    ],
                    [
                        -86.4841346,
                        37.6397492
                    ],
                    [
                        -86.4839089,
                        37.6395093
                    ],
                    [
                        -86.4837993,
                        37.6394174
                    ],
                    [
                        -86.483593,
                        37.6392029
                    ],
                    [
                        -86.4834382,
                        37.6391467
                    ],
                    [
                        -86.4832706,
                        37.639111
                    ],
                    [
                        -86.4828837,
                        37.6390855
                    ],
                    [
                        -86.482542,
                        37.6390855
                    ],
                    [
                        -86.4818585,
                        37.6391774
                    ],
                    [
                        -86.4814845,
                        37.639305
                    ],
                    [
                        -86.4810332,
                        37.6393867
                    ],
                    [
                        -86.4797694,
                        37.6393816
                    ],
                    [
                        -86.4796082,
                        37.6393408
                    ],
                    [
                        -86.4795824,
                        37.6392029
                    ],
                    [
                        -86.4796921,
                        37.6389476
                    ],
                    [
                        -86.4797823,
                        37.6388251
                    ],
                    [
                        -86.4799113,
                        37.6387281
                    ],
                    [
                        -86.4803304,
                        37.6384677
                    ],
                    [
                        -86.4806141,
                        37.6383145
                    ],
                    [
                        -86.4808204,
                        37.6380745
                    ],
                    [
                        -86.4808333,
                        37.637758
                    ],
                    [
                        -86.4807108,
                        37.6370635
                    ],
                    [
                        -86.480569,
                        37.6367521
                    ],
                    [
                        -86.4804851,
                        37.6363334
                    ],
                    [
                        -86.4803175,
                        37.63593
                    ],
                    [
                        -86.4802788,
                        37.6357973
                    ],
                    [
                        -86.4802595,
                        37.6349496
                    ],
                    [
                        -86.4803304,
                        37.634679
                    ],
                    [
                        -86.4804851,
                        37.6344492
                    ],
                    [
                        -86.4806528,
                        37.6340714
                    ],
                    [
                        -86.4807366,
                        37.6338059
                    ],
                    [
                        -86.4808011,
                        37.6336833
                    ],
                    [
                        -86.4808784,
                        37.633571
                    ],
                    [
                        -86.4809816,
                        37.6334638
                    ],
                    [
                        -86.4811364,
                        37.6332238
                    ],
                    [
                        -86.4812395,
                        37.6331165
                    ],
                    [
                        -86.4813104,
                        37.6329838
                    ],
                    [
                        -86.4813362,
                        37.6328561
                    ],
                    [
                        -86.4812976,
                        37.6327285
                    ],
                    [
                        -86.481175,
                        37.6326263
                    ],
                    [
                        -86.4808784,
                        37.6324476
                    ],
                    [
                        -86.4806592,
                        37.6322383
                    ],
                    [
                        -86.4804078,
                        37.6320646
                    ],
                    [
                        -86.4800918,
                        37.6319472
                    ],
                    [
                        -86.4794148,
                        37.6317327
                    ],
                    [
                        -86.4787829,
                        37.6317072
                    ],
                    [
                        -86.4782091,
                        37.6319217
                    ],
                    [
                        -86.4780285,
                        37.6319676
                    ],
                    [
                        -86.4776481,
                        37.6320136
                    ],
                    [
                        -86.4772741,
                        37.6321106
                    ],
                    [
                        -86.4771,
                        37.632177
                    ],
                    [
                        -86.4768163,
                        37.6323251
                    ],
                    [
                        -86.4766358,
                        37.6323863
                    ],
                    [
                        -86.4758879,
                        37.6326212
                    ],
                    [
                        -86.4757138,
                        37.6326314
                    ],
                    [
                        -86.4755848,
                        37.6325497
                    ],
                    [
                        -86.4755203,
                        37.6324323
                    ],
                    [
                        -86.4754945,
                        37.6323046
                    ],
                    [
                        -86.4754752,
                        37.6312527
                    ],
                    [
                        -86.4754817,
                        37.6311149
                    ],
                    [
                        -86.4755332,
                        37.630834
                    ],
                    [
                        -86.4755461,
                        37.6304357
                    ],
                    [
                        -86.4755332,
                        37.6302723
                    ],
                    [
                        -86.4754172,
                        37.6297259
                    ],
                    [
                        -86.4748691,
                        37.6292204
                    ],
                    [
                        -86.4747466,
                        37.6291336
                    ],
                    [
                        -86.4744049,
                        37.6290927
                    ],
                    [
                        -86.4736892,
                        37.6290978
                    ],
                    [
                        -86.473528,
                        37.629154
                    ],
                    [
                        -86.4732314,
                        37.6292919
                    ],
                    [
                        -86.4728961,
                        37.629394
                    ],
                    [
                        -86.4720127,
                        37.6295165
                    ],
                    [
                        -86.4710778,
                        37.6294604
                    ],
                    [
                        -86.4703944,
                        37.6293838
                    ],
                    [
                        -86.470072,
                        37.6292868
                    ],
                    [
                        -86.4699366,
                        37.629205
                    ],
                    [
                        -86.4698269,
                        37.629108
                    ],
                    [
                        -86.4697496,
                        37.6289753
                    ],
                    [
                        -86.4697109,
                        37.6288425
                    ],
                    [
                        -86.4697238,
                        37.6285718
                    ],
                    [
                        -86.4697496,
                        37.6284442
                    ],
                    [
                        -86.4698785,
                        37.6281786
                    ],
                    [
                        -86.4700268,
                        37.6279233
                    ],
                    [
                        -86.4700526,
                        37.6277956
                    ],
                    [
                        -86.4700526,
                        37.6273463
                    ],
                    [
                        -86.4700268,
                        37.626902
                    ],
                    [
                        -86.4699688,
                        37.6266313
                    ],
                    [
                        -86.469698,
                        37.6261104
                    ],
                    [
                        -86.469511,
                        37.6258704
                    ],
                    [
                        -86.4692789,
                        37.625661
                    ],
                    [
                        -86.468705,
                        37.6253189
                    ],
                    [
                        -86.46846,
                        37.6251248
                    ],
                    [
                        -86.4682472,
                        37.6249001
                    ],
                    [
                        -86.4680732,
                        37.6246448
                    ],
                    [
                        -86.4680216,
                        37.6245171
                    ],
                    [
                        -86.4679764,
                        37.6243946
                    ],
                    [
                        -86.4678926,
                        37.6239962
                    ],
                    [
                        -86.4678152,
                        37.6237358
                    ],
                    [
                        -86.4676992,
                        37.6234906
                    ],
                    [
                        -86.4676992,
                        37.6232251
                    ],
                    [
                        -86.4678088,
                        37.6227144
                    ],
                    [
                        -86.4679055,
                        37.6221526
                    ],
                    [
                        -86.4679055,
                        37.6220096
                    ],
                    [
                        -86.4678668,
                        37.621693
                    ],
                    [
                        -86.4676927,
                        37.6211159
                    ],
                    [
                        -86.4672865,
                        37.6203345
                    ],
                    [
                        -86.4672607,
                        37.6202068
                    ],
                    [
                        -86.4672607,
                        37.6199259
                    ],
                    [
                        -86.4672736,
                        37.6197881
                    ],
                    [
                        -86.4673961,
                        37.6192467
                    ],
                    [
                        -86.4674477,
                        37.618833
                    ],
                    [
                        -86.4675573,
                        37.6184193
                    ],
                    [
                        -86.4675702,
                        37.6180261
                    ],
                    [
                        -86.467596,
                        37.6179035
                    ],
                    [
                        -86.4676347,
                        37.6177809
                    ],
                    [
                        -86.467841,
                        37.6174234
                    ],
                    [
                        -86.4679571,
                        37.6173417
                    ],
                    [
                        -86.4681247,
                        37.6172906
                    ],
                    [
                        -86.4684536,
                        37.6172549
                    ],
                    [
                        -86.4687695,
                        37.61726
                    ],
                    [
                        -86.4689307,
                        37.6172804
                    ],
                    [
                        -86.4691112,
                        37.6173213
                    ],
                    [
                        -86.4698592,
                        37.6176941
                    ],
                    [
                        -86.4702267,
                        37.6180159
                    ],
                    [
                        -86.4705233,
                        37.6182099
                    ],
                    [
                        -86.4707683,
                        37.6184244
                    ],
                    [
                        -86.4710069,
                        37.6185777
                    ],
                    [
                        -86.471858,
                        37.6194357
                    ],
                    [
                        -86.4721288,
                        37.6196502
                    ],
                    [
                        -86.4724319,
                        37.6199515
                    ],
                    [
                        -86.472967,
                        37.6203039
                    ],
                    [
                        -86.4737794,
                        37.620932
                    ],
                    [
                        -86.4738697,
                        37.6211823
                    ],
                    [
                        -86.4738891,
                        37.6213202
                    ],
                    [
                        -86.4740245,
                        37.6214019
                    ],
                    [
                        -86.4741792,
                        37.621361
                    ],
                    [
                        -86.4743339,
                        37.6213406
                    ],
                    [
                        -86.4745016,
                        37.6213406
                    ],
                    [
                        -86.4746563,
                        37.6213713
                    ],
                    [
                        -86.4747273,
                        37.6215245
                    ],
                    [
                        -86.475256,
                        37.6218309
                    ],
                    [
                        -86.4760233,
                        37.6223109
                    ],
                    [
                        -86.4767906,
                        37.6225663
                    ],
                    [
                        -86.4770936,
                        37.6228625
                    ],
                    [
                        -86.4772612,
                        37.622888
                    ],
                    [
                        -86.4775965,
                        37.623031
                    ],
                    [
                        -86.4780414,
                        37.6231587
                    ],
                    [
                        -86.4782091,
                        37.6231996
                    ],
                    [
                        -86.4785379,
                        37.6232404
                    ],
                    [
                        -86.478712,
                        37.6232506
                    ],
                    [
                        -86.4799887,
                        37.6232506
                    ],
                    [
                        -86.4804851,
                        37.6231178
                    ],
                    [
                        -86.4806334,
                        37.6231485
                    ],
                    [
                        -86.4807495,
                        37.6232404
                    ],
                    [
                        -86.4808527,
                        37.6233579
                    ],
                    [
                        -86.481001,
                        37.6235724
                    ],
                    [
                        -86.4811364,
                        37.6236898
                    ],
                    [
                        -86.4811622,
                        37.6234243
                    ],
                    [
                        -86.4812331,
                        37.623174
                    ],
                    [
                        -86.4813491,
                        37.6229238
                    ],
                    [
                        -86.4814974,
                        37.6226838
                    ],
                    [
                        -86.4817038,
                        37.6224437
                    ],
                    [
                        -86.4836445,
                        37.6197625
                    ],
                    [
                        -86.4838896,
                        37.619405
                    ],
                    [
                        -86.4841797,
                        37.61893
                    ],
                    [
                        -86.4843731,
                        37.6186951
                    ],
                    [
                        -86.4844957,
                        37.6186134
                    ],
                    [
                        -86.4846311,
                        37.618547
                    ],
                    [
                        -86.4849534,
                        37.6184346
                    ],
                    [
                        -86.4851082,
                        37.6184398
                    ],
                    [
                        -86.4852629,
                        37.6184806
                    ],
                    [
                        -86.4853854,
                        37.6185521
                    ],
                    [
                        -86.4855015,
                        37.618644
                    ],
                    [
                        -86.4857078,
                        37.6188483
                    ],
                    [
                        -86.4858948,
                        37.6190577
                    ],
                    [
                        -86.4860496,
                        37.6192978
                    ],
                    [
                        -86.486114,
                        37.6194254
                    ],
                    [
                        -86.486185,
                        37.6196604
                    ],
                    [
                        -86.486243,
                        37.6197778
                    ],
                    [
                        -86.4863913,
                        37.6197114
                    ],
                    [
                        -86.4865589,
                        37.619691
                    ],
                    [
                        -86.4867266,
                        37.6196961
                    ],
                    [
                        -86.4868942,
                        37.6197268
                    ],
                    [
                        -86.4872166,
                        37.6198289
                    ],
                    [
                        -86.4874939,
                        37.6199617
                    ],
                    [
                        -86.4877582,
                        37.6201353
                    ],
                    [
                        -86.4878614,
                        37.6202273
                    ],
                    [
                        -86.4879646,
                        37.6203498
                    ],
                    [
                        -86.4881838,
                        37.6205439
                    ],
                    [
                        -86.4883321,
                        37.6206154
                    ],
                    [
                        -86.4887834,
                        37.6207788
                    ],
                    [
                        -86.4894411,
                        37.6209933
                    ],
                    [
                        -86.4897377,
                        37.621075
                    ],
                    [
                        -86.4895701,
                        37.6208299
                    ],
                    [
                        -86.4894733,
                        37.6207227
                    ],
                    [
                        -86.4893508,
                        37.6206358
                    ],
                    [
                        -86.489209,
                        37.6205541
                    ],
                    [
                        -86.488532,
                        37.6203294
                    ],
                    [
                        -86.4884159,
                        37.6202375
                    ],
                    [
                        -86.4883127,
                        37.6201302
                    ],
                    [
                        -86.4880806,
                        37.6196195
                    ],
                    [
                        -86.4879839,
                        37.6195123
                    ],
                    [
                        -86.4875648,
                        37.6192569
                    ],
                    [
                        -86.4874358,
                        37.619165
                    ],
                    [
                        -86.4873327,
                        37.6190577
                    ],
                    [
                        -86.4871844,
                        37.6188075
                    ],
                    [
                        -86.486862,
                        37.6181895
                    ],
                    [
                        -86.4865783,
                        37.6178473
                    ],
                    [
                        -86.4865009,
                        37.617735
                    ],
                    [
                        -86.4864558,
                        37.6176073
                    ],
                    [
                        -86.4864429,
                        37.6174745
                    ],
                    [
                        -86.4864751,
                        37.6173417
                    ],
                    [
                        -86.4865912,
                        37.6172395
                    ],
                    [
                        -86.4867395,
                        37.617168
                    ],
                    [
                        -86.48692,
                        37.617117
                    ],
                    [
                        -86.4870812,
                        37.6170965
                    ],
                    [
                        -86.4874874,
                        37.6169229
                    ],
                    [
                        -86.4877582,
                        37.6167799
                    ],
                    [
                        -86.4882741,
                        37.6164377
                    ],
                    [
                        -86.4887963,
                        37.6160393
                    ],
                    [
                        -86.4890155,
                        37.6158503
                    ],
                    [
                        -86.4891187,
                        37.6157431
                    ],
                    [
                        -86.4892606,
                        37.6154979
                    ],
                    [
                        -86.4893637,
                        37.614977
                    ],
                    [
                        -86.4893637,
                        37.6147063
                    ],
                    [
                        -86.4893379,
                        37.6145786
                    ],
                    [
                        -86.4891767,
                        37.6139095
                    ],
                    [
                        -86.4891381,
                        37.6137818
                    ],
                    [
                        -86.4890736,
                        37.6136592
                    ],
                    [
                        -86.4889833,
                        37.6135571
                    ],
                    [
                        -86.4885642,
                        37.6132608
                    ],
                    [
                        -86.4880161,
                        37.6129186
                    ],
                    [
                        -86.4876486,
                        37.6126377
                    ],
                    [
                        -86.4873004,
                        37.6125968
                    ],
                    [
                        -86.4871328,
                        37.6125458
                    ],
                    [
                        -86.4870361,
                        37.6124385
                    ],
                    [
                        -86.4871199,
                        37.6123108
                    ],
                    [
                        -86.4874165,
                        37.6122035
                    ],
                    [
                        -86.4877131,
                        37.6120656
                    ],
                    [
                        -86.488461,
                        37.6117949
                    ],
                    [
                        -86.4887899,
                        37.611657
                    ],
                    [
                        -86.4894669,
                        37.6112433
                    ],
                    [
                        -86.489699,
                        37.6110594
                    ],
                    [
                        -86.4900021,
                        37.6107427
                    ],
                    [
                        -86.4901181,
                        37.6106457
                    ],
                    [
                        -86.4902535,
                        37.6105589
                    ],
                    [
                        -86.4916462,
                        37.6097161
                    ],
                    [
                        -86.4920718,
                        37.6094811
                    ],
                    [
                        -86.492665,
                        37.6091951
                    ],
                    [
                        -86.493097,
                        37.6089448
                    ],
                    [
                        -86.4934194,
                        37.6086332
                    ],
                    [
                        -86.4938127,
                        37.6083829
                    ],
                    [
                        -86.4941609,
                        37.6080254
                    ],
                    [
                        -86.4944317,
                        37.6078619
                    ],
                    [
                        -86.4947734,
                        37.6075861
                    ],
                    [
                        -86.4957148,
                        37.6065747
                    ],
                    [
                        -86.4961661,
                        37.606166
                    ],
                    [
                        -86.4969399,
                        37.6056246
                    ],
                    [
                        -86.4973138,
                        37.6053181
                    ],
                    [
                        -86.4979651,
                        37.6048584
                    ],
                    [
                        -86.4982875,
                        37.6045672
                    ],
                    [
                        -86.4988613,
                        37.6039031
                    ],
                    [
                        -86.4990096,
                        37.6038622
                    ],
                    [
                        -86.4993384,
                        37.603852
                    ],
                    [
                        -86.4996673,
                        37.603898
                    ],
                    [
                        -86.4998285,
                        37.6039593
                    ],
                    [
                        -86.4999639,
                        37.6035609
                    ],
                    [
                        -86.5000993,
                        37.6033259
                    ],
                    [
                        -86.5003701,
                        37.6031522
                    ],
                    [
                        -86.5005119,
                        37.6030807
                    ],
                    [
                        -86.5008214,
                        37.6029632
                    ],
                    [
                        -86.5013824,
                        37.6028151
                    ],
                    [
                        -86.5020659,
                        37.6027844
                    ],
                    [
                        -86.50224,
                        37.6028048
                    ],
                    [
                        -86.5023947,
                        37.6028508
                    ],
                    [
                        -86.502543,
                        37.6029223
                    ],
                    [
                        -86.5026462,
                        37.6030245
                    ],
                    [
                        -86.5027235,
                        37.6031369
                    ],
                    [
                        -86.5028203,
                        37.603239
                    ],
                    [
                        -86.5030782,
                        37.6034127
                    ],
                    [
                        -86.5031684,
                        37.6035149
                    ],
                    [
                        -86.5032845,
                        37.6037499
                    ],
                    [
                        -86.5033812,
                        37.6038674
                    ],
                    [
                        -86.5033748,
                        37.60399
                    ],
                    [
                        -86.5032587,
                        37.6040819
                    ],
                    [
                        -86.5028396,
                        37.6043475
                    ],
                    [
                        -86.502846,
                        37.6044752
                    ],
                    [
                        -86.5029879,
                        37.6045314
                    ],
                    [
                        -86.5031104,
                        37.6046029
                    ],
                    [
                        -86.5033941,
                        37.6047102
                    ],
                    [
                        -86.5034922,
                        37.6049024
                    ],
                    [
                        -86.5033828,
                        37.6050793
                    ],
                    [
                        -86.503246,
                        37.6052311
                    ],
                    [
                        -86.5030682,
                        37.6053719
                    ],
                    [
                        -86.5028767,
                        37.6054839
                    ],
                    [
                        -86.5029132,
                        37.605567
                    ],
                    [
                        -86.5030454,
                        37.6057114
                    ],
                    [
                        -86.5030864,
                        37.605809
                    ],
                    [
                        -86.5030773,
                        37.6059029
                    ],
                    [
                        -86.5030135,
                        37.605986
                    ],
                    [
                        -86.5029268,
                        37.6060618
                    ],
                    [
                        -86.5027171,
                        37.6061702
                    ],
                    [
                        -86.5026168,
                        37.6062135
                    ],
                    [
                        -86.5024709,
                        37.6062207
                    ],
                    [
                        -86.5021472,
                        37.6061304
                    ],
                    [
                        -86.5015682,
                        37.6059426
                    ],
                    [
                        -86.5014496,
                        37.605939
                    ],
                    [
                        -86.5016183,
                        37.6060763
                    ],
                    [
                        -86.5017779,
                        37.6062316
                    ],
                    [
                        -86.5017961,
                        37.606358
                    ],
                    [
                        -86.5018737,
                        37.6064266
                    ],
                    [
                        -86.5019192,
                        37.6065205
                    ],
                    [
                        -86.5019785,
                        37.6067156
                    ],
                    [
                        -86.5019648,
                        37.6068023
                    ],
                    [
                        -86.5018919,
                        37.6068781
                    ],
                    [
                        -86.5015955,
                        37.6070443
                    ],
                    [
                        -86.5012855,
                        37.6071923
                    ],
                    [
                        -86.501167,
                        37.607196
                    ],
                    [
                        -86.5010667,
                        37.6071526
                    ],
                    [
                        -86.5009527,
                        37.6069612
                    ],
                    [
                        -86.5008524,
                        37.6069142
                    ],
                    [
                        -86.5005241,
                        37.6072212
                    ],
                    [
                        -86.5003417,
                        37.6073513
                    ],
                    [
                        -86.5002414,
                        37.6074018
                    ],
                    [
                        -86.5001183,
                        37.6074235
                    ],
                    [
                        -86.500018,
                        37.6073802
                    ],
                    [
                        -86.4998539,
                        37.6072212
                    ],
                    [
                        -86.4995165,
                        37.6072682
                    ],
                    [
                        -86.4994208,
                        37.6073296
                    ],
                    [
                        -86.4993706,
                        37.6075138
                    ],
                    [
                        -86.4993068,
                        37.6075969
                    ],
                    [
                        -86.4991882,
                        37.6076186
                    ],
                    [
                        -86.499056,
                        37.6076222
                    ],
                    [
                        -86.498942,
                        37.6076041
                    ],
                    [
                        -86.4987734,
                        37.6074777
                    ],
                    [
                        -86.4984861,
                        37.6073043
                    ],
                    [
                        -86.4983721,
                        37.6073368
                    ],
                    [
                        -86.4983083,
                        37.6074163
                    ],
                    [
                        -86.4982855,
                        37.6075969
                    ],
                    [
                        -86.4981351,
                        37.6077341
                    ],
                    [
                        -86.4979942,
                        37.6079841
                    ],
                    [
                        -86.4979329,
                        37.6080428
                    ],
                    [
                        -86.4978459,
                        37.6080735
                    ],
                    [
                        -86.4976718,
                        37.6080582
                    ],
                    [
                        -86.4974687,
                        37.6081756
                    ],
                    [
                        -86.4973558,
                        37.6082216
                    ],
                    [
                        -86.4971882,
                        37.608242
                    ],
                    [
                        -86.4971205,
                        37.6082778
                    ],
                    [
                        -86.4970109,
                        37.6083748
                    ],
                    [
                        -86.4967111,
                        37.6085511
                    ],
                    [
                        -86.4965434,
                        37.6086915
                    ],
                    [
                        -86.4961308,
                        37.6089418
                    ],
                    [
                        -86.4960115,
                        37.6090338
                    ],
                    [
                        -86.4956826,
                        37.609376
                    ],
                    [
                        -86.4951829,
                        37.6099404
                    ],
                    [
                        -86.494809,
                        37.6107117
                    ],
                    [
                        -86.4945833,
                        37.6110846
                    ],
                    [
                        -86.4945414,
                        37.6112174
                    ],
                    [
                        -86.4945124,
                        37.6117026
                    ],
                    [
                        -86.4944092,
                        37.6122695
                    ],
                    [
                        -86.4945156,
                        37.6127241
                    ],
                    [
                        -86.4947504,
                        37.6130807
                    ],
                    [
                        -86.4947633,
                        37.6133463
                    ],
                    [
                        -86.4947504,
                        37.613617
                    ],
                    [
                        -86.4947182,
                        37.6137396
                    ],
                    [
                        -86.4947118,
                        37.6138775
                    ],
                    [
                        -86.4947118,
                        37.6141738
                    ],
                    [
                        -86.4947376,
                        37.6142963
                    ],
                    [
                        -86.494802,
                        37.6144189
                    ],
                    [
                        -86.4950793,
                        37.6147407
                    ],
                    [
                        -86.4952018,
                        37.6151391
                    ],
                    [
                        -86.4952211,
                        37.6152719
                    ],
                    [
                        -86.495047,
                        37.6154813
                    ],
                    [
                        -86.4949181,
                        37.6155834
                    ],
                    [
                        -86.4948149,
                        37.6156907
                    ],
                    [
                        -86.4948278,
                        37.6158235
                    ],
                    [
                        -86.4951115,
                        37.6159154
                    ],
                    [
                        -86.4952534,
                        37.6159971
                    ],
                    [
                        -86.4955113,
                        37.6161504
                    ],
                    [
                        -86.4956273,
                        37.6162372
                    ],
                    [
                        -86.4957176,
                        37.6163393
                    ],
                    [
                        -86.4958079,
                        37.6164568
                    ],
                    [
                        -86.4959949,
                        37.6168143
                    ],
                    [
                        -86.4964462,
                        37.6172433
                    ],
                    [
                        -86.4965752,
                        37.6174783
                    ],
                    [
                        -86.4965558,
                        37.617606
                    ],
                    [
                        -86.4964075,
                        37.6178511
                    ],
                    [
                        -86.496414,
                        37.617989
                    ],
                    [
                        -86.4965752,
                        37.618035
                    ],
                    [
                        -86.4967364,
                        37.6180503
                    ],
                    [
                        -86.4968911,
                        37.6181116
                    ],
                    [
                        -86.4969362,
                        37.6182444
                    ],
                    [
                        -86.4968589,
                        37.6186529
                    ],
                    [
                        -86.4966654,
                        37.6191637
                    ],
                    [
                        -86.4966332,
                        37.6193016
                    ],
                    [
                        -86.4966332,
                        37.619562
                    ],
                    [
                        -86.4966654,
                        37.6196846
                    ],
                    [
                        -86.4968137,
                        37.6197255
                    ],
                    [
                        -86.4971942,
                        37.6192913
                    ],
                    [
                        -86.4973038,
                        37.6191994
                    ],
                    [
                        -86.4975875,
                        37.6190462
                    ],
                    [
                        -86.497768,
                        37.6190513
                    ],
                    [
                        -86.4978276,
                        37.6191575
                    ],
                    [
                        -86.4979735,
                        37.6192948
                    ],
                    [
                        -86.4983565,
                        37.6195114
                    ],
                    [
                        -86.4985206,
                        37.619627
                    ],
                    [
                        -86.4986092,
                        37.6197611
                    ],
                    [
                        -86.4986535,
                        37.619916
                    ],
                    [
                        -86.498716,
                        37.6203751
                    ],
                    [
                        -86.4990963,
                        37.6206896
                    ],
                    [
                        -86.4992556,
                        37.6207878
                    ],
                    [
                        -86.4993665,
                        37.6207915
                    ],
                    [
                        -86.4994748,
                        37.6207683
                    ],
                    [
                        -86.4995818,
                        37.6207349
                    ],
                    [
                        -86.4996862,
                        37.6206787
                    ],
                    [
                        -86.4999002,
                        37.6204839
                    ],
                    [
                        -86.5025715,
                        37.6179572
                    ],
                    [
                        -86.5011196,
                        37.6187509
                    ],
                    [
                        -86.5011001,
                        37.618173
                    ],
                    [
                        -86.5010357,
                        37.6179125
                    ],
                    [
                        -86.5009583,
                        37.61779
                    ],
                    [
                        -86.5007971,
                        37.6177389
                    ],
                    [
                        -86.5006359,
                        37.6177491
                    ],
                    [
                        -86.500494,
                        37.6178104
                    ],
                    [
                        -86.5002297,
                        37.6179738
                    ],
                    [
                        -86.5000556,
                        37.6179534
                    ],
                    [
                        -86.4997397,
                        37.6176163
                    ],
                    [
                        -86.499269,
                        37.6171822
                    ],
                    [
                        -86.4990884,
                        37.6168094
                    ],
                    [
                        -86.4992432,
                        37.6167583
                    ],
                    [
                        -86.4997526,
                        37.6166664
                    ],
                    [
                        -86.4999137,
                        37.6166255
                    ],
                    [
                        -86.4998428,
                        37.6163599
                    ],
                    [
                        -86.4997719,
                        37.6162425
                    ],
                    [
                        -86.4995011,
                        37.6160892
                    ],
                    [
                        -86.4993528,
                        37.616033
                    ],
                    [
                        -86.4991851,
                        37.6160024
                    ],
                    [
                        -86.4988305,
                        37.6160024
                    ],
                    [
                        -86.4986693,
                        37.6159871
                    ],
                    [
                        -86.4985404,
                        37.6159054
                    ],
                    [
                        -86.4983921,
                        37.6156602
                    ],
                    [
                        -86.4982244,
                        37.6152976
                    ],
                    [
                        -86.4981277,
                        37.6151852
                    ],
                    [
                        -86.4980052,
                        37.6150984
                    ],
                    [
                        -86.497902,
                        37.614986
                    ],
                    [
                        -86.4979665,
                        37.6148583
                    ],
                    [
                        -86.4984694,
                        37.6149145
                    ],
                    [
                        -86.4986371,
                        37.6149554
                    ],
                    [
                        -86.4988628,
                        37.6148839
                    ],
                    [
                        -86.4996171,
                        37.6145979
                    ],
                    [
                        -86.4997912,
                        37.6145519
                    ],
                    [
                        -86.4998622,
                        37.6144344
                    ],
                    [
                        -86.4995462,
                        37.6143833
                    ],
                    [
                        -86.4987403,
                        37.6141075
                    ],
                    [
                        -86.4986177,
                        37.6140156
                    ],
                    [
                        -86.4984243,
                        37.6138011
                    ],
                    [
                        -86.4981213,
                        37.6136785
                    ],
                    [
                        -86.4979536,
                        37.6136683
                    ],
                    [
                        -86.497786,
                        37.6136325
                    ],
                    [
                        -86.4976054,
                        37.6132546
                    ],
                    [
                        -86.4975668,
                        37.6131167
                    ],
                    [
                        -86.4974894,
                        37.6127234
                    ],
                    [
                        -86.4974958,
                        37.612325
                    ],
                    [
                        -86.4975797,
                        37.6122075
                    ],
                    [
                        -86.4977279,
                        37.6122279
                    ],
                    [
                        -86.4978762,
                        37.6124578
                    ],
                    [
                        -86.498031,
                        37.6124629
                    ],
                    [
                        -86.49816,
                        37.6123812
                    ],
                    [
                        -86.49816,
                        37.6118142
                    ],
                    [
                        -86.4981213,
                        37.6115486
                    ],
                    [
                        -86.4980117,
                        37.6114209
                    ],
                    [
                        -86.4978698,
                        37.6111808
                    ],
                    [
                        -86.4978634,
                        37.6110532
                    ],
                    [
                        -86.4980181,
                        37.6109816
                    ],
                    [
                        -86.4981922,
                        37.6109816
                    ],
                    [
                        -86.4985468,
                        37.6110276
                    ],
                    [
                        -86.498708,
                        37.6109714
                    ],
                    [
                        -86.4987403,
                        37.6108488
                    ],
                    [
                        -86.4986951,
                        37.6105781
                    ],
                    [
                        -86.4986371,
                        37.6104607
                    ],
                    [
                        -86.4984694,
                        37.6102104
                    ],
                    [
                        -86.4984759,
                        37.6100827
                    ],
                    [
                        -86.4985533,
                        37.6099703
                    ],
                    [
                        -86.4986629,
                        37.609863
                    ],
                    [
                        -86.4988176,
                        37.6097966
                    ],
                    [
                        -86.5007004,
                        37.6095412
                    ],
                    [
                        -86.5009905,
                        37.6094493
                    ],
                    [
                        -86.5017772,
                        37.6093012
                    ],
                    [
                        -86.5019255,
                        37.6092603
                    ],
                    [
                        -86.5020931,
                        37.6091888
                    ],
                    [
                        -86.5022478,
                        37.6091122
                    ],
                    [
                        -86.5025251,
                        37.6089436
                    ],
                    [
                        -86.5026798,
                        37.6089028
                    ],
                    [
                        -86.5028475,
                        37.6089079
                    ],
                    [
                        -86.5030022,
                        37.6089487
                    ],
                    [
                        -86.5031312,
                        37.6090458
                    ],
                    [
                        -86.5032021,
                        37.6091633
                    ],
                    [
                        -86.5032344,
                        37.6092961
                    ],
                    [
                        -86.5032924,
                        37.6094187
                    ],
                    [
                        -86.5034278,
                        37.6095055
                    ],
                    [
                        -86.5034536,
                        37.6093778
                    ],
                    [
                        -86.503589,
                        37.6089947
                    ],
                    [
                        -86.503647,
                        37.6087291
                    ],
                    [
                        -86.5036406,
                        37.6085759
                    ],
                    [
                        -86.5038985,
                        37.6081979
                    ],
                    [
                        -86.5044788,
                        37.6078454
                    ],
                    [
                        -86.5047302,
                        37.6076564
                    ],
                    [
                        -86.5050526,
                        37.6073193
                    ],
                    [
                        -86.5052654,
                        37.6069515
                    ],
                    [
                        -86.5055813,
                        37.6064663
                    ],
                    [
                        -86.5058522,
                        37.6059708
                    ],
                    [
                        -86.5059747,
                        37.6054497
                    ],
                    [
                        -86.505994,
                        37.603008
                    ],
                    [
                        -86.5060585,
                        37.6028803
                    ],
                    [
                        -86.5063615,
                        37.6025636
                    ],
                    [
                        -86.5073094,
                        37.6020936
                    ],
                    [
                        -86.5074577,
                        37.6020425
                    ],
                    [
                        -86.5075931,
                        37.6021089
                    ],
                    [
                        -86.5076833,
                        37.6022213
                    ],
                    [
                        -86.5077478,
                        37.6023439
                    ],
                    [
                        -86.5078832,
                        37.6024359
                    ],
                    [
                        -86.5081695,
                        37.6023292
                    ],
                    [
                        -86.5083217,
                        37.6022724
                    ],
                    [
                        -86.5084506,
                        37.6021907
                    ],
                    [
                        -86.5084377,
                        37.6016645
                    ],
                    [
                        -86.5084506,
                        37.6012661
                    ],
                    [
                        -86.5085215,
                        37.6008625
                    ],
                    [
                        -86.5086956,
                        37.6003465
                    ],
                    [
                        -86.50896,
                        37.5998459
                    ],
                    [
                        -86.5090116,
                        37.5997182
                    ],
                    [
                        -86.509018,
                        37.5992737
                    ],
                    [
                        -86.5089987,
                        37.5989979
                    ],
                    [
                        -86.5090696,
                        37.5987169
                    ],
                    [
                        -86.5091663,
                        37.5985637
                    ],
                    [
                        -86.508773,
                        37.5989774
                    ],
                    [
                        -86.5085667,
                        37.5993248
                    ],
                    [
                        -86.5083732,
                        37.5996875
                    ],
                    [
                        -86.5081863,
                        37.5999123
                    ],
                    [
                        -86.5080637,
                        37.5999992
                    ],
                    [
                        -86.5077736,
                        37.6001371
                    ],
                    [
                        -86.5075995,
                        37.6001728
                    ],
                    [
                        -86.5074448,
                        37.6001371
                    ],
                    [
                        -86.5073867,
                        37.6000196
                    ],
                    [
                        -86.5073674,
                        37.5997539
                    ],
                    [
                        -86.5072965,
                        37.5994781
                    ],
                    [
                        -86.507232,
                        37.5993504
                    ],
                    [
                        -86.5071804,
                        37.5994679
                    ],
                    [
                        -86.5068387,
                        37.5999123
                    ],
                    [
                        -86.5066259,
                        37.6001167
                    ],
                    [
                        -86.5065679,
                        37.6002495
                    ],
                    [
                        -86.5066904,
                        37.6003312
                    ],
                    [
                        -86.5067742,
                        37.6004538
                    ],
                    [
                        -86.5068258,
                        37.6005764
                    ],
                    [
                        -86.5068451,
                        37.600699
                    ],
                    [
                        -86.5068258,
                        37.6008318
                    ],
                    [
                        -86.5061488,
                        37.6013989
                    ],
                    [
                        -86.5058586,
                        37.6015164
                    ],
                    [
                        -86.5055298,
                        37.6016134
                    ],
                    [
                        -86.5053363,
                        37.6016288
                    ],
                    [
                        -86.5051751,
                        37.6015879
                    ],
                    [
                        -86.5050204,
                        37.6015215
                    ],
                    [
                        -86.5047367,
                        37.6013529
                    ],
                    [
                        -86.5046077,
                        37.6012456
                    ],
                    [
                        -86.5042724,
                        37.6009034
                    ],
                    [
                        -86.5041113,
                        37.6008472
                    ],
                    [
                        -86.5039436,
                        37.6008165
                    ],
                    [
                        -86.5033633,
                        37.6004385
                    ],
                    [
                        -86.5028926,
                        37.6002801
                    ],
                    [
                        -86.5027637,
                        37.6001984
                    ],
                    [
                        -86.5027121,
                        37.6000758
                    ],
                    [
                        -86.5026863,
                        37.599943
                    ],
                    [
                        -86.5027185,
                        37.5996824
                    ],
                    [
                        -86.5027895,
                        37.5994219
                    ],
                    [
                        -86.5028475,
                        37.5992993
                    ],
                    [
                        -86.5028539,
                        37.5990285
                    ],
                    [
                        -86.502783,
                        37.598768
                    ],
                    [
                        -86.5027895,
                        37.5986045
                    ],
                    [
                        -86.5027637,
                        37.5984768
                    ],
                    [
                        -86.5027959,
                        37.5980937
                    ],
                    [
                        -86.5026154,
                        37.5977105
                    ],
                    [
                        -86.5024993,
                        37.5976083
                    ],
                    [
                        -86.5023381,
                        37.5975777
                    ],
                    [
                        -86.5022414,
                        37.5974602
                    ],
                    [
                        -86.5020544,
                        37.5970924
                    ],
                    [
                        -86.5020609,
                        37.5969391
                    ],
                    [
                        -86.502164,
                        37.596842
                    ],
                    [
                        -86.5024413,
                        37.5967041
                    ],
                    [
                        -86.5025702,
                        37.5966019
                    ],
                    [
                        -86.5028217,
                        37.5964384
                    ],
                    [
                        -86.5029507,
                        37.5963363
                    ],
                    [
                        -86.5030474,
                        37.5962137
                    ],
                    [
                        -86.5028926,
                        37.5961677
                    ],
                    [
                        -86.5025509,
                        37.5961677
                    ],
                    [
                        -86.5023961,
                        37.5962034
                    ],
                    [
                        -86.5020802,
                        37.5962443
                    ],
                    [
                        -86.5019126,
                        37.5962239
                    ],
                    [
                        -86.5018739,
                        37.5960962
                    ],
                    [
                        -86.5018803,
                        37.5955699
                    ],
                    [
                        -86.5018416,
                        37.5953043
                    ],
                    [
                        -86.5016675,
                        37.5950642
                    ],
                    [
                        -86.5016031,
                        37.5949467
                    ],
                    [
                        -86.5015386,
                        37.5948138
                    ],
                    [
                        -86.5014612,
                        37.5945482
                    ],
                    [
                        -86.5014677,
                        37.594022
                    ],
                    [
                        -86.5013194,
                        37.5931994
                    ],
                    [
                        -86.5013387,
                        37.5929235
                    ],
                    [
                        -86.5014032,
                        37.5926476
                    ],
                    [
                        -86.5012871,
                        37.5925608
                    ],
                    [
                        -86.5011582,
                        37.5926579
                    ],
                    [
                        -86.5008422,
                        37.592944
                    ],
                    [
                        -86.5007004,
                        37.5930155
                    ],
                    [
                        -86.5005263,
                        37.5930104
                    ],
                    [
                        -86.5003651,
                        37.5929695
                    ],
                    [
                        -86.4998493,
                        37.592898
                    ],
                    [
                        -86.4996945,
                        37.5928316
                    ],
                    [
                        -86.4995656,
                        37.5927498
                    ],
                    [
                        -86.4992238,
                        37.5924075
                    ],
                    [
                        -86.4992238,
                        37.5925301
                    ],
                    [
                        -86.499269,
                        37.5926528
                    ],
                    [
                        -86.4994946,
                        37.5930104
                    ],
                    [
                        -86.4996945,
                        37.5932045
                    ],
                    [
                        -86.4998299,
                        37.5932863
                    ],
                    [
                        -86.5000363,
                        37.5934804
                    ],
                    [
                        -86.5002297,
                        37.5936899
                    ],
                    [
                        -86.5004489,
                        37.5938636
                    ],
                    [
                        -86.5005456,
                        37.5939607
                    ],
                    [
                        -86.500623,
                        37.594073
                    ],
                    [
                        -86.5006166,
                        37.5944715
                    ],
                    [
                        -86.5006939,
                        37.5948036
                    ],
                    [
                        -86.5007004,
                        37.5949365
                    ],
                    [
                        -86.5008422,
                        37.5951561
                    ],
                    [
                        -86.5007842,
                        37.5952787
                    ],
                    [
                        -86.5006681,
                        37.595386
                    ],
                    [
                        -86.5005198,
                        37.5954524
                    ],
                    [
                        -86.5002361,
                        37.5956261
                    ],
                    [
                        -86.5002619,
                        37.5957641
                    ],
                    [
                        -86.5005908,
                        37.5957334
                    ],
                    [
                        -86.5009647,
                        37.5957436
                    ],
                    [
                        -86.5009454,
                        37.5958714
                    ],
                    [
                        -86.5007197,
                        37.5962188
                    ],
                    [
                        -86.5006875,
                        37.5963465
                    ],
                    [
                        -86.5007584,
                        37.5964538
                    ],
                    [
                        -86.5008035,
                        37.5965815
                    ],
                    [
                        -86.5008293,
                        37.5970362
                    ],
                    [
                        -86.500752,
                        37.5971434
                    ],
                    [
                        -86.5006295,
                        37.5972405
                    ],
                    [
                        -86.5000749,
                        37.5974397
                    ],
                    [
                        -86.4999202,
                        37.5975215
                    ],
                    [
                        -86.4998557,
                        37.5976492
                    ],
                    [
                        -86.5001459,
                        37.5977258
                    ],
                    [
                        -86.5004167,
                        37.5978791
                    ],
                    [
                        -86.5007326,
                        37.5982163
                    ],
                    [
                        -86.5007584,
                        37.5983542
                    ],
                    [
                        -86.5006295,
                        37.5985943
                    ],
                    [
                        -86.5005972,
                        37.5988497
                    ],
                    [
                        -86.5005456,
                        37.5989723
                    ],
                    [
                        -86.5003973,
                        37.599192
                    ],
                    [
                        -86.5002942,
                        37.599284
                    ],
                    [
                        -86.5002361,
                        37.5994066
                    ],
                    [
                        -86.5001846,
                        37.5996722
                    ],
                    [
                        -86.5000878,
                        37.5997948
                    ],
                    [
                        -86.4998408,
                        37.6006697
                    ],
                    [
                        -86.4998988,
                        37.6007923
                    ],
                    [
                        -86.4999311,
                        37.6009149
                    ],
                    [
                        -86.4998601,
                        37.6010273
                    ],
                    [
                        -86.4989639,
                        37.6015944
                    ],
                    [
                        -86.4988414,
                        37.6016812
                    ],
                    [
                        -86.4987318,
                        37.6017885
                    ],
                    [
                        -86.4985964,
                        37.6018549
                    ],
                    [
                        -86.4984739,
                        37.6017629
                    ],
                    [
                        -86.4983449,
                        37.6015126
                    ],
                    [
                        -86.4982417,
                        37.6014105
                    ],
                    [
                        -86.4981386,
                        37.6015126
                    ],
                    [
                        -86.4980612,
                        37.6016352
                    ],
                    [
                        -86.4980161,
                        37.6017629
                    ],
                    [
                        -86.4979387,
                        37.6018958
                    ],
                    [
                        -86.4978613,
                        37.602003
                    ],
                    [
                        -86.4977517,
                        37.602095
                    ],
                    [
                        -86.4975905,
                        37.6021512
                    ],
                    [
                        -86.49741,
                        37.6021767
                    ],
                    [
                        -86.4968748,
                        37.6021716
                    ],
                    [
                        -86.4966943,
                        37.6021358
                    ],
                    [
                        -86.4965137,
                        37.6021205
                    ],
                    [
                        -86.4960237,
                        37.6022942
                    ],
                    [
                        -86.4955337,
                        37.6023964
                    ],
                    [
                        -86.495366,
                        37.6024475
                    ],
                    [
                        -86.4947406,
                        37.6027131
                    ],
                    [
                        -86.4945665,
                        37.6027182
                    ],
                    [
                        -86.4943795,
                        37.6027488
                    ],
                    [
                        -86.4942054,
                        37.6027999
                    ],
                    [
                        -86.4938895,
                        37.6029327
                    ],
                    [
                        -86.4937347,
                        37.6030298
                    ],
                    [
                        -86.49358,
                        37.6031013
                    ],
                    [
                        -86.4939217,
                        37.6031269
                    ],
                    [
                        -86.4944182,
                        37.6031218
                    ],
                    [
                        -86.4947406,
                        37.6030809
                    ],
                    [
                        -86.4952435,
                        37.6029481
                    ],
                    [
                        -86.4953983,
                        37.6029225
                    ],
                    [
                        -86.4955788,
                        37.602897
                    ],
                    [
                        -86.4959077,
                        37.6029072
                    ],
                    [
                        -86.4963848,
                        37.6029787
                    ],
                    [
                        -86.4965524,
                        37.6030247
                    ],
                    [
                        -86.4966878,
                        37.6031013
                    ],
                    [
                        -86.4967588,
                        37.6032137
                    ],
                    [
                        -86.496662,
                        37.6033108
                    ],
                    [
                        -86.4965395,
                        37.6034027
                    ],
                    [
                        -86.4962558,
                        37.6035713
                    ],
                    [
                        -86.4961333,
                        37.6036632
                    ],
                    [
                        -86.4955853,
                        37.6039799
                    ],
                    [
                        -86.495308,
                        37.6041945
                    ],
                    [
                        -86.4947793,
                        37.6046287
                    ],
                    [
                        -86.4946761,
                        37.6047411
                    ],
                    [
                        -86.4944118,
                        37.6049505
                    ],
                    [
                        -86.4942699,
                        37.6050373
                    ],
                    [
                        -86.4938895,
                        37.6054715
                    ],
                    [
                        -86.4932189,
                        37.6058546
                    ],
                    [
                        -86.4930642,
                        37.6059006
                    ],
                    [
                        -86.4928836,
                        37.6061101
                    ],
                    [
                        -86.492774,
                        37.606202
                    ],
                    [
                        -86.4923872,
                        37.6064472
                    ],
                    [
                        -86.4922389,
                        37.6065136
                    ],
                    [
                        -86.491852,
                        37.6067639
                    ],
                    [
                        -86.4916392,
                        37.6069631
                    ],
                    [
                        -86.4914651,
                        37.607004
                    ],
                    [
                        -86.4912846,
                        37.6069886
                    ],
                    [
                        -86.4905624,
                        37.6068865
                    ],
                    [
                        -86.4904206,
                        37.6068252
                    ],
                    [
                        -86.4902465,
                        37.6068303
                    ],
                    [
                        -86.490124,
                        37.6069171
                    ],
                    [
                        -86.4898467,
                        37.6070704
                    ],
                    [
                        -86.4896855,
                        37.6071419
                    ],
                    [
                        -86.4895115,
                        37.6072032
                    ],
                    [
                        -86.4891762,
                        37.6072798
                    ],
                    [
                        -86.4891117,
                        37.6073973
                    ],
                    [
                        -86.4892664,
                        37.6074381
                    ],
                    [
                        -86.4894341,
                        37.6074637
                    ],
                    [
                        -86.4895824,
                        37.6075045
                    ],
                    [
                        -86.4900853,
                        37.6074943
                    ],
                    [
                        -86.4902078,
                        37.6075914
                    ],
                    [
                        -86.4902207,
                        37.607714
                    ],
                    [
                        -86.4901756,
                        37.6078315
                    ],
                    [
                        -86.490066,
                        37.6079285
                    ],
                    [
                        -86.4893438,
                        37.6083984
                    ],
                    [
                        -86.4889827,
                        37.6086692
                    ],
                    [
                        -86.4888409,
                        37.6087509
                    ],
                    [
                        -86.4886797,
                        37.6088173
                    ],
                    [
                        -86.4883831,
                        37.6089143
                    ],
                    [
                        -86.488209,
                        37.608945
                    ],
                    [
                        -86.488022,
                        37.6089501
                    ],
                    [
                        -86.4871193,
                        37.6091135
                    ],
                    [
                        -86.4869517,
                        37.6091187
                    ],
                    [
                        -86.4864036,
                        37.6086794
                    ],
                    [
                        -86.4862618,
                        37.6087356
                    ],
                    [
                        -86.4862682,
                        37.6092617
                    ],
                    [
                        -86.4862102,
                        37.6095375
                    ],
                    [
                        -86.4861199,
                        37.6096448
                    ],
                    [
                        -86.4859845,
                        37.6097214
                    ],
                    [
                        -86.4858233,
                        37.6097469
                    ],
                    [
                        -86.4856621,
                        37.6098082
                    ],
                    [
                        -86.4855009,
                        37.6098338
                    ],
                    [
                        -86.4853204,
                        37.6098133
                    ],
                    [
                        -86.4850367,
                        37.6096703
                    ],
                    [
                        -86.4847272,
                        37.6095477
                    ],
                    [
                        -86.484566,
                        37.6095069
                    ],
                    [
                        -86.4840695,
                        37.6094405
                    ],
                    [
                        -86.4838825,
                        37.6094405
                    ],
                    [
                        -86.4837084,
                        37.6094047
                    ],
                    [
                        -86.4835473,
                        37.6093587
                    ],
                    [
                        -86.48327,
                        37.6092004
                    ],
                    [
                        -86.4830508,
                        37.6089961
                    ],
                    [
                        -86.4826252,
                        37.6086487
                    ],
                    [
                        -86.4824318,
                        37.6084393
                    ],
                    [
                        -86.4823738,
                        37.6083167
                    ],
                    [
                        -86.4823802,
                        37.607903
                    ],
                    [
                        -86.4824834,
                        37.6073871
                    ],
                    [
                        -86.4825543,
                        37.6072134
                    ],
                    [
                        -86.4827587,
                        37.6068273
                    ],
                    [
                        -86.4829372,
                        37.6066505
                    ],
                    [
                        -86.4831045,
                        37.6064561
                    ],
                    [
                        -86.4841978,
                        37.6056783
                    ],
                    [
                        -86.4847221,
                        37.6051392
                    ],
                    [
                        -86.4848783,
                        37.6049359
                    ],
                    [
                        -86.4851126,
                        37.604494
                    ],
                    [
                        -86.4851907,
                        37.6042642
                    ],
                    [
                        -86.4852799,
                        37.6038047
                    ],
                    [
                        -86.4852799,
                        37.6035749
                    ],
                    [
                        -86.4851238,
                        37.6031595
                    ],
                    [
                        -86.4849118,
                        37.6027352
                    ],
                    [
                        -86.4847891,
                        37.6025143
                    ],
                    [
                        -86.4846329,
                        37.602311
                    ],
                    [
                        -86.484209,
                        37.6019751
                    ],
                    [
                        -86.4834727,
                        37.6016304
                    ],
                    [
                        -86.4831938,
                        37.6015862
                    ],
                    [
                        -86.4828703,
                        37.6015774
                    ],
                    [
                        -86.4826248,
                        37.6014536
                    ],
                    [
                        -86.4825802,
                        37.601215
                    ],
                    [
                        -86.4825802,
                        37.6009764
                    ],
                    [
                        -86.4823571,
                        37.600835
                    ],
                    [
                        -86.4821674,
                        37.600667
                    ],
                    [
                        -86.4820336,
                        37.6004461
                    ],
                    [
                        -86.4820336,
                        37.6001986
                    ],
                    [
                        -86.4820893,
                        37.5999511
                    ],
                    [
                        -86.4821898,
                        37.5997301
                    ],
                    [
                        -86.4823236,
                        37.599518
                    ],
                    [
                        -86.4827141,
                        37.5991998
                    ],
                    [
                        -86.4829372,
                        37.5990495
                    ],
                    [
                        -86.4831938,
                        37.5989611
                    ],
                    [
                        -86.4833946,
                        37.5987755
                    ],
                    [
                        -86.4831045,
                        37.5986606
                    ],
                    [
                        -86.4828814,
                        37.5984927
                    ],
                    [
                        -86.4826806,
                        37.5983247
                    ],
                    [
                        -86.482491,
                        37.5981215
                    ],
                    [
                        -86.4823348,
                        37.5979093
                    ],
                    [
                        -86.4822567,
                        37.5976707
                    ],
                    [
                        -86.4823125,
                        37.5967072
                    ],
                    [
                        -86.4821563,
                        37.5964951
                    ],
                    [
                        -86.4811634,
                        37.5966807
                    ],
                    [
                        -86.480851,
                        37.5967072
                    ],
                    [
                        -86.4805498,
                        37.5967072
                    ],
                    [
                        -86.4793338,
                        37.5965658
                    ],
                    [
                        -86.4790215,
                        37.5965658
                    ],
                    [
                        -86.4787537,
                        37.5966365
                    ],
                    [
                        -86.4785195,
                        37.5967602
                    ],
                    [
                        -86.478274,
                        37.5968575
                    ],
                    [
                        -86.4777386,
                        37.5969989
                    ],
                    [
                        -86.4774597,
                        37.5971138
                    ],
                    [
                        -86.4772365,
                        37.5972376
                    ],
                    [
                        -86.4770692,
                        37.5974055
                    ],
                    [
                        -86.4769465,
                        37.5975911
                    ],
                    [
                        -86.4769019,
                        37.5978033
                    ],
                    [
                        -86.4769242,
                        37.5980242
                    ],
                    [
                        -86.4770804,
                        37.5986429
                    ],
                    [
                        -86.4771584,
                        37.5988639
                    ],
                    [
                        -86.47727,
                        37.599076
                    ],
                    [
                        -86.4780621,
                        37.5999511
                    ],
                    [
                        -86.4783968,
                        37.6005698
                    ],
                    [
                        -86.4784525,
                        37.6007996
                    ],
                    [
                        -86.4785752,
                        37.6010117
                    ],
                    [
                        -86.478843,
                        37.6010029
                    ],
                    [
                        -86.4793896,
                        37.6009233
                    ],
                    [
                        -86.4796016,
                        37.6010471
                    ],
                    [
                        -86.4796797,
                        37.6012415
                    ],
                    [
                        -86.4796685,
                        37.6014713
                    ],
                    [
                        -86.47949,
                        37.6016393
                    ],
                    [
                        -86.4792223,
                        37.6017365
                    ],
                    [
                        -86.4786868,
                        37.6018072
                    ],
                    [
                        -86.4783968,
                        37.6018072
                    ],
                    [
                        -86.4781179,
                        37.6017453
                    ],
                    [
                        -86.4778501,
                        37.6016304
                    ],
                    [
                        -86.477627,
                        37.6014978
                    ],
                    [
                        -86.4771696,
                        37.6011443
                    ],
                    [
                        -86.4766341,
                        37.6005698
                    ],
                    [
                        -86.476411,
                        37.6003842
                    ],
                    [
                        -86.4761767,
                        37.6002339
                    ],
                    [
                        -86.4759871,
                        37.6000571
                    ],
                    [
                        -86.4758867,
                        37.5998273
                    ],
                    [
                        -86.4758867,
                        37.5995799
                    ],
                    [
                        -86.4759648,
                        37.5990937
                    ],
                    [
                        -86.4758867,
                        37.5983601
                    ],
                    [
                        -86.475909,
                        37.5981215
                    ],
                    [
                        -86.4762325,
                        37.5972199
                    ],
                    [
                        -86.4761879,
                        37.5969812
                    ],
                    [
                        -86.4760121,
                        37.5969159
                    ],
                    [
                        -86.4755861,
                        37.5969534
                    ],
                    [
                        -86.4751917,
                        37.597016
                    ],
                    [
                        -86.4748131,
                        37.5971035
                    ],
                    [
                        -86.4744344,
                        37.597216
                    ],
                    [
                        -86.4740715,
                        37.5971035
                    ],
                    [
                        -86.4747026,
                        37.5967034
                    ],
                    [
                        -86.4748604,
                        37.5963909
                    ],
                    [
                        -86.4749551,
                        37.5960784
                    ],
                    [
                        -86.4753021,
                        37.5959284
                    ],
                    [
                        -86.4756808,
                        37.5958284
                    ],
                    [
                        -86.4760752,
                        37.5957784
                    ],
                    [
                        -86.4764696,
                        37.5957534
                    ],
                    [
                        -86.476864,
                        37.5957534
                    ],
                    [
                        -86.4772269,
                        37.5958034
                    ],
                    [
                        -86.4780473,
                        37.5958409
                    ],
                    [
                        -86.4784733,
                        37.5958909
                    ],
                    [
                        -86.4788677,
                        37.5959159
                    ],
                    [
                        -86.4792621,
                        37.5958909
                    ],
                    [
                        -86.4796723,
                        37.5958159
                    ],
                    [
                        -86.480051,
                        37.5956659
                    ],
                    [
                        -86.4803823,
                        37.5955034
                    ],
                    [
                        -86.4807136,
                        37.5953034
                    ],
                    [
                        -86.4809818,
                        37.5950784
                    ],
                    [
                        -86.4812027,
                        37.5948159
                    ],
                    [
                        -86.4812973,
                        37.5945033
                    ],
                    [
                        -86.4813131,
                        37.5938408
                    ],
                    [
                        -86.4814393,
                        37.5935283
                    ],
                    [
                        -86.4817075,
                        37.5932783
                    ],
                    [
                        -86.4820073,
                        37.5930908
                    ],
                    [
                        -86.4824097,
                        37.5926231
                    ],
                    [
                        -86.482644,
                        37.5924993
                    ],
                    [
                        -86.4831683,
                        37.5923402
                    ],
                    [
                        -86.4834584,
                        37.5923225
                    ],
                    [
                        -86.4837149,
                        37.5923755
                    ],
                    [
                        -86.4840719,
                        37.5926849
                    ],
                    [
                        -86.4843731,
                        37.5926673
                    ],
                    [
                        -86.4845405,
                        37.5924816
                    ],
                    [
                        -86.4847524,
                        37.592349
                    ],
                    [
                        -86.4849979,
                        37.592243
                    ],
                    [
                        -86.4852768,
                        37.5921722
                    ],
                    [
                        -86.4855891,
                        37.5921457
                    ],
                    [
                        -86.4858569,
                        37.5921811
                    ],
                    [
                        -86.4861023,
                        37.5922606
                    ],
                    [
                        -86.4863254,
                        37.5924021
                    ],
                    [
                        -86.4865932,
                        37.5924993
                    ],
                    [
                        -86.4868497,
                        37.5925612
                    ],
                    [
                        -86.4871175,
                        37.5924728
                    ],
                    [
                        -86.4867716,
                        37.5920838
                    ],
                    [
                        -86.486582,
                        37.591907
                    ],
                    [
                        -86.48637,
                        37.5917656
                    ],
                    [
                        -86.4861692,
                        37.5915888
                    ],
                    [
                        -86.4857118,
                        37.5913059
                    ],
                    [
                        -86.4855445,
                        37.5911026
                    ],
                    [
                        -86.4854776,
                        37.5908728
                    ],
                    [
                        -86.4853883,
                        37.5906518
                    ],
                    [
                        -86.4851094,
                        37.5906606
                    ],
                    [
                        -86.4848082,
                        37.5907225
                    ],
                    [
                        -86.4837819,
                        37.5911115
                    ],
                    [
                        -86.4834918,
                        37.5911734
                    ],
                    [
                        -86.4832018,
                        37.5911468
                    ],
                    [
                        -86.4830233,
                        37.59097
                    ],
                    [
                        -86.4826663,
                        37.5900949
                    ],
                    [
                        -86.4825882,
                        37.5898474
                    ],
                    [
                        -86.4824766,
                        37.5896264
                    ],
                    [
                        -86.4821196,
                        37.5892374
                    ],
                    [
                        -86.4818965,
                        37.5890695
                    ],
                    [
                        -86.4814057,
                        37.5887601
                    ],
                    [
                        -86.4801674,
                        37.5880705
                    ],
                    [
                        -86.4796319,
                        37.5877965
                    ],
                    [
                        -86.4793753,
                        37.5876374
                    ],
                    [
                        -86.4789737,
                        37.5872749
                    ],
                    [
                        -86.4788398,
                        37.5870539
                    ],
                    [
                        -86.4788398,
                        37.5868152
                    ],
                    [
                        -86.4788956,
                        37.5865854
                    ],
                    [
                        -86.4790072,
                        37.5863555
                    ],
                    [
                        -86.479286,
                        37.5859489
                    ],
                    [
                        -86.4795761,
                        37.5855776
                    ],
                    [
                        -86.4797546,
                        37.5853919
                    ],
                    [
                        -86.4804016,
                        37.5849499
                    ],
                    [
                        -86.4813053,
                        37.5843753
                    ],
                    [
                        -86.4817627,
                        37.5841101
                    ],
                    [
                        -86.4820081,
                        37.5840217
                    ],
                    [
                        -86.4823651,
                        37.5836592
                    ],
                    [
                        -86.4829229,
                        37.5836592
                    ],
                    [
                        -86.4831906,
                        37.5837034
                    ],
                    [
                        -86.4836592,
                        37.5838979
                    ],
                    [
                        -86.4844847,
                        37.5845079
                    ],
                    [
                        -86.484719,
                        37.5846582
                    ],
                    [
                        -86.4852098,
                        37.5848527
                    ],
                    [
                        -86.4854218,
                        37.5849764
                    ],
                    [
                        -86.485935,
                        37.5851886
                    ],
                    [
                        -86.4861358,
                        37.5853212
                    ],
                    [
                        -86.4864593,
                        37.5856837
                    ],
                    [
                        -86.4866936,
                        37.5857986
                    ],
                    [
                        -86.4869055,
                        37.5859577
                    ],
                    [
                        -86.4871398,
                        37.5860815
                    ],
                    [
                        -86.4876307,
                        37.5862937
                    ],
                    [
                        -86.4878538,
                        37.5861611
                    ],
                    [
                        -86.4875637,
                        37.5858074
                    ],
                    [
                        -86.4873852,
                        37.5856129
                    ],
                    [
                        -86.4869613,
                        37.5852682
                    ],
                    [
                        -86.4867828,
                        37.5850648
                    ],
                    [
                        -86.4866601,
                        37.5848527
                    ],
                    [
                        -86.4862585,
                        37.5845079
                    ],
                    [
                        -86.4857565,
                        37.5842515
                    ],
                    [
                        -86.4852433,
                        37.5840305
                    ],
                    [
                        -86.4841612,
                        37.5836327
                    ],
                    [
                        -86.4832241,
                        37.5830845
                    ],
                    [
                        -86.483146,
                        37.5828635
                    ],
                    [
                        -86.4834249,
                        37.582448
                    ],
                    [
                        -86.4835811,
                        37.5822624
                    ],
                    [
                        -86.4841277,
                        37.5817054
                    ],
                    [
                        -86.4842058,
                        37.5814844
                    ],
                    [
                        -86.4842504,
                        37.5812633
                    ],
                    [
                        -86.4843062,
                        37.5805649
                    ],
                    [
                        -86.4843843,
                        37.5801052
                    ],
                    [
                        -86.4844401,
                        37.5798665
                    ],
                    [
                        -86.4845516,
                        37.5796543
                    ],
                    [
                        -86.4847636,
                        37.5795128
                    ],
                    [
                        -86.4852879,
                        37.5793448
                    ],
                    [
                        -86.4855557,
                        37.5793006
                    ],
                    [
                        -86.4858346,
                        37.5793006
                    ],
                    [
                        -86.4861023,
                        37.5793448
                    ],
                    [
                        -86.4866266,
                        37.5795217
                    ],
                    [
                        -86.4869278,
                        37.5795305
                    ],
                    [
                        -86.4874075,
                        37.579389
                    ],
                    [
                        -86.4875972,
                        37.5792299
                    ],
                    [
                        -86.4878872,
                        37.5788144
                    ],
                    [
                        -86.4881327,
                        37.5786994
                    ],
                    [
                        -86.4884004,
                        37.5787436
                    ],
                    [
                        -86.4886793,
                        37.5787613
                    ],
                    [
                        -86.4889247,
                        37.5786641
                    ],
                    [
                        -86.4888243,
                        37.5784519
                    ],
                    [
                        -86.4886347,
                        37.5782662
                    ],
                    [
                        -86.4885789,
                        37.5780452
                    ],
                    [
                        -86.4899399,
                        37.5765863
                    ],
                    [
                        -86.4901184,
                        37.5764095
                    ],
                    [
                        -86.4905981,
                        37.575826
                    ],
                    [
                        -86.4907097,
                        37.5756226
                    ],
                    [
                        -86.490944,
                        37.5751717
                    ],
                    [
                        -86.4911782,
                        37.5747561
                    ],
                    [
                        -86.4916579,
                        37.5740842
                    ],
                    [
                        -86.492305,
                        37.5727756
                    ],
                    [
                        -86.4925504,
                        37.5723512
                    ],
                    [
                        -86.492662,
                        37.5721124
                    ],
                    [
                        -86.4927289,
                        37.5718737
                    ],
                    [
                        -86.4927735,
                        37.5714139
                    ],
                    [
                        -86.492952,
                        37.5709806
                    ],
                    [
                        -86.493097,
                        37.5707861
                    ],
                    [
                        -86.493309,
                        37.570627
                    ],
                    [
                        -86.4935433,
                        37.5704943
                    ],
                    [
                        -86.4937999,
                        37.5705385
                    ],
                    [
                        -86.4940118,
                        37.5706623
                    ],
                    [
                        -86.4942796,
                        37.5707507
                    ],
                    [
                        -86.4938668,
                        37.5701229
                    ],
                    [
                        -86.4938668,
                        37.5698931
                    ],
                    [
                        -86.4939114,
                        37.5696632
                    ],
                    [
                        -86.494023,
                        37.5694509
                    ],
                    [
                        -86.4941122,
                        37.5692122
                    ],
                    [
                        -86.4944023,
                        37.568885
                    ],
                    [
                        -86.4949601,
                        37.5677709
                    ],
                    [
                        -86.4950047,
                        37.5675498
                    ],
                    [
                        -86.4949601,
                        37.5673199
                    ],
                    [
                        -86.4949489,
                        37.56709
                    ],
                    [
                        -86.4951051,
                        37.5668955
                    ],
                    [
                        -86.4953505,
                        37.566754
                    ],
                    [
                        -86.4955736,
                        37.5665771
                    ],
                    [
                        -86.4954621,
                        37.5661261
                    ],
                    [
                        -86.4954621,
                        37.5658786
                    ],
                    [
                        -86.4955513,
                        37.5654187
                    ],
                    [
                        -86.4956406,
                        37.5651977
                    ],
                    [
                        -86.4957745,
                        37.5649943
                    ],
                    [
                        -86.4961872,
                        37.5646848
                    ],
                    [
                        -86.4965888,
                        37.5641011
                    ],
                    [
                        -86.4967339,
                        37.5636501
                    ],
                    [
                        -86.4967339,
                        37.5634114
                    ],
                    [
                        -86.496676,
                        37.5635337
                    ],
                    [
                        -86.4965331,
                        37.5638358
                    ],
                    [
                        -86.4963099,
                        37.5640039
                    ],
                    [
                        -86.4961538,
                        37.5641719
                    ],
                    [
                        -86.4959529,
                        37.5643399
                    ],
                    [
                        -86.4957298,
                        37.5644902
                    ],
                    [
                        -86.4954732,
                        37.564561
                    ],
                    [
                        -86.4948262,
                        37.5645787
                    ],
                    [
                        -86.4945473,
                        37.5646229
                    ],
                    [
                        -86.4939895,
                        37.5648174
                    ],
                    [
                        -86.4937218,
                        37.5648616
                    ],
                    [
                        -86.4934317,
                        37.5648793
                    ],
                    [
                        -86.4931528,
                        37.5648705
                    ],
                    [
                        -86.4928628,
                        37.5648086
                    ],
                    [
                        -86.4923496,
                        37.564561
                    ],
                    [
                        -86.4921042,
                        37.5644195
                    ],
                    [
                        -86.4918253,
                        37.5643222
                    ],
                    [
                        -86.4915464,
                        37.5643576
                    ],
                    [
                        -86.4915464,
                        37.5645698
                    ],
                    [
                        -86.4916579,
                        37.5647644
                    ],
                    [
                        -86.491881,
                        37.5649324
                    ],
                    [
                        -86.4924165,
                        37.5651269
                    ],
                    [
                        -86.4928851,
                        37.5653391
                    ],
                    [
                        -86.4929743,
                        37.5655337
                    ],
                    [
                        -86.4928739,
                        37.5659581
                    ],
                    [
                        -86.4928628,
                        37.5664003
                    ],
                    [
                        -86.4928293,
                        37.5666302
                    ],
                    [
                        -86.4924277,
                        37.567877
                    ],
                    [
                        -86.4918699,
                        37.568885
                    ],
                    [
                        -86.4916133,
                        37.569389
                    ],
                    [
                        -86.4913679,
                        37.5699903
                    ],
                    [
                        -86.491379,
                        37.5702025
                    ],
                    [
                        -86.4915352,
                        37.570848
                    ],
                    [
                        -86.4916356,
                        37.5714935
                    ],
                    [
                        -86.4917137,
                        37.5717145
                    ],
                    [
                        -86.4918364,
                        37.5719179
                    ],
                    [
                        -86.4919145,
                        37.5721301
                    ],
                    [
                        -86.4919034,
                        37.5723512
                    ],
                    [
                        -86.491803,
                        37.5725457
                    ],
                    [
                        -86.4915352,
                        37.5726341
                    ],
                    [
                        -86.4909663,
                        37.5726341
                    ],
                    [
                        -86.4907097,
                        37.572749
                    ],
                    [
                        -86.4912563,
                        37.5728286
                    ],
                    [
                        -86.491379,
                        37.5730231
                    ],
                    [
                        -86.4913456,
                        37.5732354
                    ],
                    [
                        -86.4911782,
                        37.5736332
                    ],
                    [
                        -86.4906985,
                        37.5741991
                    ],
                    [
                        -86.4897949,
                        37.5754635
                    ],
                    [
                        -86.4896276,
                        37.5756403
                    ],
                    [
                        -86.4891367,
                        37.5761531
                    ],
                    [
                        -86.4886124,
                        37.5766571
                    ],
                    [
                        -86.4883,
                        37.5770373
                    ],
                    [
                        -86.4881438,
                        37.5772052
                    ],
                    [
                        -86.4879542,
                        37.5773644
                    ],
                    [
                        -86.4875191,
                        37.5776562
                    ],
                    [
                        -86.487296,
                        37.5778418
                    ],
                    [
                        -86.4869725,
                        37.5781866
                    ],
                    [
                        -86.4868163,
                        37.5783723
                    ],
                    [
                        -86.4866155,
                        37.5785226
                    ],
                    [
                        -86.486437,
                        37.5786906
                    ],
                    [
                        -86.4861581,
                        37.5787348
                    ],
                    [
                        -86.4852768,
                        37.5785757
                    ],
                    [
                        -86.4847301,
                        37.5784342
                    ],
                    [
                        -86.4836034,
                        37.5780629
                    ],
                    [
                        -86.4833133,
                        37.5780363
                    ],
                    [
                        -86.483001,
                        37.5780363
                    ],
                    [
                        -86.4827221,
                        37.5780894
                    ],
                    [
                        -86.4824989,
                        37.5782574
                    ],
                    [
                        -86.4823985,
                        37.5784607
                    ],
                    [
                        -86.482075,
                        37.5788497
                    ],
                    [
                        -86.4819411,
                        37.5790531
                    ],
                    [
                        -86.4817515,
                        37.5794598
                    ],
                    [
                        -86.481718,
                        37.579672
                    ],
                    [
                        -86.4817403,
                        37.5798841
                    ],
                    [
                        -86.4818073,
                        37.5800963
                    ],
                    [
                        -86.4816734,
                        37.5805826
                    ],
                    [
                        -86.4818965,
                        37.5807064
                    ],
                    [
                        -86.4819969,
                        37.5809185
                    ],
                    [
                        -86.4817069,
                        37.5813075
                    ],
                    [
                        -86.4812941,
                        37.581617
                    ],
                    [
                        -86.4810152,
                        37.5817408
                    ],
                    [
                        -86.4808479,
                        37.5819087
                    ],
                    [
                        -86.4810152,
                        37.5820767
                    ],
                    [
                        -86.4812272,
                        37.5822005
                    ],
                    [
                        -86.481361,
                        37.5823861
                    ],
                    [
                        -86.4812718,
                        37.5825806
                    ],
                    [
                        -86.4807586,
                        37.5828016
                    ],
                    [
                        -86.4804909,
                        37.5828901
                    ],
                    [
                        -86.4795315,
                        37.583447
                    ],
                    [
                        -86.4789514,
                        37.5839156
                    ],
                    [
                        -86.4784828,
                        37.5841896
                    ],
                    [
                        -86.4782709,
                        37.5843488
                    ],
                    [
                        -86.4779362,
                        37.5846935
                    ],
                    [
                        -86.477423,
                        37.5848703
                    ],
                    [
                        -86.4769433,
                        37.585109
                    ],
                    [
                        -86.4762405,
                        37.585887
                    ],
                    [
                        -86.4755488,
                        37.5862937
                    ],
                    [
                        -86.475348,
                        37.5864528
                    ],
                    [
                        -86.4752811,
                        37.5866561
                    ],
                    [
                        -86.4752811,
                        37.5870804
                    ],
                    [
                        -86.474991,
                        37.5870981
                    ],
                    [
                        -86.4748906,
                        37.5868771
                    ],
                    [
                        -86.4748572,
                        37.5866473
                    ],
                    [
                        -86.4747456,
                        37.5864351
                    ],
                    [
                        -86.474489,
                        37.5862937
                    ],
                    [
                        -86.4738866,
                        37.5862583
                    ],
                    [
                        -86.4735965,
                        37.5861787
                    ],
                    [
                        -86.4733734,
                        37.5860019
                    ],
                    [
                        -86.4732396,
                        37.5857986
                    ],
                    [
                        -86.4730499,
                        37.5853654
                    ],
                    [
                        -86.4728937,
                        37.5851621
                    ],
                    [
                        -86.4723471,
                        37.5849941
                    ],
                    [
                        -86.4719009,
                        37.5847201
                    ],
                    [
                        -86.471622,
                        37.5845875
                    ],
                    [
                        -86.4713319,
                        37.5846582
                    ],
                    [
                        -86.4715327,
                        37.5848085
                    ],
                    [
                        -86.4717,
                        37.5849764
                    ],
                    [
                        -86.4725702,
                        37.5855157
                    ],
                    [
                        -86.4727264,
                        37.5857014
                    ],
                    [
                        -86.472771,
                        37.5859224
                    ],
                    [
                        -86.4727822,
                        37.5861345
                    ],
                    [
                        -86.472916,
                        37.586329
                    ],
                    [
                        -86.4731726,
                        37.5863997
                    ],
                    [
                        -86.4733957,
                        37.58655
                    ],
                    [
                        -86.4734738,
                        37.5867622
                    ],
                    [
                        -86.4734738,
                        37.5869744
                    ],
                    [
                        -86.4734292,
                        37.5871865
                    ],
                    [
                        -86.4731057,
                        37.5877965
                    ],
                    [
                        -86.4730611,
                        37.5880352
                    ],
                    [
                        -86.4730499,
                        37.5886893
                    ],
                    [
                        -86.4730164,
                        37.5889192
                    ],
                    [
                        -86.4728937,
                        37.5891137
                    ],
                    [
                        -86.4726706,
                        37.5892816
                    ],
                    [
                        -86.4722355,
                        37.5894938
                    ],
                    [
                        -86.4719566,
                        37.5895468
                    ],
                    [
                        -86.4716889,
                        37.5895733
                    ],
                    [
                        -86.4713654,
                        37.5895468
                    ],
                    [
                        -86.4710642,
                        37.5894849
                    ],
                    [
                        -86.4701828,
                        37.5894673
                    ],
                    [
                        -86.4698816,
                        37.5894319
                    ],
                    [
                        -86.4696362,
                        37.5892816
                    ],
                    [
                        -86.4694577,
                        37.5890783
                    ],
                    [
                        -86.4692011,
                        37.5889811
                    ],
                    [
                        -86.4688999,
                        37.5889899
                    ],
                    [
                        -86.4686322,
                        37.5890871
                    ],
                    [
                        -86.4683867,
                        37.5892197
                    ],
                    [
                        -86.4682306,
                        37.5893965
                    ],
                    [
                        -86.4679851,
                        37.5895291
                    ],
                    [
                        -86.4673827,
                        37.589538
                    ],
                    [
                        -86.465754,
                        37.5892905
                    ],
                    [
                        -86.4654639,
                        37.5891932
                    ],
                    [
                        -86.4652519,
                        37.5890429
                    ],
                    [
                        -86.4651515,
                        37.5888308
                    ],
                    [
                        -86.4651292,
                        37.5885744
                    ],
                    [
                        -86.4650177,
                        37.5883623
                    ],
                    [
                        -86.4647945,
                        37.588486
                    ],
                    [
                        -86.4645826,
                        37.5886363
                    ],
                    [
                        -86.4642479,
                        37.5889987
                    ],
                    [
                        -86.4638128,
                        37.5892816
                    ],
                    [
                        -86.4629873,
                        37.5895822
                    ],
                    [
                        -86.462463,
                        37.5898297
                    ],
                    [
                        -86.4616151,
                        37.5900507
                    ],
                    [
                        -86.4613362,
                        37.5901037
                    ],
                    [
                        -86.461035,
                        37.5901214
                    ],
                    [
                        -86.4605442,
                        37.5902452
                    ],
                    [
                        -86.4602653,
                        37.590254
                    ],
                    [
                        -86.4600198,
                        37.5901479
                    ],
                    [
                        -86.4593728,
                        37.58937
                    ],
                    [
                        -86.4591497,
                        37.5892197
                    ],
                    [
                        -86.4589489,
                        37.5893612
                    ],
                    [
                        -86.4588485,
                        37.5895645
                    ],
                    [
                        -86.4587927,
                        37.5897855
                    ],
                    [
                        -86.4584468,
                        37.5904131
                    ],
                    [
                        -86.458313,
                        37.5906076
                    ],
                    [
                        -86.4581345,
                        37.5907932
                    ],
                    [
                        -86.4579114,
                        37.590917
                    ],
                    [
                        -86.4576213,
                        37.5909258
                    ],
                    [
                        -86.4570189,
                        37.5908463
                    ],
                    [
                        -86.4564723,
                        37.5906872
                    ],
                    [
                        -86.456238,
                        37.5905457
                    ],
                    [
                        -86.4560372,
                        37.5903689
                    ],
                    [
                        -86.4559145,
                        37.5901479
                    ],
                    [
                        -86.4558922,
                        37.5899181
                    ],
                    [
                        -86.4558698,
                        37.5892109
                    ],
                    [
                        -86.4558029,
                        37.588486
                    ],
                    [
                        -86.4558141,
                        37.5877258
                    ],
                    [
                        -86.4563937,
                        37.5871101
                    ],
                    [
                        -86.4568399,
                        37.5868449
                    ],
                    [
                        -86.4573531,
                        37.5866681
                    ],
                    [
                        -86.4590488,
                        37.5864205
                    ],
                    [
                        -86.4596289,
                        37.5864029
                    ],
                    [
                        -86.460209,
                        37.5864205
                    ],
                    [
                        -86.4612353,
                        37.5866504
                    ],
                    [
                        -86.4623732,
                        37.5865974
                    ],
                    [
                        -86.462931,
                        37.586509
                    ],
                    [
                        -86.4634888,
                        37.5863321
                    ],
                    [
                        -86.4644706,
                        37.5858017
                    ],
                    [
                        -86.4648722,
                        37.5854835
                    ],
                    [
                        -86.4655415,
                        37.5847055
                    ],
                    [
                        -86.4657646,
                        37.5842635
                    ],
                    [
                        -86.4658539,
                        37.5838038
                    ],
                    [
                        -86.4658539,
                        37.5833087
                    ],
                    [
                        -86.4663447,
                        37.5820003
                    ],
                    [
                        -86.4669025,
                        37.5812399
                    ],
                    [
                        -86.4673041,
                        37.5809217
                    ],
                    [
                        -86.4673488,
                        37.5804619
                    ],
                    [
                        -86.4671033,
                        37.5800199
                    ],
                    [
                        -86.466791,
                        37.5795955
                    ],
                    [
                        -86.4666794,
                        37.5791535
                    ],
                    [
                        -86.4666571,
                        37.578234
                    ],
                    [
                        -86.4667687,
                        37.5772614
                    ],
                    [
                        -86.467081,
                        37.5768724
                    ],
                    [
                        -86.4674603,
                        37.5765187
                    ],
                    [
                        -86.4669025,
                        37.5765718
                    ],
                    [
                        -86.4663447,
                        37.5765718
                    ],
                    [
                        -86.4658316,
                        37.5763596
                    ],
                    [
                        -86.4654076,
                        37.5759883
                    ],
                    [
                        -86.4650953,
                        37.5755815
                    ],
                    [
                        -86.4648945,
                        37.5751571
                    ],
                    [
                        -86.4646044,
                        37.5737602
                    ],
                    [
                        -86.4642697,
                        37.5733888
                    ],
                    [
                        -86.4628418,
                        37.5724692
                    ],
                    [
                        -86.4619716,
                        37.5718326
                    ],
                    [
                        -86.461637,
                        37.5714612
                    ],
                    [
                        -86.4613469,
                        37.5710545
                    ],
                    [
                        -86.46128,
                        37.570577
                    ],
                    [
                        -86.4613915,
                        37.5701349
                    ],
                    [
                        -86.4616816,
                        37.5697105
                    ],
                    [
                        -86.4618824,
                        37.5692684
                    ],
                    [
                        -86.4617262,
                        37.5688086
                    ],
                    [
                        -86.4613915,
                        37.5691446
                    ],
                    [
                        -86.4609676,
                        37.5699404
                    ],
                    [
                        -86.4607891,
                        37.5703294
                    ],
                    [
                        -86.4608114,
                        37.5707539
                    ],
                    [
                        -86.4616593,
                        37.5723808
                    ],
                    [
                        -86.4622617,
                        37.5731235
                    ],
                    [
                        -86.4626633,
                        37.5734595
                    ],
                    [
                        -86.463645,
                        37.5746974
                    ],
                    [
                        -86.4631542,
                        37.5749096
                    ],
                    [
                        -86.4615031,
                        37.574609
                    ],
                    [
                        -86.4610345,
                        37.5748565
                    ],
                    [
                        -86.4627749,
                        37.5758114
                    ],
                    [
                        -86.4647829,
                        37.5766425
                    ],
                    [
                        -86.4650283,
                        37.5770315
                    ],
                    [
                        -86.4651845,
                        37.5774559
                    ],
                    [
                        -86.4652515,
                        37.5778626
                    ],
                    [
                        -86.4652068,
                        37.578287
                    ],
                    [
                        -86.4652515,
                        37.5803382
                    ],
                    [
                        -86.4651622,
                        37.5807802
                    ],
                    [
                        -86.4646044,
                        37.5806034
                    ],
                    [
                        -86.4640466,
                        37.5804796
                    ],
                    [
                        -86.4634888,
                        37.5804266
                    ],
                    [
                        -86.4610792,
                        37.5800553
                    ],
                    [
                        -86.4604767,
                        37.5800022
                    ],
                    [
                        -86.4599189,
                        37.5800022
                    ],
                    [
                        -86.4594058,
                        37.5798077
                    ],
                    [
                        -86.4593388,
                        37.5783931
                    ],
                    [
                        -86.4588703,
                        37.5774913
                    ],
                    [
                        -86.4583794,
                        37.5772437
                    ],
                    [
                        -86.4586026,
                        37.5780748
                    ],
                    [
                        -86.458491,
                        37.5784992
                    ],
                    [
                        -86.4580671,
                        37.5792949
                    ],
                    [
                        -86.4574647,
                        37.5800199
                    ],
                    [
                        -86.4569292,
                        37.5801967
                    ],
                    [
                        -86.4563937,
                        37.5803028
                    ],
                    [
                        -86.4542518,
                        37.5804443
                    ],
                    [
                        -86.453694,
                        37.5805327
                    ],
                    [
                        -86.4531585,
                        37.5807095
                    ],
                    [
                        -86.4520429,
                        37.5809924
                    ],
                    [
                        -86.4511504,
                        37.5815405
                    ],
                    [
                        -86.4506596,
                        37.5817174
                    ],
                    [
                        -86.4502356,
                        37.5808333
                    ],
                    [
                        -86.4499456,
                        37.5803912
                    ],
                    [
                        -86.4497894,
                        37.5799492
                    ],
                    [
                        -86.4498117,
                        37.5794717
                    ],
                    [
                        -86.4496778,
                        37.5790474
                    ],
                    [
                        -86.4493878,
                        37.5799138
                    ],
                    [
                        -86.4493432,
                        37.5807979
                    ],
                    [
                        -86.449477,
                        37.581682
                    ],
                    [
                        -86.4497002,
                        37.5820887
                    ],
                    [
                        -86.4500571,
                        37.5833617
                    ],
                    [
                        -86.4500571,
                        37.5846348
                    ],
                    [
                        -86.4498563,
                        37.5854658
                    ],
                    [
                        -86.4494324,
                        37.5862614
                    ],
                    [
                        -86.4491424,
                        37.5866327
                    ],
                    [
                        -86.4477813,
                        37.5880648
                    ],
                    [
                        -86.447402,
                        37.5884008
                    ],
                    [
                        -86.4469335,
                        37.5886483
                    ],
                    [
                        -86.446398,
                        37.5888251
                    ],
                    [
                        -86.4458625,
                        37.5889135
                    ],
                    [
                        -86.4453494,
                        37.588719
                    ],
                    [
                        -86.4451039,
                        37.5882947
                    ],
                    [
                        -86.4451039,
                        37.5878173
                    ],
                    [
                        -86.4454609,
                        37.586951
                    ],
                    [
                        -86.4463534,
                        37.5852536
                    ],
                    [
                        -86.4468666,
                        37.5843872
                    ],
                    [
                        -86.4472235,
                        37.5835209
                    ],
                    [
                        -86.4473351,
                        37.5830612
                    ],
                    [
                        -86.4473574,
                        37.5825838
                    ],
                    [
                        -86.4473574,
                        37.5797723
                    ],
                    [
                        -86.4476698,
                        37.5779334
                    ],
                    [
                        -86.4476698,
                        37.5765011
                    ],
                    [
                        -86.4476252,
                        37.5760236
                    ],
                    [
                        -86.4474244,
                        37.5755815
                    ],
                    [
                        -86.4471566,
                        37.5751748
                    ],
                    [
                        -86.4467773,
                        37.5748212
                    ],
                    [
                        -86.4457733,
                        37.5742199
                    ],
                    [
                        -86.4453494,
                        37.5739193
                    ],
                    [
                        -86.4447693,
                        37.5739193
                    ],
                    [
                        -86.4441891,
                        37.5740431
                    ],
                    [
                        -86.4426273,
                        37.5746443
                    ],
                    [
                        -86.4410655,
                        37.5757584
                    ],
                    [
                        -86.4403961,
                        37.5764303
                    ],
                    [
                        -86.4399722,
                        37.5766956
                    ],
                    [
                        -86.4394367,
                        37.5768547
                    ],
                    [
                        -86.4388789,
                        37.5769608
                    ],
                    [
                        -86.4389236,
                        37.5773852
                    ],
                    [
                        -86.4391913,
                        37.5781986
                    ],
                    [
                        -86.439169,
                        37.578623
                    ],
                    [
                        -86.4389905,
                        37.5790297
                    ],
                    [
                        -86.4380757,
                        37.5801613
                    ],
                    [
                        -86.4376295,
                        37.580957
                    ],
                    [
                        -86.4370048,
                        37.5816643
                    ],
                    [
                        -86.4361346,
                        37.5821771
                    ],
                    [
                        -86.4356214,
                        37.5823539
                    ],
                    [
                        -86.4350859,
                        37.5824777
                    ],
                    [
                        -86.4338811,
                        37.5826368
                    ],
                    [
                        -86.4335464,
                        37.5822478
                    ],
                    [
                        -86.4338588,
                        37.5818588
                    ],
                    [
                        -86.4352421,
                        37.5804089
                    ],
                    [
                        -86.4355099,
                        37.5800022
                    ],
                    [
                        -86.4356884,
                        37.5795602
                    ],
                    [
                        -86.435733,
                        37.5791004
                    ],
                    [
                        -86.435733,
                        37.5776681
                    ],
                    [
                        -86.435666,
                        37.5771907
                    ],
                    [
                        -86.4352867,
                        37.5762535
                    ],
                    [
                        -86.4349298,
                        37.5758645
                    ],
                    [
                        -86.4345505,
                        37.5755108
                    ],
                    [
                        -86.4340596,
                        37.5752632
                    ],
                    [
                        -86.4335018,
                        37.5751395
                    ],
                    [
                        -86.4328994,
                        37.5750864
                    ],
                    [
                        -86.4317169,
                        37.5750864
                    ],
                    [
                        -86.4306236,
                        37.5752279
                    ],
                    [
                        -86.4300881,
                        37.575387
                    ],
                    [
                        -86.4285932,
                        37.5760413
                    ],
                    [
                        -86.4275892,
                        37.5763773
                    ],
                    [
                        -86.427076,
                        37.5762005
                    ],
                    [
                        -86.4268752,
                        37.5757584
                    ],
                    [
                        -86.4271876,
                        37.5753693
                    ],
                    [
                        -86.4280577,
                        37.5748388
                    ],
                    [
                        -86.4284593,
                        37.5745029
                    ],
                    [
                        -86.4287271,
                        37.5740961
                    ],
                    [
                        -86.4288163,
                        37.573654
                    ],
                    [
                        -86.4288163,
                        37.5731943
                    ],
                    [
                        -86.4287271,
                        37.5727168
                    ],
                    [
                        -86.4283924,
                        37.5718149
                    ],
                    [
                        -86.4284147,
                        37.5713551
                    ],
                    [
                        -86.4285263,
                        37.5708953
                    ],
                    [
                        -86.429151,
                        37.5701526
                    ],
                    [
                        -86.4295972,
                        37.5698697
                    ],
                    [
                        -86.429865,
                        37.5694806
                    ],
                    [
                        -86.4302443,
                        37.5685787
                    ],
                    [
                        -86.4305567,
                        37.5682073
                    ],
                    [
                        -86.4309583,
                        37.5679243
                    ],
                    [
                        -86.4314491,
                        37.5676944
                    ],
                    [
                        -86.4319846,
                        37.5675529
                    ],
                    [
                        -86.4325201,
                        37.5676591
                    ],
                    [
                        -86.4330556,
                        37.5675706
                    ],
                    [
                        -86.4333902,
                        37.5672169
                    ],
                    [
                        -86.4340373,
                        37.5663503
                    ],
                    [
                        -86.4345281,
                        37.5654838
                    ],
                    [
                        -86.434662,
                        37.5650062
                    ],
                    [
                        -86.4345728,
                        37.5645641
                    ],
                    [
                        -86.4340819,
                        37.5643342
                    ],
                    [
                        -86.4339923,
                        37.5645079
                    ],
                    [
                        -86.4338811,
                        37.5647233
                    ],
                    [
                        -86.4337472,
                        37.5655899
                    ],
                    [
                        -86.4335241,
                        37.565979
                    ],
                    [
                        -86.4330556,
                        37.5662619
                    ],
                    [
                        -86.4325201,
                        37.5664211
                    ],
                    [
                        -86.4320515,
                        37.5661558
                    ],
                    [
                        -86.4313599,
                        37.5654307
                    ],
                    [
                        -86.430869,
                        37.5651654
                    ],
                    [
                        -86.430936,
                        37.5655722
                    ],
                    [
                        -86.4309136,
                        37.5659966
                    ],
                    [
                        -86.4308021,
                        37.5664388
                    ],
                    [
                        -86.4304005,
                        37.5672346
                    ],
                    [
                        -86.4295972,
                        37.5678182
                    ],
                    [
                        -86.4292403,
                        37.5681365
                    ],
                    [
                        -86.4291287,
                        37.5689324
                    ],
                    [
                        -86.4288386,
                        37.5693037
                    ],
                    [
                        -86.4277677,
                        37.5702941
                    ],
                    [
                        -86.4274776,
                        37.5706655
                    ],
                    [
                        -86.4272545,
                        37.5710545
                    ],
                    [
                        -86.4271206,
                        37.5714966
                    ],
                    [
                        -86.4271653,
                        37.571921
                    ],
                    [
                        -86.427433,
                        37.5731943
                    ],
                    [
                        -86.427433,
                        37.5736187
                    ],
                    [
                        -86.427076,
                        37.573937
                    ],
                    [
                        -86.4266744,
                        37.5742199
                    ],
                    [
                        -86.4253357,
                        37.5750334
                    ],
                    [
                        -86.4250233,
                        37.5754047
                    ],
                    [
                        -86.4251126,
                        37.5758114
                    ],
                    [
                        -86.4258489,
                        37.5769962
                    ],
                    [
                        -86.4260497,
                        37.5773852
                    ],
                    [
                        -86.4261612,
                        37.5778096
                    ],
                    [
                        -86.4260274,
                        37.5782163
                    ],
                    [
                        -86.4251572,
                        37.5787114
                    ],
                    [
                        -86.4247556,
                        37.5795071
                    ],
                    [
                        -86.4242647,
                        37.579737
                    ],
                    [
                        -86.4237069,
                        37.5798254
                    ],
                    [
                        -86.4231491,
                        37.5797547
                    ],
                    [
                        -86.4226137,
                        37.5795778
                    ],
                    [
                        -86.4221228,
                        37.579348
                    ],
                    [
                        -86.4202263,
                        37.5782517
                    ],
                    [
                        -86.4197801,
                        37.5779157
                    ],
                    [
                        -86.4194677,
                        37.5775444
                    ],
                    [
                        -86.4186645,
                        37.5762889
                    ],
                    [
                        -86.418486,
                        37.5758468
                    ],
                    [
                        -86.4185083,
                        37.5753517
                    ],
                    [
                        -86.4187091,
                        37.5749096
                    ],
                    [
                        -86.4187314,
                        37.5744498
                    ],
                    [
                        -86.4186645,
                        37.5739547
                    ],
                    [
                        -86.4183744,
                        37.5730528
                    ],
                    [
                        -86.4185752,
                        37.5726107
                    ],
                    [
                        -86.4189992,
                        37.5722924
                    ],
                    [
                        -86.4218327,
                        37.5706301
                    ],
                    [
                        -86.4219889,
                        37.570188
                    ],
                    [
                        -86.4218551,
                        37.5697459
                    ],
                    [
                        -86.4214981,
                        37.5693922
                    ],
                    [
                        -86.4210741,
                        37.5690562
                    ],
                    [
                        -86.4205833,
                        37.5687555
                    ],
                    [
                        -86.4200924,
                        37.5685433
                    ],
                    [
                        -86.4189545,
                        37.5681719
                    ],
                    [
                        -86.4183967,
                        37.5680658
                    ],
                    [
                        -86.4178159,
                        37.5681524
                    ],
                    [
                        -86.417453,
                        37.56829
                    ],
                    [
                        -86.4170902,
                        37.5683775
                    ],
                    [
                        -86.41668,
                        37.5683775
                    ],
                    [
                        -86.416254,
                        37.5682775
                    ],
                    [
                        -86.4160331,
                        37.5680024
                    ],
                    [
                        -86.4158754,
                        37.5676897
                    ],
                    [
                        -86.4158596,
                        37.567027
                    ],
                    [
                        -86.4159543,
                        37.5667018
                    ],
                    [
                        -86.4160174,
                        37.5662266
                    ],
                    [
                        -86.4157492,
                        37.5664517
                    ],
                    [
                        -86.4153863,
                        37.5673396
                    ],
                    [
                        -86.4153232,
                        37.5676397
                    ],
                    [
                        -86.4153547,
                        37.5679524
                    ],
                    [
                        -86.4154809,
                        37.5685276
                    ],
                    [
                        -86.4155283,
                        37.5688277
                    ],
                    [
                        -86.4155283,
                        37.5703783
                    ],
                    [
                        -86.4154021,
                        37.5706534
                    ],
                    [
                        -86.4146921,
                        37.5714162
                    ],
                    [
                        -86.4145028,
                        37.5717038
                    ],
                    [
                        -86.4144712,
                        37.5720039
                    ],
                    [
                        -86.4145817,
                        37.5729292
                    ],
                    [
                        -86.4145343,
                        37.5732419
                    ],
                    [
                        -86.4142977,
                        37.5738171
                    ],
                    [
                        -86.4138559,
                        37.5742922
                    ],
                    [
                        -86.410953,
                        37.5760678
                    ],
                    [
                        -86.4106217,
                        37.5762553
                    ],
                    [
                        -86.4102588,
                        37.5764054
                    ],
                    [
                        -86.4098644,
                        37.5764679
                    ],
                    [
                        -86.40947,
                        37.5763804
                    ],
                    [
                        -86.40876,
                        37.5760053
                    ],
                    [
                        -86.4084918,
                        37.5757552
                    ],
                    [
                        -86.4084287,
                        37.5754301
                    ],
                    [
                        -86.4084445,
                        37.575105
                    ],
                    [
                        -86.4087443,
                        37.5738045
                    ],
                    [
                        -86.4089967,
                        37.5732043
                    ],
                    [
                        -86.4094542,
                        37.572304
                    ],
                    [
                        -86.4099117,
                        37.5717413
                    ],
                    [
                        -86.4107164,
                        37.5702533
                    ],
                    [
                        -86.4109215,
                        37.5696155
                    ],
                    [
                        -86.4110634,
                        37.5686151
                    ],
                    [
                        -86.4108899,
                        37.5674396
                    ],
                    [
                        -86.4105744,
                        37.5668394
                    ],
                    [
                        -86.4103693,
                        37.5665518
                    ],
                    [
                        -86.4101168,
                        37.5662766
                    ],
                    [
                        -86.4088231,
                        37.5655013
                    ],
                    [
                        -86.4084445,
                        37.5654263
                    ],
                    [
                        -86.4080185,
                        37.5654388
                    ],
                    [
                        -86.4068037,
                        37.5656639
                    ],
                    [
                        -86.4060306,
                        37.565889
                    ],
                    [
                        -86.4056362,
                        37.5658139
                    ],
                    [
                        -86.4052102,
                        37.5652637
                    ],
                    [
                        -86.4049105,
                        37.5654388
                    ],
                    [
                        -86.404942,
                        37.5657389
                    ],
                    [
                        -86.4053838,
                        37.5662141
                    ],
                    [
                        -86.4051945,
                        37.5664767
                    ],
                    [
                        -86.4048,
                        37.5663642
                    ],
                    [
                        -86.4044372,
                        37.5661766
                    ],
                    [
                        -86.4040112,
                        37.5661141
                    ],
                    [
                        -86.403601,
                        37.5661141
                    ],
                    [
                        -86.403175,
                        37.5661516
                    ],
                    [
                        -86.4020076,
                        37.5663016
                    ],
                    [
                        -86.4016131,
                        37.5664017
                    ],
                    [
                        -86.3993413,
                        37.5666893
                    ],
                    [
                        -86.3982053,
                        37.5669894
                    ],
                    [
                        -86.3970536,
                        37.5673646
                    ],
                    [
                        -86.3962964,
                        37.5675147
                    ],
                    [
                        -86.395476,
                        37.5676022
                    ],
                    [
                        -86.3941823,
                        37.5675772
                    ],
                    [
                        -86.3938036,
                        37.5674646
                    ],
                    [
                        -86.3934407,
                        37.5673021
                    ],
                    [
                        -86.3927781,
                        37.5668894
                    ],
                    [
                        -86.3912162,
                        37.5662391
                    ],
                    [
                        -86.390948,
                        37.5660015
                    ],
                    [
                        -86.3909007,
                        37.5656764
                    ],
                    [
                        -86.392147,
                        37.5643883
                    ],
                    [
                        -86.3923521,
                        37.5641132
                    ],
                    [
                        -86.3923521,
                        37.563788
                    ],
                    [
                        -86.392289,
                        37.5634629
                    ],
                    [
                        -86.392147,
                        37.5630126
                    ],
                    [
                        -86.3919104,
                        37.56275
                    ],
                    [
                        -86.3913424,
                        37.5622873
                    ],
                    [
                        -86.3910742,
                        37.5620247
                    ],
                    [
                        -86.3908376,
                        37.561762
                    ],
                    [
                        -86.3904274,
                        37.5611867
                    ],
                    [
                        -86.3905063,
                        37.5608616
                    ],
                    [
                        -86.3907902,
                        37.5606365
                    ],
                    [
                        -86.3915633,
                        37.5598736
                    ],
                    [
                        -86.3919577,
                        37.559836
                    ],
                    [
                        -86.3930463,
                        37.5606865
                    ],
                    [
                        -86.3933461,
                        37.5608866
                    ],
                    [
                        -86.3940087,
                        37.5612243
                    ],
                    [
                        -86.3947029,
                        37.5614744
                    ],
                    [
                        -86.395476,
                        37.5616245
                    ],
                    [
                        -86.3959019,
                        37.5616745
                    ],
                    [
                        -86.3967065,
                        37.5616495
                    ],
                    [
                        -86.3967697,
                        37.5613368
                    ],
                    [
                        -86.3951289,
                        37.5611117
                    ],
                    [
                        -86.3943716,
                        37.5608741
                    ],
                    [
                        -86.3939929,
                        37.5607115
                    ],
                    [
                        -86.3936458,
                        37.5605239
                    ],
                    [
                        -86.3933303,
                        37.5602988
                    ],
                    [
                        -86.3920997,
                        37.5589981
                    ],
                    [
                        -86.391516,
                        37.5585103
                    ],
                    [
                        -86.3911689,
                        37.5583478
                    ],
                    [
                        -86.3907271,
                        37.5582477
                    ],
                    [
                        -86.3903169,
                        37.5582602
                    ],
                    [
                        -86.3899383,
                        37.5581601
                    ],
                    [
                        -86.3899225,
                        37.557835
                    ],
                    [
                        -86.3900014,
                        37.5575098
                    ],
                    [
                        -86.3903643,
                        37.5569095
                    ],
                    [
                        -86.3903643,
                        37.5565593
                    ],
                    [
                        -86.3900487,
                        37.5567469
                    ],
                    [
                        -86.3893546,
                        37.5574473
                    ],
                    [
                        -86.388897,
                        37.5579851
                    ],
                    [
                        -86.3885184,
                        37.55791
                    ],
                    [
                        -86.387698,
                        37.5571096
                    ],
                    [
                        -86.3867041,
                        37.5562966
                    ],
                    [
                        -86.386499,
                        37.5559964
                    ],
                    [
                        -86.3866567,
                        37.5557088
                    ],
                    [
                        -86.3869723,
                        37.5555087
                    ],
                    [
                        -86.3873825,
                        37.5553836
                    ],
                    [
                        -86.3877927,
                        37.5553336
                    ],
                    [
                        -86.3882186,
                        37.555321
                    ],
                    [
                        -86.3885973,
                        37.5552335
                    ],
                    [
                        -86.3889444,
                        37.5550709
                    ],
                    [
                        -86.3891495,
                        37.5548082
                    ],
                    [
                        -86.3892757,
                        37.5542704
                    ],
                    [
                        -86.3892757,
                        37.5539452
                    ],
                    [
                        -86.3891968,
                        37.5536075
                    ],
                    [
                        -86.3891179,
                        37.5529571
                    ],
                    [
                        -86.3891652,
                        37.5522817
                    ],
                    [
                        -86.3895754,
                        37.550343
                    ],
                    [
                        -86.3897174,
                        37.5493548
                    ],
                    [
                        -86.3901749,
                        37.5484542
                    ],
                    [
                        -86.3903643,
                        37.548154
                    ],
                    [
                        -86.3906009,
                        37.5479038
                    ],
                    [
                        -86.3909953,
                        37.5478788
                    ],
                    [
                        -86.3913898,
                        37.5479038
                    ],
                    [
                        -86.3917842,
                        37.5479789
                    ],
                    [
                        -86.3920682,
                        37.548154
                    ],
                    [
                        -86.3927781,
                        37.548867
                    ],
                    [
                        -86.3931568,
                        37.5494049
                    ],
                    [
                        -86.3935827,
                        37.5502304
                    ],
                    [
                        -86.3937721,
                        37.5504931
                    ],
                    [
                        -86.3940087,
                        37.5507307
                    ],
                    [
                        -86.3943874,
                        37.5508058
                    ],
                    [
                        -86.394766,
                        37.5507057
                    ],
                    [
                        -86.3951289,
                        37.5505306
                    ],
                    [
                        -86.3953655,
                        37.5502679
                    ],
                    [
                        -86.3953813,
                        37.5499302
                    ],
                    [
                        -86.3950658,
                        37.5493048
                    ],
                    [
                        -86.3950184,
                        37.5489796
                    ],
                    [
                        -86.3950184,
                        37.5479289
                    ],
                    [
                        -86.3950658,
                        37.5476036
                    ],
                    [
                        -86.3950027,
                        37.5472784
                    ],
                    [
                        -86.3948764,
                        37.5469657
                    ],
                    [
                        -86.3948922,
                        37.5463027
                    ],
                    [
                        -86.39505,
                        37.5456523
                    ],
                    [
                        -86.3955233,
                        37.5450894
                    ],
                    [
                        -86.3953182,
                        37.5447892
                    ],
                    [
                        -86.3952078,
                        37.5444639
                    ],
                    [
                        -86.3953182,
                        37.5441512
                    ],
                    [
                        -86.3957284,
                        37.5435883
                    ],
                    [
                        -86.3960913,
                        37.5429753
                    ],
                    [
                        -86.3962964,
                        37.5427001
                    ],
                    [
                        -86.397101,
                        37.541912
                    ],
                    [
                        -86.3973218,
                        37.5416368
                    ],
                    [
                        -86.3975262,
                        37.5416489
                    ],
                    [
                        -86.3979724,
                        37.5417763
                    ],
                    [
                        -86.3984096,
                        37.5420735
                    ],
                    [
                        -86.3989004,
                        37.5419249
                    ],
                    [
                        -86.3992663,
                        37.5415428
                    ],
                    [
                        -86.3995965,
                        37.5417126
                    ],
                    [
                        -86.3996946,
                        37.5415569
                    ],
                    [
                        -86.3995875,
                        37.5413234
                    ],
                    [
                        -86.3997749,
                        37.5407574
                    ],
                    [
                        -86.4001051,
                        37.5405027
                    ],
                    [
                        -86.400819,
                        37.5405097
                    ],
                    [
                        -86.401515,
                        37.5403965
                    ],
                    [
                        -86.401631,
                        37.5402621
                    ],
                    [
                        -86.4012206,
                        37.5403187
                    ],
                    [
                        -86.4007387,
                        37.5402126
                    ],
                    [
                        -86.4005334,
                        37.540064
                    ],
                    [
                        -86.4006316,
                        37.5397597
                    ],
                    [
                        -86.4009172,
                        37.5392856
                    ],
                    [
                        -86.401515,
                        37.5390026
                    ],
                    [
                        -86.4020683,
                        37.5389106
                    ],
                    [
                        -86.4024609,
                        37.5387266
                    ],
                    [
                        -86.4022914,
                        37.5385922
                    ],
                    [
                        -86.4014436,
                        37.5385073
                    ],
                    [
                        -86.4010332,
                        37.5386205
                    ],
                    [
                        -86.4006941,
                        37.5388399
                    ],
                    [
                        -86.4002657,
                        37.5390238
                    ],
                    [
                        -86.3999445,
                        37.5396182
                    ],
                    [
                        -86.3996946,
                        37.539597
                    ],
                    [
                        -86.3992663,
                        37.5394767
                    ],
                    [
                        -86.3994091,
                        37.5402055
                    ],
                    [
                        -86.3991592,
                        37.5405876
                    ],
                    [
                        -86.3985346,
                        37.5410829
                    ],
                    [
                        -86.3980081,
                        37.5409414
                    ],
                    [
                        -86.3974816,
                        37.5405451
                    ],
                    [
                        -86.3963572,
                        37.5403258
                    ],
                    [
                        -86.3955362,
                        37.5400923
                    ],
                    [
                        -86.3953131,
                        37.5398658
                    ],
                    [
                        -86.3955095,
                        37.5394625
                    ],
                    [
                        -86.3953756,
                        37.538479
                    ],
                    [
                        -86.3951347,
                        37.5385073
                    ],
                    [
                        -86.394983,
                        37.5387691
                    ],
                    [
                        -86.3947153,
                        37.5392856
                    ],
                    [
                        -86.3946706,
                        37.5397526
                    ],
                    [
                        -86.3943405,
                        37.5398942
                    ],
                    [
                        -86.3932161,
                        37.5398446
                    ],
                    [
                        -86.3924576,
                        37.5398729
                    ],
                    [
                        -86.3922077,
                        37.5401135
                    ],
                    [
                        -86.3916366,
                        37.5404531
                    ],
                    [
                        -86.3898698,
                        37.5413942
                    ],
                    [
                        -86.3889506,
                        37.5417268
                    ],
                    [
                        -86.388094,
                        37.5419249
                    ],
                    [
                        -86.3858006,
                        37.5422008
                    ],
                    [
                        -86.3854347,
                        37.5423423
                    ],
                    [
                        -86.3847922,
                        37.5426961
                    ],
                    [
                        -86.3838999,
                        37.5430145
                    ],
                    [
                        -86.3842122,
                        37.5434036
                    ],
                    [
                        -86.3849529,
                        37.5432338
                    ],
                    [
                        -86.3859077,
                        37.5429437
                    ],
                    [
                        -86.3865145,
                        37.5428376
                    ],
                    [
                        -86.3870856,
                        37.5428518
                    ],
                    [
                        -86.3873533,
                        37.5426607
                    ],
                    [
                        -86.3883438,
                        37.5424414
                    ],
                    [
                        -86.3897894,
                        37.541939
                    ],
                    [
                        -86.3909049,
                        37.5415145
                    ],
                    [
                        -86.391949,
                        37.5409909
                    ],
                    [
                        -86.392877,
                        37.5405876
                    ],
                    [
                        -86.3933321,
                        37.5404956
                    ],
                    [
                        -86.3957236,
                        37.5408989
                    ],
                    [
                        -86.3963215,
                        37.5411395
                    ],
                    [
                        -86.3965488,
                        37.5414742
                    ],
                    [
                        -86.3949395,
                        37.5440136
                    ],
                    [
                        -86.394624,
                        37.544614
                    ],
                    [
                        -86.3942138,
                        37.5461401
                    ],
                    [
                        -86.394056,
                        37.5470783
                    ],
                    [
                        -86.394056,
                        37.5476912
                    ],
                    [
                        -86.3941507,
                        37.5482666
                    ],
                    [
                        -86.3940876,
                        37.548892
                    ],
                    [
                        -86.3940087,
                        37.5491922
                    ],
                    [
                        -86.3937405,
                        37.5494049
                    ],
                    [
                        -86.3919735,
                        37.5474786
                    ],
                    [
                        -86.391658,
                        37.5472784
                    ],
                    [
                        -86.3912951,
                        37.5471283
                    ],
                    [
                        -86.3904432,
                        37.5471283
                    ],
                    [
                        -86.3896385,
                        37.5473159
                    ],
                    [
                        -86.3893546,
                        37.5475411
                    ],
                    [
                        -86.3892126,
                        37.5478413
                    ],
                    [
                        -86.3889917,
                        37.5487544
                    ],
                    [
                        -86.3887866,
                        37.5490296
                    ],
                    [
                        -86.3884237,
                        37.5492047
                    ],
                    [
                        -86.3879346,
                        37.5486669
                    ],
                    [
                        -86.3876191,
                        37.5484292
                    ],
                    [
                        -86.3872247,
                        37.5483542
                    ],
                    [
                        -86.3859625,
                        37.5483792
                    ],
                    [
                        -86.3856312,
                        37.5485543
                    ],
                    [
                        -86.385931,
                        37.5487294
                    ],
                    [
                        -86.3866883,
                        37.5488295
                    ],
                    [
                        -86.386988,
                        37.5490171
                    ],
                    [
                        -86.3874298,
                        37.5495174
                    ],
                    [
                        -86.3878715,
                        37.5503555
                    ],
                    [
                        -86.388124,
                        37.5509934
                    ],
                    [
                        -86.3881082,
                        37.5522567
                    ],
                    [
                        -86.3879504,
                        37.5528446
                    ],
                    [
                        -86.3879504,
                        37.5534824
                    ],
                    [
                        -86.3881082,
                        37.5537826
                    ],
                    [
                        -86.3883133,
                        37.5540328
                    ],
                    [
                        -86.3882028,
                        37.5543455
                    ],
                    [
                        -86.38784,
                        37.554433
                    ],
                    [
                        -86.386988,
                        37.5544831
                    ],
                    [
                        -86.3865936,
                        37.554458
                    ],
                    [
                        -86.3859468,
                        37.5540203
                    ],
                    [
                        -86.3859468,
                        37.554333
                    ],
                    [
                        -86.3855997,
                        37.5548958
                    ],
                    [
                        -86.3855208,
                        37.5551835
                    ],
                    [
                        -86.385505,
                        37.5561465
                    ],
                    [
                        -86.3857417,
                        37.5567969
                    ],
                    [
                        -86.3863885,
                        37.5575598
                    ],
                    [
                        -86.3869723,
                        37.5579851
                    ],
                    [
                        -86.3888339,
                        37.5591107
                    ],
                    [
                        -86.3894808,
                        37.5595484
                    ],
                    [
                        -86.3896859,
                        37.559811
                    ],
                    [
                        -86.3893861,
                        37.5603863
                    ],
                    [
                        -86.3891968,
                        37.5609741
                    ],
                    [
                        -86.3891021,
                        37.5615869
                    ],
                    [
                        -86.3892126,
                        37.5618621
                    ],
                    [
                        -86.3898436,
                        37.5621997
                    ],
                    [
                        -86.3904274,
                        37.5626124
                    ],
                    [
                        -86.3906483,
                        37.5628501
                    ],
                    [
                        -86.3912162,
                        37.5633128
                    ],
                    [
                        -86.3913582,
                        37.5636004
                    ],
                    [
                        -86.3913267,
                        37.5639006
                    ],
                    [
                        -86.3912162,
                        37.5641882
                    ],
                    [
                        -86.389891,
                        37.5655513
                    ],
                    [
                        -86.3897016,
                        37.5658389
                    ],
                    [
                        -86.3895912,
                        37.5661266
                    ],
                    [
                        -86.3896543,
                        37.5664142
                    ],
                    [
                        -86.3898594,
                        37.5666643
                    ],
                    [
                        -86.3904589,
                        37.567077
                    ],
                    [
                        -86.391942,
                        37.5675772
                    ],
                    [
                        -86.3922733,
                        37.5677398
                    ],
                    [
                        -86.3924941,
                        37.5679899
                    ],
                    [
                        -86.392289,
                        37.568265
                    ],
                    [
                        -86.3909638,
                        37.5690278
                    ],
                    [
                        -86.3906798,
                        37.5692404
                    ],
                    [
                        -86.3897174,
                        37.5702283
                    ],
                    [
                        -86.3894492,
                        37.570816
                    ],
                    [
                        -86.3893703,
                        37.5711161
                    ],
                    [
                        -86.3892914,
                        37.5717163
                    ],
                    [
                        -86.3893072,
                        37.5729418
                    ],
                    [
                        -86.3891968,
                        37.5735295
                    ],
                    [
                        -86.3887831,
                        37.5738962
                    ],
                    [
                        -86.3885488,
                        37.5740111
                    ],
                    [
                        -86.3882699,
                        37.5740376
                    ],
                    [
                        -86.3877121,
                        37.5739669
                    ],
                    [
                        -86.3871432,
                        37.573852
                    ],
                    [
                        -86.3865742,
                        37.5737636
                    ],
                    [
                        -86.385983,
                        37.5736928
                    ],
                    [
                        -86.3853694,
                        37.5735337
                    ],
                    [
                        -86.3841757,
                        37.5731269
                    ],
                    [
                        -86.3830155,
                        37.5727114
                    ],
                    [
                        -86.3827701,
                        37.5725964
                    ],
                    [
                        -86.3825023,
                        37.5724461
                    ],
                    [
                        -86.3822904,
                        37.5722781
                    ],
                    [
                        -86.382123,
                        37.5720571
                    ],
                    [
                        -86.3817326,
                        37.5709783
                    ],
                    [
                        -86.3817102,
                        37.5707219
                    ],
                    [
                        -86.3818776,
                        37.5705362
                    ],
                    [
                        -86.3821007,
                        37.5704036
                    ],
                    [
                        -86.3839637,
                        37.5698023
                    ],
                    [
                        -86.3848227,
                        37.5696785
                    ],
                    [
                        -86.3853471,
                        37.5695105
                    ],
                    [
                        -86.3855925,
                        37.5694133
                    ],
                    [
                        -86.3865631,
                        37.5688385
                    ],
                    [
                        -86.3868308,
                        37.5687059
                    ],
                    [
                        -86.3870762,
                        37.5686263
                    ],
                    [
                        -86.3877902,
                        37.5682284
                    ],
                    [
                        -86.3881472,
                        37.5678835
                    ],
                    [
                        -86.3882811,
                        37.5676625
                    ],
                    [
                        -86.388348,
                        37.5674414
                    ],
                    [
                        -86.388348,
                        37.5672115
                    ],
                    [
                        -86.3883145,
                        37.5669816
                    ],
                    [
                        -86.3880803,
                        37.5665571
                    ],
                    [
                        -86.3877121,
                        37.5661769
                    ],
                    [
                        -86.3864403,
                        37.5656729
                    ],
                    [
                        -86.3858714,
                        37.565496
                    ],
                    [
                        -86.3850235,
                        37.565381
                    ],
                    [
                        -86.3847112,
                        37.5653722
                    ],
                    [
                        -86.3843653,
                        37.565328
                    ],
                    [
                        -86.3840753,
                        37.5652484
                    ],
                    [
                        -86.3838187,
                        37.5651069
                    ],
                    [
                        -86.3835956,
                        37.5649654
                    ],
                    [
                        -86.3833836,
                        37.5647886
                    ],
                    [
                        -86.3826362,
                        37.5639839
                    ],
                    [
                        -86.3822123,
                        37.563639
                    ],
                    [
                        -86.3819891,
                        37.5634887
                    ],
                    [
                        -86.3817995,
                        37.5632941
                    ],
                    [
                        -86.3808624,
                        37.562737
                    ],
                    [
                        -86.3801373,
                        37.5619942
                    ],
                    [
                        -86.3794568,
                        37.5615255
                    ],
                    [
                        -86.3789771,
                        37.5612425
                    ],
                    [
                        -86.3787539,
                        37.5610922
                    ],
                    [
                        -86.3783523,
                        37.5607473
                    ],
                    [
                        -86.3781627,
                        37.5605704
                    ],
                    [
                        -86.3779619,
                        37.5604112
                    ],
                    [
                        -86.376757,
                        37.5596507
                    ],
                    [
                        -86.3765897,
                        37.5594738
                    ],
                    [
                        -86.375251,
                        37.558899
                    ],
                    [
                        -86.374392,
                        37.558616
                    ],
                    [
                        -86.3740908,
                        37.5585452
                    ],
                    [
                        -86.3728748,
                        37.5583949
                    ],
                    [
                        -86.3719935,
                        37.5583949
                    ],
                    [
                        -86.3711679,
                        37.5584922
                    ],
                    [
                        -86.3708444,
                        37.5585541
                    ],
                    [
                        -86.3703089,
                        37.5587133
                    ],
                    [
                        -86.3700523,
                        37.5588017
                    ],
                    [
                        -86.369171,
                        37.5593235
                    ],
                    [
                        -86.3690595,
                        37.559518
                    ],
                    [
                        -86.3689591,
                        37.5600044
                    ],
                    [
                        -86.3689591,
                        37.5602255
                    ],
                    [
                        -86.369026,
                        37.5604289
                    ],
                    [
                        -86.3692268,
                        37.5608445
                    ],
                    [
                        -86.3695057,
                        37.5612071
                    ],
                    [
                        -86.3698404,
                        37.5615255
                    ],
                    [
                        -86.3700523,
                        37.561667
                    ],
                    [
                        -86.3709225,
                        37.5621533
                    ],
                    [
                        -86.3716588,
                        37.5624717
                    ],
                    [
                        -86.372172,
                        37.5626486
                    ],
                    [
                        -86.3727074,
                        37.5627989
                    ],
                    [
                        -86.3729529,
                        37.5628873
                    ],
                    [
                        -86.3745705,
                        37.5633825
                    ],
                    [
                        -86.3747936,
                        37.5634887
                    ],
                    [
                        -86.3752064,
                        37.5637451
                    ],
                    [
                        -86.3753849,
                        37.563922
                    ],
                    [
                        -86.3755299,
                        37.5641342
                    ],
                    [
                        -86.3755968,
                        37.5643464
                    ],
                    [
                        -86.3755522,
                        37.5645587
                    ],
                    [
                        -86.3751394,
                        37.5648416
                    ],
                    [
                        -86.3746932,
                        37.5650981
                    ],
                    [
                        -86.3742581,
                        37.5653545
                    ],
                    [
                        -86.3739011,
                        37.5655137
                    ],
                    [
                        -86.3733322,
                        37.5660708
                    ],
                    [
                        -86.3729975,
                        37.5664775
                    ],
                    [
                        -86.3728748,
                        37.5666721
                    ],
                    [
                        -86.3715361,
                        37.5681046
                    ],
                    [
                        -86.3711679,
                        37.5684229
                    ],
                    [
                        -86.3707329,
                        37.5686882
                    ],
                    [
                        -86.370097,
                        37.5692276
                    ],
                    [
                        -86.3695169,
                        37.5694309
                    ],
                    [
                        -86.3692714,
                        37.5695547
                    ],
                    [
                        -86.3689925,
                        37.5696078
                    ],
                    [
                        -86.3687248,
                        37.5695547
                    ],
                    [
                        -86.3684347,
                        37.5695282
                    ],
                    [
                        -86.3684905,
                        37.5697404
                    ],
                    [
                        -86.3684794,
                        37.5699526
                    ],
                    [
                        -86.3684124,
                        37.570156
                    ],
                    [
                        -86.3681893,
                        37.570324
                    ],
                    [
                        -86.367955,
                        37.570439
                    ],
                    [
                        -86.3663486,
                        37.5709606
                    ],
                    [
                        -86.365802,
                        37.5710667
                    ],
                    [
                        -86.3649653,
                        37.5711817
                    ],
                    [
                        -86.3637604,
                        37.5714027
                    ],
                    [
                        -86.3628212,
                        37.5711334
                    ],
                    [
                        -86.3619662,
                        37.5705981
                    ],
                    [
                        -86.361765,
                        37.5702279
                    ],
                    [
                        -86.3620668,
                        37.5694078
                    ],
                    [
                        -86.3632308,
                        37.5674714
                    ],
                    [
                        -86.3641505,
                        37.5660874
                    ],
                    [
                        -86.3649337,
                        37.5652559
                    ],
                    [
                        -86.3653073,
                        37.5650224
                    ],
                    [
                        -86.3664785,
                        37.5644642
                    ],
                    [
                        -86.3672474,
                        37.5639972
                    ],
                    [
                        -86.3674414,
                        37.5637238
                    ],
                    [
                        -86.3675132,
                        37.5632397
                    ],
                    [
                        -86.3672761,
                        37.5626644
                    ],
                    [
                        -86.3667516,
                        37.5621689
                    ],
                    [
                        -86.366263,
                        37.5618841
                    ],
                    [
                        -86.3661839,
                        37.561605
                    ],
                    [
                        -86.366536,
                        37.560033
                    ],
                    [
                        -86.3663277,
                        37.5594577
                    ],
                    [
                        -86.366148,
                        37.5592583
                    ],
                    [
                        -86.3663923,
                        37.5584515
                    ],
                    [
                        -86.3663241,
                        37.5581582
                    ],
                    [
                        -86.3662235,
                        37.5580044
                    ],
                    [
                        -86.3660798,
                        37.5581354
                    ],
                    [
                        -86.3662199,
                        37.5584344
                    ],
                    [
                        -86.3660869,
                        37.5586879
                    ],
                    [
                        -86.3658678,
                        37.55891
                    ],
                    [
                        -86.3656522,
                        37.5597616
                    ],
                    [
                        -86.3658678,
                        37.5600407
                    ],
                    [
                        -86.366069,
                        37.5601774
                    ],
                    [
                        -86.3661372,
                        37.5603169
                    ],
                    [
                        -86.3659504,
                        37.5608694
                    ],
                    [
                        -86.3654151,
                        37.5617096
                    ],
                    [
                        -86.3651816,
                        37.5617067
                    ],
                    [
                        -86.3648187,
                        37.5615615
                    ],
                    [
                        -86.3637266,
                        37.5615444
                    ],
                    [
                        -86.3630583,
                        37.5614134
                    ],
                    [
                        -86.3625302,
                        37.5609235
                    ],
                    [
                        -86.3623901,
                        37.5609748
                    ],
                    [
                        -86.3621925,
                        37.5613934
                    ],
                    [
                        -86.3615746,
                        37.5615615
                    ],
                    [
                        -86.3579676,
                        37.561664
                    ],
                    [
                        -86.3575652,
                        37.5615643
                    ],
                    [
                        -86.3566993,
                        37.5615444
                    ],
                    [
                        -86.3559736,
                        37.5618349
                    ],
                    [
                        -86.3557329,
                        37.561758
                    ],
                    [
                        -86.3556754,
                        37.5616099
                    ],
                    [
                        -86.3558048,
                        37.5613336
                    ],
                    [
                        -86.3557221,
                        37.5610602
                    ],
                    [
                        -86.3558694,
                        37.5607641
                    ],
                    [
                        -86.3557114,
                        37.5607897
                    ],
                    [
                        -86.3555892,
                        37.5609805
                    ],
                    [
                        -86.3552695,
                        37.5611685
                    ],
                    [
                        -86.3550395,
                        37.5613963
                    ],
                    [
                        -86.3547414,
                        37.5614533
                    ],
                    [
                        -86.3543965,
                        37.5611514
                    ],
                    [
                        -86.3541953,
                        37.5607868
                    ],
                    [
                        -86.3538288,
                        37.5603796
                    ],
                    [
                        -86.3535378,
                        37.5601831
                    ],
                    [
                        -86.3530815,
                        37.5600236
                    ],
                    [
                        -86.3525786,
                        37.5599552
                    ],
                    [
                        -86.352381,
                        37.5599837
                    ],
                    [
                        -86.3530348,
                        37.5602059
                    ],
                    [
                        -86.3533043,
                        37.5603938
                    ],
                    [
                        -86.3535163,
                        37.5606587
                    ],
                    [
                        -86.3538791,
                        37.5613365
                    ],
                    [
                        -86.3531714,
                        37.5613792
                    ],
                    [
                        -86.3524708,
                        37.5613678
                    ],
                    [
                        -86.3524293,
                        37.56164
                    ],
                    [
                        -86.3522413,
                        37.5616661
                    ],
                    [
                        -86.3520914,
                        37.5615675
                    ],
                    [
                        -86.3520127,
                        37.5613822
                    ],
                    [
                        -86.3516951,
                        37.5612392
                    ],
                    [
                        -86.3509889,
                        37.5611788
                    ],
                    [
                        -86.3490684,
                        37.5606975
                    ],
                    [
                        -86.3484663,
                        37.560623
                    ],
                    [
                        -86.3472647,
                        37.560623
                    ],
                    [
                        -86.3465051,
                        37.5607821
                    ],
                    [
                        -86.3462841,
                        37.5608405
                    ],
                    [
                        -86.3460453,
                        37.5609794
                    ],
                    [
                        -86.3460072,
                        37.5611486
                    ],
                    [
                        -86.345771,
                        37.5613399
                    ],
                    [
                        -86.3454534,
                        37.5613681
                    ],
                    [
                        -86.3451511,
                        37.5611949
                    ],
                    [
                        -86.3446329,
                        37.5603471
                    ],
                    [
                        -86.3445719,
                        37.5600591
                    ],
                    [
                        -86.3448234,
                        37.5593463
                    ],
                    [
                        -86.3449784,
                        37.5591328
                    ],
                    [
                        -86.3450724,
                        37.5588488
                    ],
                    [
                        -86.3451054,
                        37.5586414
                    ],
                    [
                        -86.3450139,
                        37.5583857
                    ],
                    [
                        -86.3448564,
                        37.5582125
                    ],
                    [
                        -86.3445846,
                        37.5580453
                    ],
                    [
                        -86.3442874,
                        37.5580433
                    ],
                    [
                        -86.3436447,
                        37.5578077
                    ],
                    [
                        -86.3435557,
                        37.557858
                    ],
                    [
                        -86.3433855,
                        37.5581279
                    ],
                    [
                        -86.3427885,
                        37.5583595
                    ],
                    [
                        -86.3416215,
                        37.5590867
                    ],
                    [
                        -86.3406946,
                        37.5600237
                    ],
                    [
                        -86.340012,
                        37.5609436
                    ],
                    [
                        -86.3386791,
                        37.5616954
                    ],
                    [
                        -86.3381114,
                        37.5621283
                    ],
                    [
                        -86.3375366,
                        37.562396
                    ],
                    [
                        -86.3366708,
                        37.5626893
                    ],
                    [
                        -86.3354672,
                        37.5621739
                    ],
                    [
                        -86.3357367,
                        37.5617979
                    ],
                    [
                        -86.3357762,
                        37.5615644
                    ],
                    [
                        -86.335999,
                        37.5613309
                    ],
                    [
                        -86.3371306,
                        37.5606189
                    ],
                    [
                        -86.336714,
                        37.5606764
                    ],
                    [
                        -86.3365738,
                        37.5606958
                    ],
                    [
                        -86.3358696,
                        37.5611629
                    ],
                    [
                        -86.3352265,
                        37.561684
                    ],
                    [
                        -86.3349571,
                        37.5620343
                    ],
                    [
                        -86.3350649,
                        37.5623134
                    ],
                    [
                        -86.3363977,
                        37.5630567
                    ],
                    [
                        -86.3370983,
                        37.5632304
                    ],
                    [
                        -86.3378887,
                        37.5630396
                    ],
                    [
                        -86.3379893,
                        37.5631279
                    ],
                    [
                        -86.3383019,
                        37.5627748
                    ],
                    [
                        -86.3385533,
                        37.5626181
                    ],
                    [
                        -86.3394551,
                        37.5617837
                    ],
                    [
                        -86.340382,
                        37.5612284
                    ],
                    [
                        -86.3413951,
                        37.5600749
                    ],
                    [
                        -86.3421783,
                        37.5594655
                    ],
                    [
                        -86.3432346,
                        37.5587421
                    ],
                    [
                        -86.3437771,
                        37.5584943
                    ],
                    [
                        -86.3440357,
                        37.5584972
                    ],
                    [
                        -86.3437303,
                        37.5588475
                    ],
                    [
                        -86.3435866,
                        37.5592035
                    ],
                    [
                        -86.3436944,
                        37.5594797
                    ],
                    [
                        -86.3437052,
                        37.5597901
                    ],
                    [
                        -86.3434214,
                        37.5603028
                    ],
                    [
                        -86.3433423,
                        37.560542
                    ],
                    [
                        -86.3434429,
                        37.560898
                    ],
                    [
                        -86.3436477,
                        37.5613337
                    ],
                    [
                        -86.3458213,
                        37.5631877
                    ],
                    [
                        -86.3461087,
                        37.5634981
                    ],
                    [
                        -86.3464715,
                        37.5636918
                    ],
                    [
                        -86.3472691,
                        37.564492
                    ],
                    [
                        -86.3473553,
                        37.5646828
                    ],
                    [
                        -86.3476643,
                        37.5647995
                    ],
                    [
                        -86.3477793,
                        37.5648964
                    ],
                    [
                        -86.3476985,
                        37.5651601
                    ],
                    [
                        -86.3478357,
                        37.5651641
                    ],
                    [
                        -86.3480008,
                        37.5650251
                    ],
                    [
                        -86.3482548,
                        37.5649567
                    ],
                    [
                        -86.3484936,
                        37.565003
                    ],
                    [
                        -86.3487019,
                        37.5649426
                    ],
                    [
                        -86.3489331,
                        37.565009
                    ],
                    [
                        -86.3491389,
                        37.565146
                    ],
                    [
                        -86.3491363,
                        37.5653493
                    ],
                    [
                        -86.3492532,
                        37.5655044
                    ],
                    [
                        -86.3494005,
                        37.5655547
                    ],
                    [
                        -86.3494564,
                        37.5657501
                    ],
                    [
                        -86.3493929,
                        37.5659635
                    ],
                    [
                        -86.3495606,
                        37.5660984
                    ],
                    [
                        -86.349647,
                        37.5667529
                    ],
                    [
                        -86.3498883,
                        37.5672502
                    ],
                    [
                        -86.3499239,
                        37.5675885
                    ],
                    [
                        -86.3498578,
                        37.5677335
                    ],
                    [
                        -86.3501804,
                        37.5682167
                    ],
                    [
                        -86.3502998,
                        37.5686275
                    ],
                    [
                        -86.3515047,
                        37.5681516
                    ],
                    [
                        -86.351325,
                        37.5678896
                    ],
                    [
                        -86.3513466,
                        37.5676618
                    ],
                    [
                        -86.3510592,
                        37.5674738
                    ],
                    [
                        -86.351052,
                        37.5669897
                    ],
                    [
                        -86.3506855,
                        37.5662664
                    ],
                    [
                        -86.3504628,
                        37.5652298
                    ],
                    [
                        -86.3499455,
                        37.5645008
                    ],
                    [
                        -86.3495359,
                        37.5641021
                    ],
                    [
                        -86.3487024,
                        37.5635724
                    ],
                    [
                        -86.3467767,
                        37.5627978
                    ],
                    [
                        -86.3465253,
                        37.5623365
                    ],
                    [
                        -86.3466761,
                        37.5622168
                    ],
                    [
                        -86.3463887,
                        37.5618865
                    ],
                    [
                        -86.346166,
                        37.5617498
                    ],
                    [
                        -86.3462055,
                        37.5615709
                    ],
                    [
                        -86.3464534,
                        37.5613316
                    ],
                    [
                        -86.3467264,
                        37.5613658
                    ],
                    [
                        -86.3471576,
                        37.5616364
                    ],
                    [
                        -86.3475815,
                        37.5617389
                    ],
                    [
                        -86.3484437,
                        37.5616848
                    ],
                    [
                        -86.3491838,
                        37.5618215
                    ],
                    [
                        -86.3518352,
                        37.5627641
                    ],
                    [
                        -86.352507,
                        37.5629378
                    ],
                    [
                        -86.3530028,
                        37.5629264
                    ],
                    [
                        -86.353186,
                        37.5628382
                    ],
                    [
                        -86.3536136,
                        37.5628752
                    ],
                    [
                        -86.3546482,
                        37.5628553
                    ],
                    [
                        -86.3551153,
                        37.5629037
                    ],
                    [
                        -86.3556614,
                        37.5631116
                    ],
                    [
                        -86.3562506,
                        37.5630574
                    ],
                    [
                        -86.3568074,
                        37.5630603
                    ],
                    [
                        -86.3572888,
                        37.563103
                    ],
                    [
                        -86.3576158,
                        37.5631828
                    ],
                    [
                        -86.3576984,
                        37.563271
                    ],
                    [
                        -86.3578098,
                        37.5630688
                    ],
                    [
                        -86.3581116,
                        37.5629692
                    ],
                    [
                        -86.3605869,
                        37.5627186
                    ],
                    [
                        -86.3618731,
                        37.5626787
                    ],
                    [
                        -86.3620886,
                        37.56271
                    ],
                    [
                        -86.3622108,
                        37.5626046
                    ],
                    [
                        -86.3639065,
                        37.5625249
                    ],
                    [
                        -86.3641077,
                        37.5625249
                    ],
                    [
                        -86.364916,
                        37.5626701
                    ],
                    [
                        -86.3653579,
                        37.5628609
                    ],
                    [
                        -86.3657388,
                        37.5629179
                    ],
                    [
                        -86.3661411,
                        37.5631229
                    ],
                    [
                        -86.3662992,
                        37.5633963
                    ],
                    [
                        -86.3661124,
                        37.5636185
                    ],
                    [
                        -86.3654693,
                        37.5639061
                    ],
                    [
                        -86.3648478,
                        37.5642621
                    ],
                    [
                        -86.3641544,
                        37.5648117
                    ],
                    [
                        -86.3634215,
                        37.5654467
                    ],
                    [
                        -86.3626096,
                        37.5664292
                    ],
                    [
                        -86.362024,
                        37.5675199
                    ],
                    [
                        -86.3615785,
                        37.5682147
                    ],
                    [
                        -86.3613342,
                        37.5684226
                    ],
                    [
                        -86.3613952,
                        37.5685906
                    ],
                    [
                        -86.3608599,
                        37.5695645
                    ],
                    [
                        -86.3607809,
                        37.5702621
                    ],
                    [
                        -86.3607773,
                        37.5708573
                    ],
                    [
                        -86.3610827,
                        37.5713812
                    ],
                    [
                        -86.3614455,
                        37.5717912
                    ],
                    [
                        -86.3618192,
                        37.5720133
                    ],
                    [
                        -86.362782,
                        37.5724035
                    ],
                    [
                        -86.3636299,
                        37.5725629
                    ],
                    [
                        -86.3644921,
                        37.5725771
                    ],
                    [
                        -86.3656885,
                        37.5723864
                    ],
                    [
                        -86.3660657,
                        37.5722184
                    ],
                    [
                        -86.3675088,
                        37.5718272
                    ],
                    [
                        -86.3680636,
                        37.5715906
                    ],
                    [
                        -86.3681532,
                        37.5718039
                    ],
                    [
                        -86.3683544,
                        37.571989
                    ],
                    [
                        -86.3682969,
                        37.5721456
                    ],
                    [
                        -86.3681568,
                        37.5723506
                    ],
                    [
                        -86.3681712,
                        37.5725015
                    ],
                    [
                        -86.3682861,
                        37.5725129
                    ],
                    [
                        -86.3686238,
                        37.5722168
                    ],
                    [
                        -86.3687711,
                        37.5721741
                    ],
                    [
                        -86.3692669,
                        37.5721826
                    ],
                    [
                        -86.3695256,
                        37.5722026
                    ],
                    [
                        -86.3695651,
                        37.5721228
                    ],
                    [
                        -86.369443,
                        37.5720431
                    ],
                    [
                        -86.3685699,
                        37.5714679
                    ],
                    [
                        -86.368881,
                        37.5712347
                    ],
                    [
                        -86.3693495,
                        37.5709606
                    ],
                    [
                        -86.3695503,
                        37.5707926
                    ],
                    [
                        -86.3698069,
                        37.5705274
                    ],
                    [
                        -86.3702755,
                        37.5702356
                    ],
                    [
                        -86.3704874,
                        37.5700499
                    ],
                    [
                        -86.3707329,
                        37.5699084
                    ],
                    [
                        -86.3709337,
                        37.5697581
                    ],
                    [
                        -86.371101,
                        37.5695813
                    ],
                    [
                        -86.3713241,
                        37.5694486
                    ],
                    [
                        -86.3719488,
                        37.5689623
                    ],
                    [
                        -86.3723951,
                        37.568697
                    ],
                    [
                        -86.3726294,
                        37.5685202
                    ],
                    [
                        -86.3727967,
                        37.5683433
                    ],
                    [
                        -86.3730867,
                        37.5682903
                    ],
                    [
                        -86.3733768,
                        37.5689092
                    ],
                    [
                        -86.3735218,
                        37.5690861
                    ],
                    [
                        -86.3738788,
                        37.5694044
                    ],
                    [
                        -86.3747267,
                        37.5702886
                    ],
                    [
                        -86.3743697,
                        37.5696343
                    ],
                    [
                        -86.374247,
                        37.5694309
                    ],
                    [
                        -86.3741466,
                        37.5692187
                    ],
                    [
                        -86.3741577,
                        37.5681399
                    ],
                    [
                        -86.3740908,
                        37.5679189
                    ],
                    [
                        -86.3739681,
                        37.5677155
                    ],
                    [
                        -86.3739457,
                        37.5674768
                    ],
                    [
                        -86.3740573,
                        37.5672734
                    ],
                    [
                        -86.3742135,
                        37.5670965
                    ],
                    [
                        -86.3746374,
                        37.5668224
                    ],
                    [
                        -86.3753179,
                        37.5660973
                    ],
                    [
                        -86.3756972,
                        37.5657701
                    ],
                    [
                        -86.3759427,
                        37.5656286
                    ],
                    [
                        -86.3765674,
                        37.5651423
                    ],
                    [
                        -86.3767347,
                        37.5649654
                    ],
                    [
                        -86.3769021,
                        37.564762
                    ],
                    [
                        -86.3770248,
                        37.5645321
                    ],
                    [
                        -86.3770806,
                        37.5643111
                    ],
                    [
                        -86.3770917,
                        37.5640723
                    ],
                    [
                        -86.3770694,
                        37.5637274
                    ],
                    [
                        -86.3767459,
                        37.5630907
                    ],
                    [
                        -86.3765785,
                        37.562905
                    ],
                    [
                        -86.3751283,
                        37.5620472
                    ],
                    [
                        -86.3748605,
                        37.5619323
                    ],
                    [
                        -86.3745816,
                        37.5618438
                    ],
                    [
                        -86.3743027,
                        37.5617996
                    ],
                    [
                        -86.3722277,
                        37.5615166
                    ],
                    [
                        -86.3716699,
                        37.5614194
                    ],
                    [
                        -86.371101,
                        37.5612425
                    ],
                    [
                        -86.3708444,
                        37.5611364
                    ],
                    [
                        -86.3703424,
                        37.5608269
                    ],
                    [
                        -86.3701751,
                        37.5606323
                    ],
                    [
                        -86.3700858,
                        37.5604024
                    ],
                    [
                        -86.3700858,
                        37.5601636
                    ],
                    [
                        -86.3701416,
                        37.5599337
                    ],
                    [
                        -86.3702866,
                        37.5597214
                    ],
                    [
                        -86.3705097,
                        37.5595799
                    ],
                    [
                        -86.3707552,
                        37.5594738
                    ],
                    [
                        -86.3710229,
                        37.5593942
                    ],
                    [
                        -86.371313,
                        37.5593588
                    ],
                    [
                        -86.3723951,
                        37.5593588
                    ],
                    [
                        -86.3729306,
                        37.5594208
                    ],
                    [
                        -86.3731871,
                        37.5595003
                    ],
                    [
                        -86.3737338,
                        37.5596153
                    ],
                    [
                        -86.3753514,
                        37.5601282
                    ],
                    [
                        -86.3758646,
                        37.5603139
                    ],
                    [
                        -86.3761323,
                        37.5604466
                    ],
                    [
                        -86.3770471,
                        37.5609949
                    ],
                    [
                        -86.3777611,
                        37.561384
                    ],
                    [
                        -86.3784081,
                        37.5618173
                    ],
                    [
                        -86.3793898,
                        37.562852
                    ],
                    [
                        -86.3802488,
                        37.5633649
                    ],
                    [
                        -86.3804385,
                        37.5635329
                    ],
                    [
                        -86.3806616,
                        37.563692
                    ],
                    [
                        -86.3814648,
                        37.5645498
                    ],
                    [
                        -86.3818218,
                        37.5648858
                    ],
                    [
                        -86.3820449,
                        37.5650185
                    ],
                    [
                        -86.3825246,
                        37.565213
                    ],
                    [
                        -86.3834283,
                        37.5657701
                    ],
                    [
                        -86.3847893,
                        37.5661415
                    ],
                    [
                        -86.3865965,
                        37.5667163
                    ],
                    [
                        -86.3870874,
                        37.5669285
                    ],
                    [
                        -86.3872324,
                        37.5671319
                    ],
                    [
                        -86.3872547,
                        37.567353
                    ],
                    [
                        -86.3872101,
                        37.5675652
                    ],
                    [
                        -86.3870316,
                        37.5677243
                    ],
                    [
                        -86.3863623,
                        37.5681311
                    ],
                    [
                        -86.3858268,
                        37.5683256
                    ],
                    [
                        -86.3849789,
                        37.5685821
                    ],
                    [
                        -86.3829709,
                        37.5688473
                    ],
                    [
                        -86.3827031,
                        37.5689181
                    ],
                    [
                        -86.381621,
                        37.5692718
                    ],
                    [
                        -86.381119,
                        37.5695282
                    ],
                    [
                        -86.3809405,
                        37.5696962
                    ],
                    [
                        -86.3803046,
                        37.5701206
                    ],
                    [
                        -86.3802711,
                        37.5703328
                    ],
                    [
                        -86.3802823,
                        37.5705451
                    ],
                    [
                        -86.3803604,
                        37.5712259
                    ],
                    [
                        -86.3804273,
                        37.5714381
                    ],
                    [
                        -86.3805277,
                        37.5716503
                    ],
                    [
                        -86.380762,
                        37.5720305
                    ],
                    [
                        -86.3814202,
                        37.5727202
                    ],
                    [
                        -86.3820338,
                        37.5731446
                    ],
                    [
                        -86.3831605,
                        37.5738078
                    ],
                    [
                        -86.383841,
                        37.5741968
                    ],
                    [
                        -86.3841088,
                        37.5743294
                    ],
                    [
                        -86.3843542,
                        37.574409
                    ],
                    [
                        -86.3845996,
                        37.5745416
                    ],
                    [
                        -86.3848004,
                        37.5746919
                    ],
                    [
                        -86.3850459,
                        37.5747892
                    ],
                    [
                        -86.3858045,
                        37.5748688
                    ],
                    [
                        -86.3863734,
                        37.5748776
                    ],
                    [
                        -86.3868977,
                        37.5749749
                    ],
                    [
                        -86.3877344,
                        37.5750633
                    ],
                    [
                        -86.3885488,
                        37.5750633
                    ],
                    [
                        -86.3892599,
                        37.5750174
                    ],
                    [
                        -86.3895194,
                        37.5753551
                    ],
                    [
                        -86.3895305,
                        37.5755673
                    ],
                    [
                        -86.3894078,
                        37.5757618
                    ],
                    [
                        -86.3891847,
                        37.5759298
                    ],
                    [
                        -86.3889616,
                        37.5760624
                    ],
                    [
                        -86.3887719,
                        37.5762304
                    ],
                    [
                        -86.3886604,
                        37.5764337
                    ],
                    [
                        -86.3886827,
                        37.5766459
                    ],
                    [
                        -86.3887496,
                        37.5768581
                    ],
                    [
                        -86.3888723,
                        37.5770703
                    ],
                    [
                        -86.3891847,
                        37.5773974
                    ],
                    [
                        -86.3891735,
                        37.5776096
                    ],
                    [
                        -86.38885,
                        37.578202
                    ],
                    [
                        -86.3891958,
                        37.5778307
                    ],
                    [
                        -86.3892739,
                        37.577592
                    ],
                    [
                        -86.3892628,
                        37.5773532
                    ],
                    [
                        -86.3891847,
                        37.5771145
                    ],
                    [
                        -86.3890954,
                        37.5769023
                    ],
                    [
                        -86.3891624,
                        37.5766813
                    ],
                    [
                        -86.3893297,
                        37.5764868
                    ],
                    [
                        -86.389564,
                        37.5763453
                    ],
                    [
                        -86.389776,
                        37.5761596
                    ],
                    [
                        -86.3899544,
                        37.5759828
                    ],
                    [
                        -86.3900437,
                        37.5757706
                    ],
                    [
                        -86.3900995,
                        37.5755319
                    ],
                    [
                        -86.3900995,
                        37.5750544
                    ],
                    [
                        -86.3901664,
                        37.5745858
                    ],
                    [
                        -86.3906461,
                        37.5737459
                    ],
                    [
                        -86.3907911,
                        37.5733038
                    ],
                    [
                        -86.3907911,
                        37.5730739
                    ],
                    [
                        -86.3906907,
                        37.57234
                    ],
                    [
                        -86.3905851,
                        37.5718664
                    ],
                    [
                        -86.3910111,
                        37.5704659
                    ],
                    [
                        -86.3916422,
                        37.5699907
                    ],
                    [
                        -86.3926204,
                        37.5694154
                    ],
                    [
                        -86.3929517,
                        37.5692529
                    ],
                    [
                        -86.3934635,
                        37.5694164
                    ],
                    [
                        -86.3934004,
                        37.5697165
                    ],
                    [
                        -86.3934162,
                        37.5703543
                    ],
                    [
                        -86.3934793,
                        37.5706544
                    ],
                    [
                        -86.3936371,
                        37.5709295
                    ],
                    [
                        -86.393716,
                        37.5706044
                    ],
                    [
                        -86.3937475,
                        37.5702667
                    ],
                    [
                        -86.3938579,
                        37.5699666
                    ],
                    [
                        -86.3940946,
                        37.569704
                    ],
                    [
                        -86.3943786,
                        37.5694539
                    ],
                    [
                        -86.3943628,
                        37.5691288
                    ],
                    [
                        -86.3941735,
                        37.5688412
                    ],
                    [
                        -86.3945521,
                        37.5686161
                    ],
                    [
                        -86.3969818,
                        37.568316
                    ],
                    [
                        -86.3973604,
                        37.5682034
                    ],
                    [
                        -86.3977864,
                        37.5681409
                    ],
                    [
                        -86.3989539,
                        37.5677907
                    ],
                    [
                        -86.39979,
                        37.5675907
                    ],
                    [
                        -86.4001844,
                        37.5675531
                    ],
                    [
                        -86.4005473,
                        37.5674406
                    ],
                    [
                        -86.4013993,
                        37.567328
                    ],
                    [
                        -86.4022197,
                        37.5673155
                    ],
                    [
                        -86.4026298,
                        37.5674031
                    ],
                    [
                        -86.4029927,
                        37.5675406
                    ],
                    [
                        -86.4032767,
                        37.5677282
                    ],
                    [
                        -86.4031978,
                        37.5680283
                    ],
                    [
                        -86.4030558,
                        37.5683034
                    ],
                    [
                        -86.4028823,
                        37.5690663
                    ],
                    [
                        -86.4030716,
                        37.5687661
                    ],
                    [
                        -86.4034187,
                        37.5685535
                    ],
                    [
                        -86.4037973,
                        37.5686161
                    ],
                    [
                        -86.4040655,
                        37.5688162
                    ],
                    [
                        -86.4042706,
                        37.5690663
                    ],
                    [
                        -86.4044442,
                        37.5693789
                    ],
                    [
                        -86.4046651,
                        37.5696415
                    ],
                    [
                        -86.4047597,
                        37.5690037
                    ],
                    [
                        -86.4050121,
                        37.5683535
                    ],
                    [
                        -86.4053435,
                        37.5681659
                    ],
                    [
                        -86.4057063,
                        37.5680533
                    ],
                    [
                        -86.4069211,
                        37.5678783
                    ],
                    [
                        -86.4072998,
                        37.5677782
                    ],
                    [
                        -86.4076627,
                        37.5676407
                    ],
                    [
                        -86.4086566,
                        37.5670529
                    ],
                    [
                        -86.4090668,
                        37.5670654
                    ],
                    [
                        -86.4093981,
                        37.568541
                    ],
                    [
                        -86.4093034,
                        37.5702042
                    ],
                    [
                        -86.4092403,
                        37.5705043
                    ],
                    [
                        -86.4091299,
                        37.5707919
                    ],
                    [
                        -86.4088617,
                        37.5713546
                    ],
                    [
                        -86.4083253,
                        37.57228
                    ],
                    [
                        -86.4078993,
                        37.5728052
                    ],
                    [
                        -86.4075995,
                        37.5734429
                    ],
                    [
                        -86.4073156,
                        37.5746808
                    ],
                    [
                        -86.4073156,
                        37.5756436
                    ],
                    [
                        -86.4074418,
                        37.5762438
                    ],
                    [
                        -86.407568,
                        37.5765439
                    ],
                    [
                        -86.4077258,
                        37.576819
                    ],
                    [
                        -86.4081675,
                        37.5772941
                    ],
                    [
                        -86.4084988,
                        37.5774441
                    ],
                    [
                        -86.408909,
                        37.5775192
                    ],
                    [
                        -86.4093034,
                        37.5776317
                    ],
                    [
                        -86.4101396,
                        37.5776317
                    ],
                    [
                        -86.4109285,
                        37.5775317
                    ],
                    [
                        -86.4116226,
                        37.5771816
                    ],
                    [
                        -86.4119066,
                        37.576944
                    ],
                    [
                        -86.413153,
                        37.5763813
                    ],
                    [
                        -86.4141154,
                        37.5758312
                    ],
                    [
                        -86.4147149,
                        37.5753185
                    ],
                    [
                        -86.415204,
                        37.5747933
                    ],
                    [
                        -86.4160244,
                        37.5740431
                    ],
                    [
                        -86.4162325,
                        37.5739547
                    ],
                    [
                        -86.4166118,
                        37.5758645
                    ],
                    [
                        -86.4167234,
                        37.5762712
                    ],
                    [
                        -86.4169018,
                        37.5766779
                    ],
                    [
                        -86.4172142,
                        37.5779157
                    ],
                    [
                        -86.4182182,
                        37.5794717
                    ],
                    [
                        -86.4181736,
                        37.5798961
                    ],
                    [
                        -86.4175935,
                        37.5800553
                    ],
                    [
                        -86.4179951,
                        37.5803382
                    ],
                    [
                        -86.4183075,
                        37.5807272
                    ],
                    [
                        -86.418419,
                        37.5811339
                    ],
                    [
                        -86.4186422,
                        37.5815405
                    ],
                    [
                        -86.4190884,
                        37.5806918
                    ],
                    [
                        -86.4196239,
                        37.5805857
                    ],
                    [
                        -86.4206948,
                        37.5805504
                    ],
                    [
                        -86.4212303,
                        37.5806918
                    ],
                    [
                        -86.4222344,
                        37.5811162
                    ],
                    [
                        -86.4227922,
                        37.5812753
                    ],
                    [
                        -86.4233276,
                        37.5813637
                    ],
                    [
                        -86.4239077,
                        37.581346
                    ],
                    [
                        -86.4245102,
                        37.5812576
                    ],
                    [
                        -86.425001,
                        37.5810985
                    ],
                    [
                        -86.4259158,
                        37.580568
                    ],
                    [
                        -86.4262728,
                        37.5802321
                    ],
                    [
                        -86.4270983,
                        37.5789943
                    ],
                    [
                        -86.4278123,
                        37.578234
                    ],
                    [
                        -86.4285932,
                        37.5775444
                    ],
                    [
                        -86.4294634,
                        37.5769962
                    ],
                    [
                        -86.4304674,
                        37.5766072
                    ],
                    [
                        -86.4315607,
                        37.5762889
                    ],
                    [
                        -86.4320962,
                        37.5763065
                    ],
                    [
                        -86.4326093,
                        37.5764303
                    ],
                    [
                        -86.4334795,
                        37.5768901
                    ],
                    [
                        -86.4337919,
                        37.5772614
                    ],
                    [
                        -86.4339034,
                        37.5776681
                    ],
                    [
                        -86.4338811,
                        37.5781102
                    ],
                    [
                        -86.4337249,
                        37.5785169
                    ],
                    [
                        -86.4334795,
                        37.5789059
                    ],
                    [
                        -86.4331671,
                        37.5792596
                    ],
                    [
                        -86.4327209,
                        37.5795071
                    ],
                    [
                        -86.4316499,
                        37.5798608
                    ],
                    [
                        -86.4311814,
                        37.5801083
                    ],
                    [
                        -86.4307575,
                        37.5804443
                    ],
                    [
                        -86.4304228,
                        37.5807802
                    ],
                    [
                        -86.4294857,
                        37.5818765
                    ],
                    [
                        -86.4291287,
                        37.5831672
                    ],
                    [
                        -86.4289502,
                        37.5840336
                    ],
                    [
                        -86.4286602,
                        37.5844226
                    ],
                    [
                        -86.4281916,
                        37.5846525
                    ],
                    [
                        -86.4276338,
                        37.584847
                    ],
                    [
                        -86.4254696,
                        37.585342
                    ],
                    [
                        -86.4251795,
                        37.5857133
                    ],
                    [
                        -86.4250903,
                        37.5861377
                    ],
                    [
                        -86.4250903,
                        37.586562
                    ],
                    [
                        -86.425358,
                        37.5877996
                    ],
                    [
                        -86.425358,
                        37.588719
                    ],
                    [
                        -86.4250903,
                        37.589108
                    ],
                    [
                        -86.4240862,
                        37.5901511
                    ],
                    [
                        -86.424644,
                        37.5901511
                    ],
                    [
                        -86.4250903,
                        37.5898151
                    ],
                    [
                        -86.4260943,
                        37.5887367
                    ],
                    [
                        -86.4262059,
                        37.5882947
                    ],
                    [
                        -86.4260274,
                        37.587393
                    ],
                    [
                        -86.4258042,
                        37.5869686
                    ],
                    [
                        -86.4257819,
                        37.5864913
                    ],
                    [
                        -86.4262951,
                        37.5860669
                    ],
                    [
                        -86.426719,
                        37.5858017
                    ],
                    [
                        -86.4272768,
                        37.5856956
                    ],
                    [
                        -86.4278123,
                        37.5855365
                    ],
                    [
                        -86.4284147,
                        37.5855188
                    ],
                    [
                        -86.4294857,
                        37.5856426
                    ],
                    [
                        -86.4300658,
                        37.5856072
                    ],
                    [
                        -86.430222,
                        37.5851829
                    ],
                    [
                        -86.430222,
                        37.5846878
                    ],
                    [
                        -86.4303558,
                        37.5837684
                    ],
                    [
                        -86.4308913,
                        37.5836093
                    ],
                    [
                        -86.4314268,
                        37.5843519
                    ],
                    [
                        -86.4323416,
                        37.5847762
                    ],
                    [
                        -86.4328325,
                        37.5849177
                    ],
                    [
                        -86.4333679,
                        37.5849177
                    ],
                    [
                        -86.433948,
                        37.584847
                    ],
                    [
                        -86.4344835,
                        37.5847055
                    ],
                    [
                        -86.4363354,
                        37.5836093
                    ],
                    [
                        -86.4374287,
                        37.5832026
                    ],
                    [
                        -86.4382542,
                        37.5826368
                    ],
                    [
                        -86.4390128,
                        37.5819826
                    ],
                    [
                        -86.4394144,
                        37.5816289
                    ],
                    [
                        -86.4397045,
                        37.5812576
                    ],
                    [
                        -86.440173,
                        37.5803912
                    ],
                    [
                        -86.4404631,
                        37.5790297
                    ],
                    [
                        -86.4406639,
                        37.5785699
                    ],
                    [
                        -86.4411101,
                        37.5777212
                    ],
                    [
                        -86.4417572,
                        37.5769962
                    ],
                    [
                        -86.4421365,
                        37.5766248
                    ],
                    [
                        -86.4430959,
                        37.5760944
                    ],
                    [
                        -86.4441445,
                        37.5757407
                    ],
                    [
                        -86.44468,
                        37.5756346
                    ],
                    [
                        -86.4459072,
                        37.5758114
                    ],
                    [
                        -86.4460187,
                        37.5762358
                    ],
                    [
                        -86.4459964,
                        37.57712
                    ],
                    [
                        -86.4458179,
                        37.5780748
                    ],
                    [
                        -86.4457956,
                        37.5784992
                    ],
                    [
                        -86.4458179,
                        37.5793656
                    ],
                    [
                        -86.4459518,
                        37.5803028
                    ],
                    [
                        -86.4459741,
                        37.5811692
                    ],
                    [
                        -86.446041,
                        37.5815936
                    ],
                    [
                        -86.446041,
                        37.58246
                    ],
                    [
                        -86.4459518,
                        37.5827783
                    ],
                    [
                        -86.4458625,
                        37.5832026
                    ],
                    [
                        -86.4456617,
                        37.5835916
                    ],
                    [
                        -86.4453047,
                        37.5839452
                    ],
                    [
                        -86.4443676,
                        37.584458
                    ],
                    [
                        -86.4445908,
                        37.5848293
                    ],
                    [
                        -86.4434529,
                        37.5873046
                    ],
                    [
                        -86.4434529,
                        37.5877466
                    ],
                    [
                        -86.4435867,
                        37.5890903
                    ],
                    [
                        -86.4435198,
                        37.58955
                    ],
                    [
                        -86.4428951,
                        37.5907522
                    ],
                    [
                        -86.4428504,
                        37.5911765
                    ],
                    [
                        -86.4428728,
                        37.5916008
                    ],
                    [
                        -86.4432967,
                        37.592361
                    ],
                    [
                        -86.4435421,
                        37.590982
                    ],
                    [
                        -86.4438768,
                        37.5905931
                    ],
                    [
                        -86.4442561,
                        37.5902571
                    ],
                    [
                        -86.4448139,
                        37.5902041
                    ],
                    [
                        -86.4453494,
                        37.5902218
                    ],
                    [
                        -86.4464203,
                        37.5903632
                    ],
                    [
                        -86.4469781,
                        37.5903632
                    ],
                    [
                        -86.4480937,
                        37.5902748
                    ],
                    [
                        -86.44912,
                        37.5899035
                    ],
                    [
                        -86.4495663,
                        37.5896207
                    ],
                    [
                        -86.4499456,
                        37.5892848
                    ],
                    [
                        -86.4502579,
                        37.5889312
                    ],
                    [
                        -86.4507265,
                        37.5883477
                    ],
                    [
                        -86.4510165,
                        37.5869863
                    ],
                    [
                        -86.4511727,
                        37.5859962
                    ],
                    [
                        -86.4513289,
                        37.5855542
                    ],
                    [
                        -86.4514182,
                        37.5850768
                    ],
                    [
                        -86.4517975,
                        37.5841751
                    ],
                    [
                        -86.4524891,
                        37.5834148
                    ],
                    [
                        -86.4534039,
                        37.582849
                    ],
                    [
                        -86.4555682,
                        37.582124
                    ],
                    [
                        -86.4561036,
                        37.5819826
                    ],
                    [
                        -86.4566837,
                        37.5819295
                    ],
                    [
                        -86.4572415,
                        37.5819649
                    ],
                    [
                        -86.4576655,
                        37.5822124
                    ],
                    [
                        -86.4581563,
                        37.5823893
                    ],
                    [
                        -86.4592496,
                        37.582071
                    ],
                    [
                        -86.4603206,
                        37.5818942
                    ],
                    [
                        -86.4614585,
                        37.5818588
                    ],
                    [
                        -86.462574,
                        37.5819295
                    ],
                    [
                        -86.4630872,
                        37.5820887
                    ],
                    [
                        -86.4634665,
                        37.5823893
                    ],
                    [
                        -86.4637566,
                        37.5827783
                    ],
                    [
                        -86.4639574,
                        37.5831672
                    ],
                    [
                        -86.4639128,
                        37.5836093
                    ],
                    [
                        -86.4636004,
                        37.5839452
                    ],
                    [
                        -86.4631765,
                        37.5842281
                    ],
                    [
                        -86.4621724,
                        37.5845464
                    ],
                    [
                        -86.4615923,
                        37.5845817
                    ],
                    [
                        -86.4598966,
                        37.5845817
                    ],
                    [
                        -86.4587141,
                        37.5845464
                    ],
                    [
                        -86.4581563,
                        37.5845994
                    ],
                    [
                        -86.4575985,
                        37.5846878
                    ],
                    [
                        -86.457063,
                        37.584847
                    ],
                    [
                        -86.4560367,
                        37.5851829
                    ],
                    [
                        -86.4555682,
                        37.5853951
                    ],
                    [
                        -86.4546757,
                        37.5860139
                    ],
                    [
                        -86.454341,
                        37.5864029
                    ],
                    [
                        -86.4539394,
                        37.5871985
                    ],
                    [
                        -86.4536721,
                        37.5875843
                    ],
                    [
                        -86.4533932,
                        37.5888308
                    ],
                    [
                        -86.4534044,
                        37.5898032
                    ],
                    [
                        -86.4533709,
                        37.5900153
                    ],
                    [
                        -86.4532817,
                        37.5902275
                    ],
                    [
                        -86.4530362,
                        37.5903336
                    ],
                    [
                        -86.4524673,
                        37.5904131
                    ],
                    [
                        -86.4522107,
                        37.5905369
                    ],
                    [
                        -86.4523557,
                        37.5907048
                    ],
                    [
                        -86.4525565,
                        37.5908551
                    ],
                    [
                        -86.4527239,
                        37.5910231
                    ],
                    [
                        -86.4528689,
                        37.5912087
                    ],
                    [
                        -86.4528801,
                        37.5914209
                    ],
                    [
                        -86.4527797,
                        37.5916153
                    ],
                    [
                        -86.4524561,
                        37.5919689
                    ],
                    [
                        -86.452378,
                        37.5922076
                    ],
                    [
                        -86.4526123,
                        37.5920927
                    ],
                    [
                        -86.4528354,
                        37.5919247
                    ],
                    [
                        -86.4535383,
                        37.5915358
                    ],
                    [
                        -86.4537502,
                        37.5913855
                    ],
                    [
                        -86.4540626,
                        37.5913767
                    ],
                    [
                        -86.4542634,
                        37.5915358
                    ],
                    [
                        -86.4549216,
                        37.5918982
                    ],
                    [
                        -86.4555352,
                        37.5923225
                    ],
                    [
                        -86.4566284,
                        37.5925258
                    ],
                    [
                        -86.4574651,
                        37.5926319
                    ],
                    [
                        -86.4583464,
                        37.5926319
                    ],
                    [
                        -86.4586365,
                        37.5926054
                    ],
                    [
                        -86.4592054,
                        37.5924816
                    ],
                    [
                        -86.4594843,
                        37.5924728
                    ],
                    [
                        -86.4597632,
                        37.5924728
                    ],
                    [
                        -86.4603099,
                        37.5925523
                    ],
                    [
                        -86.4605553,
                        37.5924374
                    ],
                    [
                        -86.46118,
                        37.5919866
                    ],
                    [
                        -86.4618717,
                        37.5915711
                    ],
                    [
                        -86.4626303,
                        37.5912264
                    ],
                    [
                        -86.4631769,
                        37.5910319
                    ],
                    [
                        -86.4653858,
                        37.5907579
                    ],
                    [
                        -86.4665349,
                        37.5908728
                    ],
                    [
                        -86.4670927,
                        37.5908463
                    ],
                    [
                        -86.4679963,
                        37.590864
                    ],
                    [
                        -86.4685095,
                        37.5910319
                    ],
                    [
                        -86.4687995,
                        37.5910408
                    ],
                    [
                        -86.4696027,
                        37.590917
                    ],
                    [
                        -86.4707406,
                        37.5908905
                    ],
                    [
                        -86.4710307,
                        37.5909258
                    ],
                    [
                        -86.4711629,
                        37.5908621
                    ],
                    [
                        -86.4718769,
                        37.591061
                    ],
                    [
                        -86.4721279,
                        37.5912157
                    ],
                    [
                        -86.472206,
                        37.5912997
                    ],
                    [
                        -86.4723677,
                        37.5917196
                    ],
                    [
                        -86.4725239,
                        37.5919096
                    ],
                    [
                        -86.4725239,
                        37.5923516
                    ],
                    [
                        -86.4725574,
                        37.5924533
                    ],
                    [
                        -86.4726801,
                        37.5926654
                    ],
                    [
                        -86.4727861,
                        37.5927361
                    ],
                    [
                        -86.4729199,
                        37.5927582
                    ],
                    [
                        -86.4730426,
                        37.592714
                    ],
                    [
                        -86.4731152,
                        37.5926124
                    ],
                    [
                        -86.4733215,
                        37.5921616
                    ],
                    [
                        -86.4733996,
                        37.5917947
                    ],
                    [
                        -86.4736395,
                        37.5913351
                    ],
                    [
                        -86.4738347,
                        37.591366
                    ],
                    [
                        -86.4739574,
                        37.5914323
                    ],
                    [
                        -86.4742642,
                        37.5918345
                    ],
                    [
                        -86.4748164,
                        37.5922013
                    ],
                    [
                        -86.4748834,
                        37.5922942
                    ],
                    [
                        -86.4748834,
                        37.5924002
                    ],
                    [
                        -86.4749168,
                        37.5925019
                    ],
                    [
                        -86.475034,
                        37.5925726
                    ],
                    [
                        -86.4753129,
                        37.5926035
                    ],
                    [
                        -86.4755871,
                        37.5925542
                    ],
                    [
                        -86.4759658,
                        37.5926042
                    ],
                    [
                        -86.4757499,
                        37.5928657
                    ],
                    [
                        -86.4756473,
                        37.5930095
                    ],
                    [
                        -86.4754422,
                        37.5930095
                    ],
                    [
                        -86.4752213,
                        37.5929345
                    ],
                    [
                        -86.4750478,
                        37.5928345
                    ],
                    [
                        -86.4749058,
                        37.5927032
                    ],
                    [
                        -86.4747165,
                        37.592647
                    ],
                    [
                        -86.4745272,
                        37.5926782
                    ],
                    [
                        -86.4739986,
                        37.5929095
                    ],
                    [
                        -86.4739276,
                        37.5930532
                    ],
                    [
                        -86.4737462,
                        37.593122
                    ],
                    [
                        -86.4735569,
                        37.593047
                    ],
                    [
                        -86.4733833,
                        37.5929532
                    ],
                    [
                        -86.473194,
                        37.5928845
                    ],
                    [
                        -86.4729968,
                        37.5929095
                    ],
                    [
                        -86.4726103,
                        37.5930595
                    ],
                    [
                        -86.4722553,
                        37.5933033
                    ],
                    [
                        -86.4721528,
                        37.5934345
                    ],
                    [
                        -86.4719555,
                        37.5934783
                    ],
                    [
                        -86.4717583,
                        37.5934095
                    ],
                    [
                        -86.4714191,
                        37.5932345
                    ],
                    [
                        -86.4710484,
                        37.5931033
                    ],
                    [
                        -86.4708354,
                        37.5930908
                    ],
                    [
                        -86.4704725,
                        37.5932345
                    ],
                    [
                        -86.4703305,
                        37.593347
                    ],
                    [
                        -86.4704252,
                        37.5934845
                    ],
                    [
                        -86.4704331,
                        37.5936408
                    ],
                    [
                        -86.4703148,
                        37.5937658
                    ],
                    [
                        -86.4701175,
                        37.5938158
                    ],
                    [
                        -86.4699124,
                        37.5937908
                    ],
                    [
                        -86.4697389,
                        37.5940658
                    ],
                    [
                        -86.469589,
                        37.5941658
                    ],
                    [
                        -86.4693918,
                        37.5942283
                    ],
                    [
                        -86.4685714,
                        37.5943033
                    ],
                    [
                        -86.4683663,
                        37.5943783
                    ],
                    [
                        -86.4680587,
                        37.5945846
                    ],
                    [
                        -86.4678772,
                        37.5946596
                    ],
                    [
                        -86.4676879,
                        37.5947034
                    ],
                    [
                        -86.4672541,
                        37.5947534
                    ],
                    [
                        -86.4671752,
                        37.5948909
                    ],
                    [
                        -86.4677905,
                        37.5949096
                    ],
                    [
                        -86.4679719,
                        37.5949409
                    ],
                    [
                        -86.4681533,
                        37.5950096
                    ],
                    [
                        -86.4683427,
                        37.5949721
                    ],
                    [
                        -86.4685241,
                        37.5949034
                    ],
                    [
                        -86.4688633,
                        37.5947159
                    ],
                    [
                        -86.4690684,
                        37.5946909
                    ],
                    [
                        -86.4692025,
                        37.5947971
                    ],
                    [
                        -86.4692814,
                        37.5949284
                    ],
                    [
                        -86.4693287,
                        37.5950721
                    ],
                    [
                        -86.4693287,
                        37.5952221
                    ],
                    [
                        -86.4692735,
                        37.5953721
                    ],
                    [
                        -86.4691473,
                        37.5960097
                    ],
                    [
                        -86.4689737,
                        37.5964659
                    ],
                    [
                        -86.4687686,
                        37.5967347
                    ],
                    [
                        -86.4687055,
                        37.5968784
                    ],
                    [
                        -86.4687371,
                        37.5970222
                    ],
                    [
                        -86.468887,
                        37.597316
                    ],
                    [
                        -86.4689895,
                        37.5974597
                    ],
                    [
                        -86.4690289,
                        37.5976097
                    ],
                    [
                        -86.4689737,
                        37.5977722
                    ],
                    [
                        -86.4684058,
                        37.5979722
                    ],
                    [
                        -86.4680902,
                        37.5981285
                    ],
                    [
                        -86.467893,
                        37.5981847
                    ],
                    [
                        -86.4677274,
                        37.5982722
                    ],
                    [
                        -86.4674118,
                        37.5984597
                    ],
                    [
                        -86.4672698,
                        37.5985847
                    ],
                    [
                        -86.4670411,
                        37.5988347
                    ],
                    [
                        -86.4665993,
                        37.5991535
                    ],
                    [
                        -86.46641,
                        37.5990847
                    ],
                    [
                        -86.4663074,
                        37.598941
                    ],
                    [
                        -86.4662759,
                        37.5986035
                    ],
                    [
                        -86.4661102,
                        37.5977597
                    ],
                    [
                        -86.4659604,
                        37.597641
                    ],
                    [
                        -86.4655423,
                        37.5983535
                    ],
                    [
                        -86.4654634,
                        37.5985035
                    ],
                    [
                        -86.4653608,
                        37.5988035
                    ],
                    [
                        -86.4651557,
                        37.5991597
                    ],
                    [
                        -86.4648165,
                        37.5996035
                    ],
                    [
                        -86.4647455,
                        37.5997597
                    ],
                    [
                        -86.4651242,
                        37.5998535
                    ],
                    [
                        -86.4651636,
                        37.5999972
                    ],
                    [
                        -86.4650453,
                        37.6001097
                    ],
                    [
                        -86.4648875,
                        37.6001972
                    ],
                    [
                        -86.4646903,
                        37.6002535
                    ],
                    [
                        -86.4639094,
                        37.600366
                    ],
                    [
                        -86.4634755,
                        37.6003785
                    ],
                    [
                        -86.4632783,
                        37.6003472
                    ],
                    [
                        -86.4631126,
                        37.6002472
                    ],
                    [
                        -86.4629864,
                        37.6001097
                    ],
                    [
                        -86.462805,
                        37.599791
                    ],
                    [
                        -86.4626393,
                        37.5996722
                    ],
                    [
                        -86.462095,
                        37.599466
                    ],
                    [
                        -86.4618663,
                        37.599416
                    ],
                    [
                        -86.4616927,
                        37.5994972
                    ],
                    [
                        -86.4620083,
                        37.599866
                    ],
                    [
                        -86.4621581,
                        37.5999597
                    ],
                    [
                        -86.4625368,
                        37.6003347
                    ],
                    [
                        -86.4627498,
                        37.6005972
                    ],
                    [
                        -86.4630416,
                        37.6010347
                    ],
                    [
                        -86.4631915,
                        37.6011472
                    ],
                    [
                        -86.4632073,
                        37.6013034
                    ],
                    [
                        -86.4631757,
                        37.6014597
                    ],
                    [
                        -86.4634518,
                        37.6016847
                    ],
                    [
                        -86.4634834,
                        37.6018409
                    ],
                    [
                        -86.4634834,
                        37.6019909
                    ],
                    [
                        -86.4633651,
                        37.6023034
                    ],
                    [
                        -86.4632783,
                        37.6024471
                    ],
                    [
                        -86.4631521,
                        37.6025596
                    ],
                    [
                        -86.4629549,
                        37.6025971
                    ],
                    [
                        -86.4627498,
                        37.6025596
                    ],
                    [
                        -86.4625841,
                        37.6024659
                    ],
                    [
                        -86.4622686,
                        37.6022534
                    ],
                    [
                        -86.4620793,
                        37.6021846
                    ],
                    [
                        -86.4614955,
                        37.6020722
                    ],
                    [
                        -86.4606357,
                        37.6020034
                    ],
                    [
                        -86.4604148,
                        37.6019409
                    ],
                    [
                        -86.4602649,
                        37.6018347
                    ],
                    [
                        -86.4595234,
                        37.6013222
                    ],
                    [
                        -86.4593972,
                        37.6011784
                    ],
                    [
                        -86.4593104,
                        37.6010097
                    ],
                    [
                        -86.4589476,
                        37.6004035
                    ],
                    [
                        -86.4584348,
                        37.5998472
                    ],
                    [
                        -86.4583244,
                        37.5996847
                    ],
                    [
                        -86.4582692,
                        37.5995222
                    ],
                    [
                        -86.4582139,
                        37.5991972
                    ],
                    [
                        -86.4580798,
                        37.5990722
                    ],
                    [
                        -86.4579063,
                        37.5991597
                    ],
                    [
                        -86.4577564,
                        37.5992597
                    ],
                    [
                        -86.4574803,
                        37.5994972
                    ],
                    [
                        -86.4573304,
                        37.5996035
                    ],
                    [
                        -86.457007,
                        37.5997972
                    ],
                    [
                        -86.4564864,
                        37.600041
                    ],
                    [
                        -86.4563207,
                        37.6001785
                    ],
                    [
                        -86.4561708,
                        37.6002722
                    ],
                    [
                        -86.4559657,
                        37.6003472
                    ],
                    [
                        -86.4557685,
                        37.6003472
                    ],
                    [
                        -86.4551217,
                        37.600216
                    ],
                    [
                        -86.4546957,
                        37.6001847
                    ],
                    [
                        -86.4542934,
                        37.6001097
                    ],
                    [
                        -86.4539148,
                        37.5999972
                    ],
                    [
                        -86.4537018,
                        37.5999722
                    ],
                    [
                        -86.4534967,
                        37.5999597
                    ],
                    [
                        -86.4531101,
                        37.5999972
                    ],
                    [
                        -86.4527078,
                        37.6000785
                    ],
                    [
                        -86.4535046,
                        37.6002097
                    ],
                    [
                        -86.454467,
                        37.6005285
                    ],
                    [
                        -86.4551769,
                        37.6009409
                    ],
                    [
                        -86.4553189,
                        37.6010534
                    ],
                    [
                        -86.4554924,
                        37.6011347
                    ],
                    [
                        -86.456021,
                        37.6010972
                    ],
                    [
                        -86.4563759,
                        37.6009284
                    ],
                    [
                        -86.4566994,
                        37.6007347
                    ],
                    [
                        -86.4570938,
                        37.6005722
                    ],
                    [
                        -86.4573068,
                        37.600541
                    ],
                    [
                        -86.4575198,
                        37.600541
                    ],
                    [
                        -86.4577249,
                        37.6005785
                    ],
                    [
                        -86.4578747,
                        37.6006659
                    ],
                    [
                        -86.4579931,
                        37.6007909
                    ],
                    [
                        -86.4584269,
                        37.6012909
                    ],
                    [
                        -86.4585926,
                        37.6015909
                    ],
                    [
                        -86.4586163,
                        37.6017472
                    ],
                    [
                        -86.458774,
                        37.6020284
                    ],
                    [
                        -86.4589239,
                        37.6021221
                    ],
                    [
                        -86.4593578,
                        37.6025284
                    ],
                    [
                        -86.4596575,
                        37.6027034
                    ],
                    [
                        -86.4598547,
                        37.6027409
                    ],
                    [
                        -86.4602492,
                        37.6027971
                    ],
                    [
                        -86.4604306,
                        37.6028534
                    ],
                    [
                        -86.4605568,
                        37.6029659
                    ],
                    [
                        -86.4607698,
                        37.6032221
                    ],
                    [
                        -86.4607935,
                        37.6033721
                    ],
                    [
                        -86.4606909,
                        37.6038158
                    ],
                    [
                        -86.4608092,
                        37.6039283
                    ],
                    [
                        -86.4609986,
                        37.6038846
                    ],
                    [
                        -86.4612431,
                        37.6036158
                    ],
                    [
                        -86.4614166,
                        37.6034971
                    ],
                    [
                        -86.461606,
                        37.6035033
                    ],
                    [
                        -86.4615271,
                        37.6036408
                    ],
                    [
                        -86.4615192,
                        37.6039595
                    ],
                    [
                        -86.4613456,
                        37.6044095
                    ],
                    [
                        -86.461322,
                        37.6047282
                    ],
                    [
                        -86.4612668,
                        37.604872
                    ],
                    [
                        -86.4611405,
                        37.6049907
                    ],
                    [
                        -86.4609591,
                        37.6050407
                    ],
                    [
                        -86.4607461,
                        37.6050595
                    ],
                    [
                        -86.45991,
                        37.6050782
                    ],
                    [
                        -86.4596891,
                        37.6051095
                    ],
                    [
                        -86.4592947,
                        37.6051407
                    ],
                    [
                        -86.4583086,
                        37.6053032
                    ],
                    [
                        -86.4577959,
                        37.6053094
                    ],
                    [
                        -86.457504,
                        37.6055282
                    ],
                    [
                        -86.4566915,
                        37.6060719
                    ],
                    [
                        -86.4563838,
                        37.6062718
                    ],
                    [
                        -86.4561787,
                        37.6063343
                    ],
                    [
                        -86.4557528,
                        37.6063406
                    ],
                    [
                        -86.4555161,
                        37.6063218
                    ],
                    [
                        -86.4550901,
                        37.6062469
                    ],
                    [
                        -86.4544985,
                        37.6060281
                    ],
                    [
                        -86.4541356,
                        37.6058344
                    ],
                    [
                        -86.4539463,
                        37.6057656
                    ],
                    [
                        -86.4537333,
                        37.6057594
                    ],
                    [
                        -86.4530628,
                        37.6058531
                    ],
                    [
                        -86.4526921,
                        37.6060344
                    ],
                    [
                        -86.4520689,
                        37.6066906
                    ],
                    [
                        -86.4517455,
                        37.606903
                    ],
                    [
                        -86.4515877,
                        37.6069843
                    ],
                    [
                        -86.4511854,
                        37.6071155
                    ],
                    [
                        -86.4509961,
                        37.6072342
                    ],
                    [
                        -86.4513747,
                        37.6073405
                    ],
                    [
                        -86.4515719,
                        37.6073405
                    ],
                    [
                        -86.4521714,
                        37.6072467
                    ],
                    [
                        -86.452345,
                        37.6071905
                    ],
                    [
                        -86.4525185,
                        37.6070905
                    ],
                    [
                        -86.4526684,
                        37.6069843
                    ],
                    [
                        -86.4535203,
                        37.6064781
                    ],
                    [
                        -86.4538832,
                        37.6063406
                    ],
                    [
                        -86.4540962,
                        37.6063406
                    ],
                    [
                        -86.4542697,
                        37.6063906
                    ],
                    [
                        -86.4545853,
                        37.6065281
                    ],
                    [
                        -86.4549718,
                        37.6065843
                    ],
                    [
                        -86.4555634,
                        37.6066093
                    ],
                    [
                        -86.4559894,
                        37.6065843
                    ],
                    [
                        -86.4564154,
                        37.6065406
                    ],
                    [
                        -86.4566205,
                        37.6064968
                    ],
                    [
                        -86.4572042,
                        37.6063281
                    ],
                    [
                        -86.457575,
                        37.6061969
                    ],
                    [
                        -86.4579773,
                        37.6061031
                    ],
                    [
                        -86.4588529,
                        37.6060156
                    ],
                    [
                        -86.4590264,
                        37.6060656
                    ],
                    [
                        -86.4591448,
                        37.6061906
                    ],
                    [
                        -86.4592237,
                        37.6064968
                    ],
                    [
                        -86.4592868,
                        37.6066468
                    ],
                    [
                        -86.4593893,
                        37.6067718
                    ],
                    [
                        -86.4595865,
                        37.606778
                    ],
                    [
                        -86.4596496,
                        37.6066281
                    ],
                    [
                        -86.4596733,
                        37.6064718
                    ],
                    [
                        -86.4597916,
                        37.6061406
                    ],
                    [
                        -86.4599178,
                        37.6060031
                    ],
                    [
                        -86.460257,
                        37.6058156
                    ],
                    [
                        -86.4606672,
                        37.6058219
                    ],
                    [
                        -86.4608566,
                        37.6058781
                    ],
                    [
                        -86.4610143,
                        37.6059656
                    ],
                    [
                        -86.4611958,
                        37.6060031
                    ],
                    [
                        -86.461393,
                        37.6059781
                    ],
                    [
                        -86.4615744,
                        37.6059156
                    ],
                    [
                        -86.4617716,
                        37.6059031
                    ],
                    [
                        -86.4622055,
                        37.6059594
                    ],
                    [
                        -86.4623948,
                        37.6060219
                    ],
                    [
                        -86.4625605,
                        37.6061219
                    ],
                    [
                        -86.4628997,
                        37.6064093
                    ],
                    [
                        -86.4631363,
                        37.6066843
                    ],
                    [
                        -86.4638226,
                        37.607228
                    ],
                    [
                        -86.4639961,
                        37.6072967
                    ],
                    [
                        -86.4641381,
                        37.607403
                    ],
                    [
                        -86.4643196,
                        37.6076779
                    ],
                    [
                        -86.4643117,
                        37.6078404
                    ],
                    [
                        -86.4642486,
                        37.6079842
                    ],
                    [
                        -86.4642643,
                        37.6081341
                    ],
                    [
                        -86.4648718,
                        37.6079404
                    ],
                    [
                        -86.4650847,
                        37.6079092
                    ],
                    [
                        -86.4654871,
                        37.6078717
                    ],
                    [
                        -86.465913,
                        37.6078717
                    ],
                    [
                        -86.4661102,
                        37.6079092
                    ],
                    [
                        -86.4662996,
                        37.6079654
                    ],
                    [
                        -86.4664968,
                        37.6079654
                    ],
                    [
                        -86.4670726,
                        37.6077717
                    ],
                    [
                        -86.4672777,
                        37.6077529
                    ],
                    [
                        -86.4674592,
                        37.6078217
                    ],
                    [
                        -86.467538,
                        37.6079592
                    ],
                    [
                        -86.4676879,
                        37.6080591
                    ],
                    [
                        -86.4677747,
                        37.6079154
                    ],
                    [
                        -86.4678062,
                        37.6077467
                    ],
                    [
                        -86.4683362,
                        37.6077316
                    ],
                    [
                        -86.4686991,
                        37.6078191
                    ],
                    [
                        -86.4690462,
                        37.6079691
                    ],
                    [
                        -86.4698035,
                        37.6079316
                    ],
                    [
                        -86.4701663,
                        37.6079941
                    ],
                    [
                        -86.4705134,
                        37.6081066
                    ],
                    [
                        -86.4708921,
                        37.6081565
                    ],
                    [
                        -86.4712865,
                        37.608269
                    ],
                    [
                        -86.4716809,
                        37.608419
                    ],
                    [
                        -86.4718544,
                        37.608694
                    ],
                    [
                        -86.4718702,
                        37.6089939
                    ],
                    [
                        -86.4718229,
                        37.6092939
                    ],
                    [
                        -86.4716967,
                        37.6095814
                    ],
                    [
                        -86.4714442,
                        37.6098438
                    ],
                    [
                        -86.4714916,
                        37.6101438
                    ],
                    [
                        -86.4718387,
                        37.6100313
                    ],
                    [
                        -86.4721858,
                        37.6098938
                    ],
                    [
                        -86.4733059,
                        37.6095314
                    ],
                    [
                        -86.4737003,
                        37.6094439
                    ],
                    [
                        -86.474079,
                        37.6094439
                    ],
                    [
                        -86.4744418,
                        37.6095314
                    ],
                    [
                        -86.4748047,
                        37.6095814
                    ],
                    [
                        -86.4752149,
                        37.6096064
                    ],
                    [
                        -86.4755935,
                        37.6097313
                    ],
                    [
                        -86.4759249,
                        37.6098813
                    ],
                    [
                        -86.4765086,
                        37.6102438
                    ],
                    [
                        -86.47679,
                        37.6104467
                    ]
                ],
                [
                    [
                        -86.4203752,
                        37.6337146
                    ],
                    [
                        -86.4203625,
                        37.6338495
                    ],
                    [
                        -86.4201732,
                        37.6339294
                    ],
                    [
                        -86.419782,
                        37.6339744
                    ],
                    [
                        -86.4193656,
                        37.6339144
                    ],
                    [
                        -86.4186147,
                        37.6335796
                    ],
                    [
                        -86.4184065,
                        37.6333498
                    ],
                    [
                        -86.4178133,
                        37.6331749
                    ],
                    [
                        -86.4186021,
                        37.6331849
                    ],
                    [
                        -86.4193719,
                        37.6332748
                    ],
                    [
                        -86.4199966,
                        37.6334097
                    ],
                    [
                        -86.4203752,
                        37.6337146
                    ]
                ],
                [
                    [
                        -86.4725424,
                        37.5965112
                    ],
                    [
                        -86.47258,
                        37.5964543
                    ],
                    [
                        -86.4727204,
                        37.5967146
                    ],
                    [
                        -86.4727717,
                        37.5969642
                    ],
                    [
                        -86.4726588,
                        37.5973032
                    ],
                    [
                        -86.4724842,
                        37.5975148
                    ],
                    [
                        -86.4722617,
                        37.5973955
                    ],
                    [
                        -86.4721898,
                        37.5972056
                    ],
                    [
                        -86.4722206,
                        37.5970266
                    ],
                    [
                        -86.4723746,
                        37.5968177
                    ],
                    [
                        -86.4725424,
                        37.5965112
                    ]
                ],
                [
                    [
                        -86.4182182,
                        37.5689677
                    ],
                    [
                        -86.4185083,
                        37.5689677
                    ],
                    [
                        -86.4189992,
                        37.5691269
                    ],
                    [
                        -86.4194454,
                        37.5693922
                    ],
                    [
                        -86.4198024,
                        37.5697105
                    ],
                    [
                        -86.4197354,
                        37.5701349
                    ],
                    [
                        -86.418843,
                        37.5706124
                    ],
                    [
                        -86.4187983,
                        37.5710368
                    ],
                    [
                        -86.418486,
                        37.5713728
                    ],
                    [
                        -86.4180174,
                        37.5716204
                    ],
                    [
                        -86.4175043,
                        37.5717796
                    ],
                    [
                        -86.4170357,
                        37.5720271
                    ],
                    [
                        -86.4167659,
                        37.5718798
                    ],
                    [
                        -86.4165134,
                        37.5716297
                    ],
                    [
                        -86.4163872,
                        37.5713296
                    ],
                    [
                        -86.4163714,
                        37.5710045
                    ],
                    [
                        -86.4164503,
                        37.5706919
                    ],
                    [
                        -86.4169236,
                        37.5697915
                    ],
                    [
                        -86.4171287,
                        37.5695039
                    ],
                    [
                        -86.4174443,
                        37.5692663
                    ],
                    [
                        -86.4178229,
                        37.5691538
                    ],
                    [
                        -86.4182182,
                        37.5689677
                    ]
                ],
                [
                    [
                        -86.479685,
                        37.6081073
                    ],
                    [
                        -86.479627,
                        37.608378
                    ],
                    [
                        -86.4795948,
                        37.6087764
                    ],
                    [
                        -86.4796334,
                        37.609042
                    ],
                    [
                        -86.4797817,
                        37.6094456
                    ],
                    [
                        -86.4799043,
                        37.6099563
                    ],
                    [
                        -86.4798656,
                        37.6100891
                    ],
                    [
                        -86.479756,
                        37.6101913
                    ],
                    [
                        -86.4796206,
                        37.6102679
                    ],
                    [
                        -86.4794851,
                        37.6103343
                    ],
                    [
                        -86.4793304,
                        37.6103548
                    ],
                    [
                        -86.4791628,
                        37.6103292
                    ],
                    [
                        -86.4790209,
                        37.6102628
                    ],
                    [
                        -86.4788855,
                        37.6101862
                    ],
                    [
                        -86.4785115,
                        37.6099053
                    ],
                    [
                        -86.4779828,
                        37.609563
                    ],
                    [
                        -86.4778797,
                        37.6094507
                    ],
                    [
                        -86.4772501,
                        37.6090939
                    ],
                    [
                        -86.4768715,
                        37.6089439
                    ],
                    [
                        -86.4764928,
                        37.6087565
                    ],
                    [
                        -86.4761931,
                        37.608544
                    ],
                    [
                        -86.4759249,
                        37.608294
                    ],
                    [
                        -86.4748836,
                        37.6077441
                    ],
                    [
                        -86.4738897,
                        37.6071442
                    ],
                    [
                        -86.4731955,
                        37.6068192
                    ],
                    [
                        -86.4724855,
                        37.6064067
                    ],
                    [
                        -86.471744,
                        37.6060818
                    ],
                    [
                        -86.4713654,
                        37.6059443
                    ],
                    [
                        -86.4709867,
                        37.6058193
                    ],
                    [
                        -86.4701348,
                        37.6057443
                    ],
                    [
                        -86.4697246,
                        37.6057318
                    ],
                    [
                        -86.4673803,
                        37.6049409
                    ],
                    [
                        -86.4671014,
                        37.6048967
                    ],
                    [
                        -86.4667667,
                        37.6048791
                    ],
                    [
                        -86.4664766,
                        37.6048879
                    ],
                    [
                        -86.4662981,
                        37.6050735
                    ],
                    [
                        -86.4662981,
                        37.6052945
                    ],
                    [
                        -86.4660973,
                        37.6054447
                    ],
                    [
                        -86.4657738,
                        37.6050028
                    ],
                    [
                        -86.4656176,
                        37.6043134
                    ],
                    [
                        -86.4655284,
                        37.6040836
                    ],
                    [
                        -86.4654057,
                        37.6038804
                    ],
                    [
                        -86.4652383,
                        37.6036771
                    ],
                    [
                        -86.4650598,
                        37.603465
                    ],
                    [
                        -86.4648256,
                        37.6032882
                    ],
                    [
                        -86.4646917,
                        37.6030761
                    ],
                    [
                        -86.4647475,
                        37.6028463
                    ],
                    [
                        -86.4649371,
                        37.6026518
                    ],
                    [
                        -86.4651937,
                        37.60259
                    ],
                    [
                        -86.4652718,
                        37.6027844
                    ],
                    [
                        -86.4654168,
                        37.6029789
                    ],
                    [
                        -86.4656176,
                        37.6031379
                    ],
                    [
                        -86.4659077,
                        37.6031291
                    ],
                    [
                        -86.4660081,
                        37.6029081
                    ],
                    [
                        -86.4660527,
                        37.6026783
                    ],
                    [
                        -86.4660415,
                        37.6024485
                    ],
                    [
                        -86.4658854,
                        37.6019713
                    ],
                    [
                        -86.4658742,
                        37.601715
                    ],
                    [
                        -86.4659411,
                        37.6014675
                    ],
                    [
                        -86.4661531,
                        37.6013349
                    ],
                    [
                        -86.4662981,
                        37.6011493
                    ],
                    [
                        -86.4664097,
                        37.6009283
                    ],
                    [
                        -86.4666105,
                        37.6007604
                    ],
                    [
                        -86.467079,
                        37.6004776
                    ],
                    [
                        -86.4673245,
                        37.6003627
                    ],
                    [
                        -86.4675699,
                        37.6002831
                    ],
                    [
                        -86.4678823,
                        37.6002124
                    ],
                    [
                        -86.4685628,
                        37.600124
                    ],
                    [
                        -86.4688751,
                        37.6001417
                    ],
                    [
                        -86.4690425,
                        37.6003185
                    ],
                    [
                        -86.4690313,
                        37.6009902
                    ],
                    [
                        -86.4689867,
                        37.6012112
                    ],
                    [
                        -86.4688863,
                        37.6014144
                    ],
                    [
                        -86.4686855,
                        37.6015824
                    ],
                    [
                        -86.4684512,
                        37.601715
                    ],
                    [
                        -86.4681946,
                        37.6023425
                    ],
                    [
                        -86.46815,
                        37.6025546
                    ],
                    [
                        -86.4681389,
                        37.6027756
                    ],
                    [
                        -86.4681723,
                        37.6029877
                    ],
                    [
                        -86.4683173,
                        37.603191
                    ],
                    [
                        -86.468295,
                        37.6034031
                    ],
                    [
                        -86.4683062,
                        37.6036329
                    ],
                    [
                        -86.4684178,
                        37.603845
                    ],
                    [
                        -86.4686966,
                        37.6038627
                    ],
                    [
                        -86.4687524,
                        37.6036329
                    ],
                    [
                        -86.4686743,
                        37.6029258
                    ],
                    [
                        -86.4686743,
                        37.6026872
                    ],
                    [
                        -86.4687859,
                        37.6024574
                    ],
                    [
                        -86.4691875,
                        37.6021304
                    ],
                    [
                        -86.4694218,
                        37.6019889
                    ],
                    [
                        -86.4696895,
                        37.6019536
                    ],
                    [
                        -86.4699238,
                        37.6020508
                    ],
                    [
                        -86.4701804,
                        37.6019801
                    ],
                    [
                        -86.4705039,
                        37.6019359
                    ],
                    [
                        -86.4707828,
                        37.6019359
                    ],
                    [
                        -86.4713629,
                        37.6019801
                    ],
                    [
                        -86.4718872,
                        37.6020862
                    ],
                    [
                        -86.4724227,
                        37.6022364
                    ],
                    [
                        -86.4730028,
                        37.6023336
                    ],
                    [
                        -86.4736052,
                        37.602316
                    ],
                    [
                        -86.4739176,
                        37.6023336
                    ],
                    [
                        -86.4741853,
                        37.6024044
                    ],
                    [
                        -86.4741742,
                        37.6026253
                    ],
                    [
                        -86.4740403,
                        37.6030584
                    ],
                    [
                        -86.4738953,
                        37.6032352
                    ],
                    [
                        -86.4736833,
                        37.6034119
                    ],
                    [
                        -86.4735606,
                        37.6036064
                    ],
                    [
                        -86.4738284,
                        37.6036152
                    ],
                    [
                        -86.4741073,
                        37.6035357
                    ],
                    [
                        -86.4744308,
                        37.6034915
                    ],
                    [
                        -86.4747097,
                        37.6035533
                    ],
                    [
                        -86.4749328,
                        37.6036859
                    ],
                    [
                        -86.4751001,
                        37.6038804
                    ],
                    [
                        -86.4753567,
                        37.6043223
                    ],
                    [
                        -86.4754906,
                        37.604499
                    ],
                    [
                        -86.4759034,
                        37.6047995
                    ],
                    [
                        -86.476238,
                        37.6051354
                    ],
                    [
                        -86.4771193,
                        37.605595
                    ],
                    [
                        -86.4773871,
                        37.605701
                    ],
                    [
                        -86.4776548,
                        37.6056391
                    ],
                    [
                        -86.4786812,
                        37.6050558
                    ],
                    [
                        -86.4789601,
                        37.6049409
                    ],
                    [
                        -86.4792278,
                        37.6048879
                    ],
                    [
                        -86.4794955,
                        37.6048879
                    ],
                    [
                        -86.4797856,
                        37.604826
                    ],
                    [
                        -86.4800645,
                        37.6047377
                    ],
                    [
                        -86.4808008,
                        37.6043399
                    ],
                    [
                        -86.4812805,
                        37.6040483
                    ],
                    [
                        -86.4815036,
                        37.6038715
                    ],
                    [
                        -86.4817267,
                        37.6037301
                    ],
                    [
                        -86.4822176,
                        37.6034561
                    ],
                    [
                        -86.4823068,
                        37.6036506
                    ],
                    [
                        -86.482173,
                        37.6038362
                    ],
                    [
                        -86.4818271,
                        37.6042074
                    ],
                    [
                        -86.4808566,
                        37.6054094
                    ],
                    [
                        -86.4804326,
                        37.6062048
                    ],
                    [
                        -86.4802541,
                        37.6063992
                    ],
                    [
                        -86.4801203,
                        37.6066025
                    ],
                    [
                        -86.4799195,
                        37.6070002
                    ],
                    [
                        -86.479685,
                        37.6081073
                    ]
                ],
                [
                    [
                        -86.4792822,
                        37.5895016
                    ],
                    [
                        -86.4794715,
                        37.5893828
                    ],
                    [
                        -86.4796766,
                        37.5893703
                    ],
                    [
                        -86.4798344,
                        37.5894641
                    ],
                    [
                        -86.4798975,
                        37.5896079
                    ],
                    [
                        -86.4798817,
                        37.5897579
                    ],
                    [
                        -86.4797397,
                        37.5900517
                    ],
                    [
                        -86.4795346,
                        37.5903392
                    ],
                    [
                        -86.4793848,
                        37.5906142
                    ],
                    [
                        -86.4792743,
                        37.5907392
                    ],
                    [
                        -86.4791087,
                        37.5908518
                    ],
                    [
                        -86.4789194,
                        37.5907955
                    ],
                    [
                        -86.4787537,
                        37.5906955
                    ],
                    [
                        -86.4785959,
                        37.5905642
                    ],
                    [
                        -86.4784934,
                        37.5904205
                    ],
                    [
                        -86.4785249,
                        37.5902579
                    ],
                    [
                        -86.4786038,
                        37.5901142
                    ],
                    [
                        -86.4787143,
                        37.5899829
                    ],
                    [
                        -86.4789588,
                        37.5897141
                    ],
                    [
                        -86.4792822,
                        37.5895016
                    ]
                ]
            ]
        }
    }
]