[
    {
        "type": "Feature",
        "id": "relation/5404256",
        "properties": {
            "@id": "relation/5404256",
            "ele": "242",
            "gnis:feature_id": "442870",
            "name": "Salamonie Lake",
            "name:mia": "oonsaalamooni nipihsi",
            "natural": "water",
            "type": "multipolygon",
            "water": "reservoir",
            "wikidata": "Q34907679",
            "@timestamp": "2024-05-24T10:02:55Z",
            "@version": 5,
            "@changeset": 151760699,
            "@user": "Mateusz Konieczny - bot account",
            "@uid": 3199858,
            "@osm3s:version": 0.6,
            "@osm3s:generator": "Overpass API 0.7.62.5 1bd436f1",
            "@osm3s:timestamp_osm_base": "2025-02-16T09:44:32Z",
            "@osm3s:copyright": "The data included in this document is from www.openstreetmap.org. The data is made available under ODbL."
        },
        "geometry": {
            "type": "Polygon",
            "coordinates": [
                [
                    [
                        -85.60205,
                        40.7717986
                    ],
                    [
                        -85.6021788,
                        40.7716454
                    ],
                    [
                        -85.6023934,
                        40.7715339
                    ],
                    [
                        -85.6024363,
                        40.7711764
                    ],
                    [
                        -85.6026509,
                        40.7707864
                    ],
                    [
                        -85.6032088,
                        40.7705263
                    ],
                    [
                        -85.6037667,
                        40.7702338
                    ],
                    [
                        -85.6044962,
                        40.7699413
                    ],
                    [
                        -85.6046679,
                        40.7697788
                    ],
                    [
                        -85.6038525,
                        40.7699738
                    ],
                    [
                        -85.6029942,
                        40.7702338
                    ],
                    [
                        -85.6021513,
                        40.7705751
                    ],
                    [
                        -85.6020317,
                        40.7707888
                    ],
                    [
                        -85.6018999,
                        40.7711114
                    ],
                    [
                        -85.6017068,
                        40.7711253
                    ],
                    [
                        -85.6014064,
                        40.7706495
                    ],
                    [
                        -85.6015351,
                        40.7701526
                    ],
                    [
                        -85.6013666,
                        40.7696094
                    ],
                    [
                        -85.6012347,
                        40.7698113
                    ],
                    [
                        -85.6012745,
                        40.7699784
                    ],
                    [
                        -85.6011274,
                        40.7700713
                    ],
                    [
                        -85.6004868,
                        40.7697255
                    ],
                    [
                        -85.5999901,
                        40.7695838
                    ],
                    [
                        -85.5996437,
                        40.7694584
                    ],
                    [
                        -85.5995181,
                        40.7690638
                    ],
                    [
                        -85.5993893,
                        40.7686088
                    ],
                    [
                        -85.5997326,
                        40.7679262
                    ],
                    [
                        -85.5996468,
                        40.7675037
                    ],
                    [
                        -85.5994751,
                        40.7667561
                    ],
                    [
                        -85.5994751,
                        40.7662036
                    ],
                    [
                        -85.5992177,
                        40.7656835
                    ],
                    [
                        -85.5986168,
                        40.7651309
                    ],
                    [
                        -85.5981019,
                        40.7647734
                    ],
                    [
                        -85.5977156,
                        40.7644809
                    ],
                    [
                        -85.5976298,
                        40.7642858
                    ],
                    [
                        -85.5977156,
                        40.7641883
                    ],
                    [
                        -85.5972435,
                        40.7641883
                    ],
                    [
                        -85.5967715,
                        40.7638958
                    ],
                    [
                        -85.5963852,
                        40.7636358
                    ],
                    [
                        -85.5960419,
                        40.7633757
                    ],
                    [
                        -85.5959561,
                        40.7630507
                    ],
                    [
                        -85.5961707,
                        40.7627906
                    ],
                    [
                        -85.5964282,
                        40.7624656
                    ],
                    [
                        -85.5971148,
                        40.7623681
                    ],
                    [
                        -85.5976727,
                        40.7624006
                    ],
                    [
                        -85.5968144,
                        40.762238
                    ],
                    [
                        -85.5966856,
                        40.7615879
                    ],
                    [
                        -85.5964282,
                        40.7609703
                    ],
                    [
                        -85.5970719,
                        40.7603202
                    ],
                    [
                        -85.5975869,
                        40.7597676
                    ],
                    [
                        -85.5976298,
                        40.7591825
                    ],
                    [
                        -85.5979731,
                        40.7585974
                    ],
                    [
                        -85.5979302,
                        40.7581423
                    ],
                    [
                        -85.5972865,
                        40.7576547
                    ],
                    [
                        -85.5966427,
                        40.7574596
                    ],
                    [
                        -85.5962136,
                        40.7572971
                    ],
                    [
                        -85.5958273,
                        40.757037
                    ],
                    [
                        -85.5959561,
                        40.7564519
                    ],
                    [
                        -85.5959561,
                        40.7559642
                    ],
                    [
                        -85.5954411,
                        40.7557042
                    ],
                    [
                        -85.5947545,
                        40.7555741
                    ],
                    [
                        -85.5943682,
                        40.7554116
                    ],
                    [
                        -85.5946686,
                        40.7549565
                    ],
                    [
                        -85.5953553,
                        40.7545989
                    ],
                    [
                        -85.5961277,
                        40.7543388
                    ],
                    [
                        -85.5956557,
                        40.7541438
                    ],
                    [
                        -85.595484,
                        40.7539812
                    ],
                    [
                        -85.594969,
                        40.7541763
                    ],
                    [
                        -85.5945828,
                        40.7543713
                    ],
                    [
                        -85.5941536,
                        40.7548915
                    ],
                    [
                        -85.5936816,
                        40.7554766
                    ],
                    [
                        -85.593467,
                        40.7558017
                    ],
                    [
                        -85.5928662,
                        40.7557367
                    ],
                    [
                        -85.5920937,
                        40.7554766
                    ],
                    [
                        -85.5917075,
                        40.7552166
                    ],
                    [
                        -85.5912354,
                        40.7552166
                    ],
                    [
                        -85.590935,
                        40.7552816
                    ],
                    [
                        -85.5902054,
                        40.7550865
                    ],
                    [
                        -85.5894759,
                        40.7549565
                    ],
                    [
                        -85.5883601,
                        40.7547614
                    ],
                    [
                        -85.5878022,
                        40.7547289
                    ],
                    [
                        -85.5876734,
                        40.7545664
                    ],
                    [
                        -85.5880597,
                        40.7541113
                    ],
                    [
                        -85.5886176,
                        40.7537211
                    ],
                    [
                        -85.5892184,
                        40.7533635
                    ],
                    [
                        -85.5891755,
                        40.7531035
                    ],
                    [
                        -85.5891755,
                        40.7527784
                    ],
                    [
                        -85.589433,
                        40.7521282
                    ],
                    [
                        -85.5896475,
                        40.751673
                    ],
                    [
                        -85.5890896,
                        40.7521932
                    ],
                    [
                        -85.5888751,
                        40.7529084
                    ],
                    [
                        -85.5886176,
                        40.753331
                    ],
                    [
                        -85.5877163,
                        40.7536236
                    ],
                    [
                        -85.5871584,
                        40.7540462
                    ],
                    [
                        -85.586386,
                        40.7544038
                    ],
                    [
                        -85.5853989,
                        40.7539162
                    ],
                    [
                        -85.5846693,
                        40.7532335
                    ],
                    [
                        -85.5842402,
                        40.7530059
                    ],
                    [
                        -85.5835965,
                        40.7525508
                    ],
                    [
                        -85.5831244,
                        40.7523232
                    ],
                    [
                        -85.5827811,
                        40.7521607
                    ],
                    [
                        -85.5822232,
                        40.7519331
                    ],
                    [
                        -85.5820392,
                        40.7515825
                    ],
                    [
                        -85.5816592,
                        40.751189
                    ],
                    [
                        -85.5813772,
                        40.7511343
                    ],
                    [
                        -85.5810645,
                        40.7505677
                    ],
                    [
                        -85.5803778,
                        40.7497224
                    ],
                    [
                        -85.5798628,
                        40.7489421
                    ],
                    [
                        -85.5795499,
                        40.7485993
                    ],
                    [
                        -85.5784387,
                        40.7477552
                    ],
                    [
                        -85.5775486,
                        40.7471754
                    ],
                    [
                        -85.5770595,
                        40.74699
                    ],
                    [
                        -85.5764502,
                        40.7464473
                    ],
                    [
                        -85.5761892,
                        40.7460166
                    ],
                    [
                        -85.5764296,
                        40.7456258
                    ],
                    [
                        -85.5769446,
                        40.7452031
                    ],
                    [
                        -85.5773737,
                        40.744748
                    ],
                    [
                        -85.5771637,
                        40.744596
                    ],
                    [
                        -85.5776024,
                        40.744245
                    ],
                    [
                        -85.5776266,
                        40.7440642
                    ],
                    [
                        -85.5774879,
                        40.7439865
                    ],
                    [
                        -85.5773625,
                        40.7440547
                    ],
                    [
                        -85.5770677,
                        40.7439789
                    ],
                    [
                        -85.5770747,
                        40.7441204
                    ],
                    [
                        -85.5768717,
                        40.7443169
                    ],
                    [
                        -85.5767608,
                        40.7445923
                    ],
                    [
                        -85.5764633,
                        40.7446829
                    ],
                    [
                        -85.5763224,
                        40.7448517
                    ],
                    [
                        -85.5761554,
                        40.7448492
                    ],
                    [
                        -85.576306,
                        40.7450596
                    ],
                    [
                        -85.5761132,
                        40.7451813
                    ],
                    [
                        -85.5757979,
                        40.7451521
                    ],
                    [
                        -85.5757306,
                        40.7455238
                    ],
                    [
                        -85.5754701,
                        40.7458164
                    ],
                    [
                        -85.5752872,
                        40.7462529
                    ],
                    [
                        -85.5753078,
                        40.7466376
                    ],
                    [
                        -85.574509,
                        40.7467713
                    ],
                    [
                        -85.5741122,
                        40.7467963
                    ],
                    [
                        -85.5739834,
                        40.7470889
                    ],
                    [
                        -85.5740693,
                        40.7476741
                    ],
                    [
                        -85.5741122,
                        40.7480968
                    ],
                    [
                        -85.5738976,
                        40.7481943
                    ],
                    [
                        -85.5725672,
                        40.7480643
                    ],
                    [
                        -85.5724814,
                        40.7476741
                    ],
                    [
                        -85.5725672,
                        40.7471539
                    ],
                    [
                        -85.5726101,
                        40.7467638
                    ],
                    [
                        -85.5723526,
                        40.7466337
                    ],
                    [
                        -85.5720093,
                        40.7465362
                    ],
                    [
                        -85.5717947,
                        40.7463411
                    ],
                    [
                        -85.5717089,
                        40.7457884
                    ],
                    [
                        -85.5717947,
                        40.7450081
                    ],
                    [
                        -85.5718377,
                        40.7442602
                    ],
                    [
                        -85.5714514,
                        40.7437725
                    ],
                    [
                        -85.5709794,
                        40.7435449
                    ],
                    [
                        -85.5702927,
                        40.7433173
                    ],
                    [
                        -85.5696061,
                        40.7432848
                    ],
                    [
                        -85.5685332,
                        40.7433824
                    ],
                    [
                        -85.5675461,
                        40.74361
                    ],
                    [
                        -85.5667307,
                        40.74374
                    ],
                    [
                        -85.5667737,
                        40.7431548
                    ],
                    [
                        -85.5669024,
                        40.742667
                    ],
                    [
                        -85.5663445,
                        40.7429272
                    ],
                    [
                        -85.5662158,
                        40.7433499
                    ],
                    [
                        -85.566087,
                        40.7439676
                    ],
                    [
                        -85.5659153,
                        40.7443903
                    ],
                    [
                        -85.5651429,
                        40.7448455
                    ],
                    [
                        -85.5643704,
                        40.7451706
                    ],
                    [
                        -85.5638983,
                        40.7454307
                    ],
                    [
                        -85.5636408,
                        40.7455283
                    ],
                    [
                        -85.5623534,
                        40.7459835
                    ],
                    [
                        -85.5614951,
                        40.7464061
                    ],
                    [
                        -85.5604651,
                        40.7466988
                    ],
                    [
                        -85.5591776,
                        40.7469914
                    ],
                    [
                        -85.558491,
                        40.7471539
                    ],
                    [
                        -85.5577696,
                        40.7469447
                    ],
                    [
                        -85.5573428,
                        40.7463834
                    ],
                    [
                        -85.5568399,
                        40.7456706
                    ],
                    [
                        -85.5562067,
                        40.7452173
                    ],
                    [
                        -85.5551436,
                        40.744878
                    ],
                    [
                        -85.5542424,
                        40.7447805
                    ],
                    [
                        -85.5535557,
                        40.7449105
                    ],
                    [
                        -85.5528691,
                        40.744813
                    ],
                    [
                        -85.5523541,
                        40.7445854
                    ],
                    [
                        -85.5519249,
                        40.7445529
                    ],
                    [
                        -85.5515387,
                        40.7447154
                    ],
                    [
                        -85.5510237,
                        40.7449756
                    ],
                    [
                        -85.5508091,
                        40.7453657
                    ],
                    [
                        -85.5505946,
                        40.7456258
                    ],
                    [
                        -85.5502083,
                        40.746016
                    ],
                    [
                        -85.549865,
                        40.7463411
                    ],
                    [
                        -85.5494788,
                        40.7465037
                    ],
                    [
                        -85.5490925,
                        40.7461785
                    ],
                    [
                        -85.5485346,
                        40.7456908
                    ],
                    [
                        -85.5480196,
                        40.7450081
                    ],
                    [
                        -85.5477192,
                        40.7443903
                    ],
                    [
                        -85.5471184,
                        40.7439676
                    ],
                    [
                        -85.5464318,
                        40.7435775
                    ],
                    [
                        -85.5455306,
                        40.7431873
                    ],
                    [
                        -85.5449727,
                        40.7427971
                    ],
                    [
                        -85.5446722,
                        40.7422118
                    ],
                    [
                        -85.5445006,
                        40.7415941
                    ],
                    [
                        -85.5451443,
                        40.7409763
                    ],
                    [
                        -85.5454876,
                        40.7405536
                    ],
                    [
                        -85.5454018,
                        40.7400983
                    ],
                    [
                        -85.5448476,
                        40.7401245
                    ],
                    [
                        -85.5447152,
                        40.7401308
                    ],
                    [
                        -85.5445864,
                        40.740521
                    ],
                    [
                        -85.5443289,
                        40.7410738
                    ],
                    [
                        -85.5440285,
                        40.7411714
                    ],
                    [
                        -85.543771,
                        40.7407161
                    ],
                    [
                        -85.5435994,
                        40.740456
                    ],
                    [
                        -85.5426123,
                        40.7402284
                    ],
                    [
                        -85.5414536,
                        40.740456
                    ],
                    [
                        -85.5409815,
                        40.7407161
                    ],
                    [
                        -85.5405095,
                        40.741399
                    ],
                    [
                        -85.540252,
                        40.7414315
                    ],
                    [
                        -85.5395653,
                        40.7412039
                    ],
                    [
                        -85.5390933,
                        40.7411388
                    ],
                    [
                        -85.5389216,
                        40.7414315
                    ],
                    [
                        -85.5383208,
                        40.741529
                    ],
                    [
                        -85.5372908,
                        40.7415941
                    ],
                    [
                        -85.5360033,
                        40.7415941
                    ],
                    [
                        -85.5343297,
                        40.7417241
                    ],
                    [
                        -85.5329564,
                        40.7421468
                    ],
                    [
                        -85.5323126,
                        40.7424069
                    ],
                    [
                        -85.5317118,
                        40.7428296
                    ],
                    [
                        -85.5312397,
                        40.7435124
                    ],
                    [
                        -85.5312827,
                        40.7441302
                    ],
                    [
                        -85.5315402,
                        40.7445204
                    ],
                    [
                        -85.5320122,
                        40.7449756
                    ],
                    [
                        -85.5324843,
                        40.7452682
                    ],
                    [
                        -85.5332139,
                        40.7456908
                    ],
                    [
                        -85.5336859,
                        40.7459184
                    ],
                    [
                        -85.5342009,
                        40.746016
                    ],
                    [
                        -85.5348446,
                        40.745951
                    ],
                    [
                        -85.5352738,
                        40.7459835
                    ],
                    [
                        -85.5358317,
                        40.7458209
                    ],
                    [
                        -85.5363038,
                        40.7456908
                    ],
                    [
                        -85.5370762,
                        40.7453332
                    ],
                    [
                        -85.537205,
                        40.744943
                    ],
                    [
                        -85.5369475,
                        40.7444553
                    ],
                    [
                        -85.5367329,
                        40.7440327
                    ],
                    [
                        -85.536175,
                        40.7435775
                    ],
                    [
                        -85.5363896,
                        40.7431873
                    ],
                    [
                        -85.5370762,
                        40.7429922
                    ],
                    [
                        -85.5376341,
                        40.7431223
                    ],
                    [
                        -85.5380633,
                        40.7434474
                    ],
                    [
                        -85.5387499,
                        40.7433824
                    ],
                    [
                        -85.5395653,
                        40.7437075
                    ],
                    [
                        -85.5404665,
                        40.7440001
                    ],
                    [
                        -85.5411961,
                        40.7442928
                    ],
                    [
                        -85.5414107,
                        40.744878
                    ],
                    [
                        -85.5418828,
                        40.7456583
                    ],
                    [
                        -85.5422261,
                        40.7463736
                    ],
                    [
                        -85.5419686,
                        40.7472515
                    ],
                    [
                        -85.5411103,
                        40.7479667
                    ],
                    [
                        -85.5408528,
                        40.7486495
                    ],
                    [
                        -85.5405095,
                        40.7494298
                    ],
                    [
                        -85.5405095,
                        40.7498849
                    ],
                    [
                        -85.540724,
                        40.7505351
                    ],
                    [
                        -85.5410244,
                        40.7510878
                    ],
                    [
                        -85.5413678,
                        40.7515105
                    ],
                    [
                        -85.5418398,
                        40.7518681
                    ],
                    [
                        -85.5423977,
                        40.7522257
                    ],
                    [
                        -85.5433848,
                        40.7525183
                    ],
                    [
                        -85.544286,
                        40.7525508
                    ],
                    [
                        -85.5451014,
                        40.7522257
                    ],
                    [
                        -85.5460885,
                        40.7519006
                    ],
                    [
                        -85.5466893,
                        40.751738
                    ],
                    [
                        -85.5475905,
                        40.7515755
                    ],
                    [
                        -85.5483201,
                        40.7511529
                    ],
                    [
                        -85.5490496,
                        40.7505677
                    ],
                    [
                        -85.5493929,
                        40.7499174
                    ],
                    [
                        -85.5497363,
                        40.7492022
                    ],
                    [
                        -85.5499079,
                        40.748747
                    ],
                    [
                        -85.5503371,
                        40.7480968
                    ],
                    [
                        -85.5509379,
                        40.7479017
                    ],
                    [
                        -85.5518391,
                        40.7476741
                    ],
                    [
                        -85.5526545,
                        40.7477717
                    ],
                    [
                        -85.553427,
                        40.7481943
                    ],
                    [
                        -85.553899,
                        40.748552
                    ],
                    [
                        -85.5545428,
                        40.7490396
                    ],
                    [
                        -85.5553153,
                        40.7492997
                    ],
                    [
                        -85.5565169,
                        40.7492997
                    ],
                    [
                        -85.5576327,
                        40.7492347
                    ],
                    [
                        -85.5584481,
                        40.7491372
                    ],
                    [
                        -85.5591347,
                        40.7491047
                    ],
                    [
                        -85.5597355,
                        40.7491047
                    ],
                    [
                        -85.5606586,
                        40.7488954
                    ],
                    [
                        -85.5617129,
                        40.7484133
                    ],
                    [
                        -85.5619704,
                        40.7479269
                    ],
                    [
                        -85.5623105,
                        40.7476091
                    ],
                    [
                        -85.5628254,
                        40.7470564
                    ],
                    [
                        -85.5636837,
                        40.7466662
                    ],
                    [
                        -85.5646708,
                        40.7464712
                    ],
                    [
                        -85.5653574,
                        40.7462761
                    ],
                    [
                        -85.5663445,
                        40.7462111
                    ],
                    [
                        -85.5672457,
                        40.7463736
                    ],
                    [
                        -85.5679753,
                        40.7469589
                    ],
                    [
                        -85.5683233,
                        40.7476542
                    ],
                    [
                        -85.5683663,
                        40.7481093
                    ],
                    [
                        -85.5687525,
                        40.7486946
                    ],
                    [
                        -85.5694821,
                        40.7490847
                    ],
                    [
                        -85.5702545,
                        40.7493448
                    ],
                    [
                        -85.5708983,
                        40.7494748
                    ],
                    [
                        -85.5716278,
                        40.7495399
                    ],
                    [
                        -85.5722286,
                        40.7495073
                    ],
                    [
                        -85.5726578,
                        40.7492798
                    ],
                    [
                        -85.5736878,
                        40.7491822
                    ],
                    [
                        -85.5738594,
                        40.7492473
                    ],
                    [
                        -85.5746319,
                        40.7496699
                    ],
                    [
                        -85.5753615,
                        40.7500275
                    ],
                    [
                        -85.5758764,
                        40.7503526
                    ],
                    [
                        -85.5765631,
                        40.7508728
                    ],
                    [
                        -85.5770781,
                        40.7512629
                    ],
                    [
                        -85.5775931,
                        40.7516531
                    ],
                    [
                        -85.5783226,
                        40.7522708
                    ],
                    [
                        -85.5786659,
                        40.7526609
                    ],
                    [
                        -85.5790951,
                        40.7531485
                    ],
                    [
                        -85.5790951,
                        40.7538312
                    ],
                    [
                        -85.5793097,
                        40.7542864
                    ],
                    [
                        -85.5797817,
                        40.754839
                    ],
                    [
                        -85.5801251,
                        40.7553266
                    ],
                    [
                        -85.5799963,
                        40.7556192
                    ],
                    [
                        -85.5799534,
                        40.7559118
                    ],
                    [
                        -85.5803826,
                        40.7563669
                    ],
                    [
                        -85.58064,
                        40.756822
                    ],
                    [
                        -85.5811121,
                        40.7570496
                    ],
                    [
                        -85.5820133,
                        40.7571796
                    ],
                    [
                        -85.5829146,
                        40.7571471
                    ],
                    [
                        -85.5835583,
                        40.7570496
                    ],
                    [
                        -85.5845024,
                        40.7569195
                    ],
                    [
                        -85.585232,
                        40.7570821
                    ],
                    [
                        -85.5860474,
                        40.7575047
                    ],
                    [
                        -85.5863478,
                        40.7576997
                    ],
                    [
                        -85.5863478,
                        40.7579923
                    ],
                    [
                        -85.5870773,
                        40.7584149
                    ],
                    [
                        -85.5875923,
                        40.758805
                    ],
                    [
                        -85.5881931,
                        40.759
                    ],
                    [
                        -85.5889656,
                        40.7594226
                    ],
                    [
                        -85.5896523,
                        40.7598127
                    ],
                    [
                        -85.5905106,
                        40.7602678
                    ],
                    [
                        -85.5909397,
                        40.7606578
                    ],
                    [
                        -85.5908968,
                        40.7612104
                    ],
                    [
                        -85.5910256,
                        40.7618605
                    ],
                    [
                        -85.5911543,
                        40.7622181
                    ],
                    [
                        -85.5915405,
                        40.7626732
                    ],
                    [
                        -85.5919268,
                        40.7629982
                    ],
                    [
                        -85.592313,
                        40.7636483
                    ],
                    [
                        -85.5925276,
                        40.7643959
                    ],
                    [
                        -85.5923989,
                        40.765306
                    ],
                    [
                        -85.5921414,
                        40.7660861
                    ],
                    [
                        -85.5916264,
                        40.7667687
                    ],
                    [
                        -85.5911114,
                        40.7672562
                    ],
                    [
                        -85.5910685,
                        40.7677112
                    ],
                    [
                        -85.5911114,
                        40.7683938
                    ],
                    [
                        -85.5910256,
                        40.7688813
                    ],
                    [
                        -85.5909397,
                        40.7695314
                    ],
                    [
                        -85.5905535,
                        40.7701489
                    ],
                    [
                        -85.5899098,
                        40.7703439
                    ],
                    [
                        -85.5895664,
                        40.7701489
                    ],
                    [
                        -85.5891373,
                        40.7699539
                    ],
                    [
                        -85.5881931,
                        40.7696289
                    ],
                    [
                        -85.5875923,
                        40.7692713
                    ],
                    [
                        -85.5869486,
                        40.7689788
                    ],
                    [
                        -85.5865624,
                        40.7687188
                    ],
                    [
                        -85.5863907,
                        40.7684913
                    ],
                    [
                        -85.5863478,
                        40.7682313
                    ],
                    [
                        -85.5861332,
                        40.7679713
                    ],
                    [
                        -85.585747,
                        40.7677112
                    ],
                    [
                        -85.585232,
                        40.7678738
                    ],
                    [
                        -85.5851891,
                        40.7682313
                    ],
                    [
                        -85.5855324,
                        40.7683938
                    ],
                    [
                        -85.585747,
                        40.7687188
                    ],
                    [
                        -85.5860903,
                        40.7692063
                    ],
                    [
                        -85.5866053,
                        40.7696289
                    ],
                    [
                        -85.5870773,
                        40.7698239
                    ],
                    [
                        -85.5871203,
                        40.7701489
                    ],
                    [
                        -85.5866482,
                        40.7701489
                    ],
                    [
                        -85.5859616,
                        40.7700189
                    ],
                    [
                        -85.5854037,
                        40.7705064
                    ],
                    [
                        -85.5853178,
                        40.7708639
                    ],
                    [
                        -85.585747,
                        40.7714814
                    ],
                    [
                        -85.5856182,
                        40.7722289
                    ],
                    [
                        -85.5853607,
                        40.7728464
                    ],
                    [
                        -85.5850174,
                        40.7729114
                    ],
                    [
                        -85.5844166,
                        40.7727489
                    ],
                    [
                        -85.5839874,
                        40.7723264
                    ],
                    [
                        -85.5836441,
                        40.7724564
                    ],
                    [
                        -85.5833437,
                        40.7728789
                    ],
                    [
                        -85.5828716,
                        40.7731714
                    ],
                    [
                        -85.5824854,
                        40.7731714
                    ],
                    [
                        -85.5820563,
                        40.7731714
                    ],
                    [
                        -85.5815842,
                        40.7730089
                    ],
                    [
                        -85.5810692,
                        40.7729764
                    ],
                    [
                        -85.5805113,
                        40.7731064
                    ],
                    [
                        -85.5799105,
                        40.7733664
                    ],
                    [
                        -85.5793955,
                        40.7734964
                    ],
                    [
                        -85.5786659,
                        40.7734314
                    ],
                    [
                        -85.578151,
                        40.7732039
                    ],
                    [
                        -85.5775931,
                        40.7726514
                    ],
                    [
                        -85.5772927,
                        40.7722939
                    ],
                    [
                        -85.5768206,
                        40.7720339
                    ],
                    [
                        -85.5762627,
                        40.7719689
                    ],
                    [
                        -85.5756619,
                        40.7721314
                    ],
                    [
                        -85.5747177,
                        40.7719689
                    ],
                    [
                        -85.574074,
                        40.7722289
                    ],
                    [
                        -85.5736019,
                        40.7723264
                    ],
                    [
                        -85.5732586,
                        40.7722289
                    ],
                    [
                        -85.5732157,
                        40.7723589
                    ],
                    [
                        -85.573044,
                        40.7725864
                    ],
                    [
                        -85.572572,
                        40.7723264
                    ],
                    [
                        -85.5719282,
                        40.7719364
                    ],
                    [
                        -85.5711128,
                        40.7715139
                    ],
                    [
                        -85.5705549,
                        40.7716114
                    ],
                    [
                        -85.5702975,
                        40.7719364
                    ],
                    [
                        -85.57004,
                        40.7722289
                    ],
                    [
                        -85.5697825,
                        40.7726189
                    ],
                    [
                        -85.5696537,
                        40.7728789
                    ],
                    [
                        -85.5693104,
                        40.7732039
                    ],
                    [
                        -85.5691387,
                        40.7735289
                    ],
                    [
                        -85.5689671,
                        40.7738539
                    ],
                    [
                        -85.5687954,
                        40.7739189
                    ],
                    [
                        -85.5679371,
                        40.7735939
                    ],
                    [
                        -85.5678942,
                        40.7734314
                    ],
                    [
                        -85.5678942,
                        40.7731389
                    ],
                    [
                        -85.5674221,
                        40.7731064
                    ],
                    [
                        -85.5669501,
                        40.7728139
                    ],
                    [
                        -85.5663492,
                        40.7725539
                    ],
                    [
                        -85.5660488,
                        40.7724889
                    ],
                    [
                        -85.5657055,
                        40.7723914
                    ],
                    [
                        -85.5649759,
                        40.7721964
                    ],
                    [
                        -85.564461,
                        40.7721964
                    ],
                    [
                        -85.5640894,
                        40.7725147
                    ],
                    [
                        -85.5637825,
                        40.7725728
                    ],
                    [
                        -85.5633022,
                        40.7722289
                    ],
                    [
                        -85.5630877,
                        40.7724564
                    ],
                    [
                        -85.5627014,
                        40.7728464
                    ],
                    [
                        -85.5626585,
                        40.7733339
                    ],
                    [
                        -85.5628302,
                        40.7735939
                    ],
                    [
                        -85.5632593,
                        40.7738214
                    ],
                    [
                        -85.5641783,
                        40.773595
                    ],
                    [
                        -85.5639771,
                        40.7727672
                    ],
                    [
                        -85.5641392,
                        40.7726982
                    ],
                    [
                        -85.5645912,
                        40.773985
                    ],
                    [
                        -85.565335,
                        40.7743136
                    ],
                    [
                        -85.5656677,
                        40.7745653
                    ],
                    [
                        -85.5661347,
                        40.7748336
                    ],
                    [
                        -85.5667733,
                        40.7750164
                    ],
                    [
                        -85.5670902,
                        40.7747156
                    ],
                    [
                        -85.5673363,
                        40.7742114
                    ],
                    [
                        -85.5678084,
                        40.7740814
                    ],
                    [
                        -85.5686238,
                        40.7744064
                    ],
                    [
                        -85.5689671,
                        40.7745039
                    ],
                    [
                        -85.5691387,
                        40.7744714
                    ],
                    [
                        -85.5695679,
                        40.7745039
                    ],
                    [
                        -85.5700829,
                        40.7746014
                    ],
                    [
                        -85.570512,
                        40.7747314
                    ],
                    [
                        -85.5711558,
                        40.7748289
                    ],
                    [
                        -85.5721428,
                        40.7746339
                    ],
                    [
                        -85.5727007,
                        40.7744714
                    ],
                    [
                        -85.5735161,
                        40.7743739
                    ],
                    [
                        -85.5742886,
                        40.7743739
                    ],
                    [
                        -85.5748036,
                        40.7745689
                    ],
                    [
                        -85.5749752,
                        40.7748939
                    ],
                    [
                        -85.5752756,
                        40.7752514
                    ],
                    [
                        -85.5757048,
                        40.7756739
                    ],
                    [
                        -85.5760052,
                        40.7758039
                    ],
                    [
                        -85.5761769,
                        40.7754789
                    ],
                    [
                        -85.5763485,
                        40.7750889
                    ],
                    [
                        -85.5765631,
                        40.7746664
                    ],
                    [
                        -85.5770352,
                        40.7747639
                    ],
                    [
                        -85.577121,
                        40.7751539
                    ],
                    [
                        -85.5770781,
                        40.7755764
                    ],
                    [
                        -85.577121,
                        40.7758039
                    ],
                    [
                        -85.5774643,
                        40.7760964
                    ],
                    [
                        -85.5779793,
                        40.7764538
                    ],
                    [
                        -85.578151,
                        40.7767138
                    ],
                    [
                        -85.578151,
                        40.7769738
                    ],
                    [
                        -85.5782797,
                        40.7775913
                    ],
                    [
                        -85.5781939,
                        40.7779162
                    ],
                    [
                        -85.5778506,
                        40.7782737
                    ],
                    [
                        -85.5775931,
                        40.7785987
                    ],
                    [
                        -85.577636,
                        40.7788912
                    ],
                    [
                        -85.5779793,
                        40.7791836
                    ],
                    [
                        -85.5782797,
                        40.7794761
                    ],
                    [
                        -85.5784085,
                        40.7798661
                    ],
                    [
                        -85.5783655,
                        40.7802235
                    ],
                    [
                        -85.5780222,
                        40.7803535
                    ],
                    [
                        -85.5776789,
                        40.7805485
                    ],
                    [
                        -85.5769922,
                        40.780841
                    ],
                    [
                        -85.5764773,
                        40.7809709
                    ],
                    [
                        -85.5757477,
                        40.7809059
                    ],
                    [
                        -85.5752327,
                        40.7811009
                    ],
                    [
                        -85.5748894,
                        40.7812959
                    ],
                    [
                        -85.5746319,
                        40.7815559
                    ],
                    [
                        -85.5737307,
                        40.7815559
                    ],
                    [
                        -85.5727865,
                        40.7814909
                    ],
                    [
                        -85.5721428,
                        40.7815234
                    ],
                    [
                        -85.5726578,
                        40.7816534
                    ],
                    [
                        -85.5730011,
                        40.7817833
                    ],
                    [
                        -85.5734303,
                        40.7819458
                    ],
                    [
                        -85.5741598,
                        40.7822058
                    ],
                    [
                        -85.5746319,
                        40.7820433
                    ],
                    [
                        -85.5752756,
                        40.7818483
                    ],
                    [
                        -85.5757906,
                        40.7817183
                    ],
                    [
                        -85.5762627,
                        40.7818158
                    ],
                    [
                        -85.5767348,
                        40.7818808
                    ],
                    [
                        -85.577121,
                        40.7818158
                    ],
                    [
                        -85.5776789,
                        40.7815559
                    ],
                    [
                        -85.5782797,
                        40.7815234
                    ],
                    [
                        -85.578623,
                        40.7813284
                    ],
                    [
                        -85.579138,
                        40.7811009
                    ],
                    [
                        -85.579653,
                        40.7807435
                    ],
                    [
                        -85.5797817,
                        40.780386
                    ],
                    [
                        -85.5799963,
                        40.780126
                    ],
                    [
                        -85.5803826,
                        40.7798011
                    ],
                    [
                        -85.5805542,
                        40.7793461
                    ],
                    [
                        -85.5808546,
                        40.7788587
                    ],
                    [
                        -85.581155,
                        40.7785337
                    ],
                    [
                        -85.5810263,
                        40.7782737
                    ],
                    [
                        -85.5805113,
                        40.7778837
                    ],
                    [
                        -85.5807259,
                        40.7776563
                    ],
                    [
                        -85.5814984,
                        40.7777863
                    ],
                    [
                        -85.5819704,
                        40.7780137
                    ],
                    [
                        -85.5822708,
                        40.7782737
                    ],
                    [
                        -85.5827858,
                        40.7785012
                    ],
                    [
                        -85.5835154,
                        40.7784037
                    ],
                    [
                        -85.5839016,
                        40.7781437
                    ],
                    [
                        -85.584202,
                        40.7782737
                    ],
                    [
                        -85.5842879,
                        40.7786637
                    ],
                    [
                        -85.5841162,
                        40.7791186
                    ],
                    [
                        -85.5839874,
                        40.7796061
                    ],
                    [
                        -85.5838587,
                        40.780321
                    ],
                    [
                        -85.5839874,
                        40.7807435
                    ],
                    [
                        -85.5842449,
                        40.7802885
                    ],
                    [
                        -85.5842449,
                        40.7799636
                    ],
                    [
                        -85.5845024,
                        40.7794436
                    ],
                    [
                        -85.5848028,
                        40.7791511
                    ],
                    [
                        -85.5850603,
                        40.7787937
                    ],
                    [
                        -85.5848458,
                        40.7780462
                    ],
                    [
                        -85.585232,
                        40.7773963
                    ],
                    [
                        -85.5854895,
                        40.7772338
                    ],
                    [
                        -85.5855753,
                        40.7776888
                    ],
                    [
                        -85.5855324,
                        40.7784037
                    ],
                    [
                        -85.5855753,
                        40.7794111
                    ],
                    [
                        -85.5858757,
                        40.7802885
                    ],
                    [
                        -85.5865624,
                        40.7809384
                    ],
                    [
                        -85.5872061,
                        40.7811009
                    ],
                    [
                        -85.5880215,
                        40.7814259
                    ],
                    [
                        -85.5887081,
                        40.7817833
                    ],
                    [
                        -85.5893948,
                        40.7822708
                    ],
                    [
                        -85.5900814,
                        40.7830507
                    ],
                    [
                        -85.5900385,
                        40.7826607
                    ],
                    [
                        -85.5905106,
                        40.7825957
                    ],
                    [
                        -85.5916264,
                        40.7821083
                    ],
                    [
                        -85.5925276,
                        40.7818158
                    ],
                    [
                        -85.5929997,
                        40.7814259
                    ],
                    [
                        -85.5932142,
                        40.7811334
                    ],
                    [
                        -85.5935147,
                        40.7810359
                    ],
                    [
                        -85.5934288,
                        40.7816858
                    ],
                    [
                        -85.5937721,
                        40.7811984
                    ],
                    [
                        -85.5940726,
                        40.7810034
                    ],
                    [
                        -85.5939867,
                        40.7806135
                    ],
                    [
                        -85.5947592,
                        40.7805485
                    ],
                    [
                        -85.5953171,
                        40.780516
                    ],
                    [
                        -85.5957033,
                        40.780256
                    ],
                    [
                        -85.5963041,
                        40.780321
                    ],
                    [
                        -85.596905,
                        40.7806785
                    ],
                    [
                        -85.5974199,
                        40.7810359
                    ],
                    [
                        -85.5978491,
                        40.7812309
                    ],
                    [
                        -85.5983212,
                        40.7813284
                    ],
                    [
                        -85.5988362,
                        40.7813284
                    ],
                    [
                        -85.5992653,
                        40.7813284
                    ],
                    [
                        -85.5995657,
                        40.7812959
                    ],
                    [
                        -85.5998661,
                        40.7813934
                    ],
                    [
                        -85.599952,
                        40.7816209
                    ],
                    [
                        -85.5994799,
                        40.7819133
                    ],
                    [
                        -85.5991366,
                        40.7821733
                    ],
                    [
                        -85.5995228,
                        40.7823683
                    ],
                    [
                        -85.5999949,
                        40.7823683
                    ],
                    [
                        -85.6005528,
                        40.7821083
                    ],
                    [
                        -85.6008532,
                        40.7819783
                    ],
                    [
                        -85.6013682,
                        40.7818808
                    ],
                    [
                        -85.6015827,
                        40.7817508
                    ],
                    [
                        -85.6011107,
                        40.7816534
                    ],
                    [
                        -85.6010678,
                        40.7813934
                    ],
                    [
                        -85.6008532,
                        40.7810359
                    ],
                    [
                        -85.6007244,
                        40.780841
                    ],
                    [
                        -85.6003811,
                        40.780646
                    ],
                    [
                        -85.5995228,
                        40.780581
                    ],
                    [
                        -85.5990936,
                        40.780581
                    ],
                    [
                        -85.5988791,
                        40.7803535
                    ],
                    [
                        -85.598407,
                        40.7799311
                    ],
                    [
                        -85.5978491,
                        40.7796061
                    ],
                    [
                        -85.5976774,
                        40.7790211
                    ],
                    [
                        -85.5982353,
                        40.7786312
                    ],
                    [
                        -85.5985357,
                        40.7782087
                    ],
                    [
                        -85.5990078,
                        40.7777863
                    ],
                    [
                        -85.6003382,
                        40.7776238
                    ],
                    [
                        -85.6012394,
                        40.7774938
                    ],
                    [
                        -85.6018831,
                        40.7772988
                    ],
                    [
                        -85.6022694,
                        40.7770713
                    ],
                    [
                        -85.6025698,
                        40.7765513
                    ],
                    [
                        -85.6032564,
                        40.7760314
                    ],
                    [
                        -85.6039002,
                        40.7758689
                    ],
                    [
                        -85.6043293,
                        40.7760314
                    ],
                    [
                        -85.6041147,
                        40.7765188
                    ],
                    [
                        -85.6037285,
                        40.7771363
                    ],
                    [
                        -85.6036856,
                        40.7775913
                    ],
                    [
                        -85.6040718,
                        40.7781437
                    ],
                    [
                        -85.603986,
                        40.7776888
                    ],
                    [
                        -85.6041577,
                        40.7773638
                    ],
                    [
                        -85.6045868,
                        40.7768763
                    ],
                    [
                        -85.6047156,
                        40.7764538
                    ],
                    [
                        -85.6052305,
                        40.7761614
                    ],
                    [
                        -85.6057455,
                        40.7763238
                    ],
                    [
                        -85.6059172,
                        40.7766813
                    ],
                    [
                        -85.6059172,
                        40.7768763
                    ],
                    [
                        -85.6059601,
                        40.7772338
                    ],
                    [
                        -85.6061318,
                        40.7775588
                    ],
                    [
                        -85.6061318,
                        40.7779812
                    ],
                    [
                        -85.6059601,
                        40.7783062
                    ],
                    [
                        -85.6057455,
                        40.7788262
                    ],
                    [
                        -85.6061747,
                        40.7792161
                    ],
                    [
                        -85.6065609,
                        40.7794436
                    ],
                    [
                        -85.607033,
                        40.7797686
                    ],
                    [
                        -85.6074192,
                        40.780191
                    ],
                    [
                        -85.6079771,
                        40.780516
                    ],
                    [
                        -85.6081488,
                        40.7810359
                    ],
                    [
                        -85.6084492,
                        40.7813284
                    ],
                    [
                        -85.6090929,
                        40.7812959
                    ],
                    [
                        -85.6089213,
                        40.7810034
                    ],
                    [
                        -85.6090071,
                        40.780646
                    ],
                    [
                        -85.6089642,
                        40.780256
                    ],
                    [
                        -85.6088354,
                        40.7799636
                    ],
                    [
                        -85.6091358,
                        40.7795411
                    ],
                    [
                        -85.6093933,
                        40.7792486
                    ],
                    [
                        -85.6088354,
                        40.7791186
                    ],
                    [
                        -85.6081488,
                        40.7789887
                    ],
                    [
                        -85.6075051,
                        40.7787937
                    ],
                    [
                        -85.6070759,
                        40.7786637
                    ],
                    [
                        -85.6069042,
                        40.7783062
                    ],
                    [
                        -85.6071188,
                        40.7778188
                    ],
                    [
                        -85.6074621,
                        40.7774613
                    ],
                    [
                        -85.6081488,
                        40.7773638
                    ],
                    [
                        -85.6074621,
                        40.7772338
                    ],
                    [
                        -85.6072046,
                        40.7770063
                    ],
                    [
                        -85.6073334,
                        40.7766813
                    ],
                    [
                        -85.6072905,
                        40.7760964
                    ],
                    [
                        -85.6072046,
                        40.7756739
                    ],
                    [
                        -85.6078913,
                        40.7754139
                    ],
                    [
                        -85.6086638,
                        40.7752514
                    ],
                    [
                        -85.6102946,
                        40.7748289
                    ],
                    [
                        -85.6114533,
                        40.7746664
                    ],
                    [
                        -85.6120541,
                        40.7746664
                    ],
                    [
                        -85.6123974,
                        40.7751864
                    ],
                    [
                        -85.6127407,
                        40.7755439
                    ],
                    [
                        -85.6127836,
                        40.7747964
                    ],
                    [
                        -85.613084,
                        40.7745689
                    ],
                    [
                        -85.613599,
                        40.7746339
                    ],
                    [
                        -85.6141998,
                        40.7745689
                    ],
                    [
                        -85.6150152,
                        40.7743089
                    ],
                    [
                        -85.6159594,
                        40.7742764
                    ],
                    [
                        -85.6173327,
                        40.7744389
                    ],
                    [
                        -85.6184914,
                        40.7745689
                    ],
                    [
                        -85.6192209,
                        40.7745364
                    ],
                    [
                        -85.619693,
                        40.7740814
                    ],
                    [
                        -85.6201651,
                        40.7739189
                    ],
                    [
                        -85.6206801,
                        40.7738864
                    ],
                    [
                        -85.6207659,
                        40.7733989
                    ],
                    [
                        -85.6205942,
                        40.7726839
                    ],
                    [
                        -85.6207659,
                        40.7721314
                    ],
                    [
                        -85.621195,
                        40.7716764
                    ],
                    [
                        -85.6217959,
                        40.7717739
                    ],
                    [
                        -85.6220534,
                        40.7718714
                    ],
                    [
                        -85.6220963,
                        40.7744714
                    ],
                    [
                        -85.6226971,
                        40.7750564
                    ],
                    [
                        -85.6221821,
                        40.7755764
                    ],
                    [
                        -85.6220104,
                        40.7764863
                    ],
                    [
                        -85.6220104,
                        40.7767463
                    ],
                    [
                        -85.6225254,
                        40.7764213
                    ],
                    [
                        -85.6232979,
                        40.7760314
                    ],
                    [
                        -85.6235554,
                        40.7758364
                    ],
                    [
                        -85.6240704,
                        40.7756414
                    ],
                    [
                        -85.6251003,
                        40.7759664
                    ],
                    [
                        -85.6260445,
                        40.7765513
                    ],
                    [
                        -85.626817,
                        40.7771363
                    ],
                    [
                        -85.6280186,
                        40.7777213
                    ],
                    [
                        -85.6290486,
                        40.7782412
                    ],
                    [
                        -85.6299927,
                        40.7788912
                    ],
                    [
                        -85.6310227,
                        40.7798661
                    ],
                    [
                        -85.6320097,
                        40.7799311
                    ],
                    [
                        -85.6327822,
                        40.7805485
                    ],
                    [
                        -85.6332543,
                        40.7811984
                    ],
                    [
                        -85.6324818,
                        40.7816209
                    ],
                    [
                        -85.6323101,
                        40.7821408
                    ],
                    [
                        -85.633383,
                        40.7819133
                    ],
                    [
                        -85.6342842,
                        40.7819458
                    ],
                    [
                        -85.6352284,
                        40.7825307
                    ],
                    [
                        -85.6363442,
                        40.7832131
                    ],
                    [
                        -85.6366446,
                        40.783798
                    ],
                    [
                        -85.6366875,
                        40.7844154
                    ],
                    [
                        -85.6362154,
                        40.7846104
                    ],
                    [
                        -85.6354859,
                        40.7844154
                    ],
                    [
                        -85.6353142,
                        40.7847729
                    ],
                    [
                        -85.6360867,
                        40.7851628
                    ],
                    [
                        -85.6369021,
                        40.7856177
                    ],
                    [
                        -85.6369021,
                        40.7860726
                    ],
                    [
                        -85.6363442,
                        40.7865925
                    ],
                    [
                        -85.6357863,
                        40.78682
                    ],
                    [
                        -85.6347563,
                        40.78656
                    ],
                    [
                        -85.6343701,
                        40.7867225
                    ],
                    [
                        -85.6338551,
                        40.7869824
                    ],
                    [
                        -85.6334688,
                        40.7871124
                    ],
                    [
                        -85.6328251,
                        40.7871124
                    ],
                    [
                        -85.632353,
                        40.7869499
                    ],
                    [
                        -85.6317522,
                        40.7865925
                    ],
                    [
                        -85.6316664,
                        40.7870474
                    ],
                    [
                        -85.6320955,
                        40.7875023
                    ],
                    [
                        -85.6327822,
                        40.7876648
                    ],
                    [
                        -85.6333401,
                        40.7878597
                    ],
                    [
                        -85.6339409,
                        40.7875348
                    ],
                    [
                        -85.6346705,
                        40.7874048
                    ],
                    [
                        -85.6351855,
                        40.7875023
                    ],
                    [
                        -85.6353142,
                        40.7878597
                    ],
                    [
                        -85.6351855,
                        40.7879897
                    ],
                    [
                        -85.6346276,
                        40.7882496
                    ],
                    [
                        -85.634885,
                        40.7884446
                    ],
                    [
                        -85.6354859,
                        40.7882496
                    ],
                    [
                        -85.6361725,
                        40.7883471
                    ],
                    [
                        -85.6368162,
                        40.7884446
                    ],
                    [
                        -85.6373741,
                        40.7881847
                    ],
                    [
                        -85.6378891,
                        40.7884446
                    ],
                    [
                        -85.6386187,
                        40.7884771
                    ],
                    [
                        -85.6386616,
                        40.7883146
                    ],
                    [
                        -85.6378462,
                        40.7879897
                    ],
                    [
                        -85.6380608,
                        40.7875998
                    ],
                    [
                        -85.638447,
                        40.7874698
                    ],
                    [
                        -85.6396057,
                        40.7877948
                    ],
                    [
                        -85.6402924,
                        40.7883471
                    ],
                    [
                        -85.6400778,
                        40.7876648
                    ],
                    [
                        -85.639477,
                        40.7873074
                    ],
                    [
                        -85.6389191,
                        40.7869824
                    ],
                    [
                        -85.638447,
                        40.7865275
                    ],
                    [
                        -85.6383183,
                        40.7858452
                    ],
                    [
                        -85.637932,
                        40.7851628
                    ],
                    [
                        -85.638447,
                        40.7847079
                    ],
                    [
                        -85.6395199,
                        40.7848054
                    ],
                    [
                        -85.6400349,
                        40.7854552
                    ],
                    [
                        -85.6411078,
                        40.7858777
                    ],
                    [
                        -85.6421377,
                        40.7858777
                    ],
                    [
                        -85.6432106,
                        40.7855527
                    ],
                    [
                        -85.645056,
                        40.7853902
                    ],
                    [
                        -85.6460001,
                        40.7853902
                    ],
                    [
                        -85.6454851,
                        40.7858452
                    ],
                    [
                        -85.6461289,
                        40.7859101
                    ],
                    [
                        -85.6468584,
                        40.7855852
                    ],
                    [
                        -85.6472017,
                        40.7852928
                    ],
                    [
                        -85.6486609,
                        40.7862676
                    ],
                    [
                        -85.65012,
                        40.786755
                    ],
                    [
                        -85.6514933,
                        40.7873723
                    ],
                    [
                        -85.6527378,
                        40.7876323
                    ],
                    [
                        -85.6542399,
                        40.7878922
                    ],
                    [
                        -85.6559565,
                        40.7881522
                    ],
                    [
                        -85.6572439,
                        40.7883146
                    ],
                    [
                        -85.6582739,
                        40.7886396
                    ],
                    [
                        -85.6589606,
                        40.789062
                    ],
                    [
                        -85.6590035,
                        40.7895818
                    ],
                    [
                        -85.6594755,
                        40.7897118
                    ],
                    [
                        -85.6599476,
                        40.7904591
                    ],
                    [
                        -85.6601622,
                        40.7911414
                    ],
                    [
                        -85.6602909,
                        40.7914013
                    ],
                    [
                        -85.6596472,
                        40.7916613
                    ],
                    [
                        -85.6595614,
                        40.7919537
                    ],
                    [
                        -85.6599905,
                        40.7920187
                    ],
                    [
                        -85.6605055,
                        40.7920836
                    ],
                    [
                        -85.6612351,
                        40.7926035
                    ],
                    [
                        -85.6614926,
                        40.7929609
                    ],
                    [
                        -85.661278,
                        40.7931883
                    ],
                    [
                        -85.6608917,
                        40.7933508
                    ],
                    [
                        -85.6608488,
                        40.7936107
                    ],
                    [
                        -85.6614926,
                        40.7936757
                    ],
                    [
                        -85.6620075,
                        40.7938381
                    ],
                    [
                        -85.6623938,
                        40.7945204
                    ],
                    [
                        -85.6629946,
                        40.7952676
                    ],
                    [
                        -85.6633808,
                        40.795625
                    ],
                    [
                        -85.6641104,
                        40.7963073
                    ],
                    [
                        -85.66381,
                        40.7968596
                    ],
                    [
                        -85.6634667,
                        40.7967946
                    ],
                    [
                        -85.66278,
                        40.7963398
                    ],
                    [
                        -85.662265,
                        40.7962098
                    ],
                    [
                        -85.6621792,
                        40.7959174
                    ],
                    [
                        -85.66175,
                        40.795755
                    ],
                    [
                        -85.661793,
                        40.7960799
                    ],
                    [
                        -85.6612351,
                        40.7960474
                    ],
                    [
                        -85.6605484,
                        40.7961124
                    ],
                    [
                        -85.659733,
                        40.7963073
                    ],
                    [
                        -85.658746,
                        40.7966322
                    ],
                    [
                        -85.658231,
                        40.7966647
                    ],
                    [
                        -85.6576731,
                        40.7965997
                    ],
                    [
                        -85.6572869,
                        40.7961448
                    ],
                    [
                        -85.656729,
                        40.79556
                    ],
                    [
                        -85.656686,
                        40.7952027
                    ],
                    [
                        -85.6570294,
                        40.7949428
                    ],
                    [
                        -85.6565573,
                        40.7949752
                    ],
                    [
                        -85.6560852,
                        40.7950077
                    ],
                    [
                        -85.6557848,
                        40.7949752
                    ],
                    [
                        -85.6553127,
                        40.7951052
                    ],
                    [
                        -85.6547119,
                        40.7951377
                    ],
                    [
                        -85.6541969,
                        40.7951377
                    ],
                    [
                        -85.6534674,
                        40.7954301
                    ],
                    [
                        -85.6527378,
                        40.7954301
                    ],
                    [
                        -85.6517079,
                        40.7952676
                    ],
                    [
                        -85.651107,
                        40.7949752
                    ],
                    [
                        -85.6509354,
                        40.7952027
                    ],
                    [
                        -85.651107,
                        40.79556
                    ],
                    [
                        -85.6506779,
                        40.79582
                    ],
                    [
                        -85.6522228,
                        40.7962423
                    ],
                    [
                        -85.6532528,
                        40.7962748
                    ],
                    [
                        -85.6545403,
                        40.7962423
                    ],
                    [
                        -85.6555273,
                        40.7965672
                    ],
                    [
                        -85.655699,
                        40.7973469
                    ],
                    [
                        -85.6553986,
                        40.7980616
                    ],
                    [
                        -85.655699,
                        40.7987114
                    ],
                    [
                        -85.6556561,
                        40.7991662
                    ],
                    [
                        -85.6552269,
                        40.7995885
                    ],
                    [
                        -85.6561281,
                        40.7996535
                    ],
                    [
                        -85.6568148,
                        40.7992962
                    ],
                    [
                        -85.6565144,
                        40.7987114
                    ],
                    [
                        -85.6564715,
                        40.798419
                    ],
                    [
                        -85.6572439,
                        40.7982566
                    ],
                    [
                        -85.6578877,
                        40.7978992
                    ],
                    [
                        -85.6585314,
                        40.7982241
                    ],
                    [
                        -85.6591751,
                        40.7988089
                    ],
                    [
                        -85.6600764,
                        40.7988089
                    ],
                    [
                        -85.6605055,
                        40.798484
                    ],
                    [
                        -85.6611492,
                        40.7982566
                    ],
                    [
                        -85.661278,
                        40.7992637
                    ],
                    [
                        -85.6611492,
                        40.8001083
                    ],
                    [
                        -85.6614067,
                        40.8006931
                    ],
                    [
                        -85.6621363,
                        40.8012129
                    ],
                    [
                        -85.6630804,
                        40.8015052
                    ],
                    [
                        -85.6639178,
                        40.801887
                    ],
                    [
                        -85.664548,
                        40.8022625
                    ],
                    [
                        -85.6650573,
                        40.802393
                    ],
                    [
                        -85.6647852,
                        40.8026685
                    ],
                    [
                        -85.6642925,
                        40.8027609
                    ],
                    [
                        -85.6637059,
                        40.8030725
                    ],
                    [
                        -85.6635474,
                        40.8034132
                    ],
                    [
                        -85.6635027,
                        40.8038185
                    ],
                    [
                        -85.6633053,
                        40.8041302
                    ],
                    [
                        -85.6623509,
                        40.8040066
                    ],
                    [
                        -85.6619217,
                        40.8040066
                    ],
                    [
                        -85.6616213,
                        40.8041041
                    ],
                    [
                        -85.6611492,
                        40.8046563
                    ],
                    [
                        -85.6618359,
                        40.8047862
                    ],
                    [
                        -85.6623079,
                        40.8045913
                    ],
                    [
                        -85.6628229,
                        40.8046563
                    ],
                    [
                        -85.6636383,
                        40.8046563
                    ],
                    [
                        -85.6640675,
                        40.804169
                    ],
                    [
                        -85.6643606,
                        40.8035393
                    ],
                    [
                        -85.6646371,
                        40.8034305
                    ],
                    [
                        -85.6649672,
                        40.8034204
                    ],
                    [
                        -85.6661004,
                        40.8036938
                    ],
                    [
                        -85.6662099,
                        40.8039138
                    ],
                    [
                        -85.6659607,
                        40.804044
                    ],
                    [
                        -85.6663071,
                        40.8047748
                    ],
                    [
                        -85.665827,
                        40.8052085
                    ],
                    [
                        -85.6654837,
                        40.8055334
                    ],
                    [
                        -85.6655266,
                        40.8057933
                    ],
                    [
                        -85.6648829,
                        40.8061181
                    ],
                    [
                        -85.6654408,
                        40.8061181
                    ],
                    [
                        -85.6653979,
                        40.8065729
                    ],
                    [
                        -85.6654837,
                        40.8070926
                    ],
                    [
                        -85.6656983,
                        40.8074174
                    ],
                    [
                        -85.6658699,
                        40.8068002
                    ],
                    [
                        -85.6660416,
                        40.8061506
                    ],
                    [
                        -85.6663134,
                        40.8054943
                    ],
                    [
                        -85.6670323,
                        40.8052627
                    ],
                    [
                        -85.6673442,
                        40.8049648
                    ],
                    [
                        -85.6673563,
                        40.8046022
                    ],
                    [
                        -85.6677564,
                        40.8043559
                    ],
                    [
                        -85.6683397,
                        40.8044898
                    ],
                    [
                        -85.6687711,
                        40.8049846
                    ],
                    [
                        -85.6687586,
                        40.8054226
                    ],
                    [
                        -85.6683862,
                        40.8056899
                    ],
                    [
                        -85.6680737,
                        40.8058558
                    ],
                    [
                        -85.66867,
                        40.8059096
                    ],
                    [
                        -85.6691315,
                        40.8059232
                    ],
                    [
                        -85.669861,
                        40.8060531
                    ],
                    [
                        -85.6702902,
                        40.8062155
                    ],
                    [
                        -85.6702044,
                        40.8065404
                    ],
                    [
                        -85.6702473,
                        40.8067678
                    ],
                    [
                        -85.6706764,
                        40.8064754
                    ],
                    [
                        -85.6715347,
                        40.8068327
                    ],
                    [
                        -85.6720068,
                        40.80732
                    ],
                    [
                        -85.6726505,
                        40.8077098
                    ],
                    [
                        -85.6731226,
                        40.8080996
                    ],
                    [
                        -85.6734659,
                        40.8083594
                    ],
                    [
                        -85.6740668,
                        40.8084894
                    ],
                    [
                        -85.6747105,
                        40.8086518
                    ],
                    [
                        -85.6755497,
                        40.8088255
                    ],
                    [
                        -85.6760409,
                        40.8084244
                    ],
                    [
                        -85.675955,
                        40.8080671
                    ],
                    [
                        -85.67647,
                        40.8080346
                    ],
                    [
                        -85.6770735,
                        40.8078966
                    ],
                    [
                        -85.6773978,
                        40.8076603
                    ],
                    [
                        -85.6792997,
                        40.8062379
                    ],
                    [
                        -85.6783755,
                        40.8062651
                    ],
                    [
                        -85.6782814,
                        40.8060079
                    ],
                    [
                        -85.6779476,
                        40.8058141
                    ],
                    [
                        -85.6780166,
                        40.8054228
                    ],
                    [
                        -85.6783716,
                        40.8051355
                    ],
                    [
                        -85.6785937,
                        40.8052195
                    ],
                    [
                        -85.6788855,
                        40.8050081
                    ],
                    [
                        -85.6785926,
                        40.805104
                    ],
                    [
                        -85.6783611,
                        40.8049571
                    ],
                    [
                        -85.6779819,
                        40.805242
                    ],
                    [
                        -85.6777754,
                        40.8054364
                    ],
                    [
                        -85.6776637,
                        40.8057491
                    ],
                    [
                        -85.6777045,
                        40.8059195
                    ],
                    [
                        -85.6778456,
                        40.8060773
                    ],
                    [
                        -85.6772021,
                        40.8059467
                    ],
                    [
                        -85.6769377,
                        40.8058709
                    ],
                    [
                        -85.6763157,
                        40.8057617
                    ],
                    [
                        -85.6763769,
                        40.8053372
                    ],
                    [
                        -85.6762,
                        40.8055239
                    ],
                    [
                        -85.6759284,
                        40.8056894
                    ],
                    [
                        -85.6751751,
                        40.8054218
                    ],
                    [
                        -85.6748186,
                        40.8049998
                    ],
                    [
                        -85.6750959,
                        40.8046816
                    ],
                    [
                        -85.6756073,
                        40.8043781
                    ],
                    [
                        -85.6761966,
                        40.8044145
                    ],
                    [
                        -85.6767275,
                        40.8045264
                    ],
                    [
                        -85.6768992,
                        40.804299
                    ],
                    [
                        -85.6768992,
                        40.8039416
                    ],
                    [
                        -85.6772854,
                        40.8037792
                    ],
                    [
                        -85.6778433,
                        40.8037143
                    ],
                    [
                        -85.6782295,
                        40.8035518
                    ],
                    [
                        -85.6786587,
                        40.8033894
                    ],
                    [
                        -85.6790878,
                        40.8030646
                    ],
                    [
                        -85.6795599,
                        40.8030646
                    ],
                    [
                        -85.6796887,
                        40.8027397
                    ],
                    [
                        -85.6801607,
                        40.8027722
                    ],
                    [
                        -85.6804611,
                        40.8030321
                    ],
                    [
                        -85.6801607,
                        40.8025123
                    ],
                    [
                        -85.680547,
                        40.8023824
                    ],
                    [
                        -85.6806757,
                        40.8021225
                    ],
                    [
                        -85.681019,
                        40.8019276
                    ],
                    [
                        -85.6816199,
                        40.80209
                    ],
                    [
                        -85.6821348,
                        40.8023499
                    ],
                    [
                        -85.6824352,
                        40.8023499
                    ],
                    [
                        -85.6828215,
                        40.8021225
                    ],
                    [
                        -85.6823923,
                        40.802025
                    ],
                    [
                        -85.6819632,
                        40.8017651
                    ],
                    [
                        -85.6816199,
                        40.8016677
                    ],
                    [
                        -85.6811478,
                        40.8015702
                    ],
                    [
                        -85.6804182,
                        40.8017651
                    ],
                    [
                        -85.6798174,
                        40.8020575
                    ],
                    [
                        -85.6794312,
                        40.80196
                    ],
                    [
                        -85.680032,
                        40.8014728
                    ],
                    [
                        -85.6802036,
                        40.8009855
                    ],
                    [
                        -85.6801178,
                        40.8006281
                    ],
                    [
                        -85.680032,
                        40.8003033
                    ],
                    [
                        -85.6803753,
                        40.8000434
                    ],
                    [
                        -85.6808903,
                        40.7994911
                    ],
                    [
                        -85.6807615,
                        40.7992962
                    ],
                    [
                        -85.6802466,
                        40.7993286
                    ],
                    [
                        -85.6799462,
                        40.7994911
                    ],
                    [
                        -85.6796887,
                        40.7997835
                    ],
                    [
                        -85.6796974,
                        40.8004064
                    ],
                    [
                        -85.6793592,
                        40.8008834
                    ],
                    [
                        -85.6789964,
                        40.8007433
                    ],
                    [
                        -85.6785323,
                        40.8011656
                    ],
                    [
                        -85.6777805,
                        40.8012454
                    ],
                    [
                        -85.6776581,
                        40.8016399
                    ],
                    [
                        -85.6774746,
                        40.801701
                    ],
                    [
                        -85.6771289,
                        40.8012509
                    ],
                    [
                        -85.6770541,
                        40.8009067
                    ],
                    [
                        -85.6769786,
                        40.8011829
                    ],
                    [
                        -85.6771567,
                        40.8017976
                    ],
                    [
                        -85.677668,
                        40.8024123
                    ],
                    [
                        -85.6772286,
                        40.8024365
                    ],
                    [
                        -85.676763,
                        40.8021829
                    ],
                    [
                        -85.6763544,
                        40.8022857
                    ],
                    [
                        -85.6760995,
                        40.8022606
                    ],
                    [
                        -85.6755618,
                        40.8027939
                    ],
                    [
                        -85.6755092,
                        40.8030263
                    ],
                    [
                        -85.6750726,
                        40.8030068
                    ],
                    [
                        -85.6748552,
                        40.8028434
                    ],
                    [
                        -85.6742813,
                        40.8027397
                    ],
                    [
                        -85.6741323,
                        40.8032206
                    ],
                    [
                        -85.6743703,
                        40.8034715
                    ],
                    [
                        -85.6739567,
                        40.8037539
                    ],
                    [
                        -85.6736042,
                        40.8037518
                    ],
                    [
                        -85.6732982,
                        40.8040911
                    ],
                    [
                        -85.6728762,
                        40.8042445
                    ],
                    [
                        -85.6727999,
                        40.8038833
                    ],
                    [
                        -85.6731679,
                        40.803553
                    ],
                    [
                        -85.6734711,
                        40.8030895
                    ],
                    [
                        -85.6733916,
                        40.8024765
                    ],
                    [
                        -85.6736193,
                        40.8021357
                    ],
                    [
                        -85.6738522,
                        40.8017976
                    ],
                    [
                        -85.6734264,
                        40.8019951
                    ],
                    [
                        -85.6730939,
                        40.8019655
                    ],
                    [
                        -85.6729231,
                        40.8017036
                    ],
                    [
                        -85.6731739,
                        40.8011589
                    ],
                    [
                        -85.6735189,
                        40.8007276
                    ],
                    [
                        -85.6738093,
                        40.8006281
                    ],
                    [
                        -85.6742947,
                        40.8003197
                    ],
                    [
                        -85.674613,
                        40.8001367
                    ],
                    [
                        -85.6741036,
                        40.8001839
                    ],
                    [
                        -85.6735781,
                        40.8004395
                    ],
                    [
                        -85.6732389,
                        40.8005921
                    ],
                    [
                        -85.6728996,
                        40.8007615
                    ],
                    [
                        -85.6727693,
                        40.8006445
                    ],
                    [
                        -85.6727142,
                        40.8004156
                    ],
                    [
                        -85.6730696,
                        40.8004201
                    ],
                    [
                        -85.6733988,
                        40.800232
                    ],
                    [
                        -85.6734882,
                        40.7999552
                    ],
                    [
                        -85.6732918,
                        40.7997165
                    ],
                    [
                        -85.6734727,
                        40.7993904
                    ],
                    [
                        -85.6734073,
                        40.7990086
                    ],
                    [
                        -85.6735947,
                        40.798354
                    ],
                    [
                        -85.6730797,
                        40.7990363
                    ],
                    [
                        -85.6731099,
                        40.7993871
                    ],
                    [
                        -85.6728389,
                        40.7995374
                    ],
                    [
                        -85.6728328,
                        40.7997685
                    ],
                    [
                        -85.6729494,
                        40.8000037
                    ],
                    [
                        -85.672368,
                        40.8001589
                    ],
                    [
                        -85.6721954,
                        40.8004226
                    ],
                    [
                        -85.6721456,
                        40.8006863
                    ],
                    [
                        -85.6722503,
                        40.8010203
                    ],
                    [
                        -85.672171,
                        40.8011558
                    ],
                    [
                        -85.6719371,
                        40.8011019
                    ],
                    [
                        -85.6714377,
                        40.8007657
                    ],
                    [
                        -85.6712773,
                        40.8003357
                    ],
                    [
                        -85.6712343,
                        40.7998484
                    ],
                    [
                        -85.6714918,
                        40.7993286
                    ],
                    [
                        -85.6711287,
                        40.7987238
                    ],
                    [
                        -85.6710781,
                        40.7980816
                    ],
                    [
                        -85.6709522,
                        40.7977103
                    ],
                    [
                        -85.6714792,
                        40.7973056
                    ],
                    [
                        -85.6723072,
                        40.7969571
                    ],
                    [
                        -85.672951,
                        40.7964697
                    ],
                    [
                        -85.6729939,
                        40.7960149
                    ],
                    [
                        -85.6727793,
                        40.7957225
                    ],
                    [
                        -85.6720926,
                        40.795625
                    ],
                    [
                        -85.672436,
                        40.7959499
                    ],
                    [
                        -85.6724789,
                        40.7962423
                    ],
                    [
                        -85.6721217,
                        40.7965827
                    ],
                    [
                        -85.6716059,
                        40.7968517
                    ],
                    [
                        -85.6711771,
                        40.7968211
                    ],
                    [
                        -85.6705115,
                        40.7972166
                    ],
                    [
                        -85.6698071,
                        40.7968475
                    ],
                    [
                        -85.6693031,
                        40.7964697
                    ],
                    [
                        -85.6691744,
                        40.7960799
                    ],
                    [
                        -85.6691315,
                        40.7956575
                    ],
                    [
                        -85.668874,
                        40.7953001
                    ],
                    [
                        -85.669389,
                        40.7951052
                    ],
                    [
                        -85.6695606,
                        40.7949103
                    ],
                    [
                        -85.6692173,
                        40.7948778
                    ],
                    [
                        -85.6685307,
                        40.7947478
                    ],
                    [
                        -85.6683864,
                        40.7943912
                    ],
                    [
                        -85.6684887,
                        40.793893
                    ],
                    [
                        -85.6683943,
                        40.7938079
                    ],
                    [
                        -85.668134,
                        40.7937946
                    ],
                    [
                        -85.6677916,
                        40.793411
                    ],
                    [
                        -85.6673377,
                        40.7929388
                    ],
                    [
                        -85.6670039,
                        40.7920809
                    ],
                    [
                        -85.6670378,
                        40.791963
                    ],
                    [
                        -85.6674485,
                        40.7917171
                    ],
                    [
                        -85.6674578,
                        40.7915731
                    ],
                    [
                        -85.6670715,
                        40.7916937
                    ],
                    [
                        -85.6666148,
                        40.7916821
                    ],
                    [
                        -85.6662255,
                        40.7912249
                    ],
                    [
                        -85.6664615,
                        40.7908165
                    ],
                    [
                        -85.6668325,
                        40.7905079
                    ],
                    [
                        -85.6672861,
                        40.7900692
                    ],
                    [
                        -85.6675436,
                        40.7897768
                    ],
                    [
                        -85.6672432,
                        40.7896468
                    ],
                    [
                        -85.6669428,
                        40.7898093
                    ],
                    [
                        -85.6665566,
                        40.7900042
                    ],
                    [
                        -85.6662562,
                        40.7903291
                    ],
                    [
                        -85.6659128,
                        40.7904916
                    ],
                    [
                        -85.6654408,
                        40.7899717
                    ],
                    [
                        -85.6651404,
                        40.7893869
                    ],
                    [
                        -85.6645395,
                        40.788672
                    ],
                    [
                        -85.6639816,
                        40.7877948
                    ],
                    [
                        -85.6632521,
                        40.7870799
                    ],
                    [
                        -85.6627371,
                        40.7865925
                    ],
                    [
                        -85.6615355,
                        40.7857477
                    ],
                    [
                        -85.6608917,
                        40.7853578
                    ],
                    [
                        -85.6606342,
                        40.7851303
                    ],
                    [
                        -85.6608917,
                        40.7847729
                    ],
                    [
                        -85.6609347,
                        40.7844479
                    ],
                    [
                        -85.6610205,
                        40.7840905
                    ],
                    [
                        -85.6615784,
                        40.7839605
                    ],
                    [
                        -85.6618788,
                        40.7839605
                    ],
                    [
                        -85.6610205,
                        40.7836356
                    ],
                    [
                        -85.6604626,
                        40.7836031
                    ],
                    [
                        -85.6602909,
                        40.7840255
                    ],
                    [
                        -85.6601193,
                        40.7843504
                    ],
                    [
                        -85.6598189,
                        40.7845129
                    ],
                    [
                        -85.659261,
                        40.7847404
                    ],
                    [
                        -85.6587889,
                        40.7850328
                    ],
                    [
                        -85.6580593,
                        40.7852928
                    ],
                    [
                        -85.6571581,
                        40.7852928
                    ],
                    [
                        -85.656729,
                        40.7850328
                    ],
                    [
                        -85.6565573,
                        40.7848703
                    ],
                    [
                        -85.6573298,
                        40.7849028
                    ],
                    [
                        -85.6575873,
                        40.7845454
                    ],
                    [
                        -85.6578018,
                        40.7840905
                    ],
                    [
                        -85.6581022,
                        40.7836681
                    ],
                    [
                        -85.6581452,
                        40.7832456
                    ],
                    [
                        -85.6578018,
                        40.7829207
                    ],
                    [
                        -85.6583597,
                        40.7828232
                    ],
                    [
                        -85.659261,
                        40.7824657
                    ],
                    [
                        -85.6596901,
                        40.7823683
                    ],
                    [
                        -85.6603338,
                        40.7824332
                    ],
                    [
                        -85.660763,
                        40.7822708
                    ],
                    [
                        -85.6609347,
                        40.7819133
                    ],
                    [
                        -85.6609347,
                        40.7815884
                    ],
                    [
                        -85.6614067,
                        40.7814584
                    ],
                    [
                        -85.6611921,
                        40.7809384
                    ],
                    [
                        -85.6612351,
                        40.780646
                    ],
                    [
                        -85.6610205,
                        40.780126
                    ],
                    [
                        -85.6605055,
                        40.780126
                    ],
                    [
                        -85.6593999,
                        40.7805742
                    ],
                    [
                        -85.6593747,
                        40.7809394
                    ],
                    [
                        -85.6588845,
                        40.7810967
                    ],
                    [
                        -85.6584192,
                        40.7811538
                    ],
                    [
                        -85.658395,
                        40.7814417
                    ],
                    [
                        -85.6579915,
                        40.7816026
                    ],
                    [
                        -85.6567264,
                        40.7818106
                    ],
                    [
                        -85.6562564,
                        40.7823217
                    ],
                    [
                        -85.6556864,
                        40.7823841
                    ],
                    [
                        -85.6553842,
                        40.7822941
                    ],
                    [
                        -85.6550085,
                        40.7824828
                    ],
                    [
                        -85.6546396,
                        40.7820562
                    ],
                    [
                        -85.6547119,
                        40.7811659
                    ],
                    [
                        -85.6545531,
                        40.7804267
                    ],
                    [
                        -85.655025,
                        40.7802652
                    ],
                    [
                        -85.6554943,
                        40.7802892
                    ],
                    [
                        -85.6563933,
                        40.7803763
                    ],
                    [
                        -85.6567125,
                        40.7801037
                    ],
                    [
                        -85.6571181,
                        40.7798654
                    ],
                    [
                        -85.6565418,
                        40.7798769
                    ],
                    [
                        -85.6563643,
                        40.7800564
                    ],
                    [
                        -85.6561974,
                        40.7800849
                    ],
                    [
                        -85.6560103,
                        40.7799105
                    ],
                    [
                        -85.6555598,
                        40.7798671
                    ],
                    [
                        -85.6550997,
                        40.7797269
                    ],
                    [
                        -85.6545275,
                        40.7796852
                    ],
                    [
                        -85.6540389,
                        40.7793711
                    ],
                    [
                        -85.6535193,
                        40.7788222
                    ],
                    [
                        -85.6535103,
                        40.7781762
                    ],
                    [
                        -85.6535532,
                        40.7777213
                    ],
                    [
                        -85.6539358,
                        40.777528
                    ],
                    [
                        -85.6546291,
                        40.7772794
                    ],
                    [
                        -85.6540937,
                        40.7773288
                    ],
                    [
                        -85.6537488,
                        40.777161
                    ],
                    [
                        -85.6534447,
                        40.7765517
                    ],
                    [
                        -85.6530639,
                        40.7759487
                    ],
                    [
                        -85.6531454,
                        40.775746
                    ],
                    [
                        -85.653452,
                        40.7755443
                    ],
                    [
                        -85.6536757,
                        40.7754138
                    ],
                    [
                        -85.6537466,
                        40.7752952
                    ],
                    [
                        -85.6536708,
                        40.7751151
                    ],
                    [
                        -85.6536108,
                        40.7753247
                    ],
                    [
                        -85.6528311,
                        40.7756151
                    ],
                    [
                        -85.6524051,
                        40.7755579
                    ],
                    [
                        -85.6521304,
                        40.7756547
                    ],
                    [
                        -85.6517361,
                        40.775594
                    ],
                    [
                        -85.6515615,
                        40.7756757
                    ],
                    [
                        -85.651067,
                        40.7757523
                    ],
                    [
                        -85.6508251,
                        40.7755774
                    ],
                    [
                        -85.6507067,
                        40.7753678
                    ],
                    [
                        -85.650677,
                        40.7756994
                    ],
                    [
                        -85.6507308,
                        40.7759097
                    ],
                    [
                        -85.650571,
                        40.7760893
                    ],
                    [
                        -85.6501443,
                        40.7762194
                    ],
                    [
                        -85.6499054,
                        40.7759339
                    ],
                    [
                        -85.65012,
                        40.7755439
                    ],
                    [
                        -85.6500771,
                        40.7750889
                    ],
                    [
                        -85.6499912,
                        40.7746664
                    ],
                    [
                        -85.6497767,
                        40.7744064
                    ],
                    [
                        -85.6495621,
                        40.7741789
                    ],
                    [
                        -85.649605,
                        40.7739514
                    ],
                    [
                        -85.6499483,
                        40.7734314
                    ],
                    [
                        -85.6502487,
                        40.7729439
                    ],
                    [
                        -85.6505921,
                        40.7725864
                    ],
                    [
                        -85.6510641,
                        40.7726189
                    ],
                    [
                        -85.6517079,
                        40.7727164
                    ],
                    [
                        -85.6522658,
                        40.7724889
                    ],
                    [
                        -85.6530382,
                        40.7720339
                    ],
                    [
                        -85.6535103,
                        40.7717739
                    ],
                    [
                        -85.653682,
                        40.7714814
                    ],
                    [
                        -85.6539824,
                        40.7712864
                    ],
                    [
                        -85.6542828,
                        40.7709939
                    ],
                    [
                        -85.6538107,
                        40.7709614
                    ],
                    [
                        -85.6532099,
                        40.7711889
                    ],
                    [
                        -85.6526091,
                        40.7715789
                    ],
                    [
                        -85.6519778,
                        40.7721226
                    ],
                    [
                        -85.6514905,
                        40.7723103
                    ],
                    [
                        -85.6511117,
                        40.7720576
                    ],
                    [
                        -85.6505736,
                        40.7719755
                    ],
                    [
                        -85.6501874,
                        40.7720814
                    ],
                    [
                        -85.6497864,
                        40.7723662
                    ],
                    [
                        -85.6493069,
                        40.772564
                    ],
                    [
                        -85.6493133,
                        40.7730945
                    ],
                    [
                        -85.648953,
                        40.7731423
                    ],
                    [
                        -85.6480619,
                        40.7728149
                    ],
                    [
                        -85.6478995,
                        40.7724354
                    ],
                    [
                        -85.6483771,
                        40.771768
                    ],
                    [
                        -85.6485128,
                        40.7712385
                    ],
                    [
                        -85.6488238,
                        40.7706976
                    ],
                    [
                        -85.6486143,
                        40.7701356
                    ],
                    [
                        -85.6483338,
                        40.7697383
                    ],
                    [
                        -85.6482261,
                        40.7693555
                    ],
                    [
                        -85.648618,
                        40.7688163
                    ],
                    [
                        -85.6490471,
                        40.7683288
                    ],
                    [
                        -85.6496479,
                        40.7680038
                    ],
                    [
                        -85.6503346,
                        40.7681663
                    ],
                    [
                        -85.6508066,
                        40.7681013
                    ],
                    [
                        -85.6511998,
                        40.767578
                    ],
                    [
                        -85.6519985,
                        40.7670448
                    ],
                    [
                        -85.6523105,
                        40.7665201
                    ],
                    [
                        -85.6527124,
                        40.7660816
                    ],
                    [
                        -85.653341,
                        40.7658866
                    ],
                    [
                        -85.6532796,
                        40.7656989
                    ],
                    [
                        -85.6526737,
                        40.7659355
                    ],
                    [
                        -85.6524092,
                        40.7658193
                    ],
                    [
                        -85.6524983,
                        40.7653913
                    ],
                    [
                        -85.6520858,
                        40.7650547
                    ],
                    [
                        -85.6512243,
                        40.7647943
                    ],
                    [
                        -85.6506267,
                        40.7648041
                    ],
                    [
                        -85.6502225,
                        40.7644902
                    ],
                    [
                        -85.6499673,
                        40.7641383
                    ],
                    [
                        -85.6503002,
                        40.7639145
                    ],
                    [
                        -85.6504199,
                        40.7635291
                    ],
                    [
                        -85.6505487,
                        40.7631076
                    ],
                    [
                        -85.6503,
                        40.7626313
                    ],
                    [
                        -85.6512764,
                        40.7624701
                    ],
                    [
                        -85.6517139,
                        40.762452
                    ],
                    [
                        -85.652043,
                        40.7626432
                    ],
                    [
                        -85.6523023,
                        40.7629493
                    ],
                    [
                        -85.6529668,
                        40.7626776
                    ],
                    [
                        -85.6523231,
                        40.7627608
                    ],
                    [
                        -85.6521979,
                        40.762419
                    ],
                    [
                        -85.6518574,
                        40.7621231
                    ],
                    [
                        -85.6520378,
                        40.7619305
                    ],
                    [
                        -85.6516216,
                        40.7617616
                    ],
                    [
                        -85.6511463,
                        40.7616099
                    ],
                    [
                        -85.6507176,
                        40.7617889
                    ],
                    [
                        -85.6503292,
                        40.7615313
                    ],
                    [
                        -85.6498523,
                        40.7611957
                    ],
                    [
                        -85.6491481,
                        40.7610682
                    ],
                    [
                        -85.6489613,
                        40.7604628
                    ],
                    [
                        -85.6487467,
                        40.7602678
                    ],
                    [
                        -85.6479742,
                        40.7603003
                    ],
                    [
                        -85.6473305,
                        40.7603978
                    ],
                    [
                        -85.6472447,
                        40.7606903
                    ],
                    [
                        -85.6466438,
                        40.7607228
                    ],
                    [
                        -85.6469872,
                        40.7611454
                    ],
                    [
                        -85.6473734,
                        40.7613404
                    ],
                    [
                        -85.6479742,
                        40.7612429
                    ],
                    [
                        -85.6484463,
                        40.7612104
                    ],
                    [
                        -85.6481888,
                        40.7615355
                    ],
                    [
                        -85.6484463,
                        40.7618605
                    ],
                    [
                        -85.648575,
                        40.7622181
                    ],
                    [
                        -85.6484034,
                        40.7626082
                    ],
                    [
                        -85.6479742,
                        40.7628682
                    ],
                    [
                        -85.6474163,
                        40.7630957
                    ],
                    [
                        -85.6471159,
                        40.7633883
                    ],
                    [
                        -85.647073,
                        40.7639083
                    ],
                    [
                        -85.6469872,
                        40.7644284
                    ],
                    [
                        -85.647073,
                        40.7649485
                    ],
                    [
                        -85.6472447,
                        40.765371
                    ],
                    [
                        -85.6475022,
                        40.7656961
                    ],
                    [
                        -85.6481459,
                        40.7658261
                    ],
                    [
                        -85.6486609,
                        40.7660861
                    ],
                    [
                        -85.6488754,
                        40.7662811
                    ],
                    [
                        -85.6487896,
                        40.7664761
                    ],
                    [
                        -85.6484463,
                        40.7664761
                    ],
                    [
                        -85.6476309,
                        40.7663461
                    ],
                    [
                        -85.6471588,
                        40.7664111
                    ],
                    [
                        -85.6467297,
                        40.7666061
                    ],
                    [
                        -85.6463864,
                        40.7668662
                    ],
                    [
                        -85.646043,
                        40.7671912
                    ],
                    [
                        -85.6456139,
                        40.7671262
                    ],
                    [
                        -85.6450989,
                        40.7669312
                    ],
                    [
                        -85.6447127,
                        40.7668012
                    ],
                    [
                        -85.6441977,
                        40.7666386
                    ],
                    [
                        -85.6436827,
                        40.7666061
                    ],
                    [
                        -85.6433394,
                        40.7666061
                    ],
                    [
                        -85.6432535,
                        40.7668012
                    ],
                    [
                        -85.6439402,
                        40.7670287
                    ],
                    [
                        -85.6445839,
                        40.7672237
                    ],
                    [
                        -85.6449701,
                        40.7675162
                    ],
                    [
                        -85.6452276,
                        40.7678087
                    ],
                    [
                        -85.6449701,
                        40.7684263
                    ],
                    [
                        -85.645056,
                        40.7688488
                    ],
                    [
                        -85.6450131,
                        40.7690763
                    ],
                    [
                        -85.6448843,
                        40.7693363
                    ],
                    [
                        -85.6442835,
                        40.7694013
                    ],
                    [
                        -85.6435969,
                        40.7694013
                    ],
                    [
                        -85.6429102,
                        40.7695314
                    ],
                    [
                        -85.6423523,
                        40.7695964
                    ],
                    [
                        -85.6417944,
                        40.7697914
                    ],
                    [
                        -85.6411078,
                        40.7699864
                    ],
                    [
                        -85.6408503,
                        40.7700189
                    ],
                    [
                        -85.6405928,
                        40.7698564
                    ],
                    [
                        -85.639477,
                        40.7697264
                    ],
                    [
                        -85.6387045,
                        40.7697589
                    ],
                    [
                        -85.6381037,
                        40.7697914
                    ],
                    [
                        -85.6378891,
                        40.7697589
                    ],
                    [
                        -85.6371166,
                        40.7699539
                    ],
                    [
                        -85.6366446,
                        40.7701164
                    ],
                    [
                        -85.6367733,
                        40.7704089
                    ],
                    [
                        -85.6372025,
                        40.7704739
                    ],
                    [
                        -85.6372973,
                        40.7701578
                    ],
                    [
                        -85.6383064,
                        40.77029
                    ],
                    [
                        -85.6390276,
                        40.7704185
                    ],
                    [
                        -85.6397624,
                        40.7706154
                    ],
                    [
                        -85.6399026,
                        40.7710111
                    ],
                    [
                        -85.6400778,
                        40.7712864
                    ],
                    [
                        -85.6405124,
                        40.7716135
                    ],
                    [
                        -85.6405377,
                        40.7718726
                    ],
                    [
                        -85.6400558,
                        40.7724112
                    ],
                    [
                        -85.6395789,
                        40.7726095
                    ],
                    [
                        -85.6395773,
                        40.7726785
                    ],
                    [
                        -85.6396014,
                        40.7727663
                    ],
                    [
                        -85.6398731,
                        40.7728318
                    ],
                    [
                        -85.6400236,
                        40.7730662
                    ],
                    [
                        -85.6399463,
                        40.7733205
                    ],
                    [
                        -85.639992,
                        40.7735614
                    ],
                    [
                        -85.6401207,
                        40.7737889
                    ],
                    [
                        -85.640464,
                        40.7739189
                    ],
                    [
                        -85.6407019,
                        40.7739389
                    ],
                    [
                        -85.6408851,
                        40.773882
                    ],
                    [
                        -85.6411194,
                        40.7741285
                    ],
                    [
                        -85.6413615,
                        40.7742863
                    ],
                    [
                        -85.6418205,
                        40.7744356
                    ],
                    [
                        -85.6421157,
                        40.7747053
                    ],
                    [
                        -85.6425239,
                        40.7749782
                    ],
                    [
                        -85.642996,
                        40.7755439
                    ],
                    [
                        -85.6433394,
                        40.7759989
                    ],
                    [
                        -85.6439402,
                        40.7762913
                    ],
                    [
                        -85.6445839,
                        40.7764538
                    ],
                    [
                        -85.6450131,
                        40.7763563
                    ],
                    [
                        -85.6450989,
                        40.7760639
                    ],
                    [
                        -85.6449457,
                        40.7758213
                    ],
                    [
                        -85.645007,
                        40.7756948
                    ],
                    [
                        -85.6455146,
                        40.7756143
                    ],
                    [
                        -85.645856,
                        40.7754627
                    ],
                    [
                        -85.6462208,
                        40.775393
                    ],
                    [
                        -85.6466591,
                        40.7754674
                    ],
                    [
                        -85.6468339,
                        40.7757598
                    ],
                    [
                        -85.646866,
                        40.776043
                    ],
                    [
                        -85.6467388,
                        40.7762194
                    ],
                    [
                        -85.6462576,
                        40.7764213
                    ],
                    [
                        -85.645899,
                        40.7766999
                    ],
                    [
                        -85.645859,
                        40.7769995
                    ],
                    [
                        -85.6459326,
                        40.7772977
                    ],
                    [
                        -85.646043,
                        40.7775379
                    ],
                    [
                        -85.6464118,
                        40.7779587
                    ],
                    [
                        -85.6465977,
                        40.7782596
                    ],
                    [
                        -85.6465549,
                        40.7784477
                    ],
                    [
                        -85.6461289,
                        40.7787287
                    ],
                    [
                        -85.6456997,
                        40.7790861
                    ],
                    [
                        -85.6450989,
                        40.7794111
                    ],
                    [
                        -85.644541,
                        40.7796711
                    ],
                    [
                        -85.6441548,
                        40.7800285
                    ],
                    [
                        -85.6436827,
                        40.780126
                    ],
                    [
                        -85.6432535,
                        40.780061
                    ],
                    [
                        -85.6427815,
                        40.7799636
                    ],
                    [
                        -85.6421377,
                        40.7799311
                    ],
                    [
                        -85.6416657,
                        40.7798661
                    ],
                    [
                        -85.6408074,
                        40.7797361
                    ],
                    [
                        -85.6401636,
                        40.7796711
                    ],
                    [
                        -85.6392374,
                        40.7795855
                    ],
                    [
                        -85.6386338,
                        40.779596
                    ],
                    [
                        -85.6380332,
                        40.7795101
                    ],
                    [
                        -85.6372059,
                        40.779382
                    ],
                    [
                        -85.6364847,
                        40.7792665
                    ],
                    [
                        -85.6358721,
                        40.7791511
                    ],
                    [
                        -85.6351766,
                        40.7790342
                    ],
                    [
                        -85.6351251,
                        40.7789141
                    ],
                    [
                        -85.6351211,
                        40.7785235
                    ],
                    [
                        -85.6351984,
                        40.7783845
                    ],
                    [
                        -85.635341,
                        40.7783448
                    ],
                    [
                        -85.6355149,
                        40.7782484
                    ],
                    [
                        -85.6356173,
                        40.778166
                    ],
                    [
                        -85.6357294,
                        40.7781793
                    ],
                    [
                        -85.6358448,
                        40.778222
                    ],
                    [
                        -85.6359145,
                        40.7783256
                    ],
                    [
                        -85.6360218,
                        40.7783824
                    ],
                    [
                        -85.6361023,
                        40.7783804
                    ],
                    [
                        -85.6361076,
                        40.7783438
                    ],
                    [
                        -85.6359982,
                        40.7782514
                    ],
                    [
                        -85.635995,
                        40.7782139
                    ],
                    [
                        -85.6360003,
                        40.778161
                    ],
                    [
                        -85.6359306,
                        40.7781123
                    ],
                    [
                        -85.635944,
                        40.7780818
                    ],
                    [
                        -85.6360057,
                        40.7780392
                    ],
                    [
                        -85.636121,
                        40.7780046
                    ],
                    [
                        -85.6361832,
                        40.7779122
                    ],
                    [
                        -85.6363168,
                        40.7779072
                    ],
                    [
                        -85.6364751,
                        40.7779275
                    ],
                    [
                        -85.6366655,
                        40.7778543
                    ],
                    [
                        -85.6367594,
                        40.7777609
                    ],
                    [
                        -85.6366387,
                        40.7777569
                    ],
                    [
                        -85.6364805,
                        40.7777954
                    ],
                    [
                        -85.6363544,
                        40.7777589
                    ],
                    [
                        -85.6363115,
                        40.7776919
                    ],
                    [
                        -85.6361774,
                        40.7776492
                    ],
                    [
                        -85.6360567,
                        40.7777081
                    ],
                    [
                        -85.6359708,
                        40.777767
                    ],
                    [
                        -85.6359226,
                        40.7778198
                    ],
                    [
                        -85.635877,
                        40.7777873
                    ],
                    [
                        -85.6358877,
                        40.7776431
                    ],
                    [
                        -85.635885,
                        40.7775091
                    ],
                    [
                        -85.6358635,
                        40.7773588
                    ],
                    [
                        -85.6357674,
                        40.7773211
                    ],
                    [
                        -85.635767,
                        40.7772552
                    ],
                    [
                        -85.6358716,
                        40.7771353
                    ],
                    [
                        -85.6357616,
                        40.7770622
                    ],
                    [
                        -85.6356039,
                        40.7770367
                    ],
                    [
                        -85.6355368,
                        40.7769535
                    ],
                    [
                        -85.6354639,
                        40.776916
                    ],
                    [
                        -85.6354988,
                        40.7768286
                    ],
                    [
                        -85.6355202,
                        40.7767454
                    ],
                    [
                        -85.6354478,
                        40.776654
                    ],
                    [
                        -85.6354988,
                        40.7765585
                    ],
                    [
                        -85.6355497,
                        40.776459
                    ],
                    [
                        -85.6355712,
                        40.7763432
                    ],
                    [
                        -85.6353679,
                        40.7763746
                    ],
                    [
                        -85.6352681,
                        40.7765301
                    ],
                    [
                        -85.6351667,
                        40.7766224
                    ],
                    [
                        -85.6352332,
                        40.7767413
                    ],
                    [
                        -85.6352386,
                        40.7768063
                    ],
                    [
                        -85.6351801,
                        40.7769251
                    ],
                    [
                        -85.6352091,
                        40.7770277
                    ],
                    [
                        -85.635303,
                        40.7771658
                    ],
                    [
                        -85.6352842,
                        40.7772308
                    ],
                    [
                        -85.6352252,
                        40.777247
                    ],
                    [
                        -85.6351179,
                        40.7772044
                    ],
                    [
                        -85.6349945,
                        40.7772186
                    ],
                    [
                        -85.6348497,
                        40.7771942
                    ],
                    [
                        -85.6347048,
                        40.777178
                    ],
                    [
                        -85.6346566,
                        40.7772024
                    ],
                    [
                        -85.6348202,
                        40.7772856
                    ],
                    [
                        -85.6349972,
                        40.7773527
                    ],
                    [
                        -85.6351152,
                        40.7773608
                    ],
                    [
                        -85.635303,
                        40.7774502
                    ],
                    [
                        -85.6353191,
                        40.777507
                    ],
                    [
                        -85.635223,
                        40.7775729
                    ],
                    [
                        -85.6351635,
                        40.7776431
                    ],
                    [
                        -85.6351501,
                        40.7777244
                    ],
                    [
                        -85.6351554,
                        40.7778198
                    ],
                    [
                        -85.6350755,
                        40.7779142
                    ],
                    [
                        -85.6349999,
                        40.7779518
                    ],
                    [
                        -85.6348984,
                        40.777969
                    ],
                    [
                        -85.634737,
                        40.7780676
                    ],
                    [
                        -85.6345927,
                        40.7782554
                    ],
                    [
                        -85.6344634,
                        40.7784393
                    ],
                    [
                        -85.6343293,
                        40.778551
                    ],
                    [
                        -85.6342682,
                        40.7785398
                    ],
                    [
                        -85.633935,
                        40.7782606
                    ],
                    [
                        -85.6337129,
                        40.7781092
                    ],
                    [
                        -85.633345,
                        40.7777894
                    ],
                    [
                        -85.6331733,
                        40.7777426
                    ],
                    [
                        -85.6330177,
                        40.7776147
                    ],
                    [
                        -85.6328922,
                        40.7774166
                    ],
                    [
                        -85.6325193,
                        40.7771708
                    ],
                    [
                        -85.6324947,
                        40.7770703
                    ],
                    [
                        -85.6323633,
                        40.7769586
                    ],
                    [
                        -85.6324464,
                        40.7769018
                    ],
                    [
                        -85.6325054,
                        40.77692
                    ],
                    [
                        -85.6324679,
                        40.7769708
                    ],
                    [
                        -85.6325784,
                        40.7770693
                    ],
                    [
                        -85.6326288,
                        40.777046
                    ],
                    [
                        -85.632779,
                        40.7768835
                    ],
                    [
                        -85.6328246,
                        40.7768043
                    ],
                    [
                        -85.6327763,
                        40.776719
                    ],
                    [
                        -85.6328997,
                        40.7766824
                    ],
                    [
                        -85.6329641,
                        40.7766926
                    ],
                    [
                        -85.6330204,
                        40.7767474
                    ],
                    [
                        -85.6330773,
                        40.7767483
                    ],
                    [
                        -85.6331545,
                        40.7767372
                    ],
                    [
                        -85.6331733,
                        40.776784
                    ],
                    [
                        -85.6332752,
                        40.7768307
                    ],
                    [
                        -85.6333315,
                        40.776853
                    ],
                    [
                        -85.6334174,
                        40.7768286
                    ],
                    [
                        -85.6334657,
                        40.7767677
                    ],
                    [
                        -85.6334737,
                        40.7767047
                    ],
                    [
                        -85.6333932,
                        40.7766601
                    ],
                    [
                        -85.6333825,
                        40.7766093
                    ],
                    [
                        -85.6334635,
                        40.7765432
                    ],
                    [
                        -85.6333401,
                        40.7762264
                    ],
                    [
                        -85.6329539,
                        40.7761939
                    ],
                    [
                        -85.6326534,
                        40.7760639
                    ],
                    [
                        -85.6323101,
                        40.7761289
                    ],
                    [
                        -85.6321385,
                        40.7763888
                    ],
                    [
                        -85.6316664,
                        40.7764538
                    ],
                    [
                        -85.6314518,
                        40.7761614
                    ],
                    [
                        -85.6317093,
                        40.7759989
                    ],
                    [
                        -85.6319668,
                        40.7758364
                    ],
                    [
                        -85.6321385,
                        40.7756414
                    ],
                    [
                        -85.6320955,
                        40.7751864
                    ],
                    [
                        -85.6320526,
                        40.7748614
                    ],
                    [
                        -85.6320097,
                        40.7745364
                    ],
                    [
                        -85.6314947,
                        40.7743414
                    ],
                    [
                        -85.6311514,
                        40.7745039
                    ],
                    [
                        -85.6311514,
                        40.7747639
                    ],
                    [
                        -85.631366,
                        40.7751539
                    ],
                    [
                        -85.6315376,
                        40.7754139
                    ],
                    [
                        -85.6309368,
                        40.7755114
                    ],
                    [
                        -85.6307652,
                        40.7754789
                    ],
                    [
                        -85.6304218,
                        40.7754789
                    ],
                    [
                        -85.6299069,
                        40.7749914
                    ],
                    [
                        -85.6292631,
                        40.7744714
                    ],
                    [
                        -85.6287481,
                        40.7741139
                    ],
                    [
                        -85.6278469,
                        40.7737239
                    ],
                    [
                        -85.6267311,
                        40.7733339
                    ],
                    [
                        -85.6258728,
                        40.7730089
                    ],
                    [
                        -85.6250574,
                        40.7727814
                    ],
                    [
                        -85.6240275,
                        40.7725864
                    ],
                    [
                        -85.62377,
                        40.7725214
                    ],
                    [
                        -85.6238558,
                        40.7723264
                    ],
                    [
                        -85.6244137,
                        40.7721639
                    ],
                    [
                        -85.6245424,
                        40.7719364
                    ],
                    [
                        -85.6238129,
                        40.7716764
                    ],
                    [
                        -85.6235983,
                        40.7713189
                    ],
                    [
                        -85.6229546,
                        40.7710914
                    ],
                    [
                        -85.6220104,
                        40.7707664
                    ],
                    [
                        -85.6217959,
                        40.7706689
                    ],
                    [
                        -85.6208088,
                        40.7705389
                    ],
                    [
                        -85.6204226,
                        40.7702789
                    ],
                    [
                        -85.6198218,
                        40.7702789
                    ],
                    [
                        -85.6191304,
                        40.7705588
                    ],
                    [
                        -85.6185725,
                        40.7707214
                    ],
                    [
                        -85.6186154,
                        40.7703638
                    ],
                    [
                        -85.6181004,
                        40.7705588
                    ],
                    [
                        -85.6177142,
                        40.7709489
                    ],
                    [
                        -85.6172421,
                        40.7709489
                    ],
                    [
                        -85.6170704,
                        40.7706564
                    ],
                    [
                        -85.6167271,
                        40.7709164
                    ],
                    [
                        -85.6161692,
                        40.7711439
                    ],
                    [
                        -85.6156971,
                        40.7710139
                    ],
                    [
                        -85.6149247,
                        40.7708514
                    ],
                    [
                        -85.6143668,
                        40.7708189
                    ],
                    [
                        -85.614753,
                        40.7702663
                    ],
                    [
                        -85.6150963,
                        40.7698438
                    ],
                    [
                        -85.6144097,
                        40.7702013
                    ],
                    [
                        -85.6141951,
                        40.7705588
                    ],
                    [
                        -85.6139805,
                        40.7707214
                    ],
                    [
                        -85.6136372,
                        40.7707864
                    ],
                    [
                        -85.6133368,
                        40.7705588
                    ],
                    [
                        -85.6129506,
                        40.7704938
                    ],
                    [
                        -85.612736,
                        40.7707539
                    ],
                    [
                        -85.6123497,
                        40.7709814
                    ],
                    [
                        -85.6116202,
                        40.7713064
                    ],
                    [
                        -85.6108048,
                        40.7718264
                    ],
                    [
                        -85.6101611,
                        40.7720864
                    ],
                    [
                        -85.609689,
                        40.7723139
                    ],
                    [
                        -85.6097748,
                        40.7718264
                    ],
                    [
                        -85.6093457,
                        40.7715339
                    ],
                    [
                        -85.6093886,
                        40.7710464
                    ],
                    [
                        -85.6092169,
                        40.7708514
                    ],
                    [
                        -85.6090023,
                        40.7711439
                    ],
                    [
                        -85.6087878,
                        40.7714364
                    ],
                    [
                        -85.6086161,
                        40.7716964
                    ],
                    [
                        -85.6090453,
                        40.7720214
                    ],
                    [
                        -85.6087878,
                        40.7723139
                    ],
                    [
                        -85.608285,
                        40.7724795
                    ],
                    [
                        -85.6075671,
                        40.7725324
                    ],
                    [
                        -85.6071381,
                        40.7724084
                    ],
                    [
                        -85.6063256,
                        40.7726243
                    ],
                    [
                        -85.605917,
                        40.7726733
                    ],
                    [
                        -85.6054681,
                        40.7725167
                    ],
                    [
                        -85.6049693,
                        40.7723056
                    ],
                    [
                        -85.60449,
                        40.7723137
                    ],
                    [
                        -85.6034026,
                        40.772143
                    ],
                    [
                        -85.6024884,
                        40.7719425
                    ],
                    [
                        -85.6021865,
                        40.7719193
                    ],
                    [
                        -85.60205,
                        40.7717986
                    ]
                ],
                [
                    [
                        -85.5926955,
                        40.7736921
                    ],
                    [
                        -85.5928698,
                        40.773817
                    ],
                    [
                        -85.5933414,
                        40.7739475
                    ],
                    [
                        -85.5937767,
                        40.7740025
                    ],
                    [
                        -85.594221,
                        40.773975
                    ],
                    [
                        -85.5948377,
                        40.7738102
                    ],
                    [
                        -85.5953002,
                        40.7734874
                    ],
                    [
                        -85.5954907,
                        40.7734324
                    ],
                    [
                        -85.5956902,
                        40.773508
                    ],
                    [
                        -85.5955723,
                        40.7742428
                    ],
                    [
                        -85.5954453,
                        40.7744214
                    ],
                    [
                        -85.5953002,
                        40.7747648
                    ],
                    [
                        -85.5950463,
                        40.7752455
                    ],
                    [
                        -85.5950645,
                        40.7756919
                    ],
                    [
                        -85.5948559,
                        40.7764336
                    ],
                    [
                        -85.5946291,
                        40.7766122
                    ],
                    [
                        -85.5936769,
                        40.7765641
                    ],
                    [
                        -85.5931328,
                        40.7764542
                    ],
                    [
                        -85.5926521,
                        40.7760902
                    ],
                    [
                        -85.5922077,
                        40.7759872
                    ],
                    [
                        -85.5918178,
                        40.7760284
                    ],
                    [
                        -85.5917362,
                        40.7762825
                    ],
                    [
                        -85.5919901,
                        40.7764542
                    ],
                    [
                        -85.5921715,
                        40.7766877
                    ],
                    [
                        -85.5921352,
                        40.7775668
                    ],
                    [
                        -85.591981,
                        40.7778209
                    ],
                    [
                        -85.5915004,
                        40.7779857
                    ],
                    [
                        -85.5911829,
                        40.77802
                    ],
                    [
                        -85.5905753,
                        40.7778895
                    ],
                    [
                        -85.5899224,
                        40.7773951
                    ],
                    [
                        -85.589605,
                        40.7768319
                    ],
                    [
                        -85.5896956,
                        40.7755614
                    ],
                    [
                        -85.5898861,
                        40.7747785
                    ],
                    [
                        -85.5903577,
                        40.7742222
                    ],
                    [
                        -85.5914459,
                        40.7733019
                    ],
                    [
                        -85.5917362,
                        40.7732333
                    ],
                    [
                        -85.5920989,
                        40.7733294
                    ],
                    [
                        -85.5922259,
                        40.773453
                    ],
                    [
                        -85.5926955,
                        40.7736921
                    ]
                ],
                [
                    [
                        -85.5822757,
                        40.7761324
                    ],
                    [
                        -85.5824529,
                        40.7762665
                    ],
                    [
                        -85.5826034,
                        40.7765415
                    ],
                    [
                        -85.582692,
                        40.7768768
                    ],
                    [
                        -85.5826566,
                        40.7771719
                    ],
                    [
                        -85.582568,
                        40.7773329
                    ],
                    [
                        -85.5824086,
                        40.7773664
                    ],
                    [
                        -85.5821783,
                        40.7771585
                    ],
                    [
                        -85.5819126,
                        40.7769707
                    ],
                    [
                        -85.5815318,
                        40.7762933
                    ],
                    [
                        -85.5815141,
                        40.7761391
                    ],
                    [
                        -85.5816026,
                        40.7760586
                    ],
                    [
                        -85.5818772,
                        40.7760653
                    ],
                    [
                        -85.5822757,
                        40.7761324
                    ]
                ],
                [
                    [
                        -85.6444684,
                        40.7729255
                    ],
                    [
                        -85.6445372,
                        40.77302
                    ],
                    [
                        -85.6446877,
                        40.7730916
                    ],
                    [
                        -85.6448985,
                        40.7731405
                    ],
                    [
                        -85.6450017,
                        40.7731568
                    ],
                    [
                        -85.645049,
                        40.773248
                    ],
                    [
                        -85.6448297,
                        40.7733555
                    ],
                    [
                        -85.6444039,
                        40.7734727
                    ],
                    [
                        -85.6441931,
                        40.7734825
                    ],
                    [
                        -85.6440641,
                        40.7734336
                    ],
                    [
                        -85.6440512,
                        40.7733392
                    ],
                    [
                        -85.6441286,
                        40.7732024
                    ],
                    [
                        -85.6443049,
                        40.7729939
                    ],
                    [
                        -85.6444039,
                        40.7729092
                    ],
                    [
                        -85.6444684,
                        40.7729255
                    ]
                ],
                [
                    [
                        -85.6547962,
                        40.7839095
                    ],
                    [
                        -85.6548754,
                        40.7839329
                    ],
                    [
                        -85.6549151,
                        40.7839862
                    ],
                    [
                        -85.6549767,
                        40.7840529
                    ],
                    [
                        -85.6550428,
                        40.7841463
                    ],
                    [
                        -85.6550428,
                        40.7842063
                    ],
                    [
                        -85.6549944,
                        40.7842597
                    ],
                    [
                        -85.6548534,
                        40.784243
                    ],
                    [
                        -85.6547609,
                        40.784193
                    ],
                    [
                        -85.6546728,
                        40.7840829
                    ],
                    [
                        -85.6546905,
                        40.7839429
                    ],
                    [
                        -85.6547962,
                        40.7839095
                    ]
                ]
            ]
        }
    }
]